Date,Close,High,Low,Open,Volume,SMA_7,RSI_14
2009-01-02,2.721686363220215,2.730384564060046,2.554037226218475,2.5756304672583537,746015200,,
2009-01-05,2.836552858352661,2.8845386270494378,2.7804693222595778,2.79426571877622,1181608400,,
2009-01-06,2.789766788482666,2.914229252603177,2.7708724008265406,2.877640546798946,1289310400,,
2009-01-07,2.7294838428497314,2.774170305556812,2.7069904526804853,2.7534772194820034,753048800,,
2009-01-08,2.7801692485809326,2.793665726055566,2.7003930560001206,2.7120900298397097,673500800,,
2009-01-09,2.7165889739990234,2.8005640264937397,2.703393211800058,2.795465832185914,546845600,,
2009-01-12,2.659006834030152,2.7288857765895536,2.625716607902898,2.712990156603704,617716400,2.747607844216483,
2009-01-13,2.6305136680603027,2.691395462126428,2.589726327697364,2.646409280691181,798397600,2.734583173479353,
2009-01-14,2.5591349601745605,2.6167174643595703,2.540840210080983,2.586426826388225,1021664000,2.6949520451681956,
2009-01-15,2.5006520748138428,2.522845744932796,2.400782261078231,2.4163773531078525,1831634000,2.6536499432155063,
2009-01-16,2.469162702560425,2.5306441531327795,2.411280460137487,2.5282450147195594,1047625600,2.6164612088884627,
2009-01-20,2.345299482345581,2.459265255971349,2.345299482345581,2.4571658348236154,919914800,2.5543369565691267,
2009-01-21,2.4841578006744385,2.485657587304835,2.3785895195590543,2.380988657616996,1089270000,2.5211325032370433,
2009-01-22,2.6500084400177,2.699194277354555,2.573831446739748,2.640411686902462,1409528400,2.5198470183781216,46.4592991169653
2009-01-23,2.6500084400177,2.6952951521815165,2.594225623248156,2.603822176151575,763770000,2.522631985800607,46.4592991169653
2009-01-26,2.6883976459503174,2.728285849468511,2.6482089244705675,2.6650040945179034,692238400,2.541098083768572,42.08337749802278
2009-01-27,2.7210872173309326,2.7456802359045525,2.6913962052543208,2.704891883220633,618038400,2.5725888184138705,46.27399931549711
2009-01-28,2.825156688690185,2.849149273464093,2.744180613913186,2.7627750873459767,861406000,2.6234451021466936,54.955024815810766
2009-01-29,2.7891674041748047,2.82935532104658,2.777170712255149,2.7918662594330987,592729200,2.686854805265154,50.47323034221396
2009-01-30,2.7030935287475586,2.807761477341915,2.6994943204445803,2.777171109838325,651478800,2.7181313378470287,49.306652869298844
2009-02-02,2.744479179382324,2.759174721485117,2.6662027937577357,2.672201137646014,558247200,2.7316271577562605,54.46557739713825
2009-02-03,2.788567304611206,2.800563997974938,2.707592026948076,2.75677686804467,599309200,2.7514212812696184,58.125245899228204
2009-02-04,2.805661678314209,2.8866379479824658,2.792166200636312,2.795765408454838,808421600,2.7681732858930315,63.422643850944915
2009-02-05,2.892935514450073,2.916628176279645,2.7777698935595354,2.7822684520838354,749246400,2.7927230426243375,70.7093891787716
2009-02-06,2.9907076358795166,2.9991051211692152,2.909131921485415,2.9097313557404125,687209600,2.816373177937099,75.73249063992033
2009-02-09,3.0743815898895264,3.089077137272778,2.9841084840511125,2.9991047495838146,715010800,2.8571180616106306,87.45765485559292
2009-02-10,2.9340243339538574,3.0743818387098165,2.9109313004523463,3.038992995670997,849060800,2.890108176640102,73.07700492561678
2009-02-11,2.9037322998046875,2.948418771182084,2.872241787711885,2.890236823677585,674973600,2.912858622414725,65.11793092769301
2009-02-12,2.977210998535156,2.991606829853187,2.874041841779786,2.874041841779786,817188400,2.939807721546718,67.92640334476103
2009-02-13,2.9739110469818115,2.997303986085087,2.942720261299045,2.968812054564063,608977600,2.96384334564209,66.26786159663672
2009-02-17,2.835052013397217,2.9103296286596696,2.827554684056721,2.9052314366996623,678238400,2.9555742740631104,55.79261501964751
2009-02-18,2.8302550315856934,2.874641596048768,2.780770272833597,2.8506492102246623,684779200,2.932652473449707,50.288225922541336
2009-02-19,2.71838903427124,2.826656203984008,2.7024934133205183,2.800264475917614,922804400,2.8817963940756663,46.31482382616983
2009-02-20,2.7351834774017334,2.7711725545464363,2.6692026684204944,2.681199361155109,750316000,2.853390557425363,51.80071715622751
2009-02-23,2.607722043991089,2.759176733818222,2.5945262784481256,2.748680024781725,786982000,2.8111033780234203,43.001945446014176
2009-02-24,2.70669174194336,2.7258860513812686,2.6092212086814053,2.622716888417309,807105600,2.7724577699388777,46.033121565335094
2009-02-25,2.7339835166931152,2.7867677655586607,2.676700908296421,2.694995665234189,833053200,2.738182408469064,46.56116671432657
2009-02-26,2.674901247024536,2.786767601690721,2.668003549256416,2.7591758095591192,629868400,2.715303727558681,39.24875723194374
2009-02-27,2.6785004138946533,2.7381823609699323,2.629314772539612,2.637112623132673,706658400,2.693624496459961,33.02894544760831
2009-03-02,2.637411594390869,2.7351828145783923,2.629314028969135,2.642810305024992,770929600,2.682056290762765,25.09397589444586
2009-03-03,2.6503071784973145,2.721386151985095,2.6356116364164595,2.667102140935933,724340400,2.669931105204991,31.07986929484595
2009-03-04,2.7342824935913086,2.7822682488792743,2.6826983322126337,2.7045914889487936,741403600,2.6880111694335938,39.45498333507421
2009-03-05,2.6644036769866943,2.7552761975316358,2.6527077055553656,2.7129890682572024,706899200,2.681970017296927,30.446103003618973
2009-03-06,2.558236122131348,2.6512082760696827,2.4691622921753056,2.6494085721881757,1011147200,2.6568632466452464,26.976706350851828
2009-03-09,2.492555618286133,2.6272152933245274,2.4763610838551,2.5246465717307918,698297600,2.630813871111189,29.356453940905553
2009-03-10,2.6581056118011475,2.674300942415701,2.5300437543429832,2.5453389328214158,844258800,2.6279003279549733,41.308230762285966
2009-03-11,2.7795701026916504,2.821257810048632,2.686598134418269,2.6934958324744542,846372800,2.6482086862836565,53.059359772468696
2009-03-12,2.889636754989624,2.8965352534083006,2.759175730869412,2.786167887817669,768457200,2.682398625782558,57.06445404850847
2009-03-13,2.877040386199951,2.9151298832656747,2.849448795472044,2.8881377267135964,601168400,2.702792610440935,63.764510516735605
2009-03-16,2.8617446422576904,2.920826937212995,2.8245555050337323,2.8950348553512395,797244000,2.7309841769082204,58.665726103791116
2009-03-17,2.988907814025879,2.989807165524587,2.85124837266008,2.8563473673103683,786646000,2.792508704321725,62.81664938169673
2009-03-18,3.044689655303955,3.103472027238185,2.9907063591741787,2.99640398534202,796037200,2.871384995324271,68.6534961301637
2009-03-19,3.047689914703369,3.0950752430754163,3.006601848129248,3.054587611694504,500180800,2.9270398957388744,68.63454442574897
2009-03-20,3.0467898845672607,3.092376514935955,3.016199520153786,3.061785349675189,695587200,2.9652141502925327,71.53678755046928
2009-03-23,3.228835105895996,3.243830567371206,3.051588422911704,3.080379276486674,666397200,3.0136710575648715,75.83715234890754
2009-03-24,3.1940455436706543,3.2822192215800694,3.160756127183726,3.189846901976388,640612000,3.058957508632115,71.47662323198574
2009-03-25,3.193746328353882,3.249829667067901,3.114870273913673,3.2264369164776325,646618000,3.1063863209315707,76.44595967945966
2009-03-26,3.295116424560547,3.298414914354123,3.22643676165679,3.233933893602784,616252000,3.150130408150809,86.99186602641743
2009-03-27,3.204543113708496,3.254928025773892,3.191047433986047,3.2459309059589256,492872800,3.172966616494315,84.87071772006573
2009-03-30,3.13376522064209,3.149360123518083,3.0773819546053787,3.134364855188816,502796000,3.185263088771275,75.68012933636594
2009-03-31,3.152658224105835,3.222537140743519,3.14905901693043,3.1625546924086807,570080000,3.2003871372767856,72.6511473327333
2009-04-01,3.259726285934448,3.2690231199756776,3.1157688100363323,3.121767154988959,589372000,3.204800162996565,72.55120506082542
2009-04-02,3.380290269851685,3.4414721989343904,3.2924165014129607,3.3032133242047217,812366800,3.2314065524509976,77.09953085132089
2009-04-03,3.478661298751831,3.482860141217805,3.404583723077572,3.4246773826031345,636241200,3.272108691079276,80.4922242669241
2009-04-06,3.5524392127990723,3.561436331578804,3.397385168583417,3.447170640661461,658064400,3.308869089399065,79.40537890983646
2009-04-07,3.448970317840576,3.499055709742593,3.4246774151941985,3.4948568672366607,536580800,3.343787261417934,70.09550030765263
2009-04-08,3.488558292388916,3.502653604411718,3.436373884311088,3.4618660535479746,455630000,3.394471985953195,71.14504640819082
2009-04-09,3.586028814315796,3.5989248568753527,3.5377429332958226,3.55153952853862,530756800,3.4563820702689037,73.67041684545427
2009-04-13,3.605522871017456,3.628316185255436,3.568934161910498,3.599224607755696,389236400,3.505781582423619,69.28753899458489
2009-04-14,3.5482401847839355,3.604024000077753,3.516449752776594,3.586028962612896,454622000,3.5297744274139404,67.72748361377188
2009-04-15,3.5281460285186768,3.5464401798419813,3.471762787034596,3.5149492691525084,412882400,3.5368436745234897,66.41155312382259
2009-04-16,3.642411231994629,3.693395556065461,3.562634855727158,3.574631544142424,593446000,3.549696820122855,66.83137610879604
2009-04-17,3.701494693756104,3.726387431027832,3.60642330534098,3.634314815405359,497495600,3.5857717309679304,74.84263926478701
2009-04-20,3.613921403884888,3.688599226970684,3.5737332773403168,3.65081043937489,466466000,3.603680746895926,73.60663243453476
2009-04-21,3.651707887649536,3.663105142139273,3.556936451113613,3.5656336498459003,470685600,3.613063471657889,74.08801913447437
2009-04-22,3.644212007522583,3.759377853974713,3.634914170331183,3.677801945965208,938767200,3.6185904911586215,70.53184565460514
2009-04-23,3.760876178741455,3.814860487993383,3.704193014408173,3.797465686273932,945156800,3.6489670617239818,70.40859560682053
2009-04-24,3.715890645980835,3.753079592223005,3.687999136511033,3.738084126884772,540764000,3.675787721361433,63.49381055189697
2009-04-27,3.7407824993133545,3.748880265779243,3.67870082434568,3.6858992394056247,480690000,3.689840759549822,61.34401071605918
2009-04-28,3.715890645980835,3.785169944106135,3.696696338229274,3.699395193642762,455856800,3.6918973241533553,67.75758406319702
2009-04-29,3.7530810832977295,3.804365362883679,3.713792700239876,3.744383878124145,458110800,3.7117772783551897,67.6543999592648
2009-04-30,3.773773193359375,3.8088623152450913,3.7464815206403888,3.78546916689766,498489600,3.729215179170881,63.9609490488839
2009-05-01,3.816060543060303,3.837354271551657,3.7728732514602696,3.7728732514602696,397516000,3.753764969961984,65.14257591788234
2009-05-04,3.9609179496765137,3.966316061558243,3.829257035860029,3.846052007053217,609358400,3.7823423658098494,76.36045480989178
2009-05-05,3.980111360549927,3.984609719364555,3.9324253134718377,3.951319701848822,398255200,3.8200881821768626,78.90327113405333
2009-05-06,3.97381329536438,4.003804224264504,3.905433352811236,3.9987060306310775,473538800,3.8533782958984375,74.58868815020668
2009-05-07,3.8706459999084473,3.970515704795396,3.835855977176028,3.968716200149384,531776000,3.875486203602382,61.7797467362421
2009-05-08,3.874543428421021,3.935725361455962,3.786669654305818,3.87004426812192,467964000,3.8928379671914235,70.54408963315895
2009-05-11,3.8859384059906006,3.927626097441287,3.8124602910448,3.819958621737685,404658800,3.9088615689958846,69.26530051965877
2009-05-12,3.7314858436584473,3.890138912705793,3.696396716243095,3.8856401526177926,609481600,3.8967794690813338,55.78076207206839
2009-05-13,3.5836293697357178,3.719489089979808,3.580329879344574,3.6951957911278273,595971600,3.8428811005183627,38.72557182205068
2009-05-14,3.687397718429565,3.7047933194450064,3.589927414629721,3.592326352218827,447826400,3.8010648659297397,48.31370780530285
2009-05-15,3.671503782272339,3.7374839916929576,3.647210879512652,3.668504208616164,367567200,3.7578777926308766,45.855751112307864
2009-05-18,3.798364400863648,3.7998643874274096,3.646010453251964,3.710791373239153,458841600,3.747551849910191,54.39714429680522
2009-05-19,3.8223581314086914,3.8781411392724263,3.771073081533136,3.8034637447239006,372422400,3.7400968074798584,53.746269768967416
2009-05-20,3.774972438812256,3.8751428115829234,3.757877553700966,3.827756680596556,388584000,3.7242445264543806,50.063031444044114
2009-05-21,3.724287986755371,3.8022644877791794,3.685599853775073,3.753379566350111,407946000,3.7232162611825124,45.218707114912384
2009-05-22,3.6739020347595215,3.724286928899684,3.6514086425889607,3.720388004850039,297998400,3.736112356185913,33.413951309571374
2009-05-26,3.922229528427124,3.923729515799863,3.735385399244571,3.741683664430318,636927200,3.7696597576141357,47.35546527445539
2009-05-27,3.9903101921081534,4.04819224936868,3.9261286680479817,3.952221482379625,646422000,3.815203530447824,50.7134412525831
2009-05-28,4.050889492034912,4.060486442886708,3.959716256613413,4.002303301627087,487552800,3.85127854347229,58.09310806112085
2009-05-29,4.073082447052002,4.07578130159583,4.014299873478035,4.060486324294553,456534400,3.8870963028499057,58.770498001728534
2009-06-01,4.179252624511719,4.198446532471135,4.078782322719729,4.092878436999683,452499600,3.9448506150926863,61.95607701576076
2009-06-02,4.183449745178223,4.238932831102158,4.149259581339804,4.168454684506897,456223600,4.010445152010236,70.99468574765011
2009-06-03,4.227237701416016,4.232035977633485,4.170854452154092,4.198745959283176,565199600,4.089493104389736,83.0969234387004
2009-06-04,4.310912132263184,4.324108492749017,4.199945940657553,4.202644795787863,550634000,4.14501919065203,82.74022960647014
2009-06-05,4.338805675506592,4.390689378258974,4.295018540451344,4.357999586287723,632716000,4.19480425970895,84.60340927158279
2009-06-08,4.314211368560791,4.325607825306541,4.181651128032327,4.313312017102621,931652400,4.232421670641218,79.9233307821184
2009-06-09,4.280322551727295,4.335505740317,4.215241690543327,4.313012340353005,676964400,4.262027399880545,76.26416070558366
2009-06-10,4.206243515014648,4.26922493902031,4.147761250380884,4.267125518177763,688623600,4.265883241380964,73.99853637852924
2009-06-11,4.19724702835083,4.245532923352282,4.15525979844904,4.185251535001145,524823600,4.267854281834194,77.59876367671504
2009-06-12,4.10787296295166,4.171753336464986,4.079980658098604,4.16305613645051,563085600,4.250802176339286,74.22155154747551
2009-06-15,4.081480979919434,4.106673633580615,4.045492103926332,4.07908204185881,539750400,4.218026297433036,61.81564418751514
2009-06-16,4.089280605316162,4.152861094408121,4.081782269608082,4.098577244221133,514805200,4.182379858834403,58.064473514478
2009-06-17,4.066185474395752,4.12226880297371,4.034694961691509,4.098875255764075,571412800,4.146947588239398,51.32746365800285
2009-06-18,4.07518196105957,4.138762811165959,4.066484761944353,4.082079656821944,427680400,4.11764178957258,50.18647787634606
2009-06-19,4.183150768280029,4.183750202394594,4.105773714552367,4.140862433340086,721856800,4.114342825753348,50.34512864115993
2009-06-22,4.119870185852051,4.245532754027534,4.0886799823529785,4.218841310831853,634914000,4.103288991110666,44.904024313432934
2009-06-23,4.019099712371826,4.1072734068291386,3.9852102547549206,4.090779154659141,706532400,4.090607098170689,34.713804737387306
2009-06-24,4.0853800773620605,4.123768693883101,4.0445929231028215,4.06138789277782,485525600,4.0911641120910645,33.00205351797025
2009-06-25,4.194546699523926,4.204743886370788,4.055088777342282,4.071283508546024,589447600,4.106202125549316,40.31406538845485
2009-06-26,4.271925449371338,4.305515395021299,4.19094935861711,4.192448945514317,439384400,4.135593550545829,47.348736254865734
2009-06-29,4.2578301429748535,4.317212193712106,4.244934093627971,4.302516639746057,567616000,4.161686147962298,48.553865963578396
2009-06-30,4.27162504196167,4.3127125169604765,4.252731050071809,4.276123802137205,434224000,4.174325329916818,54.55690523272237
2009-07-01,4.283621311187744,4.338505789726608,4.2743246735224085,4.303715775070223,414178800,4.197718347821917,55.99497208700752
2009-07-02,4.199344158172607,4.283618889773601,4.192446462953669,4.236233573576064,370479200,4.223467554364886,56.3939717761155
2009-07-06,4.1570587158203125,4.168455974524963,4.086279829243563,4.159757571305305,498688400,4.233707359858921,55.16816137648949
2009-07-07,4.060787200927734,4.189149010506141,4.054189420332775,4.15315973307009,461596800,4.214598860059466,48.26187194834978
2009-07-08,4.115370750427246,4.139963568960996,4.031395907325087,4.076383102555207,575929200,4.192233903067453,52.88935524876147
2009-07-09,4.089578628540039,4.1384639474664295,4.076682584985246,4.131566249948114,343025200,4.168197972433908,50.82935667721125
2009-07-10,4.154359817504883,4.167855296061698,4.088378807931999,4.0889794434195,445275600,4.151445797511509,48.25457394190104
2009-07-13,4.268926620483398,4.268926620483398,4.124670340023138,4.18495174169696,483501200,4.1493465559823175,58.50739444477708
2009-07-14,4.266825675964356,4.294117752096421,4.2335364546075205,4.259628461016767,347247600,4.15898677280971,65.93357521629926
2009-07-15,4.405083179473877,4.4086821860802505,4.328306373988847,4.349899612780046,485587200,4.194418839045933,68.82049974960873
2009-07-16,4.424278736114502,4.439275003009589,4.3657968589943295,4.371494887829797,393570800,4.246346201215472,65.12634934748445
2009-07-17,4.551141262054443,4.55923902976776,4.457569059485541,4.471065339007735,602154000,4.308599131447928,67.25981899470852
2009-07-20,4.585931777954102,4.6498133850618,4.525350463608378,4.596729205074539,735526400,4.379506724221366,69.77573784061094
2009-07-21,4.543942451477051,4.601525771592927,4.491158608955356,4.597327329862993,874781600,4.4351613862173895,65.87393048715475
2009-07-22,4.700796127319336,4.760478870201442,4.68190173751709,4.7322866435152005,874104000,4.496857030051095,70.80448640054487
2009-07-23,4.733185291290283,4.751778957029607,4.665405203137787,4.697495944166772,526962800,4.563479832240513,78.0756282964625
2009-07-24,4.798269271850586,4.798568788833372,4.69360009908029,4.707095981951681,438362400,4.619649274008615,82.93263767525339
2009-07-27,4.801566123962402,4.824959274241837,4.716392008559748,4.803665545179347,433311200,4.673547472272601,92.0637224268589
2009-07-28,4.7985687255859375,4.801567499188231,4.726589750231765,4.764978777341585,363554800,4.7088942527771,91.20826023181579
2009-07-29,4.799465179443359,4.812061702747012,4.7460815157077,4.765575734682683,382158000,4.7393990244184225,94.14377550052197
2009-07-30,4.882242202758789,4.940124237096338,4.843553273116211,4.849551618862908,469604800,4.787727560315814,94.27197531293876
2009-07-31,4.9002366065979,4.94852209023793,4.885840576313901,4.888239914694568,422536800,4.8162190573556085,93.50949388512177
2009-08-03,4.991408348083496,4.997706208997221,4.944621664287568,4.954818448886245,394240000,4.853108065468924,94.47714851707714
2009-08-04,4.965015411376953,4.965615245763138,4.924827708773013,4.946420945828701,395810800,4.87692894254412,89.84196393854447
2009-08-05,4.951820373535156,5.020199098169633,4.924828223757768,4.971014275053193,423183600,4.898393835340228,87.86051563685992
2009-08-06,4.915833473205566,4.993809986972527,4.891240649388454,4.965917671674994,341616800,4.915145942143032,80.09928476245723
2009-08-07,4.963815689086914,4.996506264995161,4.942522367736193,4.963216255082325,387354800,4.938624586377825,80.52339017310761
2009-08-10,4.940125465393066,4.996508728160121,4.908335025878532,4.968317697412165,300294400,4.946893623897007,82.97633865068076
2009-08-11,4.883442401885986,4.929928389008627,4.854951055008189,4.909234092239813,355342400,4.944494451795306,68.24501787648506
2009-08-12,4.957820892333984,4.999808120901029,4.872346047572548,4.875044903352724,445071200,4.939696243831089,70.70272227647106
2009-08-13,5.051092624664307,5.058590959340378,4.993510091301185,4.9980088518525925,439980800,4.951992988586426,72.14972323759791
2009-08-14,5.001906394958496,5.045392799906012,4.964417534907471,5.0366955990012325,305816000,4.959148134504046,66.24546056335414
2009-08-17,4.786273002624512,4.906237172985109,4.781174005834294,4.905037102828027,524381200,4.940639495849609,49.258614800562604
2009-08-18,4.918531894683838,4.925729510475379,4.84085530514626,4.847453086253198,431152400,4.9341703823634555,56.197503237729514
2009-08-19,4.936524868011475,4.957518676163347,4.872044658076211,4.881041775613536,413271600,4.933656011308942,53.02978122253704
2009-08-20,4.988410472869873,5.000107247904486,4.936826297488716,4.947922437058884,342031200,4.948651450020926,54.74201202005189
2009-08-21,5.075084209442139,5.079583769950868,5.002506222355842,5.027998793347009,416074400,4.965403352464948,54.52198593110685
2009-08-24,5.070286273956299,5.119771832713563,5.046593605659619,5.102076710188278,406929600,4.968145302363804,55.824975026661974
2009-08-25,5.08048152923584,5.126667579347613,5.072383764383093,5.08228103253645,324354800,4.979370321546282,57.14294790679452
2009-08-26,5.020800590515137,5.084980885386341,5.001305967597856,5.066086497443961,303998800,5.012874262673514,55.67812961071388
2009-08-27,5.081982135772705,5.085580342249399,4.943423557191549,5.060988326806918,449181600,5.036224297114781,56.3021431757575
2009-08-28,5.099975109100342,5.173153304877323,5.054389295976357,5.166555526840325,453700800,5.059574331556048,58.57734783305094
2009-08-31,5.044794082641602,5.063987990901813,4.993509420515869,5.043294095568903,311337600,5.067629132952009,58.67192413338165
2009-09-01,4.957520008087158,5.098478357713897,4.94672338405695,5.038196172450698,469028000,5.050834247044155,49.98404992399068
2009-09-02,4.953920841217041,5.026798745936771,4.921830089247015,4.937125872163626,364249200,5.034210613795689,44.30767769652344
2009-09-03,4.995007991790772,5.01150304247565,4.948522012664956,4.991709301992694,293955200,5.022000108446393,49.592020327071886
2009-09-04,5.1077752113342285,5.119471987405327,5.011204231955944,5.016902661323916,374628800,5.034425054277692,71.64798343777834
2009-09-08,5.186350345611572,5.192648207762424,5.158458840771949,5.187849931938819,315047600,5.049334798540388,69.4385531627415
2009-09-09,5.132668495178223,5.232538175432719,5.089480794749816,5.181853341676039,811087200,5.054005282265799,63.53510698296394
2009-09-10,5.175253391265869,5.195947280495075,5.122769075301273,5.160257929622206,491134000,5.0726423263549805,63.06095320378977
2009-09-11,5.163258075714111,5.19384924204893,5.124569942555249,5.185751474377568,348961200,5.102033478873117,56.88219058167786
2009-09-14,5.2100443840026855,5.215442094528715,5.105975083535768,5.123369486002439,322011200,5.138622556413923,60.23744655880627
2009-09-15,5.253232002258301,5.267927552620155,5.206146577966746,5.219642058453002,426470800,5.175511700766427,62.07074173535821
2009-09-16,5.454471111297607,5.480863433798344,5.334806909185513,5.33810599955106,754023200,5.225039686475482,75.29772650273512
2009-09-17,5.534848213195801,5.602028103402483,5.457471933101515,5.457771850476076,810572000,5.274825096130371,75.83881771361877
2009-09-18,5.548944473266602,5.594830631489577,5.54114622090267,5.573237380810378,601582800,5.33429309300014,75.73090193990784
2009-09-21,5.518951416015625,5.5531407831959445,5.446973274026022,5.527049182227724,437715600,5.383392810821533,77.98232778027915
2009-09-22,5.532747745513916,5.559739903697325,5.483862423974308,5.554041875081712,356753600,5.436177049364362,87.17062733483453
2009-09-23,5.563337326049805,5.665307182942891,5.549241216127724,5.560338554149499,593563600,5.486647469656808,88.05252636649955
2009-09-24,5.512953281402588,5.629317982102382,5.481462767999009,5.614322518597039,550880400,5.523750509534564,81.96980702917223
2009-09-25,5.469466209411621,5.563338317763852,5.441574702675021,5.458669587544721,445239200,5.5258926664079935,74.4130568420646
2009-09-28,5.582831382751465,5.598726996743911,5.498257122163198,5.514452252977226,337444800,5.532747404915946,75.56082940100524
2009-09-29,5.559738159179688,5.620319836682901,5.527647817085586,5.600226583962296,345385600,5.534289360046387,78.66335195087333
2009-09-30,5.558841705322266,5.591831816282785,5.47666634530104,5.582234460120459,539585200,5.539987972804478,77.27112161578522
2009-10-01,5.424179553985596,5.584930792403295,5.41938007722574,5.558839193398437,524711600,5.524478231157575,65.79516785497792
2009-10-02,5.545342922210693,5.576533917499317,5.438875496004823,5.440674999603604,553308000,5.521907602037702,68.6208576739949
2009-10-05,5.5789337158203125,5.604126369665914,5.526449387363655,5.584332627873086,423133200,5.531333378383091,68.28277669640964
2009-10-06,5.698598384857178,5.698598384857178,5.617323589452247,5.630519151439979,605085600,5.564066546303885,65.08524217262939
2009-10-07,5.705796241760254,5.714793360568992,5.6692067306388845,5.691100694104342,465668000,5.5816329547337125,61.61363221122386
2009-10-08,5.676405906677246,5.741786286827558,5.665008647032846,5.7180936171898,438211200,5.598299775804792,58.483017842816665
2009-10-09,5.712393760681152,5.719291458019997,5.656911063405501,5.66740776827259,293272000,5.620235783713205,62.77236812609722
2009-10-12,5.722590923309326,5.743584733374062,5.687501400911743,5.728889186455834,288024800,5.66286597933088,62.594586728754365
2009-10-13,5.698898315429688,5.733387603165622,5.689300961966923,5.717192469620832,348020400,5.6848024640764505,59.076455083213354
2009-10-14,5.73698616027832,5.767876035460777,5.70519573249504,5.765777015125731,375510800,5.707381384713309,65.25119310476019
2009-10-15,5.715094566345215,5.7258911914345285,5.684204277954086,5.687203051283977,373556400,5.709737982068743,67.22786317239908
2009-10-16,5.639816761016846,5.709096071239536,5.633518496297066,5.678805217958515,431426800,5.700312341962542,54.22242950369044
2009-10-19,5.694099426269531,5.698298268548118,5.56483867136291,5.633818049959435,942230800,5.7028399876185825,59.51589742758449
2009-10-20,5.961019039154053,6.0506927060863305,5.933727366940969,6.016203419423812,1141039200,5.738357884543283,70.68799992150883
2009-10-21,6.145763874053955,6.259430519602267,5.975114948152404,5.983812148737572,1193726800,5.798811163221087,85.29948550858518
2009-10-22,6.154162406921387,6.233638899547687,6.073487045794208,6.139166940492045,791392000,5.863848890577044,83.47648205995735
2009-10-23,6.1163740158081055,6.172157843233832,6.095080684357708,6.169159070094468,420786800,5.918047155652728,79.41584533618965
2009-10-26,6.072586536407471,6.200648011526644,6.001207825490868,6.108275891865772,484338400,5.969117437090192,72.32379709768726
2009-10-27,5.919332981109619,6.0824835924392735,5.891740188275948,6.047994303197668,756551600,6.009048325674875,60.85375010482467
2009-10-28,5.770276546478272,5.93882604830483,5.731287701727268,5.92952821249345,818386800,6.01993077141898,54.25382909659644
2009-10-29,5.888741970062256,5.902538567989923,5.762479974556527,5.848254330832471,570270400,6.009605475834438,57.435557190794164
2009-10-30,5.653312206268311,5.902237578204215,5.643414934601325,5.8800444971316335,717525200,5.939255237579346,47.54518217840922
2009-11-02,5.677605152130127,5.784672841925853,5.565438867440991,5.692300701693317,678983200,5.871175629752023,49.245820217591515
2009-11-03,5.660809516906738,5.683902349043336,5.575934919876382,5.633818160144558,522541600,5.806094987051828,47.26059108705254
2009-11-04,5.722590923309326,5.813763377745607,5.705196521180502,5.720191985391422,487530400,5.756095613752093,50.26206008128679
2009-11-05,5.819162845611572,5.848254024935765,5.752882318862919,5.770277523501556,384801200,5.741785594395229,56.177664774519094
2009-11-06,5.828459739685059,5.853951912281227,5.770277778885287,5.773576469142536,295097600,5.750097479139056,54.776125171112255
2009-11-09,6.041995048522949,6.05519060727893,5.886041675207095,5.906434847868482,528855600,5.771990776062012,52.99202251835272
2009-11-10,6.087582111358643,6.147563566313713,6.028499607412446,6.028799524697811,401195200,5.834029333932059,47.60379697316762
2009-11-11,6.095679759979248,6.148164086078367,6.053091903908356,6.13496772491105,443870000,5.893754277910505,47.590808035053065
2009-11-12,6.057890892028809,6.144264664693567,6.041095925051172,6.092380177385548,363731200,5.95048018864223,47.59078933824886
2009-11-13,6.131669044494629,6.143065501460339,6.060290328855908,6.084282911986207,343240800,6.00891992024013,52.3752124473746
2009-11-16,6.197048664093018,6.238136127910769,6.148463268689774,6.162558579223335,485206400,6.062903608594622,62.01340919666935
2009-11-17,6.208146095275879,6.221341655916975,6.148164235659636,6.180554503920189,396513600,6.117144516536167,71.50851623680663
2009-11-18,6.17695426940918,6.208145264694144,6.118172086883564,6.194349871285612,374320800,6.136424405234201,65.48488697576067
2009-11-19,6.013503551483154,6.1364672402101625,5.992210224330205,6.1364672402101625,542326400,6.1258417538234164,70.97439343370112
2009-11-20,5.995809078216553,6.009905190756833,5.931028545683343,5.972716247880771,406666400,6.111574513571603,68.67290997900241
2009-11-23,6.174555778503418,6.178154785960989,6.086681614775515,6.0881816016397865,474896800,6.128240925925119,75.33270507329387
2009-11-24,6.1313676834106445,6.174554563129927,6.085181631400396,6.158059115529621,318438400,6.1281978743416925,70.53319377345791
2009-11-25,6.123871803283691,6.167658932546981,6.110975758537792,6.160160598885189,286454000,6.1177440370832175,66.81006929519458
2009-11-27,6.015904903411865,6.086982914297621,5.949324451598534,5.9748166260312034,295257200,6.090281009674072,59.325642248302
2009-11-30,5.995510101318359,6.048593864396834,5.961320328244017,6.031498977859664,424858000,6.064360414232526,47.13712637804756
2009-12-01,5.907337188720703,6.081285250091379,5.903138345757758,6.065389630303088,465763200,6.049193790980747,39.45250262431085
2009-12-02,5.885142803192139,6.040796293103711,5.87074717182625,5.967018231876903,715260000,6.033384323120117,37.879845969885736
2009-12-03,5.89263916015625,5.967617271066152,5.886341298356643,5.920830580689025,448719600,5.993110520499093,40.143031535882464
2009-12-04,5.797867298126221,5.994607793734248,5.706694062718761,5.989210084489775,826884800,5.945467608315604,30.575800475149023
2009-12-07,5.666805267333984,5.81136255249841,5.6587079034846965,5.797866679133937,714758800,5.880172388894217,21.335851239388205
2009-12-08,5.694399833679199,5.768778130601975,5.659310707173308,5.679104450200117,690398800,5.834243093218122,22.71433376015041
2009-12-09,5.932227611541748,5.943024231662651,5.70759440585228,5.73668597745128,684782000,5.825202737535749,39.34170691682474
2009-12-10,5.891140937805176,5.989211898724556,5.881843901365935,5.983213552361397,489669600,5.822888987404959,44.03512727593925
2009-12-11,5.8383564949035645,5.938226956376108,5.801167549548887,5.931628375174698,429774800,5.816205229078021,42.57847618294148
2009-12-14,5.90763521194458,5.921131089060855,5.77507497816394,5.859349731350494,495790400,5.818347522190639,35.97097420469531
2009-12-15,5.823360919952393,5.9235312968413565,5.7963691635821695,5.873146391306276,419459600,5.821989468165806,34.48174793882619
2009-12-16,5.8491530418396,5.893240084709314,5.834757411661771,5.851252462968979,352984800,5.848039150238037,36.409451463893674
2009-12-17,5.754081726074219,5.848253758572503,5.72828963845966,5.826060278226652,388838800,5.856565134865897,36.88000676688604
2009-12-18,5.861148834228516,5.863248255035602,5.776273851864907,5.793369536003326,608770400,5.846411023821149,43.8052365818526
2009-12-21,5.94512414932251,5.990710775433327,5.868346926666571,5.879744183829688,611906400,5.854122911180768,51.74894780633899
2009-12-22,6.00900411605835,6.02369966049536,5.958019386180111,5.981412530636641,349515600,5.87850114277431,55.51985060303639
2009-12-23,6.061189651489258,6.069587335841444,6.022501521280431,6.034197495066575,345525600,5.900437491280692,57.22368499570432
2009-12-24,6.269330024719238,6.278627865206307,6.098681016182874,6.104679364610792,500889200,5.964147363390241,68.4162215946449
2009-12-28,6.34640645980835,6.416585126107415,6.28642418379942,6.349705951482506,644565600,6.0351835659572055,77.71541560084646
2009-12-29,6.2711262702941895,6.3796943183003565,6.260029731892937,6.376995062910531,445205600,6.109047072274344,72.63944653777256
2009-12-30,6.347301483154297,6.358098902125435,6.247431864552724,6.263026757163513,412084400,6.178497450692313,68.66225733489125
2009-12-31,6.320013046264648,6.398590186753434,6.314914851993987,6.391992005384288,352410800,6.232053007398333,69.52490363566423
2010-01-04,6.418381214141846,6.433076756912997,6.369495910499525,6.400986416498206,493729600,6.2905354499816895,75.35398447745864
2010-01-05,6.42948055267334,6.465769747557289,6.395590295926477,6.436078733715388,601904800,6.34314843586513,74.03324720454773
2010-01-06,6.32720947265625,6.454971414199512,6.320611293362402,6.4294788491695645,552160000,6.35141692842756,72.82603858608421
2010-01-07,6.315512657165527,6.358100507320875,6.269626518023752,6.350602575880924,477131200,6.347003528050014,71.40098161710806
2010-01-08,6.357499122619629,6.358099357449847,6.269926102203725,6.307114233726059,447610800,6.359342506953648,79.10868123061465
2010-01-11,6.301418781280518,6.388092480406524,6.2516333091974765,6.382094134270341,462229600,6.352787835257394,72.33730623572941
2010-01-12,6.229740142822266,6.291222397736795,6.1907520892199335,6.27382679129266,594459600,6.339891706194196,64.62258257499033
2010-01-13,6.317612648010254,6.326010331980727,6.121172032065067,6.2342384458401225,605892000,6.325496196746826,65.47376031605538
2010-01-14,6.28102445602417,6.311915538455684,6.268728246767605,6.301418833054759,432894000,6.304288182939802,61.197754362375036
2010-01-15,6.176055908203125,6.346105421718744,6.174256404316052,6.32601096164642,594067600,6.2826948165893555,44.69086451974322
2010-01-19,6.449273109436035,6.453771868410462,6.215343649119593,6.248033429729676,730007600,6.301803452628,54.786404850326534
2010-01-20,6.350004196166992,6.464569404203669,6.283123837888296,6.445375096953876,612152800,6.300732748849051,53.590060451062946
2010-01-21,6.240235805511475,6.397389264705099,6.214443718988294,6.360500638690358,608154400,6.291992323739188,45.27158986428404
2010-01-22,5.930728912353516,6.22314147504131,5.913034592356184,6.201548230112118,881767600,6.2492764336722235,36.23826425618107
2010-01-25,6.090281009674072,6.139165925840745,6.003906832994564,6.073486041998157,1065699600,6.216800485338483,38.88214566399867
2010-01-26,6.176356315612793,6.409386881972416,6.075586492482457,6.176656232951103,1867110000,6.201847893851144,41.83750038441431
2010-01-27,6.2345380783081055,6.315513344126092,5.984112346480525,6.20364699783895,1722568400,6.210202489580427,46.92416335837946
2010-01-28,5.976914405822754,6.16315902865188,5.959220087512394,6.146064544889234,1173502400,6.14272267477853,40.33884229155828
2010-01-29,5.760078430175781,6.064187686283612,5.7057946142287,6.030597758244598,1245952400,6.058447565351214,34.50044164912029
2010-02-01,5.840155124664307,5.878243816242545,5.737285905930892,5.769376252245287,749876400,6.001293182373047,38.18009019563567
2010-02-02,5.874045372009277,5.887841567049598,5.799667887822983,5.875545358850313,698342400,5.993195533752441,40.70529258517733
2010-02-03,5.97511625289917,6.004207834616055,5.8308592149524285,5.853352615152895,615328000,5.976743425641741,41.111491984135334
2010-02-04,5.759780883789063,5.949323827977604,5.745384852198745,5.900138187558014,757652000,5.917232649666922,37.6211048663903
2010-02-05,5.862048625946045,5.878244159103058,5.723789962938904,5.7771744380537005,850306800,5.864019870758057,42.53313379993428
2010-02-08,5.821861267089844,5.934627768971494,5.818262259501862,5.868947482185346,478270800,5.841869422367641,33.22106382121348
2010-02-09,5.883942604064941,5.92323056667495,5.840755316371396,5.890840301116595,632886800,5.859564304351807,37.283127943389076
2010-02-10,5.851851940155029,5.896239298041465,5.826059854416686,5.874944770320464,370361600,5.861235277993338,38.9335201433031
2010-02-11,5.958320617675781,5.9907112865384375,5.8200619419817405,5.844654760831028,550345600,5.873274598802839,50.889058241120026
2010-02-12,6.009605407714844,6.047394186011236,5.8632489712459295,5.941525383068205,655468800,5.878201620919364,47.205498720425
2010-02-16,6.100179195404053,6.108876397622582,6.043795938166992,6.056392065707889,543737600,5.926829951150077,47.36951818985046
2010-02-17,6.0746893882751465,6.127473257650967,6.024003739772708,6.123874248259753,436396800,5.957207202911377,44.352741917170555
2010-02-18,6.08608341217041,6.114875077233493,6.025801226328555,6.0470945572474255,422825200,5.9949532236371725,54.66914388967521
2010-02-19,6.048295021057129,6.094181577568377,6.031500048852833,6.053993851479644,415469600,6.018432140350342,64.55639684420429
2010-02-22,6.010805606842041,6.073187212543278,5.973916975143906,6.068388935507556,390563600,6.041139807019915,59.00613427766718
2010-02-23,5.9100341796875,6.038096046683881,5.869546550876753,5.998207851969282,575094800,6.034241744450161,51.77408223670602
2010-02-24,6.018002986907959,6.041395734646007,5.933427512524327,5.945124286816969,460566400,6.0354413986206055,52.099837784379304
2010-02-25,6.058190822601318,6.08398290916739,5.904936688411532,5.91963223546759,665126000,6.029443059648786,67.63560266316024
2010-02-26,6.1367669105529785,6.153261960733327,6.058190584339443,6.06958704069675,507460800,6.038311277117048,66.70319691893414
2010-03-01,6.267827987670898,6.2831229673818125,6.161659277679759,6.170656395231517,550093600,6.064274787902832,74.41710257135905
2010-03-02,6.263628482818604,6.323010493474761,6.2303380702578695,6.296018342829972,566546400,6.095036711011615,72.1949150038439
2010-03-03,6.278023719787598,6.29421925148887,6.236336823213788,6.266327747739374,372052800,6.133210727146694,75.43856952644117
2010-03-04,6.3194122314453125,6.325710494502627,6.257030636719899,6.276525660892347,366041200,6.191693305969238,73.36954710361852
2010-03-05,6.566537380218506,6.58903077131944,6.436975944002297,6.446273377832407,899620400,6.27005536215646,78.75499593530168
2010-03-08,6.570438385009766,6.600728832585432,6.545545648262431,6.59832989448658,429889600,6.343233585357666,76.66665765344342
2010-03-09,6.688602447509766,6.747984469304115,6.534748481374017,6.547344607144997,920259200,6.42206723349435,81.50176634350996
2010-03-10,6.743186473846436,6.762381182367706,6.694001634955317,6.712896025732283,596218000,6.489975588662284,82.2868865633302
2010-03-11,6.762979984283447,6.762979984283447,6.697600012742808,6.715295134054153,405700400,6.5613115174429755,85.74834531859331
2010-03-12,6.795970916748047,6.829860371689238,6.770478345684692,6.8190633484712135,416323600,6.635303974151611,89.45129381457879
2010-03-15,6.713197231292725,6.76298151395491,6.605528894638329,6.759383306264005,493502800,6.691558974129813,91.09893043300464
2010-03-16,6.73148775100708,6.747382963033785,6.673305412789016,6.723390386597466,446908000,6.715123312813895,90.19944354830918
2010-03-17,6.721594333648682,6.791473078739215,6.696102158046439,6.74498708766095,450956800,6.736717019762311,88.69881493992374
2010-03-18,6.737487316131592,6.747984020171499,6.676305394243688,6.720991465836788,342109600,6.743700572422573,87.80714127087981
2010-03-19,6.665507793426514,6.7551810419762495,6.634916636766184,6.741685167215725,559445600,6.73260361807687,77.03936033697606
2010-03-22,6.740488052368164,6.777977319438845,6.60252927937838,6.612126634256938,456419600,6.729390484946115,79.5762513863216
2010-03-23,6.848753929138184,6.861350454694232,6.720991572468423,6.767178031993405,602431200,6.736930915287563,81.70640735878305
2010-03-24,6.87904691696167,6.903939656683956,6.823263090493969,6.827162416482702,597780400,6.760623727525983,81.47806827209493
2010-03-25,6.797471523284912,6.92703342643263,6.785474828313606,6.925533439137487,542284400,6.770049980708531,65.96219992432603
2010-03-26,6.924932479858398,6.95642259413151,6.854453117768943,6.866449809404741,640875200,6.799098287309919,70.92798050623875
2010-03-29,6.9696197509765625,7.014006719351805,6.946527315557525,6.987915110336642,540744400,6.832260063716343,68.16621518483218
2010-03-30,7.073386669158936,7.122272783937225,7.025400706617771,7.095880064073632,527310000,6.890528474535261,70.06944082169707
2010-03-31,7.0478949546813965,7.0961812407623945,7.031700220924638,7.062591303171668,430659600,6.934443746294294,67.19789771811459
2010-04-01,7.076985359191895,7.159760119784918,6.980414404743126,7.120172643458384,603145200,6.9670482363019675,67.04270726092841
2010-04-05,7.152565002441406,7.15316483713265,7.0409981524122935,7.0472968170940415,684507600,7.006122248513358,76.88093714135007
2010-04-06,7.184054851531982,7.205048261746147,7.1078774588036095,7.143866734061652,447017200,7.0613484382629395,77.24839713959895
2010-04-07,7.215846538543701,7.255434828291907,7.157663372909678,7.184355616902713,628502000,7.102907589503697,78.99365481807526
2010-04-08,7.196352481842041,7.244038140829377,7.139069467330987,7.211048032064022,572989200,7.135297979627337,76.80454583437782
2010-04-09,7.251535415649414,7.25453538999095,7.21164760944843,7.240739191917902,334182800,7.160747800554548,84.91793218075654
2010-04-12,7.266529083251953,7.289921828576942,7.252133054838327,7.263829427500822,333026400,7.191981247493199,83.75678692601815
2010-04-13,7.270727634429932,7.281824974201377,7.23113935436052,7.253633550759477,306210800,7.219658715384347,81.25286503048844
2010-04-14,7.368499755859375,7.372098763552425,7.319914753697764,7.356203546665095,404076400,7.2505065373012,82.95645071287156
2010-04-15,7.465372085571289,7.468670775993114,7.363102271478598,7.371199639493909,376784800,7.290694713592529,94.06420015943384
2010-04-16,7.419784545898437,7.531951218447351,7.33431011378973,7.454873670257502,750545600,7.319828714643206,86.60155522575018
2010-04-19,7.409885883331299,7.434478296210042,7.250932949223389,7.408686214369062,566924400,7.350333486284528,84.33088052115123
2010-04-20,7.335506916046143,7.475265125928005,7.286621614391775,7.453971405445584,738326400,7.362329414912632,71.42127873155606
2010-04-21,7.774278163909912,7.805169244199803,7.669609032348244,7.761681637793724,982391200,7.4348649978637695,85.4298132751324
2010-04-22,7.991710186004639,8.00010786713298,7.683702046103474,7.744884350620156,793424800,7.537862505231585,87.69128901376348
2010-04-23,8.122472763061523,8.162960390930973,8.00760725816962,8.037297864935027,796955600,7.6455729348318915,88.22669556346885
2010-04-26,8.082585334777832,8.171358443101639,8.043296573298182,8.15396404249547,479068800,7.733746256147112,85.18064771725464
2010-04-27,7.858850955963135,8.032798946270649,7.813265138397773,8.01570406447187,709343600,7.796470029013498,71.8862861880268
2010-04-28,7.845654487609863,7.917632212383901,7.690001066102619,7.895139623868445,758402400,7.858722686767578,72.19579590661786
2010-04-29,8.056793212890625,8.097580359240233,7.857952470835817,7.888242913332993,558840800,7.96176358631679,74.87475335115431
2010-04-30,7.830358982086182,8.11467327267755,7.827660127779788,8.07688450730619,542463600,7.969775131770542,65.40463922562321
2010-05-03,7.988115310668945,8.03400226299753,7.884045996414567,7.912838060886578,454342000,7.9692615781511575,68.0827623541482
2010-05-04,7.758084774017334,7.896343879244847,7.700202723464893,7.884347985238192,723819600,7.917206151144845,59.206210949164195
2010-05-05,7.677407741546631,7.741888764519555,7.459672570811604,7.588634616757451,883103200,7.859323637826102,55.04922262789719
2010-05-06,7.385292053222656,7.745183863512572,5.975712926552248,7.6126236720120275,1285860800,7.791672366006034,49.264933029399444
2010-05-07,7.073688507080078,7.394893202705948,6.754284116519187,7.3091192375460095,1676018400,7.681391511644636,43.65166846776632
2010-05-10,7.617425441741943,7.637219985943477,7.453674580311513,7.505259561322695,984306400,7.618624687194824,54.521871372795694
2010-05-11,7.693301200866699,7.794370501816215,7.512755037278967,7.552942343372702,848906800,7.59904500416347,48.530033721946204
2010-05-12,7.860352039337158,7.8915426349671804,7.758682886477566,7.774876817569426,654379600,7.580793108258929,47.57104061227009
2010-05-13,7.748486518859863,7.947626804659301,7.689703527819959,7.89424232511924,599712400,7.579421928950718,43.03590614217192
2010-05-14,7.612325191497803,7.692101579735852,7.482764140560175,7.652513302872212,759362800,7.570124421800886,41.546272045583635
2010-05-17,7.624322414398193,7.683105399713419,7.429080672161162,7.6387184436624604,762834800,7.604271616254534,45.43654895242577
2010-05-18,7.568540096282959,7.754184502689804,7.505558263327263,7.707098687260399,782678400,7.674964700426374,44.69581900009766
2010-05-19,7.447975158691406,7.5853340696832285,7.343306830829454,7.482764762359822,1025726800,7.6507575171334405,37.928191505455075
2010-05-20,7.13067102432251,7.313316252071593,7.084184244083757,7.25423294545981,1282915200,7.570381777627127,36.60895632226874
2010-05-21,7.267430782318115,7.332811156918519,6.938428286787931,6.982514931917738,1223891200,7.485678740910122,36.095361339274525
2010-05-24,7.400587558746338,7.524750885580487,7.385592498557725,7.416183254223429,754238800,7.435978889465332,42.834727153731585
2010-05-25,7.354404449462891,7.400590115716195,7.112676691978241,7.178356583889812,1048006400,7.39913306917463,43.43531372805551
2010-05-26,7.321112632751465,7.561641475983034,7.310315611131356,7.500159637472628,850654000,7.355817386082241,48.542260727316524
2010-05-27,7.59822940826416,7.614424939900074,7.471067696585528,7.515754165939846,666282400,7.360058716365269,62.103781340994956
2010-05-28,7.704099655151367,7.779677215402906,7.598230847083165,7.77937769851724,815614800,7.396647930145264,52.506512113427306
2010-06-01,7.822565078735352,7.975819237403902,7.766481736789026,7.788375302434159,876472800,7.495489937918527,53.648285499879954
2010-06-02,7.916136264801025,7.9416280331360625,7.807567807703352,7.933830183609555,688548000,7.5881621497018,51.64255744064985
2010-06-03,7.891245365142822,7.964123281314877,7.80996896206517,7.953025938600003,650106800,7.658256122044155,54.43043369525165
2010-06-04,7.676507472991943,7.854653535933648,7.636619675193198,7.74398686027731,758304400,7.704270839691162,51.89922964085088
2010-06-07,7.525953769683838,7.772179906728725,7.514256592655253,7.746387815575597,886942000,7.73353385925293,47.309757972893884
2010-06-08,7.477668762207031,7.611729022858751,7.367301573225111,7.594933650235495,1000770400,7.716310909816197,47.50456540225168
2010-06-09,7.293822765350342,7.554746061579189,7.272529834215436,7.541849214768728,854630000,7.657699925558908,45.908977822142326
2010-06-10,7.513055324554443,7.5271502341772925,7.263829292772641,7.343005845884725,776356000,7.613484246390207,60.70528045896975
2010-06-11,7.603029727935791,7.613526432513859,7.418884518713865,7.444676604442198,545759200,7.568754741123745,59.64821803210909
2010-06-14,7.626125812530518,7.772181996882457,7.61802844235784,7.676511139838798,602960400,7.530880519321987,56.922109221654196
2010-06-15,7.788372039794922,7.793170715279237,7.662709528514058,7.666908369562834,585074000,7.546861171722412,62.43333158465359
2010-06-16,8.015103340148926,8.030098397737314,7.816562178700101,7.830657885205828,783678000,7.616739681788853,67.89911195855152
2010-06-17,8.153665542602539,8.184556624474785,8.082586342862538,8.11557644543805,872855200,7.7133106504167825,65.42824037895568
2010-06-18,8.219646453857422,8.247539168652224,8.140170355886303,8.165063096245396,784621600,7.845571177346366,64.64476972122951
2010-06-21,8.102680206298828,8.367800689721607,8.059492916434637,8.328212407416704,776490400,7.929803303309849,57.96381332072378
2010-06-22,8.213046073913574,8.27662692907467,8.142567522441736,8.162361260049575,717262000,8.01694849559239,58.36144586079123
2010-06-23,8.12667465209961,8.237342157798432,8.034602023053035,8.234942818875561,768457200,8.088455472673688,56.408157798213715
2010-06-24,8.067591667175293,8.19355373746872,8.040599108529005,8.127572728291774,714277200,8.128343990870885,61.63044597299267
2010-06-25,7.998610973358154,8.10567944702384,7.971918734160604,8.09938158416607,549942400,8.125987938472203,64.7731052860626
2010-06-28,8.046598434448242,8.090086050470907,7.933232076875107,8.005510157263997,584948000,8.110692637307304,67.7854509939074
2010-06-29,7.682806491851807,7.929332932310984,7.626723152155622,7.921234763940174,1133344800,8.034001214163643,60.930375896730894
2010-06-30,7.543648242950439,7.73679020412312,7.498062409131126,7.699001420268053,739452000,7.954139505113874,50.90016449279142
2010-07-01,7.452172756195068,7.641716441461671,7.294420297332279,7.6267205799504385,1022896000,7.845443316868374,45.56510963516624
2010-07-02,7.405990123748779,7.525654344429008,7.29382263560986,7.512457180071755,693842800,7.742488384246826,43.6151232862162
2010-07-06,7.456674098968506,7.581736016788241,7.382595722677696,7.527752501231366,615235600,7.655214445931571,39.71365307192566
2010-07-07,7.757781505584717,7.760781479004671,7.490262519714828,7.5124547950592895,654556000,7.6208102362496515,42.37202174224633
2010-07-08,7.74038553237915,7.88464290084767,7.644414432095679,7.872046378601963,738144400,7.577065535954067,36.800646450961686
2010-07-09,7.786278247833252,7.794675134721896,7.652517481434684,7.704401993676422,433322400,7.591847215379987,35.97915970514302
2010-07-12,7.716396808624268,7.853155915014958,7.643518895662477,7.753585758682033,562878400,7.61652558190482,37.10977839374849
2010-07-13,7.551744937896728,7.689703698114369,7.390692945064203,7.687305160464154,1190924000,7.6307501792907715,28.704035556308995
2010-07-14,7.579633712768555,7.671706297141635,7.467767392733122,7.479165047934069,812047600,7.655556406293597,31.694050456297234
2010-07-15,7.541249275207519,7.706799650191749,7.4167863764038335,7.444678289870669,824866000,7.667638574327741,32.13927424438752
2010-07-16,7.494760513305664,7.646814951532713,7.450074045416925,7.593130966363557,1039858400,7.630064146859305,32.63747462541579
2010-07-19,7.365198612213135,7.49416062306499,7.185852907507122,7.49416062306499,1024478000,7.576466015407017,27.769019169683972
2010-07-20,7.554443836212158,7.584735084491709,7.198150876627488,7.284824978224337,1074950800,7.543346813746861,45.273830466338715
2010-07-21,7.624921321868896,7.952123422523127,7.617724108959041,7.950323919083887,1185671200,7.530278887067523,53.15178542369973
2010-07-22,7.768282890319824,7.79767399536721,7.657015534407869,7.728094758617155,645318800,7.561212880270822,61.784564275934684
2010-07-23,7.795870304107666,7.809066662932498,7.686102994606107,7.710395891110078,533388800,7.592103821890695,64.73905726333518
2010-07-26,7.776074409484863,7.800666815988887,7.72898861619308,7.797667644360726,420551600,7.625650269644601,62.36336420032226
2010-07-27,7.920034885406494,7.941628129664355,7.806668551146423,7.823763436431009,584771600,7.686403751373291,57.15041014989656
2010-07-28,7.826464176177978,7.977319807979727,7.805171244509745,7.90774058091491,519985200,7.752298831939696,53.554769282634446
2010-07-29,7.74098539352417,7.877144597738943,7.680704038971712,7.81896226314453,643806800,7.778947625841412,48.18877085985428
2010-07-30,7.715197086334228,7.788674833484173,7.644717711776429,7.67440992925143,448210000,7.791844163622175,49.95027023266254
2010-08-02,7.853152275085449,7.87534534755628,7.786272740042452,7.810865150169266,428055600,7.803968361445835,62.77642464582193
2010-08-03,7.855555057525635,7.895442862277263,7.78027780767644,7.827963463229494,417653600,7.81249475479126,61.95438711167541
2010-08-04,7.887044429779053,7.926032074439952,7.806968518228846,7.882845587863865,420375200,7.8283476148332864,65.07174189461453
2010-08-05,7.8486552238464355,7.893042177023511,7.81416513972416,7.849554575193623,289097200,7.818150520324707,65.53444817901605
2010-08-06,7.80037260055542,7.842360231038501,7.726593729207801,7.791074761765656,444897600,7.814423152378628,70.57005791728571
2010-08-09,7.850157260894775,7.862153955528808,7.784776876834178,7.842059091593085,303128000,7.830019133431571,66.10070482577706
2010-08-10,7.779976844787598,7.811168245406865,7.724193025296591,7.793173206588057,451920000,7.839273384639195,58.44503784717049
2010-08-11,7.503460884094238,7.6684122338932035,7.49206482490319,7.659715030603338,620054400,7.789317471640451,37.40360573520929
2010-08-12,7.551444053649902,7.590732013161718,7.381394572242987,7.398489455518685,534920400,7.745873042515346,38.59502745786984
2010-08-13,7.470769882202148,7.554144494859925,7.470469564457627,7.547246796903749,354869200,7.68640525000436,36.520245632296024
2010-08-16,7.426980495452881,7.498059677609129,7.396388938028663,7.425180992074986,318430000,7.626166003090995,26.118295056765888
2010-08-17,7.5568413734436035,7.636617749774318,7.473765507372562,7.50015822190707,422640400,7.591375827789307,37.38400081393549
2010-08-18,7.589830875396728,7.637816829579543,7.54514441104574,7.568537954122797,339696000,7.5541863441467285,42.561920252890076
2010-08-19,7.494161605834961,7.602129424014063,7.458172333108594,7.582934718108156,426706000,7.513355595724923,39.82309938760109
2010-08-20,7.486965179443359,7.615326599031527,7.467770469465388,7.479467646281904,384230000,7.5109990664890836,30.832072028178658
2010-08-23,7.371798992156982,7.557743732508825,7.355304740279013,7.551445869002884,414041600,7.485335486275809,27.351634014943045
2010-08-24,7.19575309753418,7.287824929887025,7.157364473883828,7.2779288576548895,602565600,7.446047374180385,21.493793393646072
2010-08-25,7.284523963928223,7.317514865301815,7.113875433300917,7.139067684411709,596867600,7.425696441105434,27.665410741801125
2010-08-26,7.206246376037598,7.370297500407164,7.206246376037598,7.361299983322255,466505200,7.375611441476004,27.02358213435997
2010-08-27,7.246435165405273,7.276126574150473,7.064689307456441,7.250334490265162,548391200,7.326554911477225,26.477904858371005
2010-08-30,7.272828578948975,7.370299707776544,7.218244426466603,7.220643765074501,383289200,7.29493590763637,29.542578953746215
2010-08-31,7.290822982788086,7.334610107716913,7.20834772745128,7.253333720732189,420786800,7.2669155938284735,39.16218588775805
2010-09-01,7.507660865783691,7.541550332397823,7.386197115709283,7.42188608681291,697037600,7.286324432918003,48.09614252183361
2010-09-02,7.562841415405273,7.562841415405273,7.454873586453164,7.535549340645718,415427600,7.338765621185303,54.09439361888009
2010-09-03,7.760783195495605,7.761082712395557,7.632721301277757,7.650416022947364,520788800,7.406802654266357,63.05432902798223
2010-09-07,7.73198938369751,7.783573544655015,7.6852030974884435,7.696899468828945,342557600,7.481908798217773,57.43762159395195
2010-09-08,7.885244369506836,7.9293310052335615,7.770677578459456,7.79107195203651,526551200,7.573167255946568,61.38209126661452
2010-09-09,7.889742851257324,7.993211504086944,7.885244492733311,7.948825350831665,438575200,7.661297866276333,66.39319448286767
2010-09-10,7.899942874908447,7.93263346790923,7.839660684635349,7.8933446927493724,387542400,7.748314993722098,67.07161833620532
2010-09-13,8.008809089660645,8.045998038213357,7.970421272619799,7.972219975775674,388780000,7.819907597133091,76.47051363900982
2010-09-14,8.039402961730957,8.072692597376308,7.963225531202149,7.983919434807708,408150400,7.887987818036761,89.87784625704133
2010-09-15,8.104177474975586,8.10897695143304,8.032798776965189,8.042696445835148,429368800,7.937044143676758,89.64289206596969
2010-09-16,8.294623374938965,8.29762254823187,8.082587028638423,8.104780911005907,652103200,8.017420428139824,97.48737341163809
2010-09-17,8.258631706237793,8.336308262393805,8.20794689844179,8.328210097208176,634477200,8.070761476244245,94.32586052805232
2010-09-20,8.494361877441406,8.51085692540106,8.273027756945744,8.279925453118803,658677600,8.157135622841972,95.20499768658306
2010-09-21,8.510560035705566,8.617928049523556,8.481168934867782,8.513259692406498,668074400,8.244366645812988,95.1986144133804
2010-09-22,8.629923820495605,8.636821518708784,8.469771168577198,8.478768688538311,585289600,8.333097321646553,94.82475433152814
2010-09-23,8.665008544921875,8.780174339373504,8.577435130999689,8.587331997505258,786116800,8.422469547816686,94.74032012177425
2010-09-24,8.766982078552246,8.803271673819566,8.713898715072991,8.76038469836484,649488000,8.517155919756208,94.29589710993247
2010-09-27,8.732192993164062,8.83926067976371,8.72769463352197,8.816768080705884,482834800,8.579665865216937,93.80076050708826
2010-09-28,8.603232383728027,8.75048820372998,8.24753920395597,8.75048820372998,1035042400,8.628894533429827,82.12558448751571
2010-09-29,8.618528366088867,8.691706605334097,8.577440886176456,8.614329522756234,469644000,8.646632603236608,82.29664222471104
2010-09-30,8.509960174560547,8.697404104262299,8.434982442510375,8.667413171611702,673391600,8.646546908787318,74.86544891373687
2010-10-01,8.473065376281738,8.594828533774102,8.43797547073735,8.581932496961493,448142800,8.62413855961391,70.10350574930993
2010-10-04,8.356705665588379,8.484466440631445,8.330612458128726,8.445478790433231,435302000,8.580095291137695,62.79002003558122
2010-10-05,8.665611267089844,8.680905845665924,8.452074187974356,8.457473499355649,501967200,8.565613746643066,68.90907292204672
2010-10-06,8.67310905456543,8.757084293641004,8.555244363164224,8.685105746104007,670868800,8.55717318398612,64.53909283205883
2010-10-07,8.6740083694458,8.71179714329687,8.604729484616941,8.707598301663735,408399600,8.567284039088658,66.39832716385902
2010-10-08,8.819462776184082,8.832358815199228,8.697400081122817,8.74868391956366,658403200,8.595988954816546,63.81942997430644
2010-10-11,8.858154296875,8.914537950587311,8.835362182896557,8.839561025257378,427753200,8.645730972290039,64.49832891662403
2010-10-12,8.95352840423584,8.982320472582934,8.772081993987054,8.859656266847853,558544000,8.714368547712054,63.77334565121033
2010-10-13,9.001514434814453,9.05609779633587,8.991317243883923,9.003313939096312,630092400,8.80648408617292,64.16687142969562
2010-10-14,9.066591262817385,9.071389137915777,9.009307469141396,9.047996393528525,435296400,8.863766942705427,63.01795130828836
2010-10-15,9.439379692077637,9.447177540903368,9.14456783021333,9.22044489551505,922194000,8.973234176635742,73.7509696868368
2010-10-18,9.537152290344238,9.567142418589336,9.4258849743864,9.55124800299223,1093010800,9.096540451049805,82.03698323963863
2010-10-19,9.281926155090332,9.410287532070855,8.997911332362236,9.099280958243128,1232784000,9.162606648036412,69.54048786681446
2010-10-20,9.313118934631348,9.424685773002803,9.203352400992893,9.267232786816963,721624400,9.227601596287318,74.78701380194123
2010-10-21,9.282828330993652,9.439381162179286,9.201252424575577,9.368002444275293,551460000,9.274644442967006,75.09312049100004
2010-10-22,9.221345901489258,9.29842264297728,9.186256779795462,9.26933106624217,372778000,9.306048938206263,77.73703445587881
2010-10-25,9.262433052062988,9.345207818810774,9.250436360861624,9.269931384487446,392462000,9.334026336669922,73.11793002409269
2010-10-26,9.238741874694824,9.289426699710353,9.166762519869014,9.20335243233618,392929600,9.30536379132952,71.63836927026063
2010-10-27,9.23214340209961,9.294224282288171,9.16526304417049,9.226744890594674,399002800,9.261791093008858,71.25884230707479
2010-10-28,9.154468536376951,9.237243325745473,9.024307604660548,9.23574333851178,551051200,9.243582861764091,63.45476927885317
2010-10-29,9.026707649230955,9.173663977745552,9.023408157274618,9.12417880602853,430511200,9.20266696384975,56.317580102416066
2010-11-01,9.122674942016602,9.165262395583415,9.063292921359082,9.063892755928295,423889200,9.179787908281599,56.33699555174445
2010-11-02,9.27802562713623,9.302918354723865,9.20724756930824,9.20724756930824,433930000,9.187885011945452,59.58803046286221
2010-11-03,9.38119888305664,9.38359822155028,9.253136993924148,9.338311107906478,508348400,9.20485155923026,60.62822819262444
2010-11-04,9.545249938964844,9.602532943570733,9.44807833278461,9.460674859731345,642488000,9.248638425554548,54.16379423513305
2010-11-05,9.511059761047363,9.584237985608008,9.499663703707384,9.536852650629143,361253200,9.288483619689941,48.919775995653836
2010-11-08,9.555747985839844,9.59023727986018,9.499964159520228,9.51316052293608,281758400,9.345809255327497,63.72954719554259
2010-11-09,9.479568481445312,9.636122100277513,9.4321831522759,9.628623767755192,383544000,9.410503659929548,57.98559860762746
2010-11-10,9.538052558898926,9.56024564034084,9.403691998392492,9.496364450698188,384227200,9.469843319484166,61.92214003531795
2010-11-11,9.496665000915527,9.549149328944097,9.424685647294924,9.447179045142496,361284000,9.50107751573835,63.10688339176408
2010-11-12,9.23813819885254,9.492162074958973,9.106178627784242,9.47716701497607,795846800,9.480640275137764,49.04179251563794
2010-11-15,9.208450317382812,9.313418971676438,9.185357085302652,9.251037773880206,403606000,9.43252604348319,48.810902722610855
2010-11-16,9.044997215270996,9.22524307569971,8.97691720160832,9.168860235070287,657650000,9.36594567980085,43.459058828705665
2010-11-17,9.012309074401855,9.116977409451737,8.930133335648836,9.033302484617831,479449600,9.288311549595424,44.870069757277776
2010-11-18,9.25013542175293,9.287324357911974,9.13796957965504,9.153264157314352,494491200,9.255535398210798,57.469232745884625
2010-11-19,9.199151039123535,9.249236015620577,9.154464572805043,9.236339975062023,384843200,9.207120895385742,52.635886661245294
2010-11-22,9.397994995117188,9.397994995117188,9.173362116407672,9.197654219304331,393075200,9.193025180271693,54.0145971424833
2010-11-23,9.259135246276855,9.349709480480108,9.194055186786033,9.310720226981502,519447600,9.196024758475167,46.01060364738041
2010-11-24,9.441182136535645,9.459177177892704,9.349710145936536,9.357206878564194,413725200,9.229272161211286,46.638304164728424
2010-11-26,9.447175979614258,9.528152025420018,9.385394635438086,9.409387211628038,237585600,9.28672627040318,47.898076460853645
2010-11-29,9.503256797790527,9.521550541699389,9.338605894989406,9.462168550844506,445785200,9.356861659458705,48.28577034598531
2010-11-30,9.331713676452637,9.427985130860971,9.323315991771192,9.403391911436744,501858000,9.368515695844378,45.454556115798475
2010-12-01,9.48916244506836,9.52965006266867,9.447174841160482,9.455272204511155,461750800,9.409945896693639,48.58320026221781
2010-12-02,9.541651725769045,9.56714349782246,9.443880276831177,9.52305685110886,462837200,9.43046828678676,51.29534760086647
2010-12-03,9.520357131958008,9.556645924715964,9.487367029142677,9.507461088222628,342092800,9.467785699026924,59.41206105588298
2010-12-06,9.601632118225098,9.667012479694398,9.549746832284884,9.556345012053692,448481600,9.490707124982562,62.67651235025312
2010-12-07,9.543451309204102,9.716798724169076,9.540752453606256,9.711101496061335,391454000,9.504460743495397,67.24091636291661
2010-12-08,9.627422332763672,9.627722650416146,9.510457816866223,9.58603455601733,321935600,9.522198677062988,70.54708072191434
2010-12-09,9.589935302734377,9.672110233109768,9.567741424501325,9.661014495264032,294151200,9.559087480817523,63.104515115360506
2010-12-10,9.613927841186523,9.62862338709541,9.555144856703787,9.586635769849796,262511200,9.576911108834404,66.33613161304862
2010-12-13,9.647217750549316,9.74888850760997,9.627124493978812,9.728194615629825,439815600,9.591991969517299,61.28773932491865
2010-12-14,9.605830192565918,9.673310375529782,9.567141266028324,9.649017477628904,351008000,9.604202406747001,67.22312132594004
2010-12-15,9.607933044433594,9.68710882436822,9.572843113986869,9.597135218702968,417312000,9.6051025390625,60.08732102823742
2010-12-16,9.634625434875488,9.6754133987065,9.600136136602408,9.629826756678016,322030800,9.618127414158412,61.06241508524962
2010-12-17,9.615428924560549,9.650818365856132,9.60403206692132,9.646019688955404,386929200,9.616414070129395,56.92120299159143
2010-12-20,9.663413047790527,9.694604444275184,9.544049176170711,9.645118494506775,385610400,9.626910890851702,74.14844602682217
2010-12-21,9.72309684753418,9.728794876172172,9.65861662606012,9.687107570097394,256354000,9.64250646318708,69.85768408781826
2010-12-22,9.751890182495115,9.768685555931604,9.703604685136442,9.727897592719048,265921600,9.657459667750768,68.59426477708062
2010-12-23,9.70509910583496,9.751585072233503,9.692203066195438,9.747086714495492,223157200,9.671640941074916,65.63416019937767
2010-12-27,9.7374906539917,9.760284366904948,9.642719197578206,9.682607794752792,249816000,9.690149171011788,62.53435866753497
2010-12-28,9.761185646057127,9.796874604652274,9.748889436779017,9.774381206840994,175924000,9.708229201180595,71.45340522336609
2010-12-29,9.755785942077637,9.79057554491486,9.750087113464351,9.78367704720901,163139200,9.728280203683036,64.96472257243974
2010-12-30,9.706900596618652,9.762383289853478,9.688606043439432,9.76148393846054,157494400,9.734492710658483,63.282886371955975
2010-12-31,9.673910140991213,9.701501728167436,9.636420883774324,9.685606513751456,193508000,9.727466038295201,56.675327101217036
2011-01-03,9.884143829345703,9.904837713436413,9.74228661322638,9.766279185729225,445138400,9.746359416416713,68.91693710623852
2011-01-04,9.935731887817385,9.97202067508498,9.841559469668423,9.970221171521093,309080800,9.779306956699916,75.91823095469697
2011-01-05,10.017008781433104,10.027205970452176,9.882049188981778,9.883549176025896,255519600,9.819238117762975,78.58263267245357
2011-01-06,10.008909225463867,10.054495043415235,9.984016495423068,10.03859983040974,300428800,9.854627200535365,76.84927627051215
2011-01-07,10.080588340759276,10.08748603734418,9.9540256590582,10.016707165386263,311931200,9.90102754320417,81.03165928446312
2011-01-10,10.270432472229004,10.293825219830584,10.112080148503978,10.16186481658519,448560000,9.981532096862793,84.05050018723627
2011-01-11,10.24614143371582,10.345710780184184,10.18106057679672,10.34331224248071,444108000,10.06327942439488,80.55313535471517
2011-01-12,10.329517364501951,10.32981768230608,10.256939760990264,10.294429033115142,302590400,10.126904215131487,81.71888157591587
2011-01-13,10.367303848266602,10.396095910381616,10.312420981978104,10.351708948801605,296780400,10.188557352338519,86.72643415526899
2011-01-14,10.45127773284912,10.45127773284912,10.330114357289071,10.373601160839025,308840000,10.250595773969378,87.44479286945041
2011-01-18,10.216448783874512,10.339711993708985,9.777079941054495,9.882648430253736,1880998000,10.280244282313756,69.55172312108076
2011-01-19,10.162166595458984,10.454878702819318,10.103384400291644,10.447380369122426,1135612800,10.291898318699428,66.7491834143697
2011-01-20,9.977418899536133,10.145968390948676,9.90064168470737,10.08988506608732,764789200,10.250039236886161,60.02663787965879
2011-01-21,9.798672676086426,10.043399559175825,9.795973020269242,10.01010914307836,754401200,10.18611512865339,54.17334720801751
2011-01-24,10.120475769042969,10.120475769042969,9.79867139204385,9.803170550867186,574683200,10.156252043587822,57.3563008207311
2011-01-25,10.238943099975586,10.240143570154894,10.03410476705178,10.08688941681052,546868000,10.137914793831962,59.06080434088733
2011-01-26,10.312419891357422,10.364904214433,10.241941332210295,10.285727653684862,506875600,10.118077959333148,58.869060946537935
2011-01-27,10.29322624206543,10.33761320350816,10.28183018502745,10.310321128469695,285026000,10.129046167646136,58.47949923034655
2011-01-28,10.079988479614258,10.328915020478648,10.002912540521022,10.322017323363948,592057200,10.117306436811175,49.98350266921047
2011-01-31,10.176563262939451,10.198157313814368,10.02600874579887,10.07099475009336,377246800,10.145755631583077,47.27881546128453
2011-02-01,10.34780979156494,10.366403863030229,10.226346089908091,10.235943443359725,426633200,10.224203790937151,52.7158763374048
2011-02-02,10.32651710510254,10.354408215112358,10.30342387145499,10.330416430759009,258955200,10.25363826751709,49.9171042452324
2011-02-03,10.30012321472168,10.324116598054216,10.153467262914138,10.31092023722132,393797600,10.262378283909388,48.132071289094604
2011-02-04,10.391894340515137,10.397892685214762,10.302221089373464,10.306119613004672,321840400,10.273731776646205,48.35599859330005
2011-02-07,10.553251266479492,10.594337943684907,10.426088705274482,10.433586239033977,485021600,10.310878208705358,59.719620663898745
2011-02-08,10.652817726135254,10.662415079274478,10.56134575699231,10.60723190041839,381040800,10.392710958208356,63.79880884243798
2011-02-09,10.74159049987793,10.766783549192084,10.642920526362476,10.652517077635014,482745200,10.473429134913854,72.71750963937406
2011-02-10,10.633026123046877,10.79677779050508,10.436884183081554,10.71850136535017,928550000,10.514174325125557,75.88397458238403
2011-02-11,10.70230197906494,10.730792915403825,10.603031375406324,10.639320960780177,367572800,10.56785787854876,71.4034022936891
2011-02-14,10.772184371948242,10.781181091313249,10.698106790984763,10.700506129708064,310416400,10.635295186723981,70.34330953888258
2011-02-15,10.793780326843262,10.7958801491765,10.72330173628771,10.772486590756886,284174800,10.692707470485143,69.12095063979845
2011-02-16,10.890649795532228,10.94373316303843,10.811772735722604,10.820769455150591,481157600,10.740907260349818,72.35195722883758
2011-02-17,10.745787620544434,10.80487010879872,10.692403158775129,10.714297515215437,530583200,10.754188673836845,76.2533834829625
2011-02-18,10.51366138458252,10.781781063639992,10.482469983098236,10.758087995628475,816057200,10.721627371651786,62.00853809426428
2011-02-22,10.155269622802734,10.358909116450796,10.128578177609262,10.261437971367007,872555600,10.65337644304548,43.948026160781296
2011-02-23,10.275530815124512,10.336111700878938,10.155265992456908,10.160065469604758,671854400,10.592409133911133,48.49125365665609
2011-02-24,10.283329010009766,10.351409036346691,10.148069910513527,10.3175195824648,499900800,10.522572653634208,49.49750894553922
2011-02-25,10.441680908203123,10.449778273982943,10.34091110910224,10.354706502527536,380018800,10.472272736685616,51.43256214721042
2011-02-28,10.593135833740234,10.648319010748684,10.53045432441921,10.534053331725918,403074000,10.429770742143903,51.15421851938122
2011-03-01,10.476167678833008,10.668410196058757,10.42728237734667,10.66091266661157,456136800,10.3912536076137,44.938902668872196
2011-03-02,10.560444831848145,10.627325180371653,10.448878012311331,10.49566430459378,602590800,10.397936957223076,44.79669741156618
2011-03-03,10.783581733703612,10.790479432431043,10.67441421924526,10.71250332283,500788400,10.487695830208915,54.057550916970584
2011-03-04,10.79677963256836,10.805476836658892,10.72929941950461,10.79887865392391,453266800,10.562159946986608,52.62558366475477
2011-03-07,10.657615661621094,10.84685903679593,10.536151981491294,10.83876087083273,546123200,10.615629468645368,46.93413392486187
2011-03-08,10.669615745544434,10.71880139175844,10.564346754257128,10.64412317035704,356316800,10.648191588265556,46.660195489740175
2011-03-09,10.57094383239746,10.639623699424927,10.514861294027536,10.637523877699556,453306000,10.645021302359444,41.40881352874297
2011-03-10,10.396994590759276,10.489967350309565,10.343910430932322,10.470472325753969,507539200,10.633710861206055,40.77144815209939
2011-03-11,10.556549072265623,10.56644674573245,10.34691284052651,10.356808912298462,471080400,10.633154324122838,51.1800630717484
2011-03-14,10.603631973266602,10.691206211371668,10.536152591977435,10.592235117402298,435957200,10.607447215488978,64.88716404752824
2011-03-15,10.3598051071167,10.432083163579302,10.199952813736372,10.259934663146202,721081200,10.545022283281599,52.58599801239153
2011-03-16,9.897348403930664,10.286932749857971,9.784882166820172,10.256941806685017,1162011200,10.436412675040108,40.73984249518381
2011-03-17,10.036200523376465,10.185255773680195,9.91683587574066,10.101880390577332,659422400,10.345924786158971,40.1801390652521
2011-03-18,9.917139053344728,10.14297159146223,9.89704499318023,10.110880838409283,753214000,10.252524103437151,33.36785682776802
2011-03-21,10.175960540771484,10.189156100603354,10.05479635889598,10.076690721355376,409402000,10.220947810581752,43.09568093487625
2011-03-22,10.232942581176758,10.27553083342104,10.171161225389978,10.273731329805084,325922800,10.174718311854772,42.372166808304975
2011-03-23,10.172663688659668,10.2035539736496,10.075492071436337,10.175362544317036,372996400,10.11315141405378,34.60310440471676
2011-03-24,10.346010208129885,10.376901288890842,10.162765146733612,10.252438415238707,404712000,10.111180714198522,39.48789208067978
2011-03-25,10.543047904968262,10.558642798093956,10.40748773682368,10.438978641537313,448910000,10.203423500061035,47.39846064092463
2011-03-28,10.510061264038086,10.626427579812988,10.510061264038086,10.591337654607948,309355200,10.271117891584124,46.41113326288811
2011-03-29,10.52565860748291,10.52565860748291,10.37870310537591,10.426688281262816,352900800,10.358049256461006,48.9418521164518
2011-03-30,10.455777168273926,10.523258161590284,10.420088210189022,10.51605934541074,329406000,10.398023060389928,51.44374550278831
2011-03-31,10.45217990875244,10.490868043398825,10.378702164361012,10.387698883494457,274019200,10.429342678615026,47.22394289955523
2011-04-01,10.333715438842772,10.544552936905564,10.295926652573304,10.530157704565596,418661600,10.452350071498326,43.08328755232226
2011-04-04,10.232644081115724,10.334913878000132,10.148969156777234,10.326216676749056,460084800,10.436154910496303,46.48422544748095
2011-04-05,10.16366958618164,10.264439444552098,10.076995447217508,10.106686873669952,482731200,10.3819580078125,59.410953530598825
2011-04-06,10.138171195983888,10.313918712775568,10.111179442407035,10.233543286587777,402539200,10.32883085523333,53.91712936301046
2011-04-07,10.139371871948242,10.209849629189067,10.077889230489983,10.139970905655984,373447200,10.273647035871234,59.386903419161456
2011-04-08,10.048797607421877,10.201451884954295,10.015507993703888,10.194554188578405,377535200,10.215507098606654,43.73884788039299
2011-04-11,9.921035766601562,10.067091059399663,9.89764302247606,10.018805584508913,398946800,10.139629364013672,35.64323578317838
2011-04-12,9.969021797180176,10.008909589550363,9.90304080403489,9.91173800372851,425639200,10.087530272347587,40.51927455361104
2011-04-13,10.080890655517578,10.081190172414573,9.97262250488001,10.047600233348714,346220000,10.065851211547852,36.90768627953312
2011-04-14,9.96962070465088,10.076988674611073,9.958824484799509,10.040999406463255,301800800,10.038129942757745,19.061898636480493
2011-04-15,9.82086944580078,10.006214381619465,9.801075699651976,9.996017190742592,453605600,9.992801121303014,16.945161544105005
2011-04-18,9.952528953552246,9.963925812319635,9.60193399668433,9.780080890021976,609898800,9.966109275817871,25.265426336680278
2011-04-19,10.132773399353027,10.136371605731629,9.948327882844032,9.990015982785746,419378400,9.978105817522321,37.2725209347629
2011-04-20,10.269232749938965,10.369402721005894,10.241941478160753,10.302222850579604,700666400,10.027848243713379,43.4744924408693
2011-04-21,10.51785945892334,10.6507200300007,10.452479084226628,10.646820704379389,753810400,10.106253623962402,56.010129715388175
2011-04-25,10.587136268615724,10.609330144450402,10.505859897572892,10.507060367384035,266546000,10.178574425833565,61.81520434526108
2011-04-26,10.509462356567385,10.646520966472812,10.477371604107317,10.605433495359948,338800000,10.255694661821638,61.458803422693016
2011-04-27,10.501365661621094,10.567346679696408,10.409893670171453,10.564047188326562,356213200,10.352908406938825,62.17588220211141
2011-04-28,10.399394035339355,10.489366014242137,10.362504611023414,10.382598667978264,360959200,10.416746275765556,58.1653903861185
2011-04-29,10.50076961517334,10.615334875415536,10.396999781222185,10.400299273530724,1006345200,10.469317163739886,64.09749353170417
2011-05-02,10.385297775268556,10.510960313289424,10.361905028151766,10.48906675215698,442713600,10.485897881644112,64.59271080884699
2011-05-03,10.442880630493164,10.493565451455654,10.365503571026672,10.436582767799033,313348000,10.475186620439802,64.80504056155084
2011-05-04,10.48397159576416,10.551751319343284,10.403295024917142,10.444682820918432,389250400,10.460448810032435,63.17644220067821
2011-05-05,10.399394035339355,10.525356087158755,10.378399826137992,10.448878383481723,335969200,10.444724764142718,64.29852360168582
2011-05-06,10.39669704437256,10.496867037124908,10.3832011639931,10.487569999661988,280134400,10.429772104535784,71.21998604075466
2011-05-09,10.424885749816896,10.47287171261656,10.392795002051654,10.432682798062318,204747200,10.433413778032577,68.84401042142245
2011-05-10,10.48037052154541,10.48756853696986,10.3966955943544,10.463575152221694,282091600,10.430499621800015,65.39983234690675
2011-05-11,10.413790702819824,10.496866604401212,10.354109154513566,10.467475506044469,336000000,10.434570040021624,56.827177553458114
2011-05-12,10.393991470336914,10.41048731568426,10.265031086984994,10.380496398487798,322000000,10.427585874285016,42.536880343009855
2011-05-13,10.21195125579834,10.384399316170343,10.207452896264645,10.366705394942384,326116000,10.38872582571847,30.099046963841076
2011-05-16,9.996015548706056,10.233545268557746,9.975021335643552,10.172963569700636,449775200,10.331100327627999,26.248943442638705
2011-05-17,10.08118724822998,10.08118724822998,9.918935628632717,9.95702471688378,452334400,10.28602749960763,31.857073323796158
2011-05-18,10.193059921264648,10.228449376028433,10.076994682522722,10.09109040085939,334776400,10.252909524100167,41.16621032680894
2011-05-19,10.212849617004396,10.269232463553177,10.157065804164189,10.25933559380643,261170000,10.21469225202288,36.747464992757095
2011-05-20,10.053598403930664,10.225447421846578,10.047600057622503,10.18375931542852,337968400,10.163236209324428,35.32384324818797
2011-05-23,10.029006958007812,10.07639310137668,9.879652112753115,9.896147167594568,383600000,10.111095564705986,31.137328945149378
2011-05-24,9.962722778320312,10.073990070274254,9.937230213794823,10.061993380886475,321927200,10.075491496494838,26.776905434240334
2011-05-25,10.100383758544922,10.153768239074417,9.982519058245968,9.999913461442796,294224000,10.090401240757533,37.279918470742174
2011-05-26,10.047000885009766,10.103684060085897,10.029905997328743,10.076092466097595,222560800,10.085517474583217,35.73871587264661
2011-05-27,10.119277954101562,10.125876134818984,10.026305991988808,10.041001539526702,203599200,10.074977193559919,37.969348687772055
2011-05-31,10.431785583496094,10.431785583496094,10.226946448879234,10.229946423068862,417754400,10.106253760201591,48.40928804672625
2011-06-01,10.362205505371094,10.560745959100826,10.336414218458485,10.462976119630175,554682800,10.150340488978795,48.314368643161956
2011-06-02,10.37989902496338,10.43628267175551,10.32591551721586,10.39189571595047,338783200,10.200467927115303,49.53887153498335
2011-06-03,10.30012321472168,10.356806381573934,10.257236243285632,10.292326165985846,313250000,10.248667989458356,53.09207221512835
2011-06-06,10.138171195983888,10.408390651141728,10.131273499165784,10.367903020776453,461941200,10.25406619480678,55.18138911463701
2011-06-07,9.958226203918455,10.14357109882834,9.954027361542972,10.142071912689316,529785200,10.241384097508021,45.807853276490334
2011-06-08,9.964224815368652,10.04100204772635,9.916539963524755,9.950429419472192,333723600,10.219233649117607,41.59121158238762
2011-06-09,9.941729545593262,10.00710990219924,9.919535669839988,9.994513378123058,275088800,10.149225643702916,40.05717587281691
2011-06-10,9.77408218383789,9.946830558774606,9.76238500774103,9.913540136128404,433955200,10.065208026341029,39.812003103387916
2011-06-13,9.795074462890623,9.84635911825541,9.749188318750644,9.813068699459402,329473200,9.981661660330635,41.4510397628975
2011-06-14,9.970223426818848,9.99451633000284,9.876351305119927,9.897045200362047,334569200,9.93453311920166,50.25390510244336
2011-06-15,9.799571990966797,9.906039808318535,9.743487867448929,9.889544760524023,399196000,9.886161804199219,40.039661487937394
2011-06-16,9.751890182495115,9.857458698696298,9.54705181555518,9.80407500625386,510591200,9.85668522971017,40.191400906035284
2011-06-17,9.604928016662598,9.874548374024116,9.577936269502889,9.866750526822178,615020000,9.805357115609306,33.71312438282703
2011-06-20,9.456774711608888,9.528153417024848,9.312217797236368,9.51795623029481,640645600,9.736077853611537,15.539467856548384
2011-06-21,9.756088256835938,9.771083323946195,9.453178931717597,9.497565900024908,493382400,9.73350729261126,31.570385491999645
2011-06-22,9.675410270690918,9.864054642527426,9.668511772588555,9.751887177619746,390583200,9.7164124080113,29.369491949546813
2011-06-23,9.933932304382324,9.947727697414027,9.54074998857722,9.565341602058266,559759200,9.71122796194894,40.292593197466026
2011-06-24,9.787577629089355,9.991516595931971,9.749788848667938,9.938132916151714,439807200,9.709514481680733,40.62856886481544
2011-06-27,9.958226203918455,10.01401002320259,9.814569415027233,9.824766603653403,339813600,9.738991056169782,50.0
2011-06-28,10.054795265197754,10.097982549148115,10.00021192638408,10.006509788326811,294299600,9.803257805960518,52.320155572819715
2011-06-29,10.018206596374512,10.08808531224874,9.953425272387824,10.078188443600467,352545200,9.883462360927037,51.94507831540384
2011-06-30,10.067092895507812,10.080889892060297,9.98221910315628,10.038002118878548,322954800,9.927891595023018,57.931423662202796
2011-07-01,10.294722557067873,10.301919769159918,10.02300317454747,10.075487484290926,435313200,10.016364778791155,62.164060972727476
2011-07-05,10.479772567749023,10.491769262276174,10.27193504057446,10.286930107885969,355054000,10.094341959272112,62.34558801442744
2011-07-06,10.549647331237791,10.619827166897789,10.3981927237845,10.46537258609706,444626000,10.203209059579033,69.10618322342674
2011-07-07,10.71280002593994,10.736792607142425,10.616828099435612,10.63692295732582,399663600,10.311005319867816,73.1167604181628
2011-07-08,10.788077354431152,10.796775355923891,10.562844683975092,10.597034452847954,489633200,10.415759904044014,79.47999596991892
2011-07-11,10.616827011108398,10.789876458437291,10.581437577060075,10.687006845562406,442674400,10.501277106148857,78.57559334615988
2011-07-12,10.609333038330078,10.72719774323146,10.455478254690677,10.602734056380784,451609200,10.578739983694893,74.54708077260756
2011-07-13,10.737397193908691,10.796779234639878,10.688210742606206,10.746693431603166,391638800,10.641979217529297,79.74149719457633
2011-07-14,10.729896545410156,10.84506239425774,10.687009569731384,10.827067354978125,430533600,10.67771121433803,75.93831209797168
2011-07-15,10.944330215454102,10.946729553584236,10.771882192009969,10.83186404356904,484467200,10.734094483511788,86.09392956681083
2011-07-18,11.210655212402344,11.236146988019998,10.955131214695763,10.959629574899475,572653200,10.805216653006417,86.87744407309293
2011-07-19,11.30212688446045,11.356110404920212,11.196258063686969,11.336616177899211,819145600,10.87865230015346,86.8379338432368
2011-07-20,11.603532791137695,11.88454925457034,11.576541038857028,11.88005089613928,941340400,11.019610268729073,90.48710640799759
2011-07-21,11.615233421325684,11.698307723266202,11.51356344307137,11.605036231553782,526534400,11.163310323442731,90.30292557773942
2011-07-22,11.795475006103516,11.847959321131514,11.629024543939757,11.646119425967765,516728800,11.314464296613421,90.05761524703993
2011-07-25,11.951428413391112,11.99641439577066,11.685107521604396,11.70700027791632,589806000,11.488968849182129,89.90074607222218
2011-07-26,12.098687171936035,12.13137775738902,11.986820821397076,11.99641737420166,476582400,11.653876985822405,90.30746400512193
2011-07-27,11.774185180664062,12.075595295419008,11.760988817911697,12.014113442957424,659324400,11.73438126700265,75.47879931705081
2011-07-28,11.751090049743652,11.906143683246505,11.64042337385136,11.74509250485334,594034000,11.798518862043109,73.71138474832577
2011-07-29,11.71090316772461,11.850961752484,11.516561550440626,11.625729051821374,632584400,11.81385748726981,78.79703400254027
2011-08-01,11.898947715759276,11.981422175325278,11.767586332887255,11.92983799827287,612836000,11.854388100760321,80.99761098205553
2011-08-02,11.663818359375,11.93343804565642,11.647023788934662,11.925940512469522,639539600,11.835580008370533,71.177769144673
2011-08-03,11.773581504821776,11.80297259324302,11.463774606601891,11.725895064493631,732508000,11.810173307146345,72.79274153204426
2011-08-04,11.317721366882324,11.736096037510338,11.317121532213909,11.678813828795024,871407600,11.698606763567243,57.376536476202226
2011-08-05,11.205249786376951,11.501562385468194,10.873849676497883,11.409789320425151,1204590800,11.617330278669085,49.886301359970496
2011-08-08,10.593135833740234,11.02980497594049,10.587437005081016,10.84745927663664,1143833600,11.451908247811454,37.76642783069334
2011-08-09,11.21695327758789,11.234948320419694,10.646822750336163,10.83576669583271,1082583600,11.381343977791923,43.99747079868267
2011-08-10,10.90744400024414,11.236145388145472,10.87175503895257,11.131176724326949,878656800,11.239700589861188,39.94030635688501
2011-08-11,11.20765495300293,11.260139287301268,10.938334782126992,11.112282838634416,741969200,11.174534388950892,41.920924482361585
2011-08-12,11.306324005126951,11.3857992865608,11.223548432126398,11.338713471791374,528976000,11.107783317565918,40.99175270637209
2011-08-15,11.498865127563477,11.545651421474249,11.339312341136624,11.385498800499215,460544000,11.133660997663226,41.72867931406422
2011-08-16,11.410993576049805,11.497668489842846,11.278433309341317,11.442184980778771,498750000,11.16305296761649,44.642060236549916
2011-08-17,11.409794807434082,11.532157885206924,11.336616574316048,11.46587815169577,442061200,11.27971853528704,44.93234421667522
2011-08-18,10.978219032287598,11.176161213222214,10.837860963156071,11.121876591581406,851435200,11.245613643101283,40.25368888884376
2011-08-19,10.677712440490724,11.006714956603542,10.676813088890755,10.86185768376134,775888400,11.212794848850795,34.22681514590738
2011-08-22,10.690008163452148,10.943133582809557,10.649520525505627,10.932036241267008,535315200,11.138845307486397,36.654302690014426
2011-08-23,11.2046537399292,11.205853409095264,10.706802247873634,10.805772551532266,656835200,11.124320983886719,42.981897237293495
2011-08-24,11.28203296661377,11.365407587129006,11.114682289190256,11.200756566271334,626267600,11.093344960893903,49.514417978913734
2011-08-25,11.208253860473633,11.260138355787518,10.94673156223145,10.949130900801848,871346000,11.064382144383021,50.04130885331347
2011-08-26,11.503965377807615,11.510562757710783,11.12067906814067,11.13177560807006,641477200,11.077835083007812,63.718503750391406
2011-08-29,11.695609092712402,11.741496047145583,11.636527376485777,11.641925087974476,405269200,11.180319377354213,58.28830343321545
2011-08-30,11.696207046508787,11.751690546436256,11.582840708223651,11.64402223649921,417922400,11.325818606785365,65.29424687283414
2011-08-31,11.541455268859863,11.75889013773154,11.452381819818653,11.713603820062849,522586400,11.447453907557897,56.85937819069902
2011-09-01,11.427486419677734,11.616729814996038,11.418189384603211,11.571143991022224,343725200,11.479287147521973,52.474250254342564
2011-09-02,11.218149185180664,11.336613707797598,11.151569150725106,11.238842276226736,438939200,11.47016089303153,44.306572957382066
2011-09-06,11.388800621032717,11.4064945425533,10.991118242697995,11.017810485129475,509698000,11.495953287397112,49.564509844798536
2011-09-07,11.514461517333984,11.564546503844072,11.456577880382016,11.563346834675666,350576800,11.497452735900879,51.958213269338856
2011-09-08,11.520759582519531,11.654819811479635,11.46587591837125,11.468574773623974,416158400,11.472474234444755,62.071330327887324
2011-09-09,11.32102108001709,11.576544246994816,11.247242215202318,11.51446335971461,564813200,11.418876239231654,64.98534250726209
2011-09-12,11.394797325134276,11.42298794890818,11.153668627275362,11.186659529419218,467832400,11.397925104413714,65.96033246472325
2011-09-13,11.535154342651367,11.58283918556485,11.40409250024902,11.460775661940124,440560400,11.41330623626709,59.01208858478316
2011-09-14,11.675514221191406,11.762788162456644,11.569345888483287,11.60713467136905,534724400,11.478644098554339,60.37315658024613
2011-09-15,11.7852783203125,11.806272527723063,11.693506044744836,11.739392182528666,417818800,11.535283769880023,64.9285762222082
2011-09-16,12.01141357421875,12.01141357421875,11.847363199379998,11.862658582785317,698513200,11.60627692086356,63.618815074173106
2011-09-19,12.34521198272705,12.393197947012474,11.8524603014031,11.906443009635671,823860800,11.72405583517892,66.19799296109582
2011-09-20,12.399794578552246,12.682010699387227,12.332014882962136,12.453778080889792,775754000,11.878166334969658,67.08416562191589
2011-09-21,12.36051082611084,12.643925911501595,12.356311983257603,12.585443230174008,605976000,12.016125406537737,71.069362601993
2011-09-22,12.050997734069824,12.290926710806309,11.897444117941076,12.02730547438581,968480800,12.089817319597516,64.57308464393964
2011-09-23,12.125377655029297,12.19855586433047,11.991917278105038,12.004813319783125,546277200,12.1540835244315,72.63206227458295
2011-09-26,12.0914888381958,12.115781738563518,11.735495419445948,11.992218216092514,812876400,12.197827884129115,68.81323873205415
2011-09-27,11.974225044250488,12.273834839274134,11.938235766650578,12.258239939460983,632497600,12.192515236990792,62.36495543099614
2011-09-28,11.906744003295898,12.108583126511023,11.891747338502038,12.002114494607794,429637600,12.129876954214913,60.049989968236055
2011-09-29,11.713601112365724,12.062696811578846,11.582839583162729,12.05399961103778,651086800,12.031849316188268,60.25695075666975
2011-09-30,11.43618392944336,11.663216907441482,11.43198508749196,11.610131948908112,547640800,11.899802616664342,50.97731261887897
2011-10-03,11.23464584350586,11.475774583214832,11.19175966539367,11.407695348183944,669099200,11.783180918012347,43.103012028678314
2011-10-04,11.171663284301758,11.450579969779923,10.624027902511743,11.23374496485565,1233677200,11.646936007908412,38.010237659299634
2011-10-05,11.34411334991455,11.391198366185474,10.80577338252799,11.032506067267224,786469600,11.54016808101109,39.80605288128661
2011-10-06,11.317721366882324,11.539954906022531,11.150671015541649,11.196557166404418,812582400,11.446381841387067,32.34083814553176
2011-10-07,11.090685844421388,11.328814530868213,11.051397886622365,11.2700323525803,535458000,11.329802104404994,16.228086840345995
2011-10-10,11.66081714630127,11.66081714630127,11.342912024444496,11.369304746137336,442514800,11.322261537824359,34.42881222555086
2011-10-11,12.005111694335938,12.091786572431625,11.741491256681492,11.773581198982484,605687600,11.403536932809013,43.36424627839171
2011-10-12,12.062100410461426,12.27383646069927,12.000618552929712,12.216554247055177,622286000,11.521744728088379,50.228884689458404
2011-10-13,12.249244689941406,12.249244689941406,12.081894008478068,12.145774403265785,426185200,11.675684928894043,52.44010394357349
2011-10-14,12.656221389770508,12.656221389770508,12.454380643735748,12.50116774414618,573367200,11.86312893458775,59.699179894223235
2011-10-17,12.595941543579102,12.797181691401928,12.47447701252942,12.648425881331272,686044800,12.045731816973005,60.89104792236836
2011-10-18,12.663416862487791,12.74049439936774,12.475972973979196,12.649020833572482,881602400,12.270407676696777,63.255200563200134
2011-10-19,11.955029487609863,12.248941213429818,11.930436270729787,12.03690490266576,1104059600,12.312438011169434,53.58256183540558
2011-10-20,11.855761528015137,12.006916677349148,11.822772219393322,11.99641996994483,549270400,12.291102273123604,56.5736812489485
2011-10-21,11.782578468322754,11.97062297632631,11.718997614347284,11.939432383826023,621244400,12.251170567103795,58.94440990143465
2011-10-24,12.169466972351074,12.1913597357516,11.858460315135414,11.881853065580945,502138000,12.239773750305176,64.73035974091471
2011-10-25,11.929537773132324,12.192859574709644,11.917842198898937,12.147272942821996,430427200,12.13596180507115,58.47366802367862
2011-10-26,12.014413833618164,12.0728965130818,11.79097982213846,12.049202643027147,456304800,12.052886417933873,59.91631869589216
2011-10-27,12.137072563171388,12.266334892260229,12.05309813801468,12.2231468094441,494664800,11.977694375174385,65.34974868860331
2011-10-28,12.144872665405272,12.186860286199597,12.07169444652446,12.086389993675386,322842800,12.00481482914516,58.50368833988683
2011-10-31,12.139774322509766,12.276233888201684,12.027907174058289,12.068995442878723,385501200,12.045388085501534,52.685781585950956
2011-11-01,11.891751289367676,11.981424583443331,11.7930812747822,11.91874385343955,531790000,12.060984202793666,46.84303471912439
2011-11-02,11.918740272521973,12.00961320880968,11.849760097021578,11.999116504136918,327350800,12.02516610281808,43.48845275525897
2011-11-03,12.08849048614502,12.098387357086226,11.857259442491728,11.968525963052294,441386400,12.047873633248466,37.66127872238023
2011-11-04,12.003615379333496,12.0995865132294,11.971225111633036,12.057299375007435,302229200,12.046330996922084,37.26290947525395
2011-11-07,11.988320350646973,11.996418518987142,11.880353315149712,11.993719663438648,270275600,12.025080680847168,35.14980054006067
2011-11-08,12.183260917663574,12.236345877313994,12.04320314772146,12.062697371053844,400442000,12.030564716884069,56.48541392961051
2011-11-09,11.854859352111816,12.02310935083066,11.823369237400868,11.905544173706929,558684000,11.98986257825579,49.97731754289046
2011-11-10,11.553150177001951,11.912742617839916,11.461077566219018,11.907344106334312,744752400,11.941490990774971,44.82625135541186
2011-11-11,11.535154342651367,11.65751738311686,11.404392817936952,11.594835876138788,653786000,11.886693000793457,32.84103673288692
2011-11-14,11.37440013885498,11.554046948692822,11.342609714582071,11.502161670382838,432905200,11.784680094037737,34.31076175701007
2011-11-15,11.661417961120604,11.681511218720434,11.380101943708713,11.420589577475823,430810800,11.735794748578753,41.046661767615596
2011-11-16,11.539655685424805,11.730698627560312,11.52615900461521,11.674015451210565,349210400,11.671699796404157,34.84030749319851
2011-11-17,11.31891918182373,11.533954669713369,11.261636181645825,11.51595963260905,479900400,11.548222405569893,31.08516746913064
2011-11-18,11.24484157562256,11.396296211033825,11.243042071790194,11.364206260627572,371938000,11.461077008928571,30.133160466216168
2011-11-21,11.06699562072754,11.147071537714728,10.974022859415856,11.108682123312166,447980400,11.391626358032227,31.102230578314106
2011-11-22,11.291930198669434,11.334517662755712,11.1248798336936,11.127279172563105,409021200,11.356880051749092,36.83225468323264
2011-11-23,11.006409645080566,11.27183036527767,11.003110155400512,11.23194177741744,428271200,11.304309981209892,28.32254406202877
2011-11-25,10.903843879699709,11.13117558857662,10.896345546729645,11.049300167287765,254760800,11.196085112435478,28.123207277429188
2011-11-28,11.280230522155762,11.298225559690296,11.10658281460734,11.167164505945786,346413200,11.159024374825615,37.68389085581732
2011-11-29,11.19266128540039,11.361511180631831,11.102688466426828,11.271837878639552,375855200,11.140987532479423,32.101550090791505
2011-11-30,11.462573051452637,11.464972389124908,11.34560774247048,11.435281786701085,405938400,11.172092029026576,42.75900674912069
2011-12-01,11.63442325592041,11.666513199457356,11.419087481826784,11.472771466729595,387181200,11.253153119768415,51.57571380550946
2011-12-02,11.687509536743164,11.805374231051378,11.65391960045392,11.691408061165738,379055600,11.309664453778948,52.91419402713904
2011-12-05,11.786776542663574,11.888746797199722,11.708200632462608,11.801172569425496,357210000,11.42114543914795,58.07779044761044
2011-12-06,11.724997520446776,11.835365479139227,11.6779125090302,11.771783815850522,283598000,11.538453102111816,51.36595496372643
2011-12-07,11.669217109680176,11.72470061825958,11.599337568274697,11.69440936627841,304746400,11.594022614615303,52.86474071518673
2011-12-08,11.716300010681152,11.861456768755891,11.703403968247454,11.739993075041893,376356400,11.66882814679827,59.517383653682785
2011-12-09,11.805075645446776,11.817672173721204,11.727399056539564,11.781983211548049,296993200,11.717757088797432,63.323958484540526
2011-12-12,11.751688957214355,11.813470311742554,11.680010733423607,11.746890281002898,301067200,11.734509331839424,67.30862233151319
2011-12-13,11.66081714630127,11.858459037893027,11.60953249064627,11.786479688668884,338928800,11.73069613320487,60.00325850832734
2011-12-14,11.40229606628418,11.617932232742868,11.327018814785191,11.597537853276789,406887600,11.675770350864955,60.89495031465726
2011-12-15,11.364809036254885,11.50876617670856,11.34591464154915,11.496469964428991,256200000,11.624314853123256,63.157232848209134
2011-12-16,11.427186965942385,11.521059077725283,11.383700159176042,11.40739322520028,421478400,11.589739118303571,55.11065033062777
2011-12-19,11.46287727355957,11.542053842019524,11.410991979147097,11.470675123650548,235530400,11.553535870143346,59.74897948510452
2011-12-20,11.874954223632812,11.879453383790509,11.614332082728769,11.629327147661602,337215200,11.563518524169922,63.4938546140169
2011-12-21,11.889947891235352,11.915440457924948,11.756787030268,11.897145104631914,262948000,11.583269800458636,59.31771345189091
2011-12-22,11.95292854309082,11.97032374363977,11.87945081875188,11.906441769633572,202358800,11.625,59.609172479798524
2011-12-23,12.09628963470459,12.104087485707849,11.98112377627556,11.98712212320114,269399200,11.724141938345772,60.858849808015876
2011-12-27,12.192258834838867,12.269036061523751,12.086989865233695,12.089390004467807,265076000,11.8423490524292,66.00916846648755
2011-12-28,12.075593948364258,12.243843150027969,12.036605499974309,12.20305599867434,228662000,11.93497862134661,63.365550311871374
2011-12-29,12.149972915649414,12.165868935528056,12.011715422786873,12.09838873345268,215978000,12.03313514164516,64.01172360540312
2011-12-30,12.146371841430664,12.184760452092906,12.10108553381142,12.101684567519056,179662000,12.071909087044853,61.66935242471464
2012-01-03,12.333218574523926,12.371307676590316,12.2663390092779,12.278335702975562,302220800,12.13523347037179,68.22038557615312
2012-01-04,12.39950180053711,12.436691561483752,12.274739354300069,12.296332608195677,260022000,12.199029650006976,73.50653118526405
2012-01-05,12.537158966064451,12.552753868770171,12.376406455906098,12.44478681679183,271269600,12.262010983058385,89.12325045271578
2012-01-06,12.668216705322266,12.678713410282658,12.572845407517791,12.589340458411913,318292800,12.330004964556013,92.21044907216952
2012-01-09,12.64812183380127,12.828668030563978,12.636724977259822,12.76118864526552,394024400,12.411794662475586,90.65293366382974
2012-01-10,12.693408012390137,12.776183578418514,12.641223207499063,12.773483922525696,258196400,12.48942824772426,90.71228393671083
2012-01-11,12.672717094421388,12.681714614763308,12.575546277270773,12.676615619479197,215084800,12.564620426722936,85.61866358956468
2012-01-12,12.637927055358888,12.683213371608757,12.55875048072566,12.664619297712427,212587200,12.608150209699359,82.81581191324364
2012-01-13,12.590540885925291,12.609735595290228,12.556051593806204,12.587242996524225,226021600,12.635441507611956,78.36181597748639
2012-01-17,12.73719310760498,12.775882029419638,12.685008311014489,12.72219724627235,242897200,12.664017813546318,78.42498490003561
2012-01-18,12.86945915222168,12.880255376022763,12.78518437861174,12.804978122953225,276791200,12.692766734531947,79.09795423961334
2012-01-19,12.828670501708984,12.937237373654217,12.791481552994194,12.900649060457138,261738400,12.718559401375908,84.6152969437673
2012-01-20,12.605237007141112,12.821172692216068,12.588741953455417,12.82087317529232,413974400,12.70596354348319,68.40440584001249
2012-01-23,12.81847095489502,12.849662352017251,12.665216828616495,12.676313367553684,306062400,12.72678552355085,73.2324321188133
2012-01-24,12.60853385925293,12.749192262796376,12.582741773618809,12.749192262796376,547638000,12.722586495535714,59.36728354001409
2012-01-25,13.395798683166504,13.62942824105721,13.307924921069224,13.629128724196809,958314000,12.83762332371303,72.7409034688218
2012-01-26,13.334918975830078,13.459680575769232,13.290232496759266,13.446785332377804,323985200,12.923012733459473,68.87062135677027
2012-01-27,13.414398193359377,13.450387479038309,13.309129993235812,13.32622408306462,299709200,13.000861167907715,68.09202554990941
2012-01-30,13.586243629455566,13.612935870993873,13.357712233420338,13.3673087869863,379341200,13.10908590044294,71.18676119265392
2012-01-31,13.69031047821045,13.743094319387902,13.58804068476419,13.66361823990906,391683600,13.26409639630999,71.93197639726839
2012-02-01,13.681614875793455,13.765590124843149,13.66242176874655,13.748195720893431,270046000,13.387402670724052,72.31364552151899
2012-02-02,13.649520874023438,13.711001905103544,13.615331110067832,13.672913617515034,186796400,13.536115101405553,72.39998665376518
2012-02-03,13.78628635406494,13.79588371006074,13.66272359900888,13.714908421388571,286599600,13.591899054391044,75.46954412678805
2012-02-06,13.914941787719728,13.945233030149272,13.741894736530648,13.747292446290988,249412800,13.674759456089564,75.28002394210333
2012-02-07,14.06070327758789,14.088295673194796,13.933240408696175,13.953335271137936,316223600,13.767088753836495,75.42241453000148
2012-02-08,14.296128273010254,14.299426161384746,14.086790043399107,14.11078342263655,407890000,13.86850084577288,78.91499589785177
2012-02-09,14.790684700012209,14.898052702295477,14.412497353365447,14.418495700003731,884214800,14.025697163173131,88.90551540969491
2012-02-10,14.79818058013916,14.924142642085588,14.652123658775112,14.724403327270164,631302000,14.185206549508232,88.02859422824821
2012-02-13,15.073500633239746,15.110389263538655,14.908248987465374,14.981427214250866,517216000,14.388632229396276,96.18974231223827
2012-02-14,15.279240608215332,15.282238981116262,15.055507852517549,15.13528347168238,460398400,14.601911408560616,95.127934673523
2012-02-15,14.925637245178224,15.783978574706792,14.902242904748189,15.423187423953124,1506120000,14.74629647391183,83.42541414321167
2012-02-16,15.061800956726074,15.14217718608537,14.594540245420076,14.740597157839764,944552000,14.889310428074428,83.81106654103363
2012-02-17,15.059102058410645,15.228551717340803,15.004517914445197,15.088792667779686,535805200,14.998306683131627,82.48414288274363
2012-02-21,15.440890312194824,15.440890312194824,15.119085837845605,15.201861415748535,605595200,15.091193199157715,84.3957265424914
2012-02-22,15.386600494384766,15.460078210270346,15.26753536161558,15.387800163250123,483302400,15.175253186907087,82.91023408918468
2012-02-23,15.48707675933838,15.530264857455355,15.280438912050611,15.44778878801694,568027600,15.234335490635463,84.55689264752465
2012-02-24,15.667620658874512,15.682316206309933,15.55455543936348,15.585445720326916,415072000,15.289818355015345,84.80705738874646
2012-02-27,15.76809024810791,15.850265178806602,15.483775078565102,15.6346290630291,547582000,15.410168784005302,84.64693298471855
2012-02-28,16.05750274658203,16.05750274658203,15.77078825427516,15.83406959453868,600387200,15.552411896841866,85.42957896624898
2012-02-29,16.26834487915039,16.42340015975965,16.06620617452438,16.24195375187035,952011200,15.725160871233259,85.30135437830077
2012-03-01,16.329214096069336,16.44138230537907,16.15826533081355,16.440181035127576,683270000,15.852064268929619,82.59991860452432
2012-03-02,16.350513458251953,16.399097646699424,16.270736276364516,16.322322039636454,431712400,15.989766120910645,82.70111093119496
2012-03-05,15.990030288696287,16.41950077689176,15.775292642056058,16.35772019744232,809124400,16.06161662510463,68.63865160293592
2012-03-06,15.903056144714355,16.00592501303956,15.481981712630008,15.70511545985075,810238800,16.095250265938894,63.32987987339308
2012-03-07,15.915939331054688,16.12857538600366,15.694304960712149,16.099184305997984,798520800,16.11637156350272,74.76753166401674
2012-03-08,16.254844665527344,16.284834790355987,15.958832331099297,16.035909066145432,516457200,16.144563266209193,77.09079270318252
2012-03-09,16.3502140045166,16.42729073037582,16.28843185609036,16.321421950486318,418919200,16.156258855547225,78.13362792172626
2012-03-12,16.555063247680664,16.555063247680664,16.4051061424217,16.464488989527958,407282400,16.188523020063126,76.30661079424553
2012-03-13,17.037906646728516,17.04030598440276,16.66751650131374,16.72120208219847,690855200,16.286722046988352,82.42660977577488
2012-03-14,17.6821231842041,17.83627670214628,17.25684917942025,17.33632687895278,1418844000,16.528449603489467,85.51899826515503
2012-03-15,17.561555862426758,17.994926361908426,17.351319035019934,17.982929669588074,1159718000,16.765378134591238,81.25321630671834
2012-03-16,17.561859130859375,17.670726333957187,17.33482688570564,17.536366554656567,825487600,17.00050953456334,80.61229040241369
2012-03-19,18.02762031555176,18.04771357767077,17.66622830079092,17.94574487728953,901236000,17.253763198852543,81.71300304692711
2012-03-20,18.173376083374023,18.20156591046256,17.739105390296256,17.979933005147277,816662000,17.5142149244036,81.32161776013828
2012-03-21,18.06960678100586,18.284043287310563,18.03691779110309,18.07680479759771,644042000,17.7305782863072,78.21666107982341
2012-03-22,17.97482681274414,18.129580886126984,17.860560360501772,17.92803972906923,623870800,17.864424024309432,75.72182631708347
2012-03-23,17.876155853271484,18.04860383841682,17.826669915751282,18.009315886532008,430488800,17.89214297703334,82.56827041261958
2012-03-26,18.20396614074707,18.20906593698832,17.852472615326754,17.98832996990557,595742000,17.983915873936244,86.67975333574756
2012-03-27,18.42889213562012,18.482875633662545,18.17636744167081,18.17996644831991,607129600,18.107777731759207,87.5232471307416
2012-03-28,18.523073196411133,18.637938747635737,18.30383800077605,18.54586531513004,655460400,18.17855671473912,86.53949794965486
2012-03-29,18.29033851623535,18.49127911290365,18.2114630654129,18.37791277045747,608238400,18.19526563371931,79.92939470583875
2012-03-30,17.981130599975586,18.31133114046444,17.932844314794306,18.25764714469633,731038000,18.182626179286412,71.31304090033181
2012-04-02,18.55335235595703,18.557550395607027,18.006015117744614,18.049502708182235,598351600,18.26527268545968,72.05949313668873
2012-04-03,18.873964309692383,18.960640014679853,18.66972582044222,18.813381811947835,834559600,18.40781675066267,69.1534178754771
2012-04-04,18.723705291748047,18.77019126499858,18.50447018302004,18.72490496076795,572980800,18.482065200805664,68.4997130772991
2012-04-05,19.00472450256348,19.034115595717207,18.69641593961699,18.803783925364517,641298000,18.564326967511857,71.08398677563227
2012-04-09,19.08119773864746,19.189465860397927,18.75339660353105,18.77828853323287,597536800,18.644059044974192,67.37188510700925
2012-04-10,18.84757232666016,19.31423244303904,18.774394105674283,19.192168902435107,889725200,18.723663875034877,60.803420193150025
2012-04-11,18.780391693115234,19.100395837712583,18.69461614789237,19.080302580288706,696614800,18.837844031197683,61.52486349140373
2012-04-12,18.677520751953125,18.934245143473728,18.609440729358194,18.744401105405046,614336800,18.85558237348284,61.36385788931455
2012-04-13,18.151477813720703,18.735404354927624,18.099893642355937,18.71770883467556,859644800,18.752370016915457,53.91175118803982
2012-04-16,17.39870262145996,18.30293114941632,17.342319777504,18.296333770453344,1050786800,18.56308392116002,39.79162032245897
2012-04-17,18.28553771972656,18.294534437279957,17.152177146912642,17.363014590107024,1025528000,18.460342952183314,48.44384280698375
2012-04-18,18.244749069213867,18.601942912260714,18.07589845742965,18.406100548344188,954531200,18.340850285121373,46.94327114103744
2012-04-19,17.61794090270996,18.136486380372663,17.530366639589616,18.001226460627493,834719200,18.16518865312849,43.20360161110095
2012-04-20,17.184267044067383,17.83327362087217,17.107489822302483,17.73610202412589,1030985200,17.937170846121653,42.143223048922756
2012-04-23,17.145877838134766,17.294934725537395,16.693613787627246,17.11318885643439,966529200,17.718364715576172,34.49013821630345
2012-04-24,16.803380966186523,17.025614465278785,16.64502784565048,16.873259690345957,1076149200,17.525779451642716,27.292442876661752
2012-04-25,18.294530868530277,18.534459840659576,18.174567183312675,18.46368097807625,905777600,17.653754915509904,46.36300833363777
2012-04-26,18.22555351257324,18.435191259584176,18.05850321298007,18.422593934602396,536068400,17.645185743059432,43.150852593189654
2012-04-27,18.084590911865234,18.179963773185523,18.009614020249415,18.14667416785038,406722400,17.62230600629534,41.337735621966395
2012-04-30,17.514171600341797,17.946643595388487,17.484780501863202,17.928648554984836,506144800,17.607481820242747,39.05140788777991
2012-05-01,17.45868492126465,17.89745307847841,17.43169316764938,17.54176000343668,610999200,17.646684374128068,39.12654603723953
2012-05-02,17.57415008544922,17.6167375386968,17.360613785493804,17.402001569611954,427389200,17.70786612374442,40.94153062144855
2012-05-03,17.449386596679688,17.73670172909128,17.403800774336496,17.70970997623202,390549600,17.8001526423863,43.82938776331274
2012-05-04,16.95244026184082,17.345622699422115,16.95004092303181,17.307234880172768,529992400,17.608425412859237,45.893162186128905
2012-05-07,17.079301834106445,17.177972636670678,16.831875234559057,16.839973403148186,460118400,17.444675173078263,37.094082397554104
2012-05-08,17.04030990600586,17.13987923901349,16.756894885211185,17.082296723273807,497252000,17.29549217224121,37.10834961445888
2012-05-09,17.070301055908203,17.214259756432735,16.820476755300568,16.90595118262499,480704000,17.23208209446498,43.27979249629376
2012-05-10,17.110483169555664,17.271235580577972,17.04810359720228,17.23224714658665,333200000,17.182338987077987,48.99779683183174
2012-05-11,16.996217727661133,17.228948654684945,16.925438874745623,16.94493309105779,399546000,17.099777221679688,48.00822854311431
2012-05-14,16.741600036621094,17.020216403147373,16.723005964733012,16.872061260105284,352626400,16.99866485595703,49.15808707902405
2012-05-15,16.590145111083984,16.891555187275703,16.547557655770184,16.838471827840976,476336000,16.946908405848912,13.41555382147584
2012-05-16,16.377506256103516,16.70170999347179,16.226351166742067,16.616535096870436,560896000,16.846651894705637,12.636232452997831
2012-05-17,15.898855209350586,16.420099558672597,15.898855209350586,16.354418859319278,717220000,16.683586938040598,11.118085550356767
2012-05-18,15.906648635864258,16.297431649938456,15.660722868021818,16.014016621754347,732292400,16.517350878034318,14.247232231259801
2012-05-21,16.8333740234375,16.841172674926746,16.016717947277762,16.03021542850591,631106000,16.477763857160294,39.97689914071896
2012-05-22,16.704118728637695,17.211266666367827,16.572457785873365,17.081404427253386,694870400,16.436035428728378,36.115658255751164
2012-05-23,17.1116886138916,17.17886847938244,16.591943607283092,16.720003874445407,584897600,16.488905225481307,45.05703432668561
2012-05-24,16.954540252685547,17.28984064695948,16.83187605697102,17.270945453226528,496230000,16.54096167428153,50.034133459657106
2012-05-25,16.863664627075195,16.970433591614757,16.749098613040008,16.93264481003087,328507200,16.610412870134628,46.45352338887774
2012-05-29,17.162967681884766,17.214852956135545,16.95423172118494,17.12188102833531,380508800,16.791000366210938,51.8581852267513
2012-05-30,17.36991310119629,17.39450551959713,16.991725784825896,17.070902352417967,529429600,17.000038146972656,54.30795651317785
2012-05-31,17.32672691345215,17.439792136695722,17.138683162769127,17.41699842089655,491674400,17.070517131260463,53.10656594773634
2012-06-01,16.824674606323242,17.17437096221683,16.810579694827915,17.069701829113622,520987600,17.087739399501256,47.78265929015907
2012-06-04,16.923641204833984,17.019912632656442,16.45008431617082,16.839967101402163,556995600,17.060875483921595,52.451689071511574
2012-06-05,16.879858016967773,16.989026311378446,16.74489923755753,16.83307252033149,388214400,17.05020659310477,54.01832695503658
2012-06-06,17.1386775970459,17.210355008645507,16.95993013984707,17.028010146551757,401455600,17.089494160243444,60.42393357068041
2012-06-07,17.1464786529541,17.31442752796123,17.10988954492447,17.31352897737444,379766800,17.08713858468192,69.61533063764503
2012-06-08,17.404401779174805,17.41220042975374,17.06490340702194,17.142880302644222,347516400,17.09206553867885,71.8308762775967
2012-06-11,17.129985809326172,17.649729294424144,17.113789473712448,17.626336545053256,591264800,17.063959666660853,55.338497325087054
2012-06-12,17.27963638305664,17.29343177549039,16.99592187668719,17.22865285390783,435380400,17.128954206194198,60.28282654790896
2012-06-13,17.15967559814453,17.349218524192246,17.106291120287104,17.230454478328145,293580000,17.16267340523856,50.955599328167224
2012-06-14,17.140783309936523,17.199866626845942,17.012723007484272,17.13208610730103,345573200,17.199948447091238,53.92491275515249
2012-06-15,17.218759536743164,17.23345508573424,17.081399799857536,17.12488741300813,335255200,17.211388724190847,57.52422907488986
2012-06-18,17.568147659301758,17.631428989910255,17.1059868468178,17.123682362790433,440412000,17.271627153669083,58.40705583069299
2012-06-19,17.617036819458008,17.694712584520346,17.487775287211512,17.496772003896503,361404400,17.302003587995255,55.48747947976438
2012-06-20,17.56694984436035,17.672217984563726,17.41879314170204,17.641026593995424,358943200,17.36442702157157,55.3179468990677
2012-06-21,17.32492446899414,17.64132958723696,17.318025971220116,17.55795498702125,326351200,17.37089674813407,62.51513841449623
2012-06-22,17.45778465270996,17.46048350771463,17.25744472156211,17.366012370690626,284471600,17.41348375592913,63.14023729332086
2012-06-25,17.117990493774414,17.388809840574808,17.105993800389893,17.313831307768908,304382400,17.410227639334543,55.11346695107127
2012-06-26,17.155776977539062,17.229554229422746,17.014818251707023,17.134781966082954,276536400,17.401230130876815,50.40568878398351
2012-06-27,17.2298526763916,17.297032544473872,17.152476421779713,17.24484773933384,202997200,17.352902276175364,51.917768312950024
2012-06-28,17.0664005279541,17.21485676922394,16.963232193531013,17.14497804951006,282836400,17.274239948817662,41.87205539166043
2012-06-29,17.51477813720703,17.51477813720703,17.22236463847869,17.334830875929505,421500800,17.26678684779576,58.53873671628853
2012-07-02,17.770286560058594,17.7987774919158,17.50276683262513,17.536657074764026,400092000,17.33041000366211,60.39921282888407
2012-07-03,17.976930618286133,17.994626139188192,17.814680566524945,17.841071686899966,241712800,17.404573713030135,66.70760933056015
2012-07-05,18.292734146118164,18.4246945344802,17.984126098974848,18.011417367816193,484383200,17.572394234793528,71.00055078486844
2012-07-06,18.170974731445312,18.24775196615467,18.042014283909605,18.20726432791574,418930400,17.717422485351562,67.0865211447988
2012-07-09,18.41120147705078,18.41150099392704,18.11788956538074,18.15357852279712,379405600,17.886186599731445,65.74453700332913
2012-07-10,18.240854263305664,18.590549044976022,18.153879042379973,18.533565555696192,511957600,18.053965704781668,61.14458036596585
2012-07-11,18.12748908996582,18.224359586467283,17.91125389635333,18.178173117599624,469322000,18.141495840890066,59.79269936009106
2012-07-12,17.961631774902344,18.098690342947577,17.775087265144084,18.00181988221467,428041600,18.16883087158203,61.42748967541928
2012-07-13,18.143674850463867,18.21025406353853,17.99461961210884,18.083093981138347,311427200,18.19265147617885,62.09665374487512
2012-07-16,18.20186996459961,18.343126648210056,18.14518597928378,18.14818595397993,301260400,18.179670878819056,71.22389054177103
2012-07-17,18.2027645111084,18.339523593098168,18.08909705852281,18.318229064907243,293624800,18.184212275913783,70.8020406291662
2012-07-18,18.182371139526367,18.244752338116943,18.101394266926576,18.19226801030181,252700000,18.15152222769601,69.33758863490627
2012-07-19,18.424095153808597,18.45498542911588,18.17456880828095,18.332921912010583,436861600,18.177699497767858,76.71428646487365
2012-07-20,18.12358665466309,18.42769555993524,18.105591618397,18.38540762513353,397471200,18.177142007010325,62.71917485612826
2012-07-23,18.10948944091797,18.17157111236008,17.626034030492644,17.826673471579806,487975600,18.198264530726842,57.88162319601059
2012-07-24,18.02222442626953,18.28494565694893,17.949944734652483,18.215965457093606,565132400,18.180914470127654,51.11424965160636
2012-07-25,17.24395179748535,17.418799191061918,17.094896492681304,17.228657215377122,877312800,18.04406901768276,28.98189090508785
2012-07-26,17.241254806518555,17.4068043806183,17.105695366083452,17.38760966998825,406632800,17.906710488455637,30.434255556741974
2012-07-27,17.549556732177734,17.56965158944645,17.142579012336896,17.24514831488545,403936400,17.816308430262975,32.37196996893883
2012-07-30,17.84557342529297,17.977833368234577,17.629336627268966,17.72231020169139,379142400,17.733662469046457,42.30860871998559
2012-07-31,18.31731986999512,18.34551288241921,18.076192892641117,18.09148746573722,462327600,17.76133864266532,53.24163160973529
2012-08-01,18.198862075805664,18.486476716461155,18.08459560398144,18.47178117141711,384501600,17.774106161934988,54.117704703328066
2012-08-02,18.228256225585938,18.315229841431343,18.002124183710063,18.07980156437809,332158400,17.803539276123047,51.5502653752275
2012-08-03,18.465486526489254,18.5338660707204,18.34132316406075,18.403404845275,344920800,17.978044237409318,54.534169233746944
2012-08-06,18.670923233032227,18.740502441112515,18.45228873885909,18.513169144446707,302103200,18.18228258405413,57.52293814180206
2012-08-07,18.62173843383789,18.74440099920308,18.535663374585507,18.67752064613009,290446800,18.33545139857701,56.995552219061835
2012-08-08,18.59025764465332,18.710822055966595,18.50748203086524,18.576161124201523,244706000,18.44183485848563,52.83545033852764
2012-08-09,18.696269989013672,18.726390489506905,18.60801893328282,18.60952455616462,221642400,18.495970589773997,60.467258246359116
2012-08-10,18.725481033325195,18.727287458544364,18.63512277523397,18.63542357800867,194938800,18.571201869419642,61.19696594629037
2012-08-13,18.97547721862793,18.97547721862793,18.77216830434676,18.77638597786184,278832400,18.677947725568497,66.35958155944326
2012-08-14,19.026376724243164,19.234807305799784,18.98180000592484,19.031799216934097,340169200,18.7580748966762,90.76787234933607
2012-08-15,19.00048065185547,19.095960631958125,18.90771272334661,19.014637689860816,257342400,18.80515452793666,89.81473567523174
2012-08-16,19.16644287109375,19.179092678284324,18.99054234770824,19.01192830734693,254534000,18.882969447544642,89.11332294881056
2012-08-17,19.52095413208008,19.52336377253159,19.24084066816445,19.27668286345191,442761200,19.015926088605607,89.41293977019404
2012-08-20,20.03418731689453,20.03418731689453,19.57485986508604,19.578173521365937,613384800,19.20705713544573,89.61563547733734
2012-08-21,19.760400772094727,20.327256470618423,19.587813940748248,20.204969663655916,812719600,19.354902812412806,83.6214600170839
2012-08-22,20.14623641967773,20.15015168230993,19.52094935274532,19.71100527325457,565322800,19.522154126848495,85.80089120035771
2012-08-23,19.95828437805176,20.17725431393076,19.9137060516873,20.06310046884793,420128800,19.655283791678293,78.38668119388196
2012-08-24,19.97606468200684,20.164615031265008,19.74504642929892,19.864320417893857,437340400,19.794652938842773,76.72562210196116
2012-08-27,20.35135269165039,20.507673648706017,20.286895631862613,20.48116761114312,427008400,19.963925770350865,81.24477999487318
2012-08-28,20.324848175048828,20.364004020093063,20.20045252289183,20.33026906067035,267416800,20.078767776489258,81.39111201010138
2012-08-29,20.284786224365234,20.411289092032927,20.25858259894013,20.33839990364202,202806800,20.114567620413645,79.45057929421033
2012-08-30,19.99563980102539,20.226960432741905,19.96491769299609,20.19955198210516,302699600,20.14817319597517,71.47821341557432
2012-08-31,20.036903381347656,20.13810504624634,19.79624500506428,20.097443576854648,338321200,20.13255419049944,69.311850927987
2012-09-04,20.329965591430664,20.335085673528663,20.01461164390185,20.052562663989217,367892000,20.185651506696427,71.79707482602689
2012-09-05,20.18719482421875,20.371527397938152,20.16821851331096,20.34803421994304,336375200,20.215812955583846,69.09645277051732
2012-09-06,20.369123458862305,20.429966061611797,20.20436875546206,20.275752326269327,391196400,20.21835163661412,69.25444159917733
2012-09-07,20.49472427368164,20.556168483155385,20.354064358156688,20.42273587882907,329666400,20.24261965070452,66.82270090589051
2012-09-10,19.96160888671875,20.58056962533148,19.9423317621348,20.49503060213381,487998000,20.196451459612167,48.75470112434269
2012-09-11,19.896846771240234,20.18328509272132,19.77365593385995,20.03298821751727,503983200,20.182338169642858,52.52203968730192
2012-09-12,20.173952102661133,20.17726576067028,19.7586011569328,20.085400222368097,712233200,20.201916558401926,50.53374482361928
2012-09-13,20.571231842041016,20.647133905495057,20.32394772571993,20.40225942955574,598360000,20.236383165631974,60.92337144174045
2012-09-14,20.821218490600582,20.992901281141336,20.719111224647666,20.78146104797897,600474000,20.326957975115096,63.91027436049722
2012-09-17,21.077241897583008,21.07784350330228,20.921522530577843,21.06428968033278,398031200,20.428117752075195,62.435522839275826
2012-09-18,21.14139938354492,21.154049191058068,20.97604143431599,21.080255966278624,373503200,20.52049991062709,63.81052354487348
2012-09-19,21.147119522094727,21.20404525597076,21.070916668357427,21.091699411065,326874800,20.68985857282366,64.75626481383928
2012-09-20,21.044713973999023,21.08567785865342,20.891705033756704,21.0585686012875,336568400,20.8538396017892,69.17741207777001
2012-09-21,21.086584091186523,21.236580204001225,21.064596521843864,21.156462063226492,571589200,20.984215600149973,69.18424558734638
2012-09-24,20.80646514892578,20.93688491761274,20.571832460159964,20.68809519014081,639766400,21.017820358276367,58.7500306468052
2012-09-25,20.28689765930176,20.86640321536248,20.270631784886028,20.73026016284568,518789600,20.941488810947963,51.608296079330316
2012-09-26,20.03508758544922,20.26128640707925,19.915210461953038,20.14231330032137,576503200,20.79260962350028,44.73050285152397
2012-09-27,20.52122688293457,20.546828902704924,19.889614953372625,20.008287296207367,594090000,20.704013551984513,50.3753845023339
2012-09-28,20.092927932739254,20.51490611839752,20.082385354741216,20.44382334120291,535110800,20.553414753505162,51.916929082338605
2012-10-01,19.86069869995117,20.3835792417199,19.77365247868896,20.21520848691085,543594800,20.38426971435547,49.49692506328249
2012-10-02,19.918535232543945,20.07033936443566,19.597457879705026,19.93359468113855,627992400,20.217405591692245,46.21430057625678
2012-10-03,20.223949432373047,20.236300045864592,19.958293816570954,20.025461336361644,424281200,20.13418906075614,44.70860660787729
2012-10-04,20.083885192871094,20.308277643583303,20.04623658637552,20.217917770851734,370725600,20.105187279837473,38.37620823388134
2012-10-05,19.655881881713867,20.059787625971374,19.616425243611737,20.03569284093604,594006000,20.051015036446707,28.745291005049594
2012-10-08,19.221559524536133,19.50438498123811,19.159512100172197,19.483903041683863,637994000,19.865348270961217,24.15262485099656
2012-10-09,19.151670455932617,19.291426274611585,18.781197376220018,19.23600619656381,838597200,19.730882917131698,23.59098399389326
2012-10-10,19.3040828704834,19.4266704598143,19.186314559946805,19.26884229644278,510356000,19.65136637006487,27.26434282263446
2012-10-11,18.918251037597656,19.493540477625046,18.918251037597656,19.47245693358512,546081200,19.508468627929688,24.01287982381912
2012-10-12,18.966745376586918,19.1375241811159,18.83391759623897,18.962226899626607,460014800,19.328868048531668,26.655158943567898
2012-10-15,19.11885070800781,19.129994890666445,18.79024369957557,19.046262315015117,432502000,19.191005979265487,33.653853853533164
2012-10-16,19.5715446472168,19.586906499133352,19.005593111189544,19.137217640694857,549771600,19.178957802908762,43.85830043001759
2012-10-17,19.41552734375,19.661907355612435,19.397154244482586,19.54383823582356,389037600,19.206667491367885,33.945647748892995
2012-10-18,19.05499649047852,19.338724351384894,18.975479981998856,19.264329534143865,476624400,19.19285692487444,34.62708661150408
2012-10-19,18.368261337280277,19.028787250963383,18.36163402463461,19.007102104901215,744086000,19.059168134416854,30.518268286088173
2012-10-22,19.096866607666016,19.13752808288477,18.395978141656347,18.445977375544494,546730800,19.08468464442662,40.87261953240902
2012-10-23,18.474288940429688,19.092950408389505,18.424291317563704,19.00560175267659,707145600,19.014333724975586,31.843527429687967
2012-10-24,18.578798294067383,18.871563059087404,18.39235686129075,18.717651759566817,558527200,18.937183380126953,34.26539375249
2012-10-25,18.359230041503903,18.73452425568273,18.239052054218742,18.674283252030936,656325600,18.763995579310826,35.82675178995322
2012-10-26,18.192371368408203,18.493570033268472,17.80081439094742,18.355921313672734,1018432800,18.589259011404856,38.05167272728883
2012-10-31,17.930925369262695,18.13092065791556,17.7014127957269,17.917672349635964,510003200,18.42867742265974,36.43130021836376
2012-11-01,17.967679977416992,18.162252862938505,17.896296371755714,18.01828083108639,361298000,18.37145151410784,34.753757052361124
2012-11-02,17.37310218811035,17.980016017116736,17.311357191220846,17.94808910039763,599373600,18.125199454171316,33.173718613109116
2012-11-05,17.6086483001709,17.703525084618303,17.397206357116104,17.575516545919378,529135600,18.001536505562918,35.7895825050971
2012-11-06,17.55533218383789,17.792977718630727,17.472202814806714,17.77761746891849,374917200,17.85532706124442,33.29480381328132
2012-11-07,16.883615493774414,17.384071811822746,16.815535245745025,17.36289197249016,793648800,17.64452498299735,22.565207928324654
2012-11-08,16.270910263061523,17.01161193033052,16.196477807320314,16.963199000496676,1056146000,17.370030539376394,20.64095089495426
2012-11-09,16.552602767944336,16.789215247170016,16.14896895471536,16.35169400751512,929913600,17.17312731061663,26.287862877616604
2012-11-12,16.42461395263672,16.77771799519155,16.298137629133063,16.767127265474258,515802000,16.95268930707659,29.40118915601613
2012-11-13,16.426734924316406,16.656085500946944,16.2288511330389,16.306008020371955,532949200,16.817493983677455,16.5512617603095
2012-11-14,16.244579315185547,16.564400215042205,16.223399476289732,16.50539819645649,477170400,16.622626985822404,18.60410028554179
2012-11-15,15.90388298034668,16.323855312717352,15.813111998664484,16.26424893240455,789910800,16.386705671037948,14.684264442065029
2012-11-16,15.966218948364258,16.036416080206884,15.302674180782065,15.891180523572562,1266893600,16.25564902169364,17.03761036487998
2012-11-19,17.117504119873047,17.171058876475847,16.335351297519097,16.36046428021067,823317600,16.376591001238143,38.35296344888193
2012-11-20,16.971660614013672,17.305703156590074,16.7801323322731,17.30449283410367,642754000,16.436456407819474,39.33850666890525
2012-11-21,16.995573043823242,17.167131894833688,16.84125927662321,17.07272992742326,373002000,16.518021992274694,39.16484544410902
2012-11-23,17.292089462280273,17.307219304509022,17.022799923912594,17.161075661321146,272826400,16.641644069126674,49.03276052886871
2012-11-26,17.83763313293457,17.851853214486752,17.35896094911276,17.42522491322757,630579600,16.869223185947963,52.545503736390856
2012-11-27,17.693906784057617,17.864559041915804,17.55230226912612,17.838234120908982,533330000,17.124940872192383,51.51010638275761
2012-11-28,17.638235092163086,17.724770743275215,17.315085387693557,17.466674673449994,520864400,17.363800321306503,59.49877411318878
2012-11-29,17.832489013671875,17.980447354308946,17.70813277785165,17.858511764320273,514698800,17.46594102042062,71.97089929341423
2012-11-30,17.70903968811035,17.803443261648173,17.630370312815245,17.754728167222456,391319600,17.571280888148717,67.02896271247374
2012-12-03,17.736572265625,17.99073522048309,17.71569460010422,17.96229344100699,364280000,17.67713791983468,69.90805486607638
2012-12-04,17.423709869384766,17.603740939998346,17.311153082141235,17.603740939998346,557068400,17.695940835135325,63.82465736033896
2012-12-05,16.302370071411133,17.224008922249023,16.301764102148287,17.21372198804295,1044638000,17.476617540631974,50.63576615287513
2012-12-06,16.558053970336914,16.741714460635293,15.692388459913143,16.00434321248089,1177212400,17.31435285295759,57.333825998523714
2012-12-07,16.134748458862305,16.798897400450397,16.03641174233316,16.744434485424545,787040800,17.099569048200333,51.747895396102315
2012-12-10,16.03097152709961,16.29390740067603,15.781649770972496,15.885129990939104,630484400,16.84220940726144,35.602807985207946
2012-12-11,16.38104248046875,16.62824566745886,16.2594074595882,16.332025213674672,592345600,16.652495520455496,42.575782859378776
2012-12-12,16.308719635009766,16.581035687494797,16.22611715833962,16.574075930324753,487144000,16.448516573224747,41.4698980913989
2012-12-13,16.02702522277832,16.267572365590468,15.909323384585011,16.071201184179888,625259600,16.248990195138113,34.23098540114748
2012-12-14,15.424906730651855,15.677253357592583,15.297523902441988,15.574983513439667,1009579200,16.12363828931536,20.343662398453418
2012-12-17,15.698431015014648,15.733832545048346,15.16590202899743,15.398883460379963,757607200,16.000835009983607,26.230793523131823
2012-12-18,16.154415130615234,16.184671586185836,15.741400938362192,15.885123950077668,625685200,16.00364453451974,33.86422410038189
2012-12-19,15.92475700378418,16.148359654843222,15.900248375718329,16.080885383496366,449369200,15.988471031188965,29.41292098290957
2012-12-20,15.78618621826172,16.042466078206605,15.6999527162033,16.03641446263069,481689600,15.903491565159388,29.317240320968494
2012-12-21,15.713570594787598,15.72385753471318,15.43852988100917,15.50600419196308,596268400,15.818470273699079,28.449030289619813
2012-12-24,15.738986015319824,15.862435760044276,15.69481002284277,15.744433278127644,175753200,15.777321815490723,30.881833791439206
2012-12-26,15.52203369140625,15.717496774787032,15.465150138350552,15.703577255270476,302436400,15.791197095598493,38.857729413866586
2012-12-27,15.58436679840088,15.620372693399132,15.269689302288324,15.53837452735518,455120400,15.774902207510811,35.284367560100804
2012-12-28,15.418850898742676,15.566810788266505,15.374372763677112,15.440032348131938,354278400,15.669821602957589,38.26610315258805
2012-12-31,16.102066040039062,16.199798380613583,15.401003218763377,15.44729603952988,659492400,15.695151465279716,50.97926554821163
2013-01-02,16.612211227416992,16.79284831308343,16.388307919068655,16.75714458982828,560518000,15.813155038016182,53.04966669786813
2013-01-03,16.402523040771484,16.63157136489985,16.369239973770377,16.5774106348578,352965200,15.91157681601388,51.1942081632554
2013-01-04,15.945634841918944,16.29752845750023,15.910233310327133,16.24730087823839,594333600,15.941098076956612,49.00806943142051
2013-01-07,15.85184097290039,16.015229712149477,15.58860140510791,15.794351444691426,484156400,15.988213402884346,55.93904529627633
2013-01-08,15.894503593444824,16.093597674732802,15.771659856401827,16.012507654708184,458707200,16.032518659319198,52.914763748996606
2013-01-09,15.646090507507324,15.885425788189394,15.612503644890928,15.809479242309774,407604400,16.06498146057129,41.94635689283739
2013-01-10,15.840038299560549,15.997677568995494,15.598280800122671,15.992534101842825,601146000,16.027548926217214,48.64239687846342
2013-01-11,15.742913246154783,15.894804707792176,15.704182919096208,15.76409308580585,350506800,15.903363500322614,49.29722268600787
2013-01-14,15.181644439697266,15.355623953837837,15.083609877589634,15.209782433861902,734207600,15.728952271597725,42.54455037663212
2013-01-15,14.70266819000244,15.098131952090428,14.625813484863444,15.077254283614243,876772400,15.551385607038226,37.113441672995364
2013-01-16,15.312963485717772,15.414326860557251,14.901767009791506,14.966516889108844,690804800,15.47440310886928,47.631881635778186
2013-01-17,15.209776878356934,15.45395504806895,15.190111153673955,15.440641497891216,453678400,15.376585006713867,45.79596338162153
2013-01-18,15.128694534301758,15.19586504953723,15.019767059765863,15.08391257489258,472922800,15.302671296255928,46.680656050765016
2013-01-22,15.27302360534668,15.367123418649246,15.026728457510394,15.266669811691782,461546400,15.22166919708252,39.18208254188221
2013-01-23,15.552597045898438,15.582249151098283,15.273018899786637,15.395258289544286,861509600,15.19448116847447,35.28816545044127
2013-01-24,13.630950927734377,14.091770475642678,13.62338519748696,13.918395351826854,1460852400,14.972953523908343,23.917995893943285
2013-01-25,13.309619903564451,13.80432780633224,13.161963701963884,13.666960160102782,1208026400,14.773946625845772,24.544200370592776
2013-01-28,13.610677719116213,13.712947583555016,13.187982532280714,13.247589725070716,785517600,14.530762944902692,29.19028023162079
2013-01-29,13.866047859191896,13.92444553053223,13.679965171766458,13.873007619297676,571158000,14.338801656450544,31.88103201765331
2013-01-30,13.822480201721191,13.997065660113629,13.751980906280153,13.82762367053454,417155200,14.152199608939034,33.092042111398726
2013-01-31,13.781933784484863,13.896609050150625,13.766503379617149,13.82701790803804,319334400,13.939186777387347,30.359184420871088
2013-02-01,13.725351333618164,13.902659582941508,13.56589574946556,13.89146450108933,539484400,13.678151675633021,30.595938511389235
2013-02-04,13.383442878723145,13.795548083460195,13.373760296632184,13.734125415259347,477117200,13.642793382917132,31.943784491897205
2013-02-05,13.853039741516112,13.910529273581608,13.380419133835554,13.43579019676262,573347600,13.720424788338798,41.45255684543798
2013-02-06,13.838211059570312,14.115064705673875,13.693882095360912,13.811583959776964,593706400,13.752929551260811,33.144172755470365
2013-02-07,14.249674797058104,14.303845613517824,13.82055851846453,14.09841942334279,704580800,13.807733399527413,39.74881678736384
2013-02-08,14.455410957336426,14.571971948868546,14.250590954967285,14.4255860365442,633158400,13.898152078901019,42.997626098750096
2013-02-11,14.606046676635742,14.758520992203009,14.4027513816614,14.501659526756647,517490400,14.01588249206543,43.07230526804185
2013-02-12,14.23993682861328,14.680617403630407,14.23506732223723,14.593271852011933,609053200,14.089394705636161,36.60654963722325
2013-02-13,14.212849617004396,14.414625303751588,14.097506037083487,14.21893649955102,475207600,14.207881382533483,59.6795261677887
2013-02-14,14.20007038116455,14.35376053448936,14.121855958864227,14.137072355139852,355275200,14.257457188197545,66.50651117122592
2013-02-15,14.004379272460938,14.308716900629507,13.997075013352656,14.268847413329512,391745200,14.281195504324776,57.59483377780915
2013-02-19,13.999202728271484,14.08259219830372,13.8123411411147,14.032985329421836,435783600,14.245413780212402,52.843111741542586
2013-02-20,13.66017723083496,13.929211007897644,13.658654290801085,13.929211007897644,476302400,14.131808962140765,46.92277899706752
2013-02-21,13.575268745422363,13.669918590832388,13.47666364365342,13.573442679871,447182400,13.984554971967425,46.14650891176717
2013-02-22,13.719828605651855,13.743870581641929,13.59170252477806,13.672352529484336,330654800,13.91025379725865,49.90029403875085
2013-02-25,13.476052284240724,13.850995374513946,13.469051961769289,13.812344882670264,372579200,13.804997035435267,51.733365701107445
2013-02-26,13.663830757141112,13.742045194491094,13.31962514495142,13.50709631920143,501499600,13.728391374860491,46.04091901763705
2013-02-27,13.529919624328612,13.769433219558064,13.410619952500015,13.647393231016892,587350400,13.660611425127302,43.85540538126031
2013-02-28,13.433445930480955,13.630351347458827,13.433445930480955,13.514095112597316,322515200,13.57978902544294,31.395639003081428
2013-03-01,13.10080337524414,13.335447436462967,13.08589091797959,13.329968429003696,552448400,13.499878474644252,20.812861985822323
2013-03-04,12.783687591552734,13.031722051065772,12.751731852825394,13.019548281518558,582755600,13.386795452662877,13.362828940052324
2013-03-05,13.121195793151855,13.244452355840023,12.8049898742382,12.827206595590416,638433600,13.30127647944859,27.246877733619584
2013-03-06,12.954419136047363,13.246279141063598,12.916985204213187,13.223757669320102,460250000,13.226757458278112,25.78193537493614
2013-03-07,13.10414981842041,13.1476706231525,12.8144207048345,12.91911264869594,468473600,13.146803038460869,29.96543853519637
2013-03-08,13.138845443725586,13.251754283223375,13.044196441236748,13.080412990095352,391482000,13.09093529837472,33.18750791925358
2013-03-11,13.326013565063477,13.360708801875733,12.938591953674427,13.07889177749811,474236000,13.075587817600795,37.7871589473866
2013-03-12,13.038719177246094,13.356751940814508,13.012546390175167,13.25692948679094,465911600,13.066718646458217,38.50998657829831
2013-03-13,13.036280632019045,13.223447780456866,12.945284592104146,13.039324885631745,405549200,13.102803366524833,39.721303783241126
2013-03-14,13.162586212158203,13.2277134341877,13.10019605631033,13.172628351946305,303875600,13.10871628352574,39.29868220413323
2013-03-15,13.50222396850586,13.519571179008937,13.307143022133545,13.327838424676004,643960800,13.186974116734095,50.484754683359405
2013-03-18,13.869254112243652,13.922207554235834,13.42735617601662,13.434964373130354,606197200,13.296274730137416,53.56795246484593
2013-03-19,13.83182144165039,14.029031573271473,13.64952214159062,13.98429257724393,526775200,13.395271301269531,55.42549687204472
2013-03-20,13.75847339630127,13.92738153530397,13.68269374355342,13.920990715241244,308660800,13.457051277160645,55.89004656513039
2013-03-21,13.778255462646484,13.938032466778168,13.698215804357252,13.70186793375467,383255600,13.562699317932129,63.84666604810586
2013-03-22,14.057641983032228,14.063423304015592,13.789825579783631,13.834562959616967,395105200,13.708608082362584,76.44666549463643
2013-03-25,14.108465194702148,14.302328784855767,14.05368486636671,14.142246180464186,501135600,13.843733651297432,73.26435410515703
2013-03-26,14.034205436706545,14.177243127000306,14.015640849483823,14.165069360733613,294294000,13.91973100389753,76.60446165486333
2013-03-27,13.75847339630127,13.90212056749754,13.71738815989598,13.891773680285098,331237200,13.903905187334333,65.17916560473483
2013-03-28,13.471789360046388,13.750562083906305,13.440138382953236,13.689694882778545,442839600,13.852472032819476,56.915231824284476
2013-04-01,13.053326606750488,13.50344145744326,13.017719559317044,13.448660321749069,389732000,13.751736777169365,44.83276835872314
2013-04-02,13.080108642578123,13.334229930068052,12.976938000394853,13.013459300873896,529519200,13.652001517159599,50.870219407577046
2013-04-03,13.14706325531006,13.308057670956607,13.09593424528309,13.128193915982138,363216000,13.521918841770717,52.26769959012585
2013-04-04,13.017108917236328,13.238666568515631,12.941937948576664,13.200929521621289,358447600,13.366010802132744,47.02654867256638
2013-04-05,12.87955379486084,12.932812816799728,12.772426249846982,12.91911691993791,383695200,13.201060567583356,36.12704567098181
2013-04-08,12.971158027648926,13.010417213199942,12.857945227981949,12.929768026214434,300829200,13.088586943490165,27.191343133778645
2013-04-09,12.994592666625977,13.040851364857074,12.865857899984114,12.975724136786376,306614000,13.02041598728725,28.58490777755773
2013-04-10,13.25967025756836,13.301365010845716,12.96507154355698,13.028678268779476,375928000,13.049893651689802,38.380974257151266
2013-04-11,13.218276977539062,13.329663680852224,13.12301848179434,13.199711578874291,328364400,13.06963198525565,37.0859875553241
2013-04-12,13.08041286468506,13.21279891656766,13.058804835775176,13.21279891656766,238613200,13.06011050088065,25.889718944483008
2013-04-15,12.777595520019531,13.022282499916347,12.768465196565357,12.995196280002896,317520000,13.025894301278251,20.79602052518358
2013-04-16,12.972067832946776,12.98332734698026,12.79950836478889,12.829941965730058,305771200,13.039110592433385,27.860957209284535
2013-04-17,12.258703231811523,12.800424532180406,12.115969458564177,12.790380767214431,945056000,12.937331335885185,23.562278701218446
2013-04-18,11.931538581848145,12.34969765097019,11.861236309086824,12.32535093402313,666299200,12.785466466631208,23.23073608141479
2013-04-19,11.885284423828123,12.16131856974656,11.720028336716998,11.807373919420238,609274400,12.589125633239746,26.682927442190902
2013-04-22,12.133012771606444,12.240445063076242,11.907804548449391,11.949497675234165,429920400,12.434087889535087,32.62617038249991
2013-04-23,12.360047340393066,12.428522746786433,12.137271471900222,12.294918500858564,664238400,12.331178528921944,36.36360932431251
2013-04-24,12.339655876159668,12.637601910134274,11.94523477221678,11.976886565814205,969651200,12.26861572265625,37.798723536255956
2013-04-25,12.428522109985352,12.59773339603428,12.386523429459706,12.515258162084852,384837600,12.19096633366176,41.73167638534426
2013-04-26,12.696949005126951,12.744729825209852,12.42456704293314,12.472043925152088,764097600,12.253572872706822,45.279242022887836
2013-04-29,13.090150833129885,13.196668842053109,12.782161070787216,12.795856150486726,640326400,12.419088908604213,51.459323328375746
2013-04-30,13.475443840026855,13.55061563935242,13.14949891815121,13.241713180219003,691538400,12.646254539489746,53.17849499585997
2013-05-01,13.36922836303711,13.54087440244364,13.220103791012196,13.52657063354876,506909200,12.822856766836983,52.18194911450505
2013-05-02,13.558832168579102,13.652262174059391,13.41001071012938,13.44500907153756,421828400,12.994111742292132,56.81346952512604
2013-05-03,13.69456386566162,13.793473673216075,13.669302897310436,13.735039602043653,361300800,13.187670026506696,63.71168010723935
2013-05-06,14.021120071411133,14.066465319778136,13.826343058837026,13.868949616086123,496641600,13.415184020996094,65.09065966101232
2013-05-07,13.95872974395752,14.174504469199348,13.807778292568068,14.150766437591546,483753200,13.595438412257604,80.09047024066538
2013-05-08,14.116376876831056,14.16294112962006,13.871994597489742,13.970294922411346,472598000,13.742042132786342,91.14044435154344
2013-05-09,13.9932222366333,14.184079166286722,13.956766786271226,14.086353625241165,398487600,13.816010475158691,88.57524512532967
2013-05-10,13.876809120178224,14.083290747579971,13.800527866050151,14.029985163744463,334852000,13.888522011893135,83.52260081422114
2013-05-13,13.931035041809082,14.027842750567835,13.831778099654825,13.832084049317457,316948800,13.94169385092599,82.34990766146674
2013-05-14,13.597726821899414,13.94512941799958,13.545339891598552,13.903772219288008,447118000,13.92785998753139,72.94883450357892
2013-05-15,13.137887954711914,13.510105906178207,12.939066527844313,13.453737556250871,741613600,13.801683970860072,61.397239989507156
2013-05-16,13.313429832458496,13.413607071551658,12.833070894773376,12.966027284198182,603204000,13.709498269217354,60.209604018473826
2013-05-17,13.272991180419922,13.48222964894841,13.204062526046949,13.450369165897564,427904400,13.589014598301478,53.428652159606244
2013-05-20,13.569235801696776,13.657158705756403,13.17618616891045,13.23163586797607,451578400,13.52844510759626,51.81957042833574
2013-05-21,13.469057083129885,13.647353741503943,13.30178933704098,13.422798150337934,456022000,13.470194816589355,51.9412308395298
2013-05-22,13.520830154418944,13.73527713135634,13.424941936643693,13.60354535852,443038400,13.411594118390765,49.21917190837298
2013-05-23,13.54503059387207,13.66818431050827,13.350497360684065,13.35539909882446,353021200,13.40406608581543,46.77995367809027
2013-05-24,13.63724422454834,13.652868107825928,13.490502101598612,13.505513267531056,276166800,13.475402695792061,40.80567388846375
2013-05-28,13.52358627319336,13.819828135820408,13.5055123398239,13.78276078410334,386145200,13.50542504446847,39.8275675258713
2013-05-29,13.631115913391112,13.709236141306022,13.461090545516877,13.479472064337015,330576400,13.556585720607213,38.38376828216466
2013-05-30,13.83422565460205,13.923680733458395,13.617634614580114,13.652558678397282,353519600,13.594441413879395,46.33424508139768
2013-05-31,13.77755641937256,14.00333748270367,13.7705097596641,13.862414105102497,384302800,13.638512747628349,47.64684761600705
2013-06-03,13.807880401611328,13.85812158082416,13.55544661688626,13.808186351217712,372352400,13.679519925798688,47.0466918933308
2013-06-04,13.76468563079834,13.92153799293444,13.70586640402088,13.884469004002373,292728800,13.710899216788155,54.65088292098478
2013-06-05,13.636014938354492,13.807878423912156,13.593125554355716,13.652557483953744,290589600,13.71072360447475,67.01547382480385
2013-06-06,13.432293891906738,13.693918454814025,13.297193407365196,13.647046808051828,416934000,13.697681835719518,53.98357706926246
2013-06-07,13.534920692443848,13.578728748463854,13.25797822357118,13.372247944836692,404535600,13.68393966129848,58.4269704290667
2013-06-10,13.445469856262209,13.757641620237235,13.381442928952897,13.624379258359214,450153200,13.628403118678502,45.406959953792935
2013-06-11,13.405950546264648,13.564028380020112,13.274832280964898,13.34897027617076,286112400,13.575316565377372,47.547662919649305
2013-06-12,13.24021339416504,13.517768646373543,13.219075053167462,13.464157101651518,265227200,13.49422127859933,39.982446607864944
2013-06-13,13.355709075927734,13.39185858756717,13.134829751674715,13.24971222886603,285832400,13.435796056474958,43.65510690415187
2013-06-14,13.17465114593506,13.365814836657243,13.127165968342547,13.338549328204463,271866000,13.369886943272181,35.36806085118293
2013-06-17,13.234393119812012,13.347743391310932,13.18415192616312,13.21723784965422,259414400,13.341615404401507,40.52973828510247
2013-06-18,13.227346420288086,13.323234647667508,13.179556099482856,13.220913296652132,195025600,13.29767622266497,35.846215666334345
2013-06-19,12.958674430847168,13.22397447059176,12.958674430847168,13.216009145895272,310940000,13.228134019034249,20.657057018665085
2013-06-20,12.7699613571167,13.049965788367532,12.718800691907612,12.845323945578278,357310800,13.137278420584542,18.977448501284087
2013-06-21,12.667643547058104,12.866772638683855,12.502213916978338,12.820512877767149,481118400,13.055482728140694,16.3838481647864
2013-06-24,12.331880569458008,12.51936799884725,12.19432837982625,12.480767621677488,480746000,12.909221512930733,13.973332105591425
2013-06-25,12.334639549255373,12.4927165613992,12.218225687690806,12.42868963287892,314162800,12.789219856262207,15.066041131513373
2013-06-26,12.194938659667969,12.400806737582844,12.121107461629158,12.373541230279669,367724000,12.640726361955915,15.602307776736694
2013-06-27,12.063518524169922,12.296652218833216,12.056166732115734,12.231093899569538,337246000,12.474465233939034,9.740455274420725
2013-06-28,12.147760391235352,12.262335240657386,11.91309460124646,11.989376669044711,578516400,12.358620371137347,14.391419693609748
2013-07-01,12.53652286529541,12.629961036346865,12.291441645731426,12.336475963015932,391053600,12.325272015162877,29.980293459246695
2013-07-02,12.82050609588623,12.916701053682312,12.544178019809502,12.559189181170137,469865200,12.347109522138323,40.83478730258953
2013-07-03,12.891276359558104,12.958061725566488,12.7886490775001,12.893114511412843,240928800,12.427023206438337,39.656057920111294
2013-07-05,12.787732124328612,12.967561001841942,12.724317917902852,12.87871943208162,274024800,12.491750717163086,41.07427129230932
2013-07-08,12.71512508392334,12.897404813072608,12.58033054004636,12.87014011825737,298138400,12.566063063485283,38.09183050390777
2013-07-09,12.938760757446287,12.973990772127037,12.572058074102587,12.670703096865152,352584400,12.691097668239049,43.979999379307515
2013-07-10,12.889130592346191,13.013816506507832,12.813156108155018,12.854513295095993,281405600,12.79700769696917,48.403382319454906
2013-07-11,13.090102195739746,13.119512633451098,12.902615563613873,12.957145780775672,326292400,12.876090458461217,57.30879331711732
2013-07-12,13.066205024719238,13.16668821731226,12.97123628834946,13.101129096085902,279563200,12.91119030543736,59.43704093098209
2013-07-15,13.094693183898926,13.217846900206997,13.01381695893913,13.0202508992548,241917200,12.940249851771764,71.13743041325796
2013-07-16,13.179250717163086,13.194873784366598,12.994520095483855,13.066512347512608,216538000,12.996181079319545,72.38910222541315
2013-07-17,13.1826171875,13.241131282347618,13.118590272884484,13.16393053637103,198990400,13.062965665544782,78.22138583600665
2013-07-18,13.227035522460938,13.32231017875529,13.191805512432497,13.27666397688892,218878800,13.104147774832589,84.9851174260891
2013-07-19,13.018413543701172,13.295048452782297,13.000032024599394,13.268089709480154,268721600,13.1226167678833,74.35728189738718
2013-07-22,13.060077667236328,13.165462597210508,13.034344356604093,13.156578604666208,207796400,13.11832754952567,68.17701721659249
2013-07-23,12.835826873779297,13.079988564734588,12.827248832202594,13.050578954518674,369395600,13.085416385105678,50.55493033059547
2013-07-24,13.495098114013672,13.620089189879312,13.33426347971481,13.446694258059368,591936800,13.142617089407784,65.33379638442355
2013-07-25,13.433517456054688,13.522359816815904,13.351109035123743,13.500915532173725,229493600,13.178940909249443,66.75657551229492
2013-07-26,13.509804725646973,13.511336110262448,13.306080670901258,13.335490290725474,200152400,13.225681986127581,70.58071826850505
2013-07-29,13.718119621276855,13.785516885008796,13.48559873418282,13.503979434270128,248057600,13.295836857386998,70.34539143649125
2013-07-30,13.887532234191896,14.004864728186815,13.762233597642954,13.784597368965782,309422400,13.419996670314244,74.5295132054959
2013-07-31,13.863329887390137,14.010684713748269,13.768361162016417,13.938693295667877,322957600,13.534746987479073,70.80432966369767
2013-08-01,13.99046230316162,13.994138605949802,13.885690127839222,13.961973001670492,206250800,13.699694905962263,73.55913448402262
2013-08-02,14.169987678527832,14.179485205330169,13.989853707651498,14.031210896714278,274783600,13.796107700892858,75.44947969238376
2013-08-05,14.381677627563477,14.4190525649912,14.158041538347126,14.235854181669776,318855600,13.93155915396554,76.84302050298564
2013-08-06,14.253009796142578,14.456427025703578,14.15865297070691,14.337869094673438,334857600,14.037731306893486,72.62948380676178
2013-08-07,14.244738578796388,14.306622210099343,14.146399494006424,14.208589074945952,298858000,14.112962586539131,71.84950497968693
2013-08-08,14.216371536254885,14.311659366865705,14.122007615026748,14.304258210420464,255777200,14.159939629690987,77.87715101131377
2013-08-09,14.01407527923584,14.199408849509496,13.989406406892757,14.143284241686544,266865200,14.181474685668945,70.65582740884057
2013-08-12,14.412188529968262,14.451967685192905,14.081302176902142,14.088395363188162,364434000,14.241721289498466,81.74139405696312
2013-08-13,15.097087860107422,15.254050331620272,14.433464074633072,14.522585912736044,881941200,14.374164172581263,81.92791373612208
2013-08-14,15.372462272644045,15.549777061309518,15.215191864682296,15.353343447930415,756372400,14.515704836164202,85.60892950656871
2013-08-15,15.354270935058594,15.49273216716715,15.081976251870396,15.308324151099264,490294000,14.673027856009346,84.61240558404822
2013-08-16,15.49056911468506,15.509379969263138,15.383563645821791,15.423342789708936,362306000,14.851003646850586,84.184945989732
2013-08-19,15.657402992248535,15.842426938692798,15.542070789613025,15.552554936435495,510518400,15.056865283421107,84.16919888587255
2013-08-20,15.45172119140625,15.744677909942324,15.444012064112805,15.718157919169762,358688400,15.262243270874023,78.65743645049848
2013-08-21,15.49149227142334,15.639202417265835,15.455720032847749,15.529421944395784,335879600,15.41642951965332,77.96275385007876
2013-08-22,15.509997367858888,15.591100452406785,15.363211094401764,15.572289596058935,244207600,15.475416592189244,76.55629374382916
2013-08-23,15.450177192687988,15.52202802607374,15.398678715563838,15.519560973987652,222731600,15.486518723624092,72.53181373375119
2013-08-26,15.510311126708984,15.733266441156298,15.43414212492002,15.44185125134973,330965600,15.50881017957415,77.3022847027384
2013-08-27,15.066864967346191,15.49612374369562,14.996247668581628,15.357044934409751,424188800,15.448281015668597,65.01473497937792
2013-08-28,15.138100624084473,15.289205083357968,14.986997811708113,14.986997811708113,307608000,15.37409496307373,66.5742808430717
2013-08-29,15.16277027130127,15.310790083724427,15.145192939162232,15.161228775669102,239657600,15.332816260201591,72.06504981285367
2013-08-30,15.024627685546877,15.2013250222533,15.002424206285092,15.172030000067526,272297200,15.266121319362096,63.06953265139407
2013-09-03,15.06655979156494,15.437225333275524,15.028630098487987,15.205944949550604,331928800,15.202773094177246,49.10213467054331
2013-09-04,15.378323554992676,15.48779774790059,15.304005675114192,15.405153156133936,345032800,15.192508288792201,50.16877437836871
2013-09-05,15.272855758666992,15.439688043324422,15.222590823868428,15.426427230933015,236367600,15.15858609335763,47.76785947738052
2013-09-06,15.363831520080566,15.399602127275644,15.1088061947872,15.370616736546667,359525600,15.2010098866054,46.43671109404607
2013-09-09,15.60898494720459,15.66295046191283,15.52603240172304,15.572904731865597,340687200,15.268279075622559,48.6961256157256
2013-09-10,15.253430366516112,15.648458343924396,15.094926424008824,15.609911075748451,743195600,15.281230517796107,45.05896504966862
2013-09-11,14.42297649383545,14.607382794137669,14.333546717471616,14.401388973880804,898696400,15.195280347551618,30.900633929442023
2013-09-12,14.57655143737793,14.660119938361316,14.370555897667964,14.44734247627684,404051200,15.125279154096331,34.08351532556142
2013-09-13,14.336325645446776,14.550028646689713,14.330159663089573,14.473243721096116,298835600,14.976422309875488,32.10812473536532
2013-09-16,13.880547523498535,14.234869151781414,13.791119376261143,14.216059942566146,543706800,14.777521133422852,26.773235924678616
2013-09-17,14.040901184082031,14.176277740702169,13.799752686136015,13.81393740751616,399380800,14.58853108542306,34.09497411702644
2013-09-18,14.32954216003418,14.381040629433471,14.205575281649372,14.283285763807193,456862000,14.405753544398717,38.256869475464676
2013-09-19,14.564519882202148,14.673376456710852,14.470465614747882,14.515180505584002,404541200,14.307337760925293,41.81150848609416
2013-09-20,14.413726806640623,14.75725466597281,14.370245436197566,14.74029492228587,699302800,14.306016377040319,41.66721301409988
2013-09-23,15.130084037780762,15.323434708932549,14.882150252960807,15.298456219206058,762106800,14.385092462812151,50.73183422861532
2013-09-24,15.082592964172363,15.279026611942168,15.043121782146802,15.260833340033445,364344400,14.49170207977295,46.37211426688855
2013-09-25,14.84915542602539,15.099246658940023,14.846072434322618,15.085679519171094,316957200,14.630074637276786,44.96046933168784
2013-09-26,14.993780136108398,15.065938928201858,14.922237283493269,14.986996567361782,237221600,14.766200201851982,45.65403849492354
2013-09-27,14.886773109436035,14.945980697385984,14.824172914015447,14.918535161707258,228040400,14.845804623195104,41.233740676876806
2013-09-30,14.70175075531006,14.85316152531534,14.629590316112006,14.717169005076633,260156400,14.865409033639091,43.01448212702079
2013-10-01,15.047439575195312,15.08382776899509,14.752015860319023,14.75417494255806,353883600,14.955939429146904,59.01368274499558
2013-10-02,15.096779823303224,15.16585563678808,14.917615512853228,14.97558959163381,289184000,14.95118168422154,57.74209673111189
2013-10-03,14.907124519348145,15.182811737559843,14.824789564406773,15.126069557747266,322753200,14.926114763532366,58.62450769673256
2013-10-04,14.89540958404541,14.94382341600154,14.758799475505048,14.921004010770254,258868400,14.93272250039237,67.71073268803173
2013-10-07,15.040961265563965,15.192064057129356,14.966951365289772,15.004265108597645,312292400,14.939462661743164,67.54305047680323
2013-10-08,14.830962181091309,15.130084840331088,14.818626920461307,15.108497310779944,290917200,14.931489671979632,59.04547952256771
2013-10-09,15.005192756652832,15.042196892561904,14.74893388658352,14.945059594765436,301725200,14.974838529314313,58.12775562082445
2013-10-10,15.0992431640625,15.183737209308214,15.019065635581022,15.15105124661468,278602800,14.982239042009626,62.91394488160687
2013-10-11,15.19700050354004,15.228762562259096,14.961094012972056,15.017526591218829,267738800,14.996556282043457,51.64367792935987
2013-10-14,15.29659938812256,15.344089297826285,15.090297594570876,15.105099901007868,261898000,15.05219554901123,55.125463091969756
2013-10-15,15.37801456451416,15.480395564688571,15.28056931471009,15.341934344589747,320073600,15.121139117649623,63.660975630184616
2013-10-16,15.452948570251465,15.49673791100395,15.39497450679782,15.443080364234357,251101200,15.179994446890694,62.303773828878256
2013-10-17,15.557488441467283,15.566123122534696,15.408852691763707,15.418103312315996,253593200,15.283783912658691,67.99613105290629
2013-10-18,15.69287109375,15.70428080070701,15.594808219753425,15.603442904160987,290542000,15.382023675101143,77.32076600617563
2013-10-21,16.077409744262695,16.168071429945144,15.773968952491748,15.78167807784469,398106800,15.521761757986885,77.79633150873056
2013-10-22,16.03145408630371,16.29603951535047,15.666338809445328,16.233131368063216,534063600,15.640969412667411,75.2706975247491
2013-10-23,16.18842315673828,16.21031865291295,16.004631093737384,16.004631093737384,313723200,15.768372808183942,85.26565673587302
2013-10-24,16.40274429321289,16.420013656168006,16.111022822900928,16.189657218573046,384764800,15.914762769426618,87.32423036360399
2013-10-25,16.219263076782227,16.443450254937602,16.193051060594982,16.384550622685744,337792000,16.024236270359584,78.63885034696999
2013-10-28,16.34014129638672,16.37468001639691,16.134455412435134,16.314237256379077,550440800,16.136043821062362,88.34193539320806
2013-10-29,15.933087348937988,16.629089056591567,15.867096188149,16.537193853675046,635807200,16.17036042894636,71.08011748056362
2013-10-30,16.186574935913086,16.26736841721629,15.943575258668032,16.02344483065958,354163600,16.185955456324987,73.03363114189759
2013-10-31,16.118730545043945,16.26644239477007,16.074633227718163,16.18965746337639,275696400,16.198423521859304,69.77621560303189
2013-11-01,16.03639793395996,16.183492218945783,15.90718895434995,16.159439282940838,274890000,16.176705632890975,65.99125869873265
2013-11-04,16.243621826171875,16.245780908143722,15.998772707941054,16.069390004562628,244627600,16.153973851885116,67.7455416930442
2013-11-05,16.203529357910156,16.309610910376993,16.127977975123823,16.176701411848263,265213200,16.151726177760533,65.61042301447549
2013-11-06,16.157630920410156,16.279840140454894,16.073263075122476,16.257816804900916,223375600,16.12565326690674,62.7937056013415
2013-11-07,15.896157264709473,16.228044650485998,15.89274650406544,16.116072641873377,262620400,16.12037754058838,54.112522375095935
2013-11-08,16.14646339416504,16.164143352508827,15.899253745197097,15.960978715477818,279316800,16.11464732033866,51.47719817076156
2013-11-11,16.09963035583496,16.180895564180865,15.955709204717737,16.12878663884887,227452400,16.111918721880233,51.45788195985277
2013-11-12,16.129404067993164,16.250682316403218,16.036041367944826,16.05682231704272,204276800,16.125205312456405,48.66533068898319
2013-11-13,16.148632049560547,16.198880691525144,16.03479652916076,16.0670554483148,197220800,16.11163534436907,43.697323155293326
2013-11-14,16.382186889648438,16.41692559327891,16.187086272787543,16.216242532508108,282419200,16.13715784890311,53.94301350943389
2013-11-15,16.283870697021484,16.41104116152824,16.268362427010906,16.333188387125627,317920400,16.155192102704728,48.62312617843075
2013-11-18,16.086597442626953,16.35210822159513,16.073260861196154,16.28386984928606,244944000,16.182397842407227,54.18594285458693
2013-11-19,16.11513328552246,16.233930066556702,16.066125368533015,16.09900382506188,208938800,16.177922112601145,47.779503565860225
2013-11-20,15.974003791809082,16.142119918215766,15.953222844251028,16.10520785329459,193916800,16.159975460597447,45.6977050760486
2013-11-21,16.164447784423828,16.166619471647426,15.932748138856446,16.054645886928732,262026800,16.16498170580183,53.57664575783761
2013-11-22,16.12289047241211,16.196091765696245,16.08349860198222,16.114205376673507,223725600,16.161304337637766,46.28385439293992
2013-11-25,16.24510383605957,16.311170546283762,16.160116433706385,16.16073596958944,229311600,16.14172104426793,51.21809466009922
2013-11-26,16.54472541809082,16.62971444180468,16.253162675645957,16.256883202431545,401382800,16.17898600442069,59.87354790749809
2013-11-27,16.934303283691406,16.935544011283724,16.544723102264626,16.63498479222157,363448400,16.30008683885847,74.85547826317273
2013-11-29,17.247894287109375,17.31799292478545,16.991689787826108,17.043488932381035,318127600,16.46190983908517,75.59503547608156
2013-12-02,17.09777069091797,17.504098315727855,17.085053643918016,17.30775850685506,472544800,16.622447967529297,72.1323033094859
2013-12-03,17.565818786621094,17.567680706272746,17.29782825170629,17.31705870120453,450968000,16.82264382498605,76.66729224798516
2013-12-04,17.524883270263672,17.654846637867603,17.395229670551828,17.54039154302175,377809600,17.022928510393417,75.34605497677745
2013-12-05,17.614826202392578,17.8393929215986,17.56861117134402,17.762159701497236,447580000,17.218603134155273,73.96909147419308
2013-12-06,17.370410919189453,17.57915964134039,17.356454802283626,17.549382174574912,344352400,17.336558205740793,69.99220891342418
2013-12-09,17.569232940673828,17.666937349716424,17.397706060555592,17.397706060555592,320493600,17.427262442452566,77.26477481503201
2013-12-10,17.54193687438965,17.614208849710977,17.40701063418536,17.48083310502345,278269600,17.469268526349747,76.25002895007043
2013-12-11,17.411972045898438,17.710051470306833,17.360174567117113,17.586911325749377,359718800,17.5141544342041,76.56456404396434
2013-12-12,17.38654136657715,17.535425395824955,17.37072332884503,17.436170480668075,262290000,17.488543374197825,74.04238202054935
2013-12-13,17.197032928466797,17.459131428354752,17.17346074456556,17.458200467894283,332822000,17.441707611083984,69.96924970994306
2013-12-16,17.292251586914062,17.451682666940762,17.215019987931417,17.215329755835878,282592800,17.395625523158483,69.66477185215432
2013-12-17,17.214387893676758,17.35241508365099,17.16444903217043,17.23982197599235,229902400,17.37333651951381,63.71843863556441
2013-12-18,17.08350372314453,17.104596100453602,16.712224542793148,17.05031548946926,565863200,17.30394663129534,53.41882134927711
2013-12-19,16.88777732849121,17.05961396384712,16.86513446338739,17.044105696738917,320308800,17.210495267595565,41.27699877567049
2013-12-20,17.029220581054688,17.10955646971555,16.89894746535771,16.91786815159159,436413600,17.1558164869036,48.332519852942546
2013-12-23,17.682758331298828,17.702298551926855,17.455400343725316,17.61793071733835,501306400,17.198133196149552,52.609104929340106
2013-12-24,17.607694625854492,17.738277484734486,17.556824791865584,17.67655252611992,167554800,17.256799152919225,51.8199354972305
2013-12-26,17.490758895874023,17.66445746276453,17.474629435596192,17.621031992785753,204008000,17.285157339913503,47.305357469827314
2013-12-27,17.372589111328125,17.506584448916577,17.354289612078038,17.48828494966649,225884400,17.3077575138637,50.050053472185695
2013-12-30,17.19982147216797,17.372589153751004,17.131583074960677,17.29101417024678,253629600,17.32437433515276,41.40827950883667
2013-12-31,17.401426315307617,17.409490216336934,17.183682765882704,17.188957100491855,223084400,17.39775276184082,46.97712284203304
2014-01-02,17.156702041625977,17.2776705233424,17.12227308585688,17.235797200404985,234684800,17.41596439906529,44.76665298062447
2014-01-03,16.779834747314453,17.17437613339979,16.762774330919463,17.148322513722114,392467600,17.28697531563895,39.1283514100821
2014-01-06,16.871335983276367,16.960355280594396,16.55092515345558,16.67034310212706,412610800,17.181781223842076,43.95134409459139
2014-01-07,16.750680923461914,16.93430364146784,16.684924016191996,16.88343546562028,317209200,17.076055799211776,40.036396021843224
2014-01-08,16.856760025024414,16.92189573781373,16.70880698915324,16.712527515358698,258529600,17.002365929739817,43.488109113590994
2014-01-09,16.641498565673828,16.96221920106993,16.60520769692469,16.960357281384244,279148800,16.922605514526367,42.191652874294434
2014-01-10,16.53045654296875,16.774253731516367,16.473694494640075,16.74416649974745,304976000,16.7981812613351,43.49297297071996
2014-01-13,16.61699676513672,16.826984547888287,16.435544063406557,16.436475023323776,378492800,16.72108050755092,42.33998332775702
2014-01-14,16.947641372680664,16.95818672886797,16.676857961666794,16.694228147808815,332561600,16.745052882603236,34.477167222876034
2014-01-15,17.28790855407715,17.375998588156065,17.11110895015743,17.168801975598413,391638800,16.80456324986049,43.9274832993114
2014-01-16,17.191444396972656,17.272090060716135,17.111728036847616,17.211605812908527,229278000,16.867529460362025,44.27168773256999
2014-01-17,16.770221710205078,17.123820810925455,16.746338116865875,17.105521320315233,426739600,16.855166843959264,39.67007188107567
2014-01-21,17.030778884887695,17.061795436893227,16.76247676486889,16.780156729596246,328526800,16.910778318132675,47.185842304035845
2014-01-22,17.106454849243164,17.285734225336647,16.99169000816716,17.087843931538615,379985200,16.99306379045759,44.87452274896596
2014-01-23,17.251306533813477,17.261232357316413,16.898638314165996,17.05775794504406,403239200,17.083679471697128,51.70297154801487
2014-01-24,16.937725067138672,17.23394107521195,16.896781033945626,17.183692408186104,429354800,17.0822628566197,52.90844341008138
2014-01-27,17.075122833251953,17.208498573321208,16.92779097750279,17.061786253152377,554878800,17.051864896501815,53.69146902106953
2014-01-28,15.710362434387209,15.974009726555211,15.572953026549534,15.780461093974996,1065523200,16.840281758989608,37.01013203342527
2014-01-29,15.532002449035645,15.737338719507289,15.465935776921762,15.63125899759999,502810000,16.66339329310826,33.75179225073941
2014-01-30,15.501914024353027,15.71035292591604,15.40638132235795,15.587522563117842,678501600,16.44498402731759,35.357855745089125
2014-01-31,15.527352333068848,15.5561988404138,15.30867944105136,15.359237856732726,464797200,16.219397953578405,36.821548376071206
2014-02-03,15.556196212768556,15.748505677080512,15.487028548203543,15.589695857852933,401464000,15.977239336286273,35.84902539906125
2014-02-04,15.78138542175293,15.802168026991678,15.594350257166443,15.690194411200308,376681200,15.812047958374023,33.99186730916949
2014-02-05,15.899250984191896,15.98268784985042,15.702599788619496,15.712215842246682,328344800,15.644066265651158,29.69974969614728
2014-02-06,15.99193000793457,16.022822257371303,15.845274311315242,15.915482605684591,257765200,15.684290204729352,32.44533383652404
2014-02-07,16.21565055847168,16.31706102173192,16.14388417919692,16.268696287935157,370280400,15.781954220363072,41.385996700812
2014-02-10,16.506155014038086,16.599764944482942,16.16323244636027,16.183826164458274,345559200,15.925417218889509,41.9262716854459
2014-02-11,16.723636627197266,16.77948861177751,16.52206222217294,16.556698918064466,282256800,16.096314975193568,44.35498296709973
2014-02-12,16.72239112854004,16.83597152443737,16.638768107815782,16.754531524321486,308100800,16.26291424887521,41.855713400432904
2014-02-13,16.987924575805664,17.001029359886147,16.668715432244074,16.683068370352565,307398000,16.435276985168457,50.78458599591953
2014-02-14,16.97420310974121,17.036299225438906,16.887460520298276,16.92677489545701,272924400,16.588841574532644,48.35925929601119
2014-02-18,17.036605834960938,17.198860906163823,17.02474753505769,17.036917456951088,260251600,16.738080978393555,87.3995470101973
2014-02-19,16.767635345458984,17.064689440983397,16.67340218344822,16.997914010642212,313768000,16.81693594796317,83.15026749871431
2014-02-20,16.57355308532715,16.756091943025368,16.506466026533342,16.630966529527633,305858000,16.826564243861608,76.4252707326537
2014-02-21,16.38945770263672,16.68027111150038,16.369175603313003,16.62472905493482,278784800,16.778824397495814,69.71576056067094
2014-02-24,16.46121597290039,16.535168693227934,16.3011456113748,16.323924009097933,288909600,16.741513660975865,70.29875022352576
2014-02-25,16.2899169921875,16.524251764585255,16.256841729157436,16.518324280173832,231952000,16.641798291887557,61.68844776263355
2014-02-26,16.14295768737793,16.381661952005114,16.08835214753791,16.33828980889549,276217200,16.523048945835658,55.52759916886467
2014-02-27,16.46497344970703,16.49960850308078,16.102391900772272,16.136403709825302,301882000,16.441387176513672,59.718246059778664
2014-02-28,16.420345306396484,16.623477864273323,16.291787062059324,16.508960941155475,371968800,16.391774313790457,54.539294533254484
2014-03-03,16.467775344848633,16.557952432568133,16.313319127798376,16.332353069032294,238781200,16.376663208007812,49.04605231968293
2014-03-04,16.576358795166016,16.620044199572654,16.468084316206763,16.568871535124092,259140000,16.403363364083425,46.129818680481485
2014-03-05,16.611309051513672,16.68588337003639,16.51052182086916,16.566377153895115,200062800,16.42480523245675,47.131781724053354
2014-03-06,16.56106948852539,16.6762096511325,16.478381340950136,16.62472369773699,185488800,16.463541303362167,37.599612576202034
2014-03-07,16.551393508911133,16.59944660932501,16.414411510467474,16.57167559675748,220729600,16.521889277866908,37.68819772285477
2014-03-10,16.566373825073242,16.64157303897796,16.485868705547098,16.486493615913943,178584000,16.536375045776367,35.91839951929833
2014-03-11,16.727699279785156,16.81038745376537,16.618488232425882,16.70773046904745,279224400,16.580282756260463,48.721655778741074
2014-03-12,16.743925094604492,16.76701512534068,16.600079002431578,16.678399466820302,199326400,16.6197327205113,56.15431678567787
2014-03-13,16.557952880859375,16.839092632621874,16.511459536891255,16.76982254939367,257742800,16.61710330418178,56.078278651301936
2014-03-14,16.37198257446289,16.565441542244827,16.319248458111552,16.49991425758162,237199200,16.58291380746024,47.02606011447227
2014-03-17,16.435941696166992,16.53672722477991,16.408170683694532,16.465897394949163,199544800,16.565038408551896,55.24169198769255
2014-03-18,16.58135414123535,16.59913992792057,16.387895174884672,16.409737047468123,209647200,16.569318498883927,65.75414200291166
2014-03-19,16.576988220214844,16.732379320711544,16.506468309966696,16.60819208900346,224756000,16.570834841047013,55.2162049817209
2014-03-20,16.49711036682129,16.620987660780397,16.45498638768979,16.534241726225044,208398400,16.537893567766464,53.461101202403086
2014-03-21,16.627229690551758,16.654689103879207,16.42316215582347,16.597898877711824,374046400,16.521222795758927,56.690440672757425
2014-03-24,16.824426651000977,16.86530246241041,16.695556777637783,16.800400092686278,355700800,16.55929047720773,59.68809545447097
2014-03-25,17.00540542602539,17.02912036421642,16.836907882261094,16.896507683006103,282293200,16.64977945600237,63.815339024755545
2014-03-26,16.84283447265625,17.130528241313844,16.81412858669118,17.053144331726013,299768000,16.70790699550084,59.15635079820401
2014-03-27,16.77044105529785,16.896502972530662,16.69742652875973,16.850321263664956,222031600,16.73491941179548,56.83946982257541
2014-03-28,16.751720428466797,16.816622791848175,16.670280435635224,16.797277231561264,200564000,16.759881155831472,55.773716651476064
2014-03-31,16.747983932495117,16.874980776199394,16.722707546171893,16.82567949129878,168669200,16.79572023664202,50.70067873929216
2014-04-01,16.90118408203125,16.90804976458361,16.74891257501562,16.779803147217827,200760000,16.834856578281947,54.962496433820746
2014-04-02,16.929269790649414,16.95828896968549,16.85781501989669,16.923965549988345,180420800,16.849834169660294,63.014160169959474
2014-04-03,16.811946868896484,16.927710298502905,16.776063671889013,16.893075256167734,162344000,16.822197232927596,66.19968761939008
2014-04-04,16.594467163085938,16.849709076375266,16.555776017194514,16.843781588825273,275251200,16.786716188703263,55.244112810922196
2014-04-07,16.333911895751953,16.56575201886716,16.284612291066637,16.47588655842012,289850400,16.724354880196707,42.39390062722134
2014-04-08,16.33297348022461,16.41659814979888,16.185069699026883,16.387578979658862,243888400,16.664533887590682,42.48341974026218
2014-04-09,16.547657012939453,16.552961253897013,16.288670740813078,16.308016305775794,206169600,16.635915756225586,51.43763243349981
2014-04-10,16.334224700927734,16.607563871373404,16.324551086922497,16.55888584575635,239652000,16.554921558925084,42.043508751575814
2014-04-11,16.213470458984375,16.313944407926485,16.13639815973616,16.194434850891135,271717600,16.452664511544363,32.691012881353004
2014-04-14,16.27806854248047,16.293044738486326,16.138590114807805,16.284932562881952,205674000,16.37639617919922,27.939056364069728
2014-04-15,16.1619815826416,16.27680845603548,15.95510457090664,16.23406125033061,266490000,16.314612524850027,28.749748482860525
2014-04-16,16.194746017456055,16.259648383845633,16.042786126098587,16.164790310001845,214765600,16.29473168509347,31.576094520256945
2014-04-17,16.379789352416992,16.467783462762966,16.20068324329884,16.225646347854987,284334400,16.30141966683524,39.24234851218158
2014-04-21,16.57417869567871,16.60444436245952,16.3492025727989,16.392263074374505,182548800,16.305208478655135,45.47225236613123
2014-04-22,16.590717315673828,16.594773401860937,16.428460536764078,16.48493745417052,202563200,16.34185028076172,41.29209936723894
2014-04-23,16.373851776123047,16.572928246224723,16.364489784468464,16.50833750280508,394940000,16.364761897495814,35.913483725470655
2014-04-24,17.71620750427246,17.78579085153157,17.49653736299832,17.729937200557252,759911600,16.570210320608957,64.14460709872253
2014-04-25,17.846332550048828,17.84789066038982,17.59733151970507,17.615115641158592,390275200,16.81083188738142,70.13207940714565
2014-04-28,18.53748321533203,18.58928080569317,17.865366028278697,17.873168245505827,669485600,17.14550862993513,81.1262956425029
2014-04-29,18.48255920410156,18.59645121314522,18.39456681616489,18.52655623128381,337377600,17.445904323032924,79.9075971000031
2014-04-30,18.41267204284668,18.70411039441238,18.40362333596569,18.492240671972517,456640800,17.708546229771205,77.03770271951777
2014-05-01,18.45604133605957,18.55963483989888,18.29628087256605,18.472265680198223,244048000,17.97502108982631,82.35608584443968
2014-05-02,18.49036407470703,18.540915174303244,18.400811889402902,18.482876812782333,191514400,18.277379989624023,85.66092386667528
2014-05-05,18.751848220825195,18.753098042083103,18.409862129666955,18.414231504784595,287067200,18.42532866341727,86.49388595099644
2014-05-06,18.54747009277344,18.859500484444844,18.54747009277344,18.778060460565044,374564400,18.525491169520787,84.2979317849373
2014-05-07,18.48255920410156,18.63732702102921,18.339024777077533,18.57367281133649,282864400,18.51764488220215,82.59230255467443
2014-05-08,18.449613571166992,18.65105707228087,18.3997235775294,18.457771050981176,230297200,18.512938363211497,80.82254111910311
2014-05-09,18.372737884521484,18.395015109012363,18.20925985590467,18.341359741856248,291597600,18.507233483450754,77.75440129082162
2014-05-12,18.60148429870605,18.62752690759732,18.43110386893838,18.43392915936954,213208800,18.528011049543107,79.12178919471098
2014-05-13,18.630659103393555,18.6551332173657,18.53464617397567,18.575435246772383,159737200,18.548053196498326,84.56430381329467
2014-05-14,18.634111404418945,18.744874157598503,18.567278052652476,18.58892855298652,166404000,18.531233651297434,73.83241254855662
2014-05-15,18.47565078735352,18.719766818655533,18.45117667931199,18.660150874274464,230846000,18.520973750523158,66.10265280106834
2014-05-16,18.74833297729492,18.74895970253207,18.36835147689557,18.4696999858332,276256400,18.558941432407924,56.86532423140358
2014-05-19,18.97048568725586,19.056459320855783,18.74268446466144,18.759001105736623,317755200,18.633351734706334,64.32682183740695
2014-05-20,18.974245071411133,19.027272043482665,18.849362563932345,18.96796944221104,234836000,18.719281332833425,67.15549288552756
2014-05-21,19.024452209472656,19.03668843204263,18.89109883287773,18.94663606766466,196859600,18.7797053200858,67.29213933004144
2014-05-22,19.05457305908203,19.13552785185376,18.95510808951551,19.03355095443866,200760000,18.840264456612722,67.20830444029737
2014-05-23,19.26982688903809,19.288653783695462,19.029476065655142,19.053950190841704,232209600,18.931080954415457,66.2567314852729
2014-05-27,19.630664825439453,19.63788054369612,19.31689000409994,19.32473412327306,348866000,19.096082959856307,80.95584355554001
2014-05-28,19.5798282623291,19.76244487540918,19.57261087010381,19.64289623859824,315481600,19.214868000575475,81.61236612613435
2014-05-29,19.93659019470215,19.98334321430994,19.69780794466656,19.700318196400342,376474000,19.352882930210658,86.10354198196141
2014-05-30,19.861915588378903,20.212400739726124,19.733267682042023,20.01817459204046,564020800,19.479693004063197,86.19567112090225
2014-06-02,19.725425720214844,19.919338526527387,19.532454677475364,19.892040788795736,369350800,19.579832077026367,78.60098723007718
2014-06-03,20.004371643066406,20.04202543098283,19.712875690158118,19.71946468410949,292709200,19.715517589024135,81.01441124719781
2014-06-04,20.232799530029297,20.3291292136666,19.959502070968828,20.001234600173024,335482000,19.853085109165736,82.76522036903702
2014-06-05,20.31218147277832,20.375564502609432,20.16345322009139,20.276097854404977,303805600,19.950444630214147,88.90076672654065
2014-06-06,20.256328582763672,20.43486816939427,20.221815129859294,20.392193883529888,349938400,20.04708753313337,85.17267273947034
2014-06-09,20.58045768737793,20.61999332008912,20.152156396119807,20.36081565581259,301660000,20.139068603515625,85.84598214854469
2014-06-10,20.701265335083008,20.87697966339404,20.55190865873944,20.80669426721683,251108000,20.258975710187638,86.5471644803229
2014-06-11,20.615596771240234,20.81327489216893,20.52993653146036,20.67489936965117,182724000,20.38614300319127,83.1738699574181
2014-06-12,20.270767211914062,20.672712609537797,20.18510693710717,20.65514084143996,218996000,20.424199513026647,72.4150343799654
2014-06-13,20.04892921447754,20.30371483697078,19.96107204548897,20.250999530135967,218100000,20.397932325090682,64.32445966873144
2014-06-16,20.250995635986328,20.371799429582754,20.086264104210727,20.09944376625312,142244000,20.389191491263254,62.11247253361141
2014-06-17,20.224632263183597,20.360809207153395,20.16313278194108,20.27514897603201,118904000,20.384663445608957,62.71182106896278
2014-06-18,20.246601104736328,20.270761860558547,20.064297829254333,20.266368081826,134056000,20.33696964808873,57.04107898952602
2014-06-19,20.176313400268555,20.27295641241432,20.062098626689856,20.270759523301347,142112000,20.261976514543807,57.154973864714755
2014-06-20,19.96765518188477,20.32786793066777,19.965458292661506,20.174117524013496,403592000,20.16941343035017,55.33727036768078
2014-06-23,19.9500789642334,20.12359630793997,19.899560577793213,20.05770305184148,174776000,20.123600823538645,48.64799395836401
2014-06-24,19.829280853271484,20.149957994199475,19.8095138762674,19.932512868476607,156144000,20.092222486223495,39.382353708748425
2014-06-25,19.84685707092285,19.92153456845686,19.6909114063054,19.81391042611951,147476000,20.034488405500138,37.344453874102264
2014-06-26,19.965465545654297,19.998412193030077,19.72385959112541,19.849055510564494,130516000,19.99746458871024,42.3504460433964
2014-06-27,20.202672958374023,20.20706506128109,19.93690464976857,19.94788742063958,256116000,19.99118913922991,39.588432198756884
2014-06-30,20.41133117675781,20.587045447480097,20.226831024925865,20.229027914137152,197929200,20.024763107299805,42.378598768013134
2014-07-01,20.54092025756836,20.66172403465461,20.45526000681104,20.54092025756836,152892000,20.106658118111746,48.081307251553
2014-07-02,20.532135009765625,20.659526096904308,20.44647308761987,20.617795256175896,113860000,20.189808981759207,58.117105440863256
2014-07-03,20.65293312072754,20.66830799081628,20.470629892721668,20.57386188148969,91567200,20.307473591395787,70.01415714430185
2014-07-07,21.079044342041016,21.08343644499535,20.66831317278437,20.677099054428616,225872000,20.48350034441267,73.89080151092259
2014-07-08,20.94286155700684,21.2613434197487,20.62877347208776,21.144931767738417,260888000,20.62312834603446,69.48738357271725
2014-07-09,20.95165634155273,21.074655361102344,20.81328244455942,20.96263911504222,145744000,20.730125972202845,69.26768092705375
2014-07-10,20.874778747558597,20.98679665214653,20.540921923302378,20.593637217070643,158744000,20.79633276803153,69.01909091947854
2014-07-11,20.9143123626709,21.06147210650729,20.83524110538123,20.945062109868488,136072000,20.849674497331893,78.39238294858716
2014-07-14,21.184473037719727,21.281116066765165,21.008760419870203,21.05488504489579,171240000,20.94286564418248,82.1510115592582
2014-07-15,20.936279296875,21.272331351740632,20.872582903848684,21.261350255123823,181911600,20.9833436693464,77.03851264094962
2014-07-16,20.817676544189453,21.32724611426228,20.808890659702804,21.29869324648276,213585200,20.946005412510463,72.59712757219938
2014-07-17,20.44647026062012,20.927486712982702,20.33225717310975,20.87257622027411,229192000,20.875092370169504,60.01800328762614
2014-07-18,20.740800857543945,20.80888936340372,20.431104732692663,20.56289131604658,199952000,20.84497015816825,60.94723919143772
2014-07-21,20.63317108154297,20.865991077328307,20.58484957093041,20.863794188008946,156316000,20.810454777308873,54.7063869735523
2014-07-22,20.804492950439453,20.84183169264628,20.6727080701158,20.795707068319786,220788000,20.79476628984724,55.49446529677467
2014-07-23,21.34700584411621,21.498557679844417,20.90332807967372,20.95823857794484,371672000,20.81798526218959,63.89494369195777
2014-07-24,21.31186294555664,21.37555932650644,21.17788119178904,21.3140598347578,182916000,20.871640069144114,61.573973877659434
2014-07-25,21.45243453979492,21.48977327901427,21.226203539455245,21.2723281600913,173876000,20.962319782802037,57.28975359229753
2014-07-28,21.748950958251957,21.79727246827053,21.42607861316837,21.48538121817765,221272000,21.1483884538923,64.81022151044836
2014-07-29,21.608381271362305,21.84120295149177,21.57982841209713,21.81704219529215,172572000,21.272328513009207,61.5086875109886
2014-07-30,21.557861328125,21.67866341535966,21.452432437193394,21.62155770535144,132040000,21.404427119663783,62.08220427727813
2014-07-31,20.997774124145508,21.404111474664653,20.93847152356105,21.340416771558733,227372000,21.432038715907506,51.246678032392325
2014-08-01,21.114185333251957,21.22181112221045,20.82425795373813,20.844026605566725,194044000,21.398778642926896,48.89955953714078
2014-08-04,20.995576858520508,21.213023633480205,20.903327625605392,21.166899017022647,159832000,21.35359491620745,50.96763952478625
2014-08-05,20.892343521118164,21.015342480614606,20.72541516484789,20.945057121511617,223732000,21.273581913539342,51.224585939362235
2014-08-06,20.85721015930176,20.97142497079101,20.802299643399294,20.81108552703201,154232000,21.14619037083217,57.57099322307051
2014-08-07,20.855003356933597,21.17948176709616,20.771123140748948,20.954333241911968,186844000,21.038564954485214,52.35910201643635
2014-08-08,20.91239356994629,20.9300527404662,20.590121286278343,20.80644191496923,167460000,20.946355274745397,55.890208347918716
2014-08-11,21.18830680847168,21.2081737916497,20.934461765208795,21.029377679330715,146340000,20.973574229649135,57.75438780378212
2014-08-12,21.183897018432617,21.38476460204222,21.10443243825905,21.19934837101797,135180000,20.9835330418178,45.789032062367795
2014-08-13,21.464221954345703,21.464221954345703,21.19934123234391,21.22362216166897,127664000,21.0504823412214,53.491435754609924
2014-08-14,21.521615982055664,21.537067331295333,21.36710248965895,21.484091517340858,112464000,21.140378407069615,51.648182868277225
2014-08-15,21.6275691986084,21.67392324612289,21.38034592779372,21.609910032677902,195804000,21.250429698399135,46.819395395747506
2014-08-18,21.88803100585937,21.93438504279348,21.627564262084128,21.7401376300368,190288000,21.398005076817103,56.894555625464875
2014-08-19,22.190439224243164,22.223549736368675,21.923350678819748,21.94321765972329,277596000,21.580583027430944,63.87271268581487
2014-08-20,22.199268341064453,22.314049538746787,22.062412346380786,22.170573462661512,210796000,21.725006103515625,84.75182743497089
2014-08-21,22.20148468017578,22.280949264487475,22.097739157098225,22.199276862814006,133912000,21.870375769478933,83.67330061645401
2014-08-22,22.364822387695312,22.39793290382509,22.11539297644979,22.13746609251271,176736000,21.999032974243164,91.26191940499268
2014-08-25,22.413389205932617,22.552451383519877,22.35599774423118,22.46857285031868,161080000,22.12642914908273,97.39802007503195
2014-08-26,22.269908905029297,22.404557117009915,22.26328713789435,22.38689794860272,132608000,22.218191964285715,91.23722647650628
2014-08-27,22.54362297058105,22.64074672865367,22.22797244091633,22.29860744204061,209476000,22.311847959245956,92.5473641311922
2014-08-28,22.570106506347656,22.68709554201479,22.417799136252995,22.42442090294044,273840000,22.366086142403738,92.42945421419596
2014-08-29,22.62529563903809,22.71358981249249,22.55907458792946,22.70476022673992,178380000,22.4269471849714,91.46510066375336
2014-09-02,22.8018798828125,22.899001940471347,22.673853438545176,22.74890237783024,214256000,22.512717928205216,92.46800215071205
2014-09-03,21.839475631713867,22.779803546890296,21.76001106366081,22.757730430002415,501684000,22.43766839163644,57.25261640659272
2014-09-04,21.658470153808597,22.0933157123717,21.585627363260983,21.81960539876112,342872000,22.32982281276158,52.52439392521432
2014-09-05,21.846094131469727,21.93880221897761,21.70040855046824,21.80856966996472,233828000,22.269277845110214,53.91298467457029
2014-09-08,21.711444854736328,21.92114194934734,21.643017700845046,21.91893581694929,185426800,22.150395257132395,46.68879335627076
2014-09-09,21.629772186279297,22.75331161519832,21.221413716919656,21.870373655903737,759385200,22.016061782836914,38.537964767472936
2014-09-10,22.294187545776367,22.318468478819213,21.579008139610103,21.63419177214915,403478400,21.968760626656668,51.53029187630728
2014-09-11,22.38910484313965,22.39131266011732,21.989575857797483,22.16395634947353,249412400,21.909792763846262,52.93703149231548
2014-09-12,22.43988037109375,22.55686944030308,22.311853898193537,22.34054879008992,250504400,21.99556486947196,51.2178877730901
2014-09-15,22.43324851989746,22.74669281621502,22.39131010652998,22.6937153192181,245266000,22.10624749319894,50.326682136900274
2014-09-16,22.263282775878903,22.351576916544527,21.82843552245901,22.029304734575067,267632400,22.16584587097168,49.891942936912535
2014-09-17,22.422212600708008,22.470774463811978,22.20368421674014,22.353783755393,243706000,22.267384120396205,47.94306742566432
2014-09-18,22.468564987182617,22.592175768445596,22.41779531112356,22.49946768249836,149197600,22.387211663382395,48.29118950055883
2014-09-19,22.285364151000977,22.59218509839487,22.18382644102117,22.578941561810502,283609600,22.38595117841448,44.51569266067461
2014-09-22,22.30742645263672,22.54582009994506,22.20147484321332,22.47077118360936,211153600,22.374282836914062,41.60408389050033
2014-09-23,22.65618896484375,22.722409988529183,22.19264685125748,22.20589038236633,253608800,22.405184064592635,67.51878124240548
2014-09-24,22.45974349975586,22.70255120077682,22.338338807209784,22.55024548584861,240687200,22.40896906171526,67.07448918542786
2014-09-25,21.603290557861328,22.2301758582488,21.57018003924741,22.186029622810864,400368000,22.314684459141322,45.973719218319765
2014-09-26,22.23900032043457,22.23900032043457,21.72027459518395,21.748969473202987,249482000,22.288511276245117,57.50158254368876
2014-09-29,22.097734451293945,22.170577252079354,21.771046598240822,21.775462232024044,199065200,22.23553548540388,56.54330206769272
2014-09-30,22.23900032043457,22.41338077317458,22.190438462194244,22.252243851201733,221056400,22.228912081037247,49.09610287695078
2014-10-01,21.892454147338867,22.22576381086066,21.786500815518917,22.203689007181158,205965200,22.169630323137557,42.48493454318766
2014-10-02,22.051374435424805,22.12200940020969,21.640808176340656,21.91231063807896,191031200,22.083228247506277,44.30762506434661
2014-10-03,21.98957633972168,22.119808915053014,21.861549897345448,21.949844053607364,173878400,22.016061510358536,43.602748421120964
2014-10-06,21.98957633972168,22.21693265534822,21.94542841955524,22.06241746087213,148204800,22.071245193481445,45.85005590094809
2014-10-07,21.79753875732422,22.09994572407118,21.79312480692162,21.94763833207927,168376800,22.00817925589425,40.62282219240696
2014-10-08,22.250043869018555,22.31847104232388,21.70041361326797,21.799745173689995,229618800,22.029937744140625,47.076228148526226
2014-10-09,22.298603057861328,22.598802174634518,22.20810276987272,22.4133859646651,309506000,22.038452420915878,50.183754716971144
2014-10-10,22.23459243774414,22.52154634843505,22.139676511852524,22.225762853466897,265326400,22.0873293195452,49.000707611851865
2014-10-13,22.03151512145996,22.466362458849545,22.03151512145996,22.36703258396413,214333600,22.08449227469308,41.07250237287729
2014-10-14,21.79753875732422,22.18823820469205,21.757806467416376,22.15954331689738,254754400,22.057058334350586,40.63657664616268
2014-10-15,21.530447006225582,21.88582974659674,21.009513362603425,21.625362924785662,403734400,21.99146842956543,48.76400770767778
2014-10-16,21.24790573120117,21.57017793384056,21.06028172279704,21.09118442140145,288618000,21.912949425833567,30.89342406296258
2014-10-17,21.55913734436035,21.85271462173841,21.36930554726405,21.521612885045403,272718800,21.814248493739537,40.25537959089023
2014-10-20,22.02047538757324,22.06462161634279,21.680544037021534,21.702617151406308,310069200,21.77451596941267,46.45669729673554
2014-10-21,22.61865997314453,22.74006291348828,22.35377761553314,22.74006291348828,378495600,21.829382760184153,60.88675618751223
2014-10-22,22.73345184326172,22.980675156514167,22.647365499661618,22.700341322476056,273052400,21.92965943472726,60.362316698802125
2014-10-23,23.139596939086918,23.18815879622951,22.874714541237456,22.97404607195744,284298800,22.121382032121932,65.8165813590872
2014-10-24,23.22568893432617,23.285286520074337,23.073381560422877,23.216859350498492,188215600,22.363559450422013,66.60735216261324
2014-10-27,23.20140647888184,23.283078860880728,23.11090451363408,23.14401502979962,136750800,22.642630985804967,69.75149055752145
2014-10-28,23.56120491027832,23.56120491027832,23.254384026822176,23.26542142772328,192243600,22.928640638078964,68.94127929532513
2014-10-29,23.69364356994629,23.70026702044568,23.47732467428238,23.541337889876623,210751600,23.167664664132253,69.67617040989437
2014-10-30,23.61417579650879,23.69584647763566,23.37578215004398,23.609760163757333,162619200,23.30988121032715,69.37368250473432
2014-10-31,23.83933448791504,23.848164073147256,23.66495396873897,23.84154230524089,178557200,23.467864445277623,75.23098235515226
2014-11-03,24.14835548400879,24.347016877792527,23.841534652970267,23.887888697508032,209130400,23.61197280883789,82.13620271304072
2014-11-04,23.97177505493164,24.168228696436643,23.77752923076692,24.13953380729779,166297600,23.718556540352957,84.22033683514856
2014-11-05,24.029163360595703,24.126287101954624,23.868026397347585,24.082139181304672,149743600,23.83680752345494,91.61168590422636
2014-11-06,24.097885131835938,24.117838262709345,23.89836397134169,24.07571630193361,139874000,23.913476126534597,90.95535153290854
2014-11-07,24.166603088378903,24.2353269468331,24.06462514986299,24.10896279569677,134766000,23.981041772024973,89.64342413734565
2014-11-10,24.126707077026367,24.23755292224872,24.091235594696,24.168827348076967,108782000,24.054260526384628,85.09534077925665
2014-11-11,24.31957244873047,24.330657707378705,24.0313743289794,24.0978808067498,109769200,24.12286594935826,85.61796386052052
2014-11-12,24.66320037841797,24.70310495005596,24.246420612378213,24.24863631147734,187769600,24.196415219988143,85.20248301367312
2014-11-13,25.01125144958496,25.150916577757336,24.74078737067745,24.785126714728783,238091600,24.34491184779576,86.8003059914417
2014-11-14,25.31275177001953,25.31496916002562,24.654327322170715,25.08440964920958,176254400,24.528281620570592,89.05221506371753
2014-11-17,25.27063369750977,25.999999515203044,25.11766759105919,25.33270709622864,186986800,24.695817129952566,85.82876861832077
2014-11-18,25.59874153137207,25.64751397725264,25.24846823038754,25.25955349222348,176896000,24.900408336094447,86.90301661710915
2014-11-19,25.421384811401367,25.65859484388199,25.228514130218667,25.592088353995077,167476800,25.08536229814802,83.72776810339568
2014-11-20,25.784950256347656,25.906881316687247,25.461280713250336,25.474583359797304,173582000,25.294701984950475,84.52711937725064
2014-11-21,25.8204288482666,26.064289344845676,25.722883973085697,26.050988386002167,228717200,25.460020337785995,82.86338935473441
2014-11-24,26.299280166625977,26.33031686271268,25.853681162221257,25.904669295203806,189803200,25.644024440220424,90.88726911589409
2014-11-25,26.070940017700195,26.547577445816213,26.037685928971506,26.396827042769598,275361600,25.752337047031947,83.8356361824943
2014-11-26,26.381317138671875,26.403485974463237,26.12193820802808,26.1463244348107,163073200,25.911006110055105,85.03427996848856
2014-11-28,26.36578941345215,26.469984765149167,26.17070135990386,26.44116376662769,99257600,26.02058437892369,84.30157595893611
2014-12-01,25.51005744934082,26.43672859043836,24.66762852420741,26.33918372567872,335256000,26.033251898629324,67.19943426938798
2014-12-02,25.41251564025879,25.660810920696825,24.995735907633406,25.162004660899264,237395600,25.98004695347377,63.91867266925019
2014-12-03,25.70071792602539,25.793828030753204,25.5189308062063,25.660813353802983,172253600,25.9629453931536,63.40202070772078
2014-12-04,25.603166580200195,25.98225907497526,25.558828929528342,25.665239967689967,168178000,25.863500595092773,58.17505719015372
2014-12-05,25.494539260864254,25.73396664420016,25.414730133085623,25.714013516568983,153275600,25.781157629830496,52.65199092008434
2014-12-08,24.918140411376957,25.41694659611432,24.745221204621007,25.29501551885156,230659600,25.57213238307408,45.55119039021689
2014-12-09,25.29945182800293,25.339356392848877,24.241981705271897,24.428203571677336,240832000,25.41979844229562,46.272727445480726
2014-12-10,24.818384170532227,25.461290413733533,24.72749145659124,25.363747219671662,178261200,25.320987973894393,43.01851976171462
2014-12-11,24.745227813720703,25.228515780556084,24.683152717842937,24.88711036440876,165606800,25.22566114153181,37.09433794304511
2014-12-12,24.32622528076172,24.80064527220147,24.29297119528504,24.48805923664291,224112400,25.029305049351283,33.06539789320769
2014-12-15,23.99369430541992,24.740794279037125,23.576912811824872,24.54127140352604,268872400,24.799380438668386,22.973186285623257
2014-12-16,23.665584564208984,24.421553932170685,23.55695612503971,23.581342342804486,243162800,24.538101196289062,22.448111041344646
2014-12-17,24.25528717041016,24.35061296771528,23.6811048479873,23.747613027576232,213647200,24.44340787615095,27.11220696531798
2014-12-18,24.97356986999512,24.97356986999512,24.532403868940317,24.800650617891897,236024800,24.396853310721262,36.981831879070405
2014-12-19,24.78069496154785,25.104364601479507,24.754093043240715,24.887107708896117,353719200,24.391469138009207,42.21491933480839
2014-12-22,25.03785514831543,25.15978453931675,24.82281398014958,24.864935934310363,180670000,24.43327304295131,46.13271959805327
2014-12-23,24.94917869567871,25.124315303559456,24.931442957605785,25.102146476654838,104113600,24.522266387939453,41.90928164774904
2014-12-24,24.831682205200195,24.986865683745435,24.831682205200195,24.958046378122194,57918400,24.64197894505092,41.730075960299125
2014-12-26,25.27063369750977,25.388130015280957,24.831685125784443,24.851636564784112,134884000,24.871271678379603,47.75857848612644
2014-12-29,25.252904891967773,25.44355821702856,25.20634814188905,25.226301276404733,110395600,25.01378849574498,53.77322511393001
2014-12-30,24.944747924804688,25.25511662547371,24.85385521247477,25.193043223614577,119526000,25.00967107500349,45.934996491672926
2014-12-31,24.470319747924805,25.07997168651198,24.432632579468883,25.011247827401444,165613600,24.965331758771622,46.00500714994393
2015-01-02,24.23754501342773,24.705314462940628,23.79859486537437,24.694229205486213,212818400,24.851001739501953,44.37891215651159
2015-01-05,23.55473518371582,24.0867954226108,23.368515030357656,24.00698630220791,257142000,24.651795523507253,41.92948648626002
2015-01-06,23.556961059570312,23.816339948630358,23.195602497746687,23.619034466383983,263188400,24.469692502702987,45.092199955760535
2015-01-07,23.887279510498047,23.98704009408535,23.65450256029652,23.765348404892794,160423600,24.272070475987025,52.490066043564575
2015-01-08,24.805084228515625,24.86272454421829,24.09788716282708,24.215385184821525,237458000,24.20809609549386,55.75138850424627
2015-01-09,24.831682205200195,25.10657937778308,24.43263655840806,24.97799781477527,214798000,24.191943849836075,48.264585506781124
2015-01-12,24.219816207885746,24.96913348258544,24.120055627743543,24.962483002759065,198603200,24.156157629830496,43.77768768377348
2015-01-13,24.43485641479492,25.006821335803178,24.1444408650448,24.703103135568583,268367600,24.18434497288295,43.24730731720233
2015-01-14,24.34174346923828,24.494709555233538,24.05354365215632,24.17325734426545,195826400,24.29677472795759,43.20437759020009
2015-01-15,23.68109893798828,24.39937931797329,23.645629158066637,24.38607836192428,240056000,24.31450871058873,38.52277021110945
2015-01-16,23.49710273742676,23.84959341886101,23.321966091998515,23.7276623076852,314053200,24.258769171578543,31.360704774039036
2015-01-20,24.102319717407227,24.15774263740076,23.61016391724493,23.907229956551088,199599600,24.1583742414202,39.23679556481135
2015-01-21,24.28632354736328,24.62107675709558,24.00255678407537,24.153307189951693,194303600,24.080465861729213,43.69426835363125
2015-01-22,24.918140411376957,24.93365875835831,24.32400675479041,24.443720442092136,215185600,24.180226462227957,54.163272442398124
2015-01-23,25.046724319458008,25.217426152284684,24.72527039983578,24.89597392403558,185859200,24.267636162894114,57.67134459145468
2015-01-26,25.073326110839844,25.35265807271684,25.006819628451208,25.215208636250004,222460000,24.372147968837194,66.442688840857
2015-01-27,24.195432662963867,24.93588384068437,24.171046439988512,24.92258118818741,382274800,24.445624215262278,55.811157308149696
2015-01-28,25.563262939453125,26.186217609496115,25.563262939453125,26.077587486100576,585908400,24.7407899584089,62.83096728220019
2015-01-29,26.3591423034668,26.423433096590607,25.618691178673068,25.787177336812245,337745600,25.06319318498884,62.12386978655481
2015-01-30,25.97340202331543,26.603005679197125,25.90467644184349,26.248299275082537,334982000,25.304204395839147,58.43440890517121
2015-02-02,26.299280166625977,26.4189938621203,25.73396746672693,26.170700293426663,250956400,25.501510075160436,66.03970505155125
2015-02-03,26.30372428894043,26.401267500696697,26.073164685143794,26.270470190930336,207662800,25.68108149937221,64.89934908627873
2015-02-04,26.50545692443848,26.71606503689038,26.22834232229648,26.27046428306152,280598800,25.885671615600586,66.95630467894037
2015-02-05,26.694637298583984,26.75918181333036,26.541065808392663,26.71244133523432,168984800,26.242700849260604,75.50043384059973
2015-02-06,26.4698486328125,26.76363650826612,26.36301590626183,26.712445437657788,174826400,26.372213091169083,74.9827765789685
2015-02-09,26.645671844482425,26.67237874794815,26.35856074588781,26.385269347401834,155559200,26.413145882742747,73.03678805655362
2015-02-10,27.157569885253903,27.186504623719213,26.74359766138815,26.745822104310072,248034000,26.582312720162527,74.5485772731601
2015-02-11,27.79412078857422,27.80302365774681,27.264412808170142,27.32450505252429,294247200,26.795861380440847,74.56916357673254
2015-02-12,28.145776748657227,28.372795669606173,27.947692577307883,28.05674975412918,297898000,27.059011731828964,75.50283784123154
2015-02-13,28.28376197814941,28.32827461584955,27.965491694253423,28.32827461584955,217088800,27.313055310930526,75.94383580097761
2015-02-17,28.45069122314453,28.684386851565183,28.248154785440164,28.37501768994175,252609600,27.563920157296316,88.85146701672173
2015-02-18,28.64876747131348,28.662120921349977,28.36610699318837,28.406169041345944,179566800,27.87519427708217,85.82328813900119
2015-02-19,28.58868789672852,28.71777697202242,28.56198098325317,28.595364625097357,149449600,28.152767998831614,81.21945956109363
2015-02-20,28.82237243652344,28.82237243652344,28.49965157108669,28.6265127571537,195793600,28.39059693472726,91.667368709994
2015-02-23,29.60136032104492,29.60136032104492,28.857988628797774,28.93811274746554,283896400,28.648774010794504,92.6425172676922
2015-02-24,29.41662979125977,29.73490182419154,29.194063171007127,29.58800703976149,276912400,28.83032444545201,88.41098646297041
2015-02-25,28.664350509643555,29.289765499417644,28.521908023525217,29.280860933730825,298846800,28.884694235665457,73.45272539962887
2015-02-26,29.02713394165039,29.12728822683171,28.179155786433736,28.66434931718159,365150000,28.96704319545201,74.41764252044226
2015-02-27,28.59090614318848,29.06052179210405,28.541941220848717,28.93365720347011,248059200,28.958777291434156,71.26291641220405
2015-03-02,28.73112297058105,28.995977780785267,28.555296842347182,28.76673444336919,192386800,28.97912515912737,71.0562916190191
2015-03-03,28.791221618652344,28.82683309726901,28.50856102579106,28.70219631820821,151265200,28.974675042288645,68.15053194690627
2015-03-04,28.60870742797852,28.835726296270856,28.559745903539564,28.73334756867589,126665200,28.832867486136305,60.06594701612152
2015-03-05,28.13465118408203,28.6554563326568,27.98998252123944,28.617620409496848,226068400,28.64972768511091,49.86655673363461
2015-03-06,28.17693328857422,28.7934420686846,28.101261454083147,28.57755217915056,291368400,28.580096653529576,48.68855767803368
2015-03-09,28.29710960388184,28.83794805907249,27.834170795700423,28.47961409775459,354114000,28.475807462419784,48.09271940442046
2015-03-10,27.711769104003903,28.3149244137179,27.553747014570217,28.13464600287989,275426400,28.350216456821986,39.3847591298413
2015-03-11,27.206546783447266,27.76964013549162,27.17761373028428,27.765189549639157,275756000,28.13241985866002,35.776345676569605
2015-03-12,27.698413848876957,27.79856984189361,27.070776078556776,27.2221214408066,193450800,27.97630446297782,39.016941343468496
2015-03-13,27.50701141357422,27.909858204090373,27.282220320035965,27.687291554453367,207309200,27.818919318062918,26.879471271841595
2015-03-16,27.809703826904297,27.809703826904297,27.34676645897617,27.571557565722188,143497200,27.772498267037527,32.71066510702046
2015-03-17,28.274864196777344,28.33718257998601,27.965496724385357,28.021138380542887,204092400,27.786488396780832,45.53345550166521
2015-03-18,28.5931339263916,28.746705437477463,28.12574436427423,28.26596072349488,261083600,27.8287775857108,44.97164518896358
2015-03-19,28.377243041992188,28.766734613156785,28.35498672039248,28.65545130710976,183238000,27.923845291137695,47.39129199523624
2015-03-20,28.021137237548828,28.577552078379163,27.85643841749427,28.544168444485248,274780400,28.040215356009348,41.76556809941576
2015-03-23,28.312700271606445,28.45514277631156,28.159128756389,28.29267009034257,150838800,28.12797055925642,44.73289186559799
2015-03-24,28.19696044921875,28.497423293342283,28.168025707185222,28.31714660569711,131369200,28.226534707205637,45.40026557663196
2015-03-25,27.46026992797852,28.225899671022653,27.46026992797852,28.163581286923453,206620800,28.17661557878767,42.88387658757766
2015-03-26,27.65167808532715,27.794120594999196,27.28666894203646,27.3222804184788,190291600,28.087588991437638,44.626577528816895
2015-03-27,27.43133544921875,27.75405636351956,27.35566361476696,27.72512331470832,158184800,27.921617780412948,41.32090039384484
2015-03-30,28.12574577331543,28.132422500558253,27.59826224650013,27.6093912572706,188398800,27.88568959917341,54.061170440686325
2015-03-31,27.693965911865234,28.15245262749894,27.678386315646087,28.063425635654404,168362400,27.838950838361466,54.85156063710384
2015-04-01,27.65390014648437,27.847533700457387,27.39794821598168,27.780763041005063,162485600,27.7448365347726,49.513141304592644
2015-04-02,27.89204978942871,27.94546530476479,27.64055011075808,27.82750526345867,128880400,27.701277869088308,54.16864390784632
2015-04-06,28.34385681152344,28.3794682833922,27.671706411460807,27.70286560032175,148776000,27.827504566737584,55.602160767711105
2015-04-07,28.04562187194824,28.51523590490739,28.03894514465265,28.408404872080663,140049200,27.883782250540598,47.50848374665466
2015-04-08,27.95436668395996,28.132420656323127,27.814150326906724,28.010008338067387,149316800,27.95850099836077,42.6972049906147
2015-04-09,28.16802215576172,28.17247443768933,27.745147067231425,28.01000010829181,129936000,27.964540481567383,47.606829998795696
2015-04-10,28.28821563720703,28.312698100017467,27.878693892102373,28.032263697492382,160752000,28.049433299473353,53.22925382111226
2015-04-13,28.23257064819336,28.615387139797868,28.17915514385127,28.5708711064243,145460400,28.13210051400321,48.97253322128725
2015-04-14,28.110164642333984,28.330505119560385,28.02336379681908,28.265960596322643,102098400,28.163259778703964,48.88895508161563
2015-04-15,28.216997146606445,28.294895127681396,28.045621588241563,28.134648580062343,115881600,28.145136969430105,61.54890505424506
2015-04-16,28.08122444152832,28.288211424799588,28.067870990365083,28.105706900693068,113476000,28.15022305079869,56.668834276184214
2015-04-17,27.76518821716309,28.074555709550506,27.7006436880828,27.94324220759483,207828000,28.123197555541992,55.03359757791461
2015-04-20,28.399503707885746,28.51523761673722,27.858666689842995,27.94769368790884,188217200,28.156266348702566,54.20370674102021
2015-04-21,28.24593162536621,28.533041081720025,28.19251441195509,28.51078645653832,129740400,28.15022577558245,59.267571426100915
2015-04-22,28.626523971557617,28.682165638985524,28.114621650050243,28.263740911225288,150618000,28.206504821777344,64.6547111130781
2015-04-23,28.86021041870117,29.02713536756887,28.519683794698807,28.55529526552048,183083600,28.31365421840123,64.60710920849746
2015-04-24,28.995981216430664,29.07388089787269,28.762285568201943,29.042721704515355,178103600,28.424937656947545,60.87610438739297
2015-04-27,29.523452758789062,29.63028715253669,29.18960291954412,29.447780943623293,387816800,28.63097027369908,72.89645002763035
2015-04-28,29.05829620361328,29.94411036493817,28.837957432112898,29.926308024614418,475696000,28.815699986049108,65.32764270660698
2015-04-29,28.630964279174805,29.28753500095291,28.55529245819079,28.969266426527923,253544400,28.848765781947545,56.0677384758843
2015-04-30,27.854211807250977,28.630968807003697,27.72734890644295,28.630968807003697,332781600,28.79280580793108,45.146828161078645
2015-05-01,28.699960708618164,28.962591047195207,27.88759402467133,28.06564627540629,234050400,28.803296770368302,54.441650265922256
2015-05-04,28.644323348999023,29.06052523824225,28.5463934927065,28.822377324431148,203953200,28.772455760410853,55.14140407937266
2015-05-05,27.998876571655277,28.5886766529222,27.99442428912783,28.52190599939661,197085600,28.630012239728654,48.097771845732545
2015-05-06,27.82305145263672,28.21031686551449,27.455816218919747,28.168028667666032,288564000,28.387097767421178,47.76409488931727
2015-05-07,27.995141983032227,28.178408847882512,27.718005393148463,27.885627588016693,175763600,28.235218593052455,52.042436435811
2015-05-08,28.522592544555664,28.522592544555664,28.185112723632656,28.312505520185685,222201600,28.219736916678293,51.11442364745707
2015-05-11,28.23204803466797,28.50918292492606,28.07783506667492,28.47118896923365,168143200,28.273713520595006,49.87734273026084
2015-05-12,28.131479263305664,28.357209293536236,27.896807471517413,28.071134308781183,192640000,28.192501885550364,45.39876996083532
2015-05-13,28.162765502929688,28.426491170136035,28.13147616149344,28.19405484436593,138776800,28.123707907540457,43.26411183510045
2015-05-14,28.819843292236328,28.819843292236328,28.419786470046493,28.475660537464663,180814000,28.240988867623464,48.45449369510011
2015-05-15,28.779617309570312,28.94053490611256,28.65445993676693,28.846666876510024,152832000,28.377641132899694,42.863030444999154
2015-05-18,29.09699058532715,29.21544337895373,28.687991852315417,28.69246273423067,203531600,28.53504807608468,50.38210180667272
2015-05-19,29.07015991210937,29.25119133542624,28.97405474783214,29.20872650076529,178532800,28.613271985735214,54.709510156948866
2015-05-20,29.06792640686035,29.273542580713503,28.9070088081435,29.054517175347726,145819600,28.732683181762695,65.60710484104365
2015-05-21,29.36518096923828,29.41882131304765,29.016527260185256,29.07016760399463,158921600,28.908926282610214,59.95884733709833
2015-05-22,29.62220001220703,29.71830520075325,29.367414350183815,29.412116341293565,182384000,29.11741692679269,63.80703029101761
2015-05-26,28.969594955444336,29.704899835375624,28.8578467836856,29.63561651453057,282790400,29.138810021536692,63.67831019105808
2015-05-27,29.51045036315918,29.559619822667745,29.0656949025357,29.13050732991539,183332800,29.243214743477957,71.55915637183156
2015-05-28,29.45233917236328,29.49033313029952,29.300363340618333,29.470219283794904,122933200,29.29397882734026,69.17649055044707
2015-05-29,29.11709976196289,29.37859004232593,29.03217007063223,29.329420580006403,203538000,29.30068452017648,58.24050549247181
2015-06-01,29.17520523071289,29.36517844806299,29.06569422731027,29.117097420954007,128451200,29.316010066441127,63.97358366867116
2015-06-02,29.045581817626957,29.20202855186745,28.90254431628092,29.023230822614156,134670400,29.270353044782365,63.42751540547347
2015-06-03,29.081335067749023,29.264603655579336,29.032165612979068,29.20202496955987,123934000,29.193086624145508,63.4754481836217
2015-06-04,28.911481857299805,29.184147619450545,28.81090920312881,28.96065131672259,153800400,29.184784752982004,51.568571501329764
2015-06-05,28.752798080444336,28.98523614583699,28.68798565295545,28.942771302527778,142507200,29.076548712594168,49.558827682064766
2015-06-08,28.562822341918945,28.877952882925072,28.346030699690523,28.808666178580967,210699200,28.94947487967355,40.828607769704234
2015-06-09,28.477893829345703,28.62540218350224,28.07560157327924,28.31697624486264,224301600,28.85815974644252,40.03000137420681
2015-06-10,28.804201126098636,28.90700750324305,28.573998529628412,28.589643200734034,156349200,28.805159160069056,45.99726720589177
2015-06-11,28.739381790161133,29.094740006981706,28.71479706640286,28.871243758372724,141563600,28.761416299002512,39.78080205219313
2015-06-12,28.422019958496094,28.68127644753528,28.40861072807724,28.649987106463826,147544800,28.66722842625209,30.780038901758402
2015-06-15,28.366151809692383,28.43767056208281,28.095721473930386,28.18288490012055,175955600,28.589324133736746,38.05293025658531
2015-06-16,28.518129348754883,28.5740034273007,28.243229837188757,28.390736517876093,125976400,28.55580002920968,26.778123153228265
2015-06-17,28.451078414916992,28.58070496728181,28.325919332951088,28.54494644753539,131672400,28.539836611066544,26.66654813603168
2015-06-18,28.58070182800293,28.67680529040624,28.43319517939621,28.435430619491505,141628800,28.554523468017578,36.17482545672281
2015-06-19,28.294628143310547,28.56729387230134,28.24992957025751,28.542709145579792,218867600,28.48172732761928,29.690551854471735
2015-06-22,28.520362854003903,28.6209355065051,28.40191008834739,28.49354268427092,136157200,28.45043890816825,38.40069958230607
2015-06-23,28.39073371887207,28.520361977552454,28.35720893402144,28.49130807342398,121075600,28.445969445364817,35.35550536639346
2015-06-24,28.632102966308597,29.009812151267777,28.41084216983035,28.43095601262793,221123600,28.48396246773856,44.250051228422315
2015-06-25,28.495777130126957,28.87572014313876,28.495777130126957,28.79973222259295,127752400,28.480769293648855,44.66106966406107
2015-06-26,28.32815170288086,28.60528659515787,28.274513076504284,28.53376785827538,176267200,28.46320833478655,45.07965098654929
2015-06-29,27.831993103027344,28.265576457225944,27.820819311458745,28.039844723786928,196645600,28.356249945504324,38.44924856910916
2015-06-30,28.033138275146484,28.18735125292746,27.905745464631284,28.06442761771925,177482800,28.318894250052317,35.56474598446414
2015-07-01,28.294628143310547,28.370617763670214,28.158295278815142,28.36167770803136,120955200,28.28664643423898,42.244743611148614
2015-07-02,28.25887489318848,28.31474897249001,28.10913106475277,28.25663945257677,108844000,28.267809459141322,46.845396199944446
2015-07-06,28.16052627563477,28.21193116116185,27.903505258281328,27.923620806580097,112241600,28.200441360473633,46.08824889023068
2015-07-07,28.091249465942383,28.19405755556789,27.66213528971851,28.13594804225212,187787200,28.14265169416155,41.615354068168706
2015-07-08,27.393945693969727,27.85658303889699,27.387241076747,27.820824511995188,243046400,28.009193692888534,33.356735837181034
2015-07-09,26.8351993560791,27.726949071884263,26.645227851428672,27.68001505580413,314380000,27.86679458618164,25.79040320669104
2015-07-10,27.552621841430664,27.680014656134844,27.089984598016397,27.253137636917494,245418000,27.798149381365096,40.80840223438344
2015-07-13,28.084545135498047,28.106894423880103,27.785059214725997,27.94374137892242,165762000,27.768137523106166,44.98196975486777
2015-07-14,28.07337188720703,28.243229561769542,27.945979057570536,28.16947536957432,127072400,27.741637093680247,46.24340463961168
2015-07-15,28.34379768371582,28.417551864106752,28.066662778625943,28.09795212088732,134596800,27.767818723406112,46.61066013590989
2015-07-16,28.72150230407715,28.734914943921616,28.46224753674022,28.549410939177225,144889600,27.85785484313965,52.51112815209226
2015-07-17,28.969594955444336,28.969594955444336,28.676815291081816,28.848908430469667,184658800,28.08294759477888,57.01036313281212
2015-07-20,29.517147064208984,29.718292295724,29.210954927428684,29.271299860995843,235600800,28.466082981654576,68.21253294106394
2015-07-21,29.22213554382324,29.707122011301397,29.12603379044251,29.691479046689704,307025600,28.70458493913923,62.594711319131484
2015-07-22,27.9862003326416,28.048779009002462,27.26430670429924,27.26430670429924,461802400,28.690535681588308,47.291960503033344
2015-07-23,27.97279930114746,28.40414554749355,27.95044830577609,28.205233965707485,203998000,28.676168169294083,47.47831823769773
2015-07-24,27.825288772583008,28.102423701392432,27.691191336394024,28.008555666574285,168649200,28.602095467703684,47.07035996563657
2015-07-27,27.43863868713379,27.62637645681954,27.293367463201697,27.510157431504226,177822000,28.418829236711776,44.59656649920502
2015-07-28,27.574975967407227,27.693430451988053,27.38947531354632,27.574975967407227,134472400,28.219597952706472,51.652373441411704
2015-07-29,27.48781013488769,27.60179372812768,27.3268925221116,27.52357036223416,148046800,27.929692677089147,56.51788782609818
2015-07-30,27.349239349365234,27.393937921595764,27.20173099175027,27.338063853736987,134513200,27.66213607788086,47.70316651165035
2015-07-31,27.11009979248047,27.409583993039572,27.02293637857796,27.40064393710838,171540000,27.53697885785784,38.21616619567313
2015-08-03,26.47090148925781,27.39394056552106,26.26528360378497,27.15479960021046,279904000,27.32242202758789,33.1768537266762
2015-08-04,25.62161636352539,26.305514513708847,25.310956634838035,26.2429358209001,496554400,27.007611683436803,24.518829228787723
2015-08-05,25.791473388671875,26.247406045777524,25.053934915824797,25.24390643000012,397250400,26.7723023550851,21.46283485928693
2015-08-06,25.84759330749512,26.15516973995049,25.62084156704266,26.03618082978332,211612000,26.525533403669083,18.4118828573326
2015-08-07,25.935157775878903,26.09904933395688,25.70616041925215,25.724121466439275,154681600,26.303725923810685,10.038021454416324
2015-08-10,26.878087997436523,26.938704381143143,26.161907196752335,26.161907196752335,219806400,26.23641858782087,27.152042334747037
2015-08-11,25.479406356811523,26.532349173520984,25.443485976075305,26.4492806167252,388331200,26.003462382725306,26.317092579218013
2015-08-12,25.87229347229004,25.91270496835857,24.612803843156907,25.26387718521236,404870000,25.91794695172991,31.48321893070873
2015-08-13,25.85209083557129,26.13272577361948,25.715140848774997,26.051902774432826,194143200,25.950871876307897,32.20609694932372
2015-08-14,26.033945083618164,26.11252253382995,25.59615520896683,25.66575213446013,171718000,25.985510689871653,36.84693115777668
2015-08-17,26.3033504486084,26.41335885699809,25.93066645487652,26.05190094514377,163538800,26.050618852887833,38.382445398897865
2015-08-18,26.155168533325195,26.366206492782,26.04516014956673,26.139453049931127,138242800,26.082048961094447,37.959243744110516
2015-08-19,25.82065200805664,26.15965767687582,25.74656399585409,26.06536477745032,193146000,25.930986676897323,36.661131967944904
2015-08-20,25.29081916809082,25.67248197165876,25.06182011566237,25.611865582992174,274006400,25.90404564993722,34.8909942546852
2015-08-21,23.74396133422852,25.122440013835654,23.7192653226346,24.792413052407607,513102000,25.599998201642716,30.319929742646693
2015-08-24,23.151254653930664,24.42645956080686,20.654726255156334,21.29906452778893,648825200,25.21416446140834,31.485983202771777
2015-08-25,23.290456771850582,24.945081158898475,23.236575337624984,24.945081158898475,414406400,24.82223755972726,31.169719283340868
2015-08-26,24.62627410888672,24.67117500740738,23.584557504900065,24.042552150961185,387098400,24.582655225481307,42.29027545231446
2015-08-27,25.351436614990234,25.423279088526364,24.70036323508548,25.196527298438387,338464400,24.467836380004883,46.58971219407613
2015-08-28,25.434505462646484,25.438994867917884,25.04161655630055,25.183055945955594,212657600,24.41267258780343,40.62411193590354
2015-08-31,25.315513610839844,25.712891876712465,25.14488711155364,25.151622075115288,224917200,24.416200365339005,48.72331580412814
2015-09-01,24.18399810791016,25.117950345600565,24.103175104002545,24.72955252785661,307383600,24.47906276157924,38.20580706969632
2015-09-02,25.221216201782227,25.221216201782227,24.50054606152781,24.747506117291053,247555200,24.774771554129465,46.141124072031104
2015-09-03,24.77894401550293,25.320007305220702,24.704855978054088,25.254899791662,212935600,24.98741258893694,42.56053156795269
2015-09-04,24.531980514526367,24.79689993781752,24.361355722674787,24.464629163909024,199985200,24.973942075456893,39.471557692691384
2015-09-08,25.214479446411133,25.270606416392717,24.76770924495831,25.08875558176733,219374400,24.954376765659877,44.7427710863922
2015-09-09,24.729551315307617,25.598395995423157,24.644237197110613,25.540025161020697,340043200,24.853669030325754,44.00298817456961
2015-09-10,25.272857666015625,25.432258091115777,24.67342190271092,24.756488740759696,251571200,24.847575323922293,49.90142427632104
2015-09-11,25.641048431396484,25.641048431396484,25.09100473198109,25.097739695285533,199662000,25.055725370134628,61.958678103290296
2015-09-14,25.88800811767578,26.242731047988062,25.78698023721725,26.173134139799277,233453600,25.15098135811942,68.03795741783559
2015-09-15,26.10577964782715,26.161906625643372,25.688194795845646,26.027202221456317,173364800,25.34052930559431,68.3655958503837
2015-09-16,26.13496780395508,26.164153216941944,25.917194847376045,26.099045714562475,148694000,25.56952748979841,61.86446321849911
2015-09-17,25.57594108581543,26.1529263547926,25.531040188275043,25.96658608842649,256450400,25.621164866856166,51.81288830279277
2015-09-18,25.470420837402344,25.661253924694364,25.115699653449383,25.192031518078707,297141200,25.727003370012557,50.288971213372164
2015-09-21,25.865558624267575,25.901480715538085,25.51757235759737,25.519816203657086,200888000,25.81167493547712,54.23731005116237
2015-09-22,25.459205627441406,25.634321580210955,25.261637506072702,25.454714508577585,201384800,25.785697392054967,61.05926629737159
2015-09-23,25.665746688842773,25.755550204113632,25.436749352118696,25.51083566782204,143026800,25.753945759364537,54.50416708217667
2015-09-24,25.818405151367188,25.930659086807918,25.22795006757825,25.42551637732464,200878000,25.712892259870255,61.18892590401098
2015-09-25,25.75329971313477,26.197826086520696,25.59838872178131,26.141699114332837,224607600,25.658368246895925,63.68214461996718
2015-09-28,25.24368095397949,25.721882394131143,25.24368095397949,25.560236354400963,208436000,25.610902513776505,50.34031962926273
2015-09-29,24.484834671020508,25.483896002469564,24.215425836056493,25.3312305392274,293461600,25.470104490007675,47.31918688423748
2015-09-30,24.76322555541992,25.041614911169574,24.4107481711117,24.73403842806435,265892000,25.31262833731515,44.0730924778046
2015-10-01,24.601581573486328,24.610562097030005,24.09194756775588,24.48708203937909,255716400,25.19011061532157,37.30115677891456
2015-10-02,24.78118133544922,24.92262240839427,24.14582528150224,24.249098709751078,232079200,25.063744136265345,36.251972309485545
2015-10-05,24.87098503112793,25.00344558357738,24.48707672546084,24.66892757739279,208258800,24.928398404802596,34.15887809304003
2015-10-06,24.989978790283203,25.086517275072055,24.644236349710543,24.837313319288256,192787200,24.819352558680944,35.64183419741657
2015-10-07,24.87098503112793,25.093247373806907,24.56341030258716,25.086512410825627,187062400,24.766110283987864,40.063223279587945
2015-10-08,24.58362197875977,24.738533021535588,24.2940065005901,24.738533021535588,247918400,24.780222756522043,38.10958643463031
2015-10-09,25.17182731628418,25.20774769095534,24.581370420731183,24.695869933660607,211064400,24.838594436645508,41.15616302723459
2015-10-12,25.05508041381836,25.31326483228492,25.01916004177201,25.30877542810136,121868800,24.90337998526437,44.43738507373657
2015-10-13,25.09774398803711,25.245918344657017,24.848540025992065,24.8799710020284,132197200,24.948603221348353,41.81229905150382
2015-10-14,24.743017196655277,25.0371220182606,24.59708670880229,24.98548615682397,177849600,24.930322102137975,35.35173979802596
2015-10-15,25.113454818725582,25.167336237244093,24.80587836699943,24.904662394999534,150694000,24.9479615347726,41.95372992348111
2015-10-16,24.929363250732425,25.1448906795857,24.81486371535858,25.095498655978957,156930400,24.956301280430385,45.69487600559487
2015-10-19,25.084266662597656,25.0887560666249,24.720563273458872,24.875474261716743,119036800,25.027821949550084,59.837836518024226
2015-10-20,25.54226493835449,25.63206844763822,24.879967268998524,24.99671063206574,195871200,25.08074160984584,62.07374413444628
2015-10-21,25.540023803710938,25.94862818711181,25.526552162529605,25.593905229857302,167180800,25.150019236973353,65.30017974089964
2015-10-22,25.930665969848636,25.930665969848636,25.61635452461189,25.66799210227932,166616400,25.269008091517858,67.53433338163101
2015-10-23,26.73440361022949,26.76808014090915,26.11700682825398,26.200073662689697,237467600,25.553491864885604,73.34090205387571
2015-10-26,25.881275177001957,26.521122466591017,25.800452181173892,26.509898097251355,265335200,25.66318048749651,59.42995218995526
2015-10-27,25.717378616333008,26.16414882274785,25.591653037433648,25.908209973818003,279537600,25.775754111153738,58.87059502715435
2015-10-28,26.77705764770508,26.78379432380087,26.0563874628032,26.251709960955072,342205600,26.017581394740514,69.7852851509543
2015-10-29,27.05994033813477,27.0958624288542,26.55255194030996,26.649090418043976,204909200,26.2343921661377,68.02399618659621
2015-10-30,26.828697204589844,27.214851112052347,26.817471123126115,27.16321353532255,197461200,26.418488366263258,66.5688214239388
2015-11-02,27.205869674682617,27.246281168589885,26.853392310603464,27.120557282149267,128813200,26.600660324096683,68.53531648885424
2015-11-03,27.51793670654297,27.72448358951764,27.098106263941776,27.11831286817819,182076000,26.712593623570037,74.58238781810294
2015-11-04,27.38996696472168,27.79857132141872,27.304654569493785,27.64366030440483,179544400,26.928121021815713,71.07236455084046
2015-11-05,27.263708114624023,27.662789164712937,27.096861554346457,27.47339433072368,158210800,27.149025235857287,71.84153483901387
2015-11-06,27.295270919799805,27.464372634674213,27.196065750137105,27.306545055534738,132169200,27.223055703299387,71.17625459667124
2015-11-09,27.18478775024414,27.464368730775384,27.0675446681476,27.27272049186438,135485600,27.24089104788644,66.85342352564963
2015-11-10,26.3280029296875,26.621113190364337,26.16792021569025,26.35731498786991,236511600,27.169363294328964,56.87889961050517
2015-11-11,26.1791934967041,26.47455719824885,25.97627114747097,26.23781589096949,180872000,27.02269526890346,52.265240741371706
2015-11-12,26.09126853942871,26.339284053415074,26.07548578090753,26.213021985245653,130102400,26.81888553074428,43.258348788499
2015-11-13,25.329177856445312,26.057443230948376,25.313395100722527,25.974019110590017,183249600,26.5244870867048,44.100043537601294
2015-11-16,25.744043350219727,25.757570936007227,25.02705206022718,25.112729637200463,152426800,26.307392120361328,50.27044468999842
2015-11-17,25.63356208801269,25.94019995710017,25.55013796826977,25.91088789655169,110467600,26.07000514439174,35.636630747122936
2015-11-18,26.445253372192383,26.49034647415032,26.041663744960054,26.10028615365863,186698800,25.964357376098633,43.184389654631275
2015-11-19,26.781200408935547,26.99990555589241,26.32575390717344,26.524165955037567,173183200,26.02909987313407,49.485309132817605
2015-11-20,26.898447036743164,27.038236688009743,26.796984974813444,26.875898765075483,137148400,26.131850378853933,46.469801291896175
2015-11-23,26.54897117614746,26.995400492936465,26.456528072899424,26.891683253129298,129930000,26.197236469813756,38.96794687766429
2015-11-24,26.803741455078125,26.90971211031328,26.40691744083269,26.454265702071364,171212800,26.407888412475586,43.51289754611665
2015-11-25,26.61209487915039,26.88265860028706,26.58729316170808,26.878148258829597,85553200,26.531895773751394,42.892185113229296
2015-11-27,26.56249237060547,26.697775095987275,26.51514410479836,26.67071820687265,52185600,26.664600099836075,42.0381658728741
2015-11-30,26.6729736328125,26.923244268894894,26.548965040090117,26.60307709864564,156721200,26.69713156563895,44.43900097733722
2015-12-01,26.456523895263672,26.787963503541896,26.348299770228813,26.774435917960403,139409600,26.65074920654297,51.62213198341035
2015-12-02,26.217529296875,26.63013788926134,26.17243619483793,26.456525834016308,133546400,26.55347524370466,50.47308662246892
2015-12-03,25.97402572631836,26.33252229789177,25.753067089919973,26.27841022451549,166278000,26.47134017944336,48.60665633334527
2015-12-04,26.837570190429688,26.88717363715028,25.953732274909825,25.9943167567547,231108000,26.476172855922155,67.50402833111994
2015-12-07,26.6684684753418,27.02470984714877,26.56249778826831,26.82629778041419,128336800,26.48422622680664,61.376316867975
2015-12-08,26.657196044921875,26.74061845965999,26.34830294874675,26.497111568669016,137238000,26.497755323137557,62.91251530819705
2015-12-09,26.06871795654297,26.535438566581163,25.94696452955152,26.524164432155672,185445600,26.41143308367048,44.966796814248276
2015-12-10,26.192726135253903,26.366338180957943,26.04391753055621,26.163415792559743,116850800,26.37374768938337,41.66130627733117
2015-12-11,25.51857185363769,26.01685794907438,25.44416669888514,25.97176485417718,187544800,26.273896626063753,33.112461892556794
2015-12-14,25.360748291015625,25.4058413930068,24.7542362641424,25.29310691783729,257274800,26.18628556387765,34.74223961040198
2015-12-15,24.91206169128418,25.43289609134729,24.880496178576283,25.23899267317512,213292400,25.911212921142578,26.86158783514223
2015-12-16,25.10371208190918,25.250267243532736,24.53102246234467,25.042836222258064,224954000,25.687676293509345,31.549968994367617
2015-12-17,24.57160758972168,25.30889031919613,24.57160758972168,25.257031702415023,179091200,25.389735085623602,28.21909838744071
2015-12-18,23.90647315979004,24.693359335575057,23.856869714176423,24.555824854816795,385813200,25.080842971801754,23.00925927648943
2015-12-21,24.19957733154297,24.208596293921826,23.802751587829373,24.18830319852161,190362400,24.79610742841448,28.305103266601023
2015-12-22,24.177038192749023,24.28751750540266,24.00117095276817,24.21536750445861,131157600,24.604459762573242,29.534123217852837
2015-12-23,24.488187789916992,24.54229986729605,24.170275679907167,24.18605844081739,130629600,24.479808262416295,35.29674451331904
2015-12-24,24.357406616210938,24.576111739027382,24.33936869016207,24.576111739027382,54281600,24.400571823120117,21.294325004260585
2015-12-28,24.0845890045166,24.28074757635794,23.94028903909008,24.258199309104636,106816800,24.254982812064036,20.79506919128437
2015-12-29,24.517498016357425,24.673072173252784,24.093616925342705,24.116163480787502,123724800,24.247252873012,27.920045788894015
2015-12-30,24.197324752807617,24.5084712473463,24.16575924119607,24.4814160775029,100855200,24.288803100585938,29.556712651868892
2015-12-31,23.732860565185547,24.131939823006338,23.633653683385177,24.127431201193343,163649200,24.222129276820592,24.9886160092655
2016-01-04,23.75315284729004,23.75766318946608,22.99783223080675,23.135368423920035,270597600,24.16157422746931,29.296760715228416
2016-01-05,23.157915115356445,23.86588746445505,23.09027546402736,23.84334091401202,223164000,23.971535273960658,26.5708091975457
2016-01-06,22.704723358154297,23.08125782495581,22.5175854305608,22.67315784168351,273829600,23.735437665666854,26.545369939884026
2016-01-07,21.746482849121094,22.57620878020858,21.7419742263192,22.249279441028325,324377600,23.40142250061035,19.32434453116916
2016-01-08,21.861461639404297,22.34622005861296,21.816368553046228,22.21995804065758,283192000,23.021988732474192,23.193485374958115
2016-01-11,22.215452194213867,22.334950445409778,21.947143631587423,22.314659068500887,198957600,22.73886408124651,32.17677715171641
2016-01-12,22.53787612915039,22.702469220218045,22.28535028483298,22.670903704702315,196616800,22.568152018955775,32.593387641127435
2016-01-13,21.95841789245605,22.815200473070544,21.938126515429893,22.61904189419429,249758400,22.31176131112235,29.18785104519145
2016-01-14,22.43865776062012,22.65510935655035,21.586385837336103,22.08692692756721,252680400,22.20901026044573,31.365194626459086
2016-01-15,21.899799346923828,22.030571755861573,21.500720046769526,21.6901131464518,319335600,22.094021115984237,29.19847315920572
2016-01-19,21.79382705688477,22.242509734760187,21.53228227890464,22.18839767456103,212350800,22.100784574236194,30.047125253228145
2016-01-20,21.823143005371094,22.138799924660283,21.06331191567684,21.4420998747855,289337600,22.09531048366002,24.757008477362746
2016-01-21,21.712661743164062,22.06890139601609,21.40602381702413,21.8840169158604,208646000,22.023483276367188,25.769530237145133
2016-01-22,22.86705780029297,22.876076763652687,22.179378615980323,22.237999297531434,263202000,22.070509229387557,42.55809515565489
2016-01-25,22.420637130737305,22.891866498657187,22.368778505656334,22.88961132708187,207178000,22.136540549142023,39.32827371550741
2016-01-26,22.544639587402344,22.74530681313795,22.111739620884507,22.531112001008523,300308000,22.15168081011091,44.68746850396954
2016-01-27,21.063310623168945,21.78706580558781,21.04527269284401,21.654039939872764,533478800,22.032182421003068,37.93098031955999
2016-01-28,21.214374542236328,21.311326268055467,20.83107798166302,21.146734883413128,222715200,21.949403490339005,45.56053394915759
2016-01-29,21.94714736938477,21.94714736938477,21.272995672044384,21.372202563227237,257666000,21.967118399483816,50.64808114661489
2016-02-01,21.74197006225586,21.80510109054244,21.509737328119584,21.75098902632416,163774000,21.971305302211217,46.33636205050736
2016-02-02,21.302303314208984,21.65403426236576,21.257208500220127,21.514242919287195,149428800,21.74776894705636,40.60994291134736
2016-02-03,21.72393035888672,21.834409649360104,21.212116661223543,21.419547657269064,183857200,21.648239408220565,48.17414958550456
2016-02-04,21.89848899841309,22.06397523788645,21.57885356261664,21.730737079835706,185886800,21.555932181222097,45.58371211199748
2016-02-05,21.313617706298828,21.971025981954455,21.238810532180526,21.880348680221665,185672400,21.59169033595494,45.243310440980636
2016-02-08,21.53804588317871,21.694462466550164,21.091461568607453,21.111863054884942,216085600,21.637929098946707,47.96356178287769
2016-02-09,21.533506393432617,21.74886516916045,21.293213049729875,21.374822436180885,177324800,21.578837530953543,47.68488323412907
2016-02-10,21.37028312683105,21.84180354283645,21.33174584953424,21.74432578115769,169374400,21.525739397321427,47.286188611743455
2016-02-11,21.24107551574707,21.47230271407553,20.989446833197302,21.26147872949399,200298800,21.516992568969727,34.61085908320415
2016-02-12,21.30681610107422,21.42242969799724,21.08465853940709,21.352155614340887,161405600,21.457404817853654,38.63959918589014
2016-02-16,21.90755271911621,21.95515791409869,21.447367438093213,21.540310419861186,196231600,21.45869963509696,44.07795426782243
2016-02-17,22.243061065673828,22.263462553478085,21.79647671768187,21.914356016111405,179452800,21.591477257864817,63.934756406645974
2016-02-18,21.8214111328125,22.417611528318208,21.782872109976356,22.406276216391262,156084000,21.6319580078125,56.7392979959682
2016-02-19,21.771533966064453,21.93475273827098,21.717128285170748,21.76246606432793,141496800,21.665961946759904,47.701883880140095
2016-02-22,21.96195602416992,21.966490840071422,21.744331558086568,21.83274144338526,137123200,21.750486646379745,52.88994572707176
2016-02-23,21.46550750732422,21.875820266649303,21.43377070436681,21.85315136875488,127770400,21.782548359462194,52.11249037151151
2016-02-24,21.78513526916504,21.84860885271381,21.15493079032308,21.304548576852696,145022800,21.850879669189453,50.81371341281888
2016-02-25,21.93474769592285,21.93474769592285,21.592441834541333,21.77379636853121,110330800,21.854764665876115,50.485274806962174
2016-02-26,21.96875762939453,22.22038456002593,21.893948734855904,22.034496892385544,115964400,21.81557846069336,60.28466818454569
2016-02-29,21.918888092041016,22.26799458575054,21.909820188753347,21.957425383869325,140865200,21.829503740583146,56.32528803722865
2016-03-01,22.789382934570312,22.84378861732507,22.08436954854961,22.136509552936797,201628400,21.974910736083984,66.19888651890781
2016-03-02,22.839258193969727,22.87099499007076,22.587629503793217,22.78485250487163,132678400,22.100239617483957,69.51825146051229
2016-03-03,23.00926971435547,23.056874892428365,22.771242094465894,22.80071320198132,147822800,22.320777075631277,73.24195431951873
2016-03-04,23.35158348083496,23.51933536446856,22.97980810114662,23.20650049020174,184220400,22.544555391584122,75.055613076026
2016-03-07,23.093151092529297,23.31077554829344,22.88686021693048,23.21103035749617,143315600,22.71004159109933,65.85807520808791
2016-03-08,22.90273666381836,23.068222904039708,22.759921050947963,22.846063554493053,126247600,22.843467167445592,59.17985898700393
2016-03-09,22.923133850097656,23.027412136271312,22.73044394547889,22.96620422577282,108806800,22.98693084716797,67.2586059975165
2016-03-10,22.93446922302246,23.17703001687174,22.703243740751244,22.98887664316628,134054400,23.00765745980399,68.44017640736047
2016-03-11,23.181570053100582,23.18610314103709,23.009283309569504,23.17703523563797,109632800,23.05655915396554,68.99743602694107
2016-03-14,23.240503311157227,23.328914935369426,23.0727514250246,23.10222254293723,100304400,23.08959252493722,82.01157028545954
2016-03-15,23.70749282836914,23.84350792947076,23.542006606852844,23.56694291049949,160270800,23.140436717442103,82.91944596687638
2016-03-16,24.02259635925293,24.099670952955726,23.7097597083921,23.71429452538987,153214000,23.27321461268834,83.83562812504637
2016-03-17,23.98405647277832,24.13593996481169,23.79363395852878,23.92058114834464,137682800,23.42768887111119,82.61200493101335
2016-03-18,24.011255264282227,24.142737253141327,23.845770803757425,24.106465643997225,176820800,23.58313478742327,84.10941100017723
2016-03-21,24.008995056152344,24.40343938307577,23.834440924044944,24.013528143565438,142010800,23.736638477870397,77.7322484950471
2016-03-22,24.192609786987305,24.32182436755188,23.85030382707832,23.85937172934037,129777600,23.881072725568497,79.00894374224231
2016-03-23,24.05887222290039,24.271963707045124,24.0067339211584,24.13821597433393,102814000,23.997982570103236,72.85350011628293
2016-03-24,23.95458602905273,24.08606803908168,23.77776622981937,23.909248239848317,104532000,24.033281598772316,64.64776007376062
2016-03-28,23.84577178955078,24.072464167496427,23.81630067352147,24.029392062238568,77645600,24.00802094595773,69.7152655782525
2016-03-29,24.410240173339844,24.43517647822734,23.775500697245995,23.77776810574284,124760400,24.068904331752233,83.01903187910771
2016-03-30,24.83641624450684,25.031371826883497,24.61879177035917,24.630127081007466,182404400,24.186784471784318,85.5819361667562
2016-03-31,24.70720672607422,24.913497661406872,24.68227042115432,24.8726929560403,103553600,24.286528996058873,81.58346693815793
2016-04-01,24.93389129638672,24.93615870417239,24.52811177902123,24.65959375818387,103496000,24.392426354544504,81.44850839509125
2016-04-04,25.1900577545166,25.43261853064803,24.997367848918945,25.031372051643565,149424800,24.554024287632533,82.67501320263253
2016-04-05,24.893091201782227,25.10164951845118,24.80468130659051,24.825084521379363,106314800,24.68809645516532,71.07185982354542
2016-04-06,25.153785705566406,25.15832052159768,24.75480664156716,24.988301240461844,105616400,24.874955586024694,70.50134297556367
2016-04-07,24.60519027709961,25.03137131404998,24.509979895896688,24.924825622431,127207600,24.90280560084752,59.50073256931399
2016-04-08,24.63239288330078,24.88401981393905,24.521312380670523,24.68906597379666,94326800,24.87365940638951,59.50077983094034
2016-04-11,24.714008331298828,25.07445019980243,24.670937945025248,24.70267474734305,117630000,24.874631064278738,60.52814169455142
2016-04-12,25.035903930664062,25.04950491834807,24.63239182046813,24.78654095962128,108929200,24.889204297746932,62.093660777149296
2016-04-13,25.398616790771484,25.46662347328959,25.1175186980733,25.1175186980733,133029200,24.91899844578334,68.02918501467667
2016-04-14,25.412214279174805,25.477955273883552,25.237661915622667,25.30340291033141,101895600,24.993158885410853,70.10632806419993
2016-04-15,24.902158737182617,25.457556131325564,24.874956757233623,25.414484023705413,187756000,24.95721217564174,63.119426000980646
2016-04-18,24.364896774291992,24.698133106562672,24.242482686518358,24.684532117763,243286000,24.92288453238351,49.43304233020008
2016-04-19,24.235679626464844,24.4827734543037,24.081528761460437,24.45556975005868,129539600,24.866211209978378,41.88605089834393
2016-04-20,24.285554885864254,24.50317937064036,24.04299410006453,24.17447610009353,122444000,24.805003574916295,44.18016538063603
2016-04-21,24.02259635925293,24.24022087794581,23.92058373111425,24.24022087794581,126210000,24.66024535042899,37.5465848708708
2016-04-22,23.95685577392578,24.138210407482912,23.716562354559656,23.804972262799115,134732400,24.454279490879603,32.22226804917412
2016-04-25,23.820838928222656,23.95005353312316,23.69162432332216,23.802703120282903,112126400,24.226940155029297,33.790297978548466
2016-04-26,23.655349731445312,23.870708532203164,23.55560625937674,23.55560625937674,224064800,24.048824582781112,26.676111667941257
2016-04-27,22.17504501342773,22.37680106115773,21.68992353579321,21.762465016667758,458408400,23.73598861694336,20.678351483462308
2016-04-28,21.497241973876957,22.188652796905,21.36575995904279,22.127446606289567,328970800,23.344783238002233,17.305016226933574
2016-04-29,21.25014877319336,21.472308124672463,20.971318041422037,21.30682188301164,274126000,22.91115379333496,15.082215590967778
2016-05-02,21.22747802734375,21.327223245389547,20.946379911381666,21.302286940878098,192640400,22.511851174490793,9.144049762645224
2016-05-03,21.576574325561523,21.703521466834797,21.23653585755805,21.35441509880821,227325200,22.171810967581614,8.877835516349265
2016-05-04,21.352155685424805,21.739799445136008,21.268278882746426,21.58111374246276,164102000,21.819141932896205,8.2126681198841
2016-05-05,21.265491485595703,21.45479218567841,21.137771369904268,21.438827171216985,143562000,21.477733612060547,8.996766899797919
2016-05-06,21.146892547607425,21.313384577452588,20.94846875170711,21.295140091207248,174799600,21.330854688371932,9.93468100173206
2016-05-09,21.16285514831543,21.386365304832808,21.117239587761883,21.21075018185487,131745600,21.283085141863143,10.6319964225233
2016-05-10,21.30653953552246,21.34075076977819,21.007765019137445,21.28601383900242,134747200,21.291140965053014,12.729714534977447
2016-05-11,21.09899139404297,21.340747732276988,21.08758707089573,21.320222038678438,114876400,21.27278573172433,12.9086899224543
2016-05-12,20.60407829284668,21.160576005658577,20.40565624020589,21.146892206181526,305258800,21.13385772705078,11.641019396607163
2016-05-13,20.645132064819336,20.90741591653148,20.52653507224873,20.52653507224873,177571200,21.032854352678573,12.859844505148075
2016-05-16,21.41145133972168,21.52776883271836,20.9028505045608,21.07162371200805,245039200,21.053705760410853,26.990995882256044
2016-05-17,21.3225040435791,21.59847164397407,21.21303018460794,21.56426215058034,187667600,21.078793116978236,37.76762770077039
2016-05-18,21.566545486450195,21.714793031247805,21.41373725506838,21.47531783431868,168249600,21.136463165283203,51.13574629800152
2016-05-19,21.484437942504883,21.58479044200801,21.340752832807443,21.58479044200801,121768400,21.16187722342355,54.05902681168377
2016-05-20,21.71706771850586,21.764962743499048,21.557415895139837,21.584785226588256,128104000,21.250173841203964,57.90684751242618
2016-05-23,21.993040084838867,22.166375741727613,21.81970442795012,21.86531999031862,152074400,21.448596954345703,56.888601444931716
2016-05-24,22.32830619812012,22.371638805602565,22.086548077179312,22.17321677225564,140560800,21.6890504019601,65.5750027693818
2016-05-25,22.720590591430664,22.747958186847452,22.376200515305563,22.503920600732343,152675200,21.876070295061385,71.15382162479021
2016-05-26,22.90077018737793,22.973753348456786,22.49708071824189,22.73427642676213,225324800,22.101536887032644,75.04888353759358
2016-05-27,22.8870849609375,22.914454299236763,22.636205450056355,22.679539800682896,145364800,22.290185383387975,74.64148273092982
2016-05-31,22.775333404541016,22.898492835892128,22.53813765601918,22.71603403239653,169228800,22.474599020821707,71.18432570456147
2016-06-01,22.45602226257324,22.70234102539363,22.42637345855159,22.583742329196227,116693200,22.580163955688477,68.96108776240635
2016-06-02,22.287254333496094,22.314621931348405,22.03865429931745,22.25988499558797,160766400,22.62219456263951,75.87656459750485
2016-06-03,22.332868576049805,22.41269363804458,22.22567417563289,22.303219764467705,114019600,22.622846330915177,75.91034364015644
2016-06-06,22.494802474975582,23.238319722918742,22.24848536134896,22.348836133546456,93170000,22.59059088570731,70.42137962277172
2016-06-07,22.586027145385746,22.77760901594213,22.570062134510685,22.63620339100898,89638000,22.54562759399414,73.79722444146846
2016-06-08,22.56550407409668,22.70690797542668,22.506204709637323,22.583748560036888,83392400,22.499687467302596,70.54412258487642
2016-06-09,22.727436065673828,22.8049799182945,22.45602910138961,22.46515221464897,106405600,22.49284499032157,74.75030895682346
2016-06-10,22.540414810180664,22.6590117930549,22.46058975054841,22.47199233617828,126851600,22.5049010685512,66.6975859014478
2016-06-13,22.20058822631836,22.60655895578492,22.14585128416512,22.50848765856336,152082000,22.49252019609724,54.102841957539916
2016-06-14,22.227954864501957,22.4605898854628,22.066023531116475,22.19602484045725,127727600,22.477532523018972,47.741281827821744
2016-06-15,22.154970169067383,22.444623318622156,22.129882046190804,22.31005959227909,117780800,22.428985050746373,35.13186129996201
2016-06-16,22.24848175048828,22.294095572260883,21.910933553181437,21.997600510571683,125307200,22.380764280046737,32.03512004883285
2016-06-17,21.74216079711914,22.043216551506703,21.73531889771012,22.036374652097685,244032800,22.26314381190709,25.197586323159157
2016-06-20,21.689706802368164,22.024973847454927,21.673741787842893,21.89497251773313,137647600,22.114896774291992,25.862011933690567
2016-06-21,21.874441146850582,21.97479189497669,21.59391111854967,21.65321047429848,142185600,22.019757679530553,36.24593805087793
2016-06-22,21.792335510253903,22.09795192935549,21.74671995064911,21.9519856187315,116876400,21.961435862949916,37.79517263048175
2016-06-23,21.91777229309082,21.96110663556737,21.72391096841788,21.881281588943867,128960800,21.91712406703404,40.15134784843862
2016-06-24,21.301984786987305,21.589356798754523,21.130930308087603,21.190229681321888,301245600,21.795269012451172,26.713965067596675
2016-06-27,20.99180030822754,21.222154099445905,20.868640907181756,21.2107497745126,181958400,21.61574309212821,21.328809977909245
2016-06-28,21.345312118530277,21.36127886972703,21.014607570584744,21.187943220155887,161779600,21.55905042375837,30.402793281714025
2016-06-29,21.53005027770996,21.564261510143265,21.3544334299116,21.431979006097457,146124000,21.5362423488072,30.908932773533493
2016-06-30,21.80374526977539,21.84251720315586,21.507251865031705,21.539181897234005,143345600,21.526142937796457,38.57046722865341
2016-07-01,21.869876861572266,22.00215935928205,21.74215678933136,21.778647492804986,104106000,21.53722027369908,44.39275185530619
2016-07-05,21.66461563110352,21.75812623165836,21.543737432381075,21.75584501845912,110820800,21.501055036272323,40.991927406436844
2016-07-06,21.78777885437012,21.81742941097957,21.52321549882012,21.575671231188004,123796400,21.57045418875558,44.22116586479297
2016-07-07,21.88128089904785,22.009000969618565,21.80829775299952,21.82654223447001,100558400,21.697522844587052,44.22099842886704
2016-07-08,22.05006217956543,22.0979572235834,21.90637704751152,22.006727822572746,115648400,21.798201424734934,55.421778198425635
2016-07-11,22.118484497070312,22.271292742068407,22.061466339379432,22.066027026370023,95179600,21.882263456072128,57.50804398693192
2016-07-12,22.218828201293945,22.282688239178366,22.150407477870147,22.161810061746348,96670000,21.941561017717635,56.21398423497223
2016-07-13,22.093395233154297,22.275852284355423,22.08655159293596,22.21655465624445,103568800,21.973492213657924,55.348574635119675
2016-07-14,22.531288146972656,22.57690196241551,22.196021209295587,22.211986218706137,155676000,22.0973025730678,59.81045146028748
2016-07-15,22.529008865356445,22.6476075797629,22.4651488222402,22.560938886914567,120548000,22.203192574637278,74.41022862320662
2016-07-18,22.76849174499512,22.836912491988333,22.48796163616017,22.510768551824576,145975600,22.329936981201172,86.36828600565664
2016-07-19,22.777612686157227,22.807261499686675,22.65673273856188,22.706908992270144,95119600,22.433872767857142,84.13087704052238
2016-07-20,22.798133850097656,22.912170134906106,22.74795760637304,22.807256961689006,105104000,22.530965532575333,82.78344242393175
2016-07-21,22.67725372314453,23.03532755715351,22.60883126210109,22.768483091183956,130808000,22.596454892839706,74.52000813817779
2016-07-22,22.50164031982422,22.647606623657907,22.42181352924326,22.63848351216135,113254800,22.654775619506836,66.7071534496152
2016-07-25,22.20058822631836,22.54269715987412,22.10479814253619,22.40813514790241,161531600,22.60753277369908,63.49045407933996
2016-07-26,22.047775268554688,22.3442703102066,21.99075712516437,22.08198650260001,224959200,22.538785117013113,56.447882146036434
2016-07-27,23.48007583618164,23.799377856316067,23.434462007615014,23.78113162886701,369379200,22.640439987182617,73.82749851758405
2016-07-28,23.79709243774414,23.82218056103933,23.450422877751294,23.45270409079332,159479200,22.786079951695033,74.93497746738528
2016-07-29,23.76744270324707,23.84498828315612,23.64656451756051,23.76288201739625,110934800,22.92455264500209,73.79861623052474
2016-08-01,24.18709945678711,24.20990636833348,23.813060539248017,23.813060539248017,152671600,23.14024489266532,76.00978951533834
2016-08-02,23.829025268554688,24.19165985598927,23.719549658353124,24.18709916975644,135266400,23.329871313912527,71.60703719287315
2016-08-03,24.12779998779297,24.139202573487715,23.895164966905853,23.90428807949513,120810400,23.605187279837473,70.5882758064294
2016-08-04,24.27684783935547,24.3066572608997,24.14155515807838,24.21034828408122,109634800,23.9236262185233,71.71765959453714
2016-08-05,24.64603614807129,24.68501810644561,24.347934908719598,24.368571798629997,162213600,24.090191977364675,72.6008155243509
2016-08-08,24.85012435913086,24.85012435913086,24.57266171299719,24.655211035858382,112148800,24.24062510899135,73.82922236759521
2016-08-09,24.95101356506348,24.98082473744984,24.76756813648853,24.818016197928277,105260800,24.409706660679408,74.3041090050149
2016-08-10,24.765275955200195,24.971653604723272,24.710242498488057,24.928084503856724,96034000,24.49230330330985,73.23172752927611
2016-08-11,24.749223709106445,24.97853181286932,24.73087864092973,24.884514650575184,109938000,24.623760223388672,75.92762502733838
2016-08-12,24.80655288696289,24.86617348896816,24.71482928760452,24.71482928760452,74641600,24.72072492327009,81.85294465981114
2016-08-15,25.10465812683105,25.11841605659682,24.78362635293126,24.797384282697028,103472800,24.8389835357666,86.08294980676197
2016-08-16,25.081716537475582,25.27662980021876,25.042734584719657,25.1390435560514,135177600,24.901223591395787,78.33206359017674
2016-08-17,25.04503059387207,25.079427158262995,24.843238349169017,25.017512992462944,101424000,24.92906733921596,74.50569420796089
2016-08-18,25.0129337310791,25.13217320078088,24.99917405226101,25.04733030390077,87938800,24.93791307721819,74.4341568405581
2016-08-19,25.07713890075684,25.1528110085538,24.84783075554105,24.94184618534872,101472400,24.982464926583425,70.29073544387796
2016-08-22,24.88221740722656,25.01750831921485,24.730873251970223,24.962474876158733,103280800,25.00146402631487,75.93988000052593
2016-08-23,24.96018409729004,25.067959174544544,24.88680558184809,24.900563506780397,85030800,25.023411342075892,73.00349683892912
2016-08-24,24.77215385437012,24.937255966895645,24.69189636897076,24.895980438764266,94700400,24.97591073172433,63.399411150980036
2016-08-25,24.666671752929688,24.73775670267158,24.4625876879762,24.625396225777187,100344800,24.916618619646346,50.651157807814855
2016-08-26,24.52221298217773,24.75381294329641,24.377747734717087,24.629988087590515,111065200,24.841930389404297,39.248118796029466
2016-08-29,24.49468994140625,24.63686158607705,24.37315693442919,24.44882902350309,99881200,24.767895562308176,34.28135549122693
2016-08-30,24.306659698486328,24.421313753667867,24.19200564330479,24.26079877620653,99455600,24.65782710484096,34.22729509003254
2016-08-31,24.329587936401367,24.43736301834071,24.22410642521104,24.22869356670908,118649600,24.578880037580216,35.635846075499856
2016-09-01,24.474056243896484,24.490107742203424,24.219524092542077,24.33876354432476,106806000,24.50943320138114,39.25936149133232
2016-09-02,24.70336151123047,24.76527392627412,24.494690307841104,24.69648079890837,107210000,24.49960572378976,36.433918588681564
2016-09-06,24.696481704711918,24.834067964489712,24.65291435529878,24.74234437446517,107521600,24.503864288330078,36.833919147249944
2016-09-07,24.847829818725582,24.93955342325019,24.55202211261192,24.72629678626044,169457200,24.550380979265487,43.750151123147134
2016-09-08,24.196592330932617,24.59788154554817,24.13238633651127,24.593296152867563,212008000,24.507795606340682,31.41963346148637
2016-09-09,23.64854621887207,24.24245517027927,23.64854621887207,23.99480197626819,186228000,24.413779394967214,23.35337479187706
2016-09-12,24.178247451782227,24.242453442063752,23.510960018180626,23.53847762093643,181171200,24.39215932573591,38.32711024636595
2016-09-13,24.753807067871094,24.946426768938736,24.5909985375121,24.65291270015171,248704800,24.432123729160853,47.06266563073649
2016-09-14,25.62976837158203,25.91869709905094,24.902862034921174,24.932673210851508,443554800,24.564467566353933,60.207437285953155
2016-09-15,26.501140594482425,26.53783073514513,26.024179262760363,26.109023900931238,359934400,24.822275979178293,68.46723788077321
2016-09-16,26.35208511352539,26.629547690703955,26.15029462543604,26.397947780919704,319547600,25.03716959272112,68.40393116471658
2016-09-19,26.044816970825195,26.64101773936924,25.96914487053204,26.414003187971904,188092000,25.301201684134348,64.7598489132879
2016-09-20,26.042526245117188,26.16864642605217,25.799460168568665,25.92328677817329,138057200,25.643198830740793,67.13447099490163
2016-09-21,26.03793334960937,26.138827715804265,25.7834012392299,26.10672472435837,144012800,25.9088682447161,66.92407431691674
2016-09-22,26.28329086303711,26.35666937336348,26.14111923388154,26.22137670619449,124296000,26.127365929739817,67.57229100022155
2016-09-23,25.845314025878903,26.3222752621018,25.57931755726196,26.237430640918877,209924800,26.158158166067942,60.65920910858961
2016-09-26,25.88429450988769,26.001242116337615,25.57931610405971,25.59995299076642,119477600,26.070037296840123,61.021231350362505
2016-09-27,25.932449340820312,25.953087977283975,25.760468284710765,25.91181245383842,98429600,26.010089329310826,60.260223812976044
2016-09-28,26.12965583801269,26.28787897802316,26.010416402434487,26.070036994964525,118564400,26.02220916748047,70.00469778256756
2016-09-29,25.723783493041992,26.09526325590385,25.63664704226393,25.94850620749764,143548000,25.976674488612584,72.1271308118133
2016-09-30,25.92328453063965,25.996663061508404,25.63664937107699,25.787991825595345,145516400,25.960296085902623,70.01579557636344
2016-10-03,25.801746368408203,25.92328112968327,25.746712914847198,25.845315466780058,86807200,25.89150401524135,63.41747532983097
2016-10-04,25.91181755065918,26.212210627916612,25.826972916476205,25.925575478019944,118947200,25.901004518781388,54.49231862880611
2016-10-05,25.92328453063965,26.0631626284648,25.84073346472703,26.00354202542076,85812400,25.906574521745956,37.324010252488
2016-10-06,26.115901947021484,26.21908990241469,25.941627283963356,26.072332843886414,115117200,25.93278203691755,44.916189465836155
2016-10-07,26.15488052368164,26.269534570163824,26.028762122240384,26.21220754692273,97433600,25.936385563441686,52.67845953184397
2016-10-10,26.611207962036133,26.771722945858716,26.306227743291117,26.375019129437028,144944000,26.063160487583705,61.33445251134571
2016-10-11,26.668537139892575,27.216583449562872,26.64560492651477,26.989567133394814,256164000,26.16962514604841,62.30985181324
2016-10-12,26.90700912475586,27.05376790470084,26.7717181980246,26.909302695398605,150347200,26.327519825526647,62.20825960023594
2016-10-13,26.8244686126709,26.92995015352574,26.53553984890532,26.780899503596064,140769600,26.457898548671178,72.26305988434785
2016-10-14,26.9735164642334,27.097343072460703,26.858862391743187,27.030843500478504,142608800,26.607931682041713,73.5851768394726
2016-10-17,26.95516586303711,27.021663667579364,26.77859765937409,26.904717804847675,94499600,26.727826527186803,72.43468728556851
2016-10-18,26.936824798583984,27.106512315401456,26.932237656531512,27.09963335180484,98214000,26.83953285217285,69.2141516450049
2016-10-19,26.856565475463867,27.00332252045422,26.09526264852068,26.886374898843105,80138400,26.87458392551967,81.91220468379242
2016-10-20,26.842811584472656,26.916190122781234,26.675417614026067,26.79695065408568,96503200,26.899480274745397,78.93242816659325
2016-10-21,26.73732185363769,26.808408548286152,26.663943337809677,26.78547634063592,92770800,26.87523923601423,79.73770778037374
2016-10-24,26.978099822998047,26.998736713400326,26.82904919976958,26.851979661155024,94154800,26.897186551775253,81.29217011453578
2016-10-25,27.11568069458008,27.14090472355684,26.900130537681157,27.04688757019222,192516000,26.917495727539062,82.58150862486792
2016-10-26,26.505725860595703,26.530949894810167,25.98290360502716,26.21221173462615,264536800,26.853290012904576,58.673532612109106
2016-10-27,26.251190185546875,26.56763471116466,26.16405199409308,26.459859631934027,138248000,26.75534221104213,51.95531894460639
2016-10-28,26.0769157409668,26.41858429821849,26.01500157822421,26.111312303659133,151446800,26.64396367754255,37.749569455244036
2016-10-31,26.03564071655273,26.19386385829256,25.95767505631793,26.060864746380297,105677600,26.52865355355399,35.38111660742527
2016-11-01,25.56555938720703,26.08838157136473,25.34542382279757,26.017296620732647,175303200,26.361258915492467,22.00954843146573
2016-11-02,25.588491439819336,25.762766095213102,25.50594212882445,25.54492408808244,113326800,26.162743432181223,23.552421066379495
2016-11-03,25.314212799072266,25.689903381308596,25.249677166144718,25.57927137013682,107730400,25.905390875680105,16.300144800993735
2016-11-04,25.08603286743164,25.411018161450443,24.91777949155612,25.014582948234988,123348000,25.702577590942383,15.019975041906363
2016-11-07,25.447895050048828,25.4709432394356,25.22893285471415,25.371834442454755,130240000,25.58782114301409,25.30989618256497
2016-11-08,25.59770774841309,25.74982895521074,25.284247466342794,25.42484369985068,97016800,25.51936285836356,29.595725763269982
2016-11-09,25.55621910095215,25.65763323403363,24.903946791576512,25.32573371374076,236705600,25.450874056134904,29.332007238370622
2016-11-10,24.844018936157227,25.604619623290308,24.3922678093746,25.604619623290308,228538000,25.347796848842076,24.54714223441644
2016-11-11,24.991533279418945,25.09294742335034,24.558221338150155,24.68959795257757,136575600,25.26251711164202,22.606418653241235
2016-11-14,24.364620208740234,24.848639371582227,23.98892950431517,24.82559117496398,204702000,25.126861027308873,16.575238088175638
2016-11-15,24.68729591369629,24.81867254572557,24.46833544646895,24.562833563595227,129058000,25.06989860534668,26.248451036304715
2016-11-16,25.35109519958496,25.406412975962784,24.569749632509343,24.592797826767857,235362000,25.05607005528041,39.37887762602751
2016-11-17,25.341875076293945,25.43406960999568,25.08373249208645,25.30960725326801,110528000,25.019522530691965,40.974968419543934
2016-11-18,25.367225646972656,25.477859426154385,25.275032882529526,25.288861445503144,113715600,24.992523465837753,41.76079643612519
2016-11-21,25.75213432312012,25.81205926057781,25.355699156730868,25.38105269121837,117058400,25.12225423540388,52.34913802419675
2016-11-22,25.768266677856445,25.91116649075949,25.676072172408844,25.80283807874336,103862000,25.23321614946638,52.267406447292075
2016-11-23,25.636890411376957,25.701426038487547,25.429453211047218,25.6668528786886,109705600,25.414969035557338,54.22194404681337
2016-11-25,25.765966415405277,25.784405671825745,25.572357739918893,25.61384518763281,45903600,25.569064821515763,59.13317103690207
2016-11-28,25.71525764465332,25.92269486955125,25.673770199673733,25.682989827276327,108776000,25.6210880279541,53.91892035456618
2016-11-29,25.68990135192871,25.821277953857138,25.369526800586332,25.533171216429537,114115200,25.670806067330496,51.40251673061785
2016-11-30,25.47325134277344,25.86046697188614,25.41562997986062,25.722176052588267,144649200,25.685952595302037,48.801695625895704
2016-12-01,25.235843658447266,25.57004851312999,25.12982059510568,25.438671917417164,148347600,25.61219678606306,56.55863788595201
2016-12-02,25.33035087585449,25.374141914853848,25.08834045408502,25.162095726491955,106112000,25.549637385777064,55.77382623980691
2016-12-05,25.148269653320312,25.360315862684946,24.950052009381544,25.353401579972008,137298000,25.479834420340403,65.74067263103376
2016-12-06,25.341875076293945,25.43637495691595,25.166707396571567,25.23815732491979,104782000,25.4192499433245,63.86714551475905
2016-12-07,25.590797424316406,25.6276759377741,25.15979078868156,25.18283898036046,119994800,25.401469911847794,56.16105124134843
2016-12-08,25.842025756835938,25.91347567386673,25.49168693595472,25.55161363713833,108273200,25.423201969691686,61.433002465161216
2016-12-09,26.26380920410156,26.436673244738817,25.88581330925188,25.88581330925188,137610400,25.536138807024276,67.35047164309559
2016-12-12,26.11400032043457,26.505824854021338,25.92730592353313,26.111694973729435,105497600,25.661589758736746,57.703720908324556
2016-12-13,26.54961204528809,26.717865391499608,26.217712528374275,26.23845536894942,174935200,25.83576992579869,64.11326719465536
2016-12-14,26.54961204528809,26.78240101790753,26.501210325482145,26.51503888586557,136127200,26.0359616960798,67.30771873858433
2016-12-15,26.69482421875,26.904566818149384,26.558838650012337,26.593410060054524,186098000,26.22924014500209,67.5065696054642
2016-12-16,26.729393005371094,26.85154999006606,26.65563774526484,26.84463570919112,177404400,26.391896656581334,69.23083043923933
2016-12-19,26.88382148742676,27.05438022006357,26.67868958721731,26.69021456256297,111117600,26.54072461809431,71.5835082657282
2016-12-20,26.95526695251465,27.08203462649237,26.89303666794817,26.906865229304262,85700000,26.639504296439036,78.27614441521015
2016-12-21,26.98063087463379,27.058996855571387,26.916095218840905,26.92070591337739,95132800,26.763308661324636,86.22043534003885
2016-12-22,26.803152084350582,26.853859162610323,26.653336196346185,26.816980648070743,104343600,26.799528666904994,79.55605366061293
2016-12-23,26.85616111755371,26.85616111755371,26.641809600606077,26.641809600606077,56998000,26.84332139151437,86.14635887076916
2016-12-27,27.026721954345703,27.15118429728592,26.849247188898552,26.85616147042896,73187600,26.890735353742325,86.00989294196395
2016-12-28,26.91148567199707,27.201896116474003,26.78241260487596,27.08665337418372,83623600,26.91674859183175,79.93758436444229
2016-12-29,26.90456199645996,26.992145816977864,26.828501391069523,26.84002460619699,60158000,26.91971152169364,77.08573401208726
2016-12-30,26.69482421875,27.0128935003889,26.60493503571152,26.886127560483956,122345200,26.882505416870117,62.319038097128015
2017-01-03,26.77088165283203,26.81236909841128,26.450507062483908,26.690212108223545,115127600,26.85254124232701,69.60097437152459
2017-01-04,26.740922927856445,26.853862072021723,26.67869262590918,26.701740820761334,84472400,26.843651362827845,57.53203491550456
2017-01-05,26.87691116333008,26.934532531614646,26.692522081433623,26.717875624156004,88774400,26.846615655081614,61.63962270038101
2017-01-06,27.176538467407227,27.23415982612011,26.84463887851244,26.91608880060783,127007600,26.868018014090403,65.4357522573894
2017-01-09,27.425457000732425,27.52687113850575,27.18344838804248,27.18575197592712,134247600,26.941442489624027,69.61036979081582
2017-01-10,27.45311737060547,27.51534765768287,27.266424750909135,27.37475141667616,97848400,27.019807543073387,67.27267887255789
2017-01-11,27.60062599182129,27.64211343317052,27.335567436449203,27.367835251002603,110354400,27.149207796369286,68.71658878091083
2017-01-12,27.485387802124023,27.496912777124887,27.245682741513264,27.404718252510857,108344800,27.251280103411,63.91355277768426
2017-01-13,27.43698501586914,27.57066698348872,27.38397259475647,27.453118925170525,104447600,27.350717544555668,68.81002111316778
2017-01-17,27.65825462341309,27.71357064028986,27.247990794520103,27.275647923726257,137759200,27.462338038853236,71.64207371298711
2017-01-18,27.655946731567383,27.773494795270068,27.591411091405693,27.658252078277247,94852000,27.53082493373326,68.6731820965676
2017-01-19,27.607545852661133,27.6789957766911,27.51304773621483,27.519962018093292,102389200,27.55683762686593,71.50989392878436
2017-01-20,27.65825462341309,27.761972374865096,27.59602432423477,27.761972374865096,130391600,27.586142948695592,72.67719861257447
2017-01-23,27.67668342590332,27.84493675989133,27.605231766030677,27.658244174422396,88200800,27.597008296421595,83.3857576272482
2017-01-24,27.651338577270508,27.681301051487395,27.54301013888461,27.554535114294996,92844000,27.62071555001395,81.00716718276637
2017-01-25,28.09156990051269,28.142276987884298,27.72279348117104,27.75506130795939,129510400,27.7142276763916,86.90219351180744
2017-01-26,28.10539054870605,28.22063324997716,28.027024597440384,28.043158505279777,105350400,27.77810423714774,85.96527866966693
2017-01-27,28.10769462585449,28.19988914016885,28.02702508525347,28.151487415808237,82251600,27.842639650617325,83.00695575039329
2017-01-30,28.033939361572266,28.033939361572266,27.81036999436097,27.872600280396256,121510000,27.903553009033203,74.62729428620827
2017-01-31,27.96940803527832,27.97862766397413,27.801154647356736,27.92331165026362,196804000,27.94800349644252,70.29040803445737
2017-02-01,29.67500114440918,30.07604708616391,29.273956961118845,29.27856589631015,447940000,28.233477456229075,86.64536711071815
2017-02-02,29.62429618835449,29.822513826611598,29.4514320916278,29.49753023916697,134841600,28.51532854352678,88.6670234290844
2017-02-03,29.75105857849121,29.776412115490093,29.53901241310441,29.573583819499053,98029200,28.75239835466657,90.68108675052517
2017-02-06,30.02994537353516,30.07834886168069,29.70957076388482,29.762584945408168,107383600,29.027334758213588,90.8661212368596
2017-02-07,30.31574821472168,30.44481949233701,30.06682352920845,30.08756637376908,152735200,29.342770985194615,91.7515068844229
2017-02-08,30.43329429626465,30.474783502012865,30.24429807453851,30.2742623055273,92016400,29.685535975864955,93.41399346170031
2017-02-09,30.65321350097656,30.660157761656755,30.35228258685125,30.474969235104457,113399600,30.068936756678987,93.73950190783238
2017-02-10,30.583763122558597,30.77358230731125,30.567561027276486,30.66247061965281,80262000,30.19875989641462,91.83265915325049
2017-02-13,30.854597091674805,30.977287244137845,30.729596895748088,30.805987277994184,92141600,30.37451716831752,93.05290228903856
2017-02-14,31.255067825317383,31.271269918955483,30.8453388826695,30.896265803548964,132904800,30.58937563214983,92.97785010209493
2017-02-15,31.368501663208008,31.544432358828097,31.16248034768775,31.370818771630887,142492400,30.780597959245956,93.16290292793559
2017-02-16,31.33146095275879,31.458774733939677,31.21340147483764,31.40553423278166,90338400,30.92569977896554,92.25416971247276
2017-02-17,31.41709518432617,31.44255863565733,31.27357583982792,31.27357583982792,88792800,31.06624276297433,94.20564576826578
2017-02-21,31.64396476745605,31.655539711445915,31.477295464097686,31.535166651869982,98028800,31.207778658185685,96.05921128759407
2017-02-22,31.73886489868164,31.741178473918914,31.50738021662056,31.58145347814862,83347600,31.372793197631836,93.39028030517517
2017-02-23,31.604610443115234,31.82452023392888,31.551369943317063,31.801373879840284,83152800,31.479937962123326,90.22077252952892
2017-02-24,31.634706497192383,31.634706497192383,31.31525641477906,31.46109293625939,87106400,31.53417205810547,89.82108266519596
2017-02-27,31.69719886779785,31.81525832759649,31.546735222857016,31.745812209863693,81029600,31.581128801618302,88.79599062989068
2017-02-28,31.711091995239254,31.815259409291937,31.643959450683795,31.73192477161452,93931600,31.63536180768694,87.17279029920697
2017-03-01,32.35923767089844,32.44257228618946,31.85228925440144,31.919418248747476,145658400,31.76995359148298,89.99991284981908
2017-03-02,32.16712188720703,32.472679915469456,32.12082211222392,32.4078644691054,104844000,31.844690322875977,81.80972930686806
2017-03-03,32.356929779052734,32.36850472002137,32.08146243200919,32.12544508838435,84432400,31.932985305786133,85.46349546888183
2017-03-06,32.25507354736328,32.35461379366759,32.08377714962105,32.26201780499198,87000000,32.025908606392996,80.0401105946138
2017-03-07,32.296749114990234,32.40323010814363,32.1277627262672,32.19026458966033,69785200,32.12048612322126,76.40890940020832
2017-03-08,32.1763801574707,32.36156866337355,32.134714598035465,32.1648052135686,74828800,32.18894059317453,70.4097258696375
2017-03-09,32.10230255126953,32.12776601435599,31.724984821031654,32.116194602915954,88623600,32.24482781546457,69.11631567844111
2017-03-10,32.208778381347656,32.25970529375484,32.09303604081785,32.23424183755125,78451200,32.22333363124302,69.43229805522529
2017-03-13,32.22266387939453,32.275904362042986,32.13470211070917,32.14164636791655,69686800,32.23126820155552,65.86306956317158
2017-03-14,32.1740608215332,32.3268380442881,32.13933599604356,32.2458205158316,61236400,32.20514406476702,62.24008960873427
2017-03-15,32.514347076416016,32.58147609467358,32.1833220722569,32.27128740089075,102767200,32.24218314034598,72.92937412025321
2017-03-16,32.567588806152344,32.643979194613266,32.468048530699576,32.574533065814535,76928000,32.28087452479771,73.24157699007895
2017-03-17,32.40555191040039,32.63935023982534,32.382402022182184,32.63935023982534,175540000,32.31361334664481,66.8137454194461
2017-03-20,32.74583435058594,32.75509218644544,32.4611055643844,32.50045754809698,86168000,32.405546460832866,71.26597094986437
2017-03-21,32.370819091796875,33.05601534719135,32.34535563390981,32.89629034155211,158119600,32.42869513375418,50.2681220856295
2017-03-22,32.736568450927734,32.778237536969804,32.352302970677094,32.37313927978638,103440800,32.502110072544646,62.20227342208388
2017-03-23,32.62082290649414,32.77360365343608,32.549063215948244,32.69952685533957,81385200,32.56593322753906,55.840151824699205
2017-03-24,32.55601501464844,32.81064965186172,32.48888599147964,32.75509204042147,89582400,32.571885790143696,56.77109261007639
2017-03-27,32.611568450927734,32.690272407925804,32.08841072366366,32.26665494689288,94300400,32.57816859654018,57.0393798576566
2017-03-28,33.287498474121094,33.343052538036424,32.55137533765912,32.61850787445812,133499200,32.70416096278599,69.90045434359307
2017-03-29,33.36158752441406,33.4472393004431,33.146308360513785,33.25973364946774,116760000,32.7921257019043,72.55407008204114
2017-03-30,33.31758117675781,33.44952911160406,33.21804448107393,33.37776944128775,84829200,32.92737742832729,70.31345219525559
2017-03-31,33.25509262084961,33.39629842816483,33.10462544757945,33.26898113760583,78646800,33.0014523097447,68.58332887023084
2017-04-03,33.26435089111328,33.361574041858745,33.11388724804497,33.266667998720514,79942800,33.093384878976,69.90676701784005
2017-04-04,33.51204299926758,33.53982003462168,33.141666044389595,33.16018524535114,79565600,33.22996030535017,68.85364313457497
2017-04-05,33.33843994140625,33.67177859912132,33.28982658208216,33.38473619227167,110871600,33.33379908970424,63.93310147581631
2017-04-06,33.25509262084961,33.45416960276654,33.20647928002665,33.40092557896612,84596000,33.329169682094026,65.80500475494301
2017-04-07,33.181007385253906,33.37545363475313,33.16480529721662,33.27128625339107,66688800,33.30337251935686,58.98608581673357
2017-04-10,33.14166641235352,33.30602211510173,33.07916454993642,33.24120667710491,75733600,33.27824183872768,68.4793681973398
2017-04-11,32.78517150878906,33.18332538206427,32.42173891950718,33.08841582958201,121517600,33.21111025129046,51.1703442967187
2017-04-12,32.824520111083984,32.90553760949143,32.641645281657844,32.778223893111864,81400000,33.148277282714844,55.0923135609384
2017-04-13,32.65092086791992,32.95879597320454,32.65092086791992,32.84999787087928,71291600,33.025259835379465,52.25019400563295
2017-04-17,32.831478118896484,32.84305306128152,32.6092512345038,32.7504570543777,66328400,32.95283671787807,54.922232012951085
2017-04-18,32.68564987182617,32.88009623717541,32.664817089576765,32.73426322925218,58790000,32.87148775373186,32.33741953540442
2017-04-19,32.56527328491211,32.870834853644475,32.51203278084887,32.84305781364226,69313600,32.78352573939732,27.248511745818604
2017-04-20,32.972686767578125,33.08379845321876,32.67638658441855,32.690275103601536,93278400,32.759385790143696,41.840425685529866
2017-04-21,32.93333435058594,33.028240407807615,32.83611118541318,32.9726863318099,69283600,32.78055191040039,42.30353000863204
2017-04-24,33.250465393066406,33.32222509188119,33.143980866576484,33.218057673208875,68537200,32.84140123639788,49.710498102330966
2017-04-25,33.45648193359375,33.54213013852181,33.30370119060636,33.312962556216775,75486000,32.956481388636995,48.82110787530697
2017-04-26,33.25971603393555,33.4726850408515,33.19027345795837,33.4425909031442,80164800,33.01765823364258,48.3458985304891
2017-04-27,33.285179138183594,33.370830867945195,33.174067485616035,33.31527327557354,56985200,33.103305271693635,50.64792101722039
2017-04-28,33.252777099609375,33.40324428005763,33.16481531189833,33.354630936915555,83441600,33.201520102364675,51.57383489038199
2017-05-01,33.931026458740234,34.07454583698274,33.55602238930603,33.58843010478582,134411600,33.33842577253069,63.52107559089266
2017-05-02,34.14631271362305,34.28057428663632,33.99121836173965,34.15325697324642,181408800,33.51170839582171,74.50043327139818
2017-05-03,34.0421257019043,34.141665919533004,33.39628520325911,33.70184304742384,182788000,33.62480272565569,71.41689636570055
2017-05-04,33.91945266723633,34.06065847493561,33.75278340135599,33.91713909182939,93487600,33.69094140189035,72.71968276698897
2017-05-05,34.48196792602539,34.48659507759118,33.97269867964683,33.97269867964683,109310800,33.86554881504604,76.00293765535677
2017-05-08,35.41947937011719,35.579204408455304,34.49817107898836,34.49817107898836,195009600,34.17044884817941,84.47153462608142
2017-05-09,35.64634323120117,35.85236454808707,35.52133946957119,35.61856265518479,156521600,34.51238686697824,87.83396383381769
2017-05-10,35.47734832763672,35.63475978023358,35.21114230191216,35.56300007932574,103222800,34.733289991106304,82.66882673603303
2017-05-11,35.78417205810547,35.81206729700013,35.402970229604634,35.435511719351425,109020400,34.96726989746094,84.75882354035545
2017-05-12,36.283912658691406,36.3582916702196,35.95152136483856,35.95849428633321,130108000,35.28752517700195,85.40857001385707
2017-05-15,36.19094467163086,36.41176219035875,36.0398599342793,36.26300057857565,104038800,35.6120240347726,82.7838285050999
2017-05-16,36.13747024536133,36.274609082037145,35.963140133627775,36.24671739912144,80194000,35.848524366106304,85.72938749296671
2017-05-17,34.92414093017578,35.92828432192558,34.79862477958509,35.702817038502765,203070800,35.77776173182896,65.71386145421721
2017-05-18,35.45644760131836,35.642400581087664,35.12870942024334,35.16125092569611,134272800,35.75063378470285,69.27996379493676
2017-05-19,35.57729721069336,35.79114177368789,35.47734962498381,35.65167977873809,107843200,35.76491219656808,65.95989390642404
2017-05-22,35.793460845947266,35.930599686561685,35.54242505223062,35.79578397067189,91865600,35.766239166259766,65.96568370796987
2017-05-23,35.74929428100586,36.00497630723643,35.6353973354477,36.00497630723643,79675600,35.68986511230469,66.74226156182894
2017-05-24,35.64237594604492,35.83530171886918,35.486641452820535,35.7585960347278,76712000,35.611498151506694,66.94914363770096
2017-05-25,35.76557159423828,35.87714544126716,35.570322682071584,35.733030108877166,76942400,35.55836977277483,63.822085662762944
2017-05-26,35.70512390136719,35.851562299322445,35.63539116201923,35.79577539849319,87710400,35.66993876865932,53.792168119453294
2017-05-30,35.71907043457031,35.895723637166924,35.640041650257714,35.6609604084426,80507600,35.70745631626674,51.023368112998305
2017-05-31,35.507564544677734,35.83530608592491,35.4192396783089,35.78881875413772,97804800,35.69749450683594,50.420155586462094
2017-06-01,35.60517883300781,35.640046981953375,35.38203828547846,35.6028557084468,65616400,35.670597076416016,47.35735268939292
2017-06-02,36.13282775878906,36.13282775878906,35.53778142451099,35.698165727231675,111082800,35.72538757324219,47.787621494805045
2017-06-05,35.779518127441406,35.90038802400569,35.670274496933565,35.87481946024702,101326800,35.74497931344168,44.402172841146545
2017-06-06,35.900386810302734,36.21650561210647,35.74465230785796,35.7725439958314,106499600,35.76423863002232,46.83235917122487
2017-06-07,36.114234924316406,36.2560235967663,35.90736327566881,36.03288297744737,84278400,35.82268306187221,71.69495108524825
2017-06-08,36.02591323852539,36.15375253015387,35.88877080457249,36.08634642269079,85003200,35.86651774815151,62.38612188816132
2017-06-09,34.628944396972656,36.07239978270524,33.940923303853054,36.07239978270524,259530800,35.741000584193635,36.736044048679766
2017-06-12,33.80144500732422,33.957179476776645,33.125043343217285,33.875827555169906,289229200,35.483324323381694,26.207692160491632
2017-06-13,34.073421478271484,34.27332027082303,33.73870689104496,34.205914146864224,136661600,35.1891234261649,31.01669486882109
2017-06-14,33.74101638793945,34.28492554192561,33.43419365691819,34.28492554192561,126124800,34.89790889195034,29.50925481322642
2017-06-15,33.53879165649414,33.582955857707404,33.0553192083585,33.313327947296735,128661600,34.560538155691965,26.40416055957037
2017-06-16,33.069271087646484,33.58761178507878,33.05299856980585,33.420254542962795,201444400,34.12554332188198,24.297697117584264
2017-06-19,34.01529693603516,34.10827514113461,33.39235892227018,33.39235892227018,130165600,33.838312421526226,35.941855458274546
2017-06-20,33.706153869628906,34.13849280587483,33.689884899100015,34.13849280587483,99600400,33.70648520333426,35.371927348603194
2017-06-21,33.90605545043945,33.952546334167245,33.61318203543929,33.82470349742875,85063200,33.72142955235073,36.427995536685565
2017-06-22,33.85025405883789,34.09896313005492,33.73170733384954,33.882795532083705,76425200,33.68954849243164,30.281214388485466
2017-06-23,34.001346588134766,34.20589506550318,33.72939202440925,33.734041820737275,141757600,33.726738521030974,34.082532059490646
2017-06-26,33.89442825317383,34.466229101408445,33.79215400799219,34.20822036352045,102769600,33.77754374912807,31.998515652065606
2017-06-27,33.408626556396484,33.97345804619236,33.383057994360364,33.70614970731368,99047600,33.82602310180664,26.84982031706454
2017-06-28,33.896751403808594,33.96183436956342,33.276136557446506,33.58528241815972,88329600,33.80908802577427,32.94871113375875
2017-06-29,33.397003173828125,33.73404427035426,33.07158834234401,33.636419820909026,125997600,33.76492364065988,38.47831205805336
2017-06-30,33.47603988647461,33.69453425037123,33.42025295949374,33.57598747388138,92096400,33.70349284580776,46.461234666235235
2017-07-03,33.355159759521484,33.77355271672712,33.26218512314469,33.67592828450497,57111200,33.632765088762554,41.9235177445147
2017-07-05,33.4922981262207,33.65500551100677,33.173856276942615,33.39932349113009,86278400,33.56004387991769,47.07483750094216
2017-07-06,33.17619705200195,33.355177043865844,33.101818013709,33.24360671304797,96515200,33.45743942260742,45.84679110738256
2017-07-07,33.51321792602539,33.645710509229566,33.21569482840612,33.21569482840612,76806800,33.47238104684012,55.24420820017554
2017-07-10,33.7177734375,33.92464506499715,33.32494894841133,33.496955966065755,84362400,33.446812765938894,45.739029341771335
2017-07-11,33.8270149230957,33.90139747392816,33.55971016789646,33.641062092769815,79127200,33.50824301583426,51.83603361570494
2017-07-12,33.87583541870117,33.97810612559624,33.66199086413815,33.906050232366475,99538000,33.5653566632952,49.518832467207474
2017-07-13,34.34770202636719,34.51505931588674,33.80611573483271,33.82006158449979,100797600,33.70714841570173,56.993805475852085
2017-07-14,34.64288330078125,34.710292940009225,34.24541257418322,34.394174149377314,80528400,33.87151772635324,58.668394418002435
2017-07-17,34.76375961303711,35.07522866447601,34.533646059353856,34.59175611582035,95174000,34.09831237792969,61.70219758325408
2017-07-18,34.884620666503906,34.89624338419752,34.556879180023664,34.680072184713886,71475200,34.2942270551409,72.03336070493452
2017-07-19,35.10312271118164,35.196097379667826,34.854409975508894,34.97760300729341,83692000,34.49213409423828,69.58502970797377
2017-07-20,34.94505310058594,35.2704714554087,34.91018849499136,35.21468453970198,68974800,34.65185383387974,78.26815642458101
2017-07-21,34.92879104614258,34.96830545588833,34.60569929892158,34.86370807164886,105010400,34.80227606637137,77.15040194828711
2017-07-24,35.351829528808594,35.433185018344126,34.842784918114624,35.0008461000464,85972800,34.94572285243443,83.52890231543938
2017-07-25,35.50291061401367,35.75859265691047,35.2844163004483,35.2844163004483,75415600,35.06858389718192,83.60567101675852
2017-07-26,35.67027282714844,35.7795164525424,35.577294623853,35.644704264586665,63124000,35.19808578491211,93.86747574834912
2017-07-27,34.996192932128906,35.79346459381474,34.23843922218672,35.7376776737846,129905200,35.214024680001394,73.31869740212221
2017-07-28,34.749813079833984,34.919493448269165,34.67775717872136,34.84046462425895,68854800,35.16355187552316,66.01738957454393
2017-07-31,34.57082748413086,34.94273319627466,34.43136550214373,34.84278207309928,79383600,35.110091073172434,61.29944877910831
2017-08-01,34.877655029296875,34.9171694403032,34.496453217920134,34.65683753402334,141474400,35.10278592790876,64.11262543702114
2017-08-02,36.52565383911133,37.13232291881002,36.29786343025978,37.0230757382192,279747200,35.27047511509487,73.0446421147548
2017-08-03,36.16072082519531,36.541922581900096,36.03287801571231,36.504731301549455,108389200,35.364448002406526,65.82644417715154
2017-08-04,36.35132598876953,36.58608933494351,36.18861854356201,36.27694696242737,82239600,35.46174131120954,66.31624673515105
2017-08-07,36.91383361816406,36.93940218620661,36.41641165086437,36.50706320178677,87481200,35.73568998064314,69.11959008038231
2017-08-08,37.20903778076172,37.61580824160326,36.788321471601,36.86502718411339,144823600,36.08700779506138,69.55957622152353
2017-08-09,37.436824798583984,37.48563880996327,36.98356703616189,37.0184316537495,104526000,36.4964359828404,72.84749402756937
2017-08-10,36.244388580322266,37.33647887838671,36.08337444544976,37.31314215481408,163217200,36.69168363298689,59.92270740448334
2017-08-11,36.74843215942383,37.00278965434573,36.41940711122255,36.543083925509904,105028400,36.72350910731724,60.40651557348951
2017-08-14,37.30147933959961,37.38548656397579,37.0447896093712,37.17780253158527,88490800,36.886474609375,62.644253977108164
2017-08-15,37.709842681884766,37.849852332322016,37.36914576718812,37.49049031278083,117862000,37.080548422677175,63.868588714342266
2017-08-16,37.55816268920898,37.92219278061231,37.37147958675794,37.7891834290691,110686400,37.17259543282645,68.75307499554624
2017-08-17,36.83709716796875,37.50215450585416,36.83242911193449,37.45781687523733,111762400,37.11946105957031,64.28573293460512
2017-08-18,36.75309753417969,37.21980353461372,36.57108247886515,36.83710475668518,109712400,37.021785736083984,65.13258727037349
2017-08-21,36.68542098999024,36.844099296178136,36.19537834194661,36.753091782762446,105474000,37.08479036603655,62.96568475899009
2017-08-22,37.28514862060547,37.33648657450019,36.874448550132506,36.92345069477803,86418400,37.161464146205354,56.411319901668016
2017-08-23,37.331809997558594,37.44615424344615,37.07512384734565,37.119461484744576,77596400,37.165797097342356,60.447189276822606
2017-08-24,37.166133880615234,37.5091630807643,36.99811943316736,37.43682065867304,79275600,37.08812441144671,57.301308306175244
2017-08-25,37.30381393432617,37.46716033625364,37.16613650703621,37.25480823340568,101920400,37.05178887503488,53.78250879666116
2017-08-28,37.67951202392578,37.80318883835701,37.320146382960566,37.369152083341085,103864000,37.17213385445731,54.493080338602205
2017-08-29,38.01552963256836,38.06453175769056,37.33647169897915,37.35980841806438,118067600,37.35248129708426,55.414758880041816
2017-08-30,38.11821746826172,38.2442265331109,37.945534950587,38.22322561575013,109078400,37.5571665082659,72.02419009888212
2017-08-31,38.26988983154297,38.39123438165889,38.14854528142704,38.185882613875634,107140400,37.697843824114116,69.49760215879044
2017-09-01,38.28155899047852,38.48924301060967,38.18355116127232,38.4565737342076,66364400,37.833522251674104,64.58332387305379
2017-09-05,37.82185363769531,38.32822920662865,37.46715609035932,38.21155270980482,117874000,37.92719650268555,51.64161080579425
2017-09-06,37.78217697143555,38.03419858459997,37.457816513514224,37.96886004348513,86606800,37.99553407941546,53.39455289985606
2017-09-07,37.63050842285156,37.859196956472616,37.42049211964045,37.82419186548098,87714000,37.98853356497629,64.53018680750583
2017-09-08,37.01677703857422,37.60482386822451,36.993440320914345,37.53715308410399,114446000,37.84585462297712,54.04422778079421
2017-09-11,37.68650436401367,37.81484920865944,37.31080594278718,37.453151395815446,126323200,37.78418132237026,62.96068747530609
2017-09-12,37.53715515136719,38.26055071046408,37.049448347292106,37.945522808122405,286856000,37.679504939488005,53.69335462287103
2017-09-13,37.25479507446289,37.32713747611398,36.84876324175742,37.306133005604565,179629600,37.5328243800572,48.94422579521673
2017-09-14,36.93511199951172,37.19646621616109,36.89077436046924,37.100794193720326,95042800,37.40614700317383,46.96129935423661
2017-09-15,37.3084831237793,37.562837068833154,36.86977829327567,36.97945450090158,196458400,37.33847645350865,50.057829685905425
2017-09-18,37.02611541748047,37.4531517809566,36.86976935446195,37.362144264850784,113077600,37.25213459559849,41.715917950424384
2017-09-19,37.04011535644531,37.282804435462985,36.97244456289605,37.22213038536672,83242400,37.25546864100865,36.533638649292925
2017-09-20,36.419395446777344,36.930435399901846,35.896683573707314,36.84642819817065,211805600,37.07445308140346,29.48134810421699
2017-09-21,35.79401779174805,36.35639939617449,35.64467200890081,36.35639939617449,150046800,36.82543345860073,23.166556003628386
2017-09-22,35.44397735595703,35.53265261117912,35.13361752336297,35.362302403970034,186581600,36.566745213099885,21.347853250842178
2017-09-25,35.13129425048828,35.429985800433215,34.80693372856288,35.00061714247289,177549200,36.3090569632394,22.001082936759346
2017-09-26,35.73566818237305,35.917683186099715,35.397307140095684,35.41830804959879,146640000,36.08436911446707,30.943043685216367
2017-09-27,35.990020751953125,36.10436496744996,35.82900666342926,35.88968070297916,102016800,35.93635559082031,35.01054034610259
2017-09-28,35.76834487915039,36.00169786169218,35.63299972199408,35.91069034092824,88022000,35.754674094063894,37.71248009143111
2017-09-29,35.96435546875,35.96669127708443,35.46964835479913,35.75200699064002,105199200,35.689668382917134,31.306856718378242
2017-10-02,35.892032623291016,36.041378435245775,35.6376786492983,35.99704078532897,74795200,35.703670501708984,31.839264102333033
2017-10-03,36.04836654663086,36.19071200367247,35.91535720256329,35.93869036363075,64921200,35.790011814662385,36.30089872494373
2017-10-04,35.81501770019531,35.90369298025103,35.57700020217874,35.8500227868572,80655200,35.887686593191965,37.02687179124657
2017-10-05,36.26072311401367,36.27239147633922,35.94803094352074,35.97836441274606,85135200,35.962694440569194,38.064646211820985
2017-10-06,36.23971176147461,36.28404938913225,36.067029306566766,36.16270486512448,69630400,35.99836458478655,40.47466128956242
2017-10-09,36.36572647094727,36.57341047456525,36.28405506677792,36.35872616660943,65051600,36.083704812186106,42.04724678650066
2017-10-10,36.37973403930664,36.86977680080634,36.19305447367292,36.41707137670718,62468000,36.14304460797991,49.45418962094081
2017-10-11,36.53140640258789,36.63174646571717,36.34472332346069,36.39606125923776,67622400,36.234383719308035,61.6691900349891
2017-10-12,36.40306854248047,36.7227610178256,36.34006223454997,36.48474351797128,64500400,36.285055433000835,66.32300620666372
2017-10-13,36.63409423828125,36.7017650517148,36.49874905072944,36.57342017035663,65576800,36.40206636701311,76.3077407998034
2017-10-16,37.3084831237793,37.33648434762094,36.788103309491405,36.84644156628456,96486000,36.5517463684082,76.87462194689527
2017-10-17,37.44615173339844,37.539491498003954,37.156792766027294,37.28513761287271,75989200,36.724094935825896,75.91418873048201
2017-10-18,37.28047561645508,37.50216382462566,37.24314184095446,37.43448945770484,65496800,36.85477338518415,77.4580920451082
2017-10-19,36.39839553833008,36.65508523154097,36.174378679422176,36.57807832357771,170336800,36.85743931361607,56.309466112287325
2017-10-20,36.46141052246094,36.81144006347656,36.393739711232485,36.54541775473207,95896400,36.84743990216936,58.299276380098945
2017-10-23,36.44273376464844,36.79743128447871,36.28638769831077,36.61074819190047,87937200,36.853106362479075,55.98863687708758
2017-10-24,36.65974044799805,36.73441152125276,36.449720710561465,36.47072161610036,71028800,36.85677010672433,62.89146414021394
2017-10-25,36.49874114990234,36.764763409729866,36.23271889007482,36.6154176421194,84828400,36.741092681884766,53.978131276100484
2017-10-26,36.73209381103516,36.83010163635278,36.58508029271675,36.69008842265107,68002000,36.63908440726144,57.68405110675346
2017-10-27,38.04820251464844,38.176547360433645,37.03311566970075,37.17079306759591,177816800,36.74875967843192,69.14508210597586
2017-10-30,38.90460586547852,39.21963378647606,38.204546983869406,38.24421655987855,178803200,37.10678972516741,74.10879627943297
2017-10-31,39.44600296020508,39.58834848101284,38.95596363006105,39.17998059221677,144187200,37.533160073416575,75.90229025438374
2017-11-01,38.94427108764648,39.655998249850384,38.64557961640734,39.63966183531107,134551200,37.89052254813058,71.17834405029168
2017-11-02,39.228981018066406,39.31998856430416,38.56859146534219,38.87661919764533,165573600,38.2575569152832,71.43395508232209
2017-11-03,40.253395080566406,40.66409510504927,39.931366780502856,40.60342460300612,237594400,38.79393604823521,72.99548246693159
2017-11-06,40.66175079345703,40.83443325514327,40.07136812561474,40.2230461160659,140105200,39.35531561715262,74.09075580298699
2017-11-07,40.79243469238281,40.89511057537708,40.51007957483256,40.58241843039198,97446000,39.74734878540039,76.44971692589498
2017-11-08,41.12612533569336,41.12612533569336,40.68042034504871,40.757427246103816,97638000,40.0647087097168,88.81203808092178
2017-11-09,41.042110443115234,41.09344836753554,40.40272219576949,40.862427707644144,117930400,40.292724064418245,87.47578966422283
2017-11-10,40.90629196166992,41.07256975543336,40.81261664659578,41.009336952342,100582000,40.57301276070731,85.83064931501632
2017-11-13,40.742374420166016,40.866495869593095,40.608883291450695,40.63230391618568,67928400,40.789211818150115,83.05456310967459
2017-11-14,40.126426696777344,40.627597062571766,40.08895514689948,40.524552087149495,99130000,40.771073477608816,77.3558560268974
2017-11-15,39.59716033935547,39.88755953383596,39.43322675113431,39.80559095298327,116632400,40.61898912702288,70.6820397305766
2017-11-16,40.07023239135742,40.25055756737149,39.88287817128605,40.08896459722849,94550000,40.51581736973354,66.6191770032977
2017-11-17,39.84774017333984,40.13813934158887,39.72830362131391,40.056170768140326,87598000,40.33319091796875,58.65338239916208
2017-11-20,39.80793762207031,39.94376935104812,39.70957745422116,39.88053653832911,65049600,40.15688051496233,53.6574440641848
2017-11-21,40.5479850769043,40.679131968027136,39.99529205468322,39.99529205468322,100525200,40.10569381713867,65.46125895523491
2017-11-22,40.97420501708984,40.9835711181554,40.52689775467844,40.5994966517589,102355600,40.13881247384207,66.3786412494021
2017-11-24,40.97654724121094,41.10066863268449,40.901604135839165,41.00699332445372,56106800,40.26025826590402,58.39766954370758
2017-11-27,40.770450592041016,41.002301766111664,40.59480673778599,40.99527629782013,82867200,40.42787115914481,51.32450485039766
2017-11-28,40.53158950805664,40.953132024129054,40.24821576706764,40.819644513635296,105715200,40.49377931867327,46.90324561633922
2017-11-29,39.69083023071289,40.49645069529323,39.14750704492756,40.428536637126456,166665600,40.47136361258371,34.79127996843896
2017-11-30,40.24587631225586,40.313790385637134,39.44728113777023,39.9133206954704,166108800,40.53392628261021,42.32869220829051
2017-12-01,40.05852508544922,40.20372291948373,39.46133502760453,39.80091256685432,159037200,40.46400342668806,41.91250805157374
2017-12-04,39.76577758789063,40.426196759021686,39.72596540146465,40.393410042348286,130169600,40.29137093680246,40.90700824804815
2017-12-05,39.728309631347656,40.16859150096301,39.43791041916752,39.59247791469007,109400800,40.11305127825056,45.84565338887111
2017-12-06,39.58076858520508,39.85945749580217,38.98358214647934,39.22714013077905,114240000,39.94309670584543,49.814146010216135
2017-12-07,39.65335464477539,39.915648299755055,39.55733515554783,39.58543702615764,102693200,39.81763458251953,44.80119501822023
2017-12-08,39.665077209472656,40.046811113897945,39.53627453543775,39.92737454264423,93420800,39.81395557948521,47.595648829357636
2017-12-11,40.43791198730469,40.48943448741607,39.52924633823246,39.62526586784773,141095200,39.84138924734933,56.95086780623231
2017-12-12,40.21074295043945,40.372335910833776,40.1545391892479,40.31612857615792,77636800,39.86313465663365,45.80413672649954
2017-12-13,40.34424209594727,40.64166325433846,40.28100927848082,40.398105235685705,95273600,39.94577244349888,41.546447164335184
2017-12-14,40.33251190185547,40.54562729654022,40.19902086117933,40.37466471039535,81906000,40.03208705357143,41.37932795215767
2017-12-15,40.742374420166016,40.78921209615037,40.388745856975646,40.66275001364404,160677200,40.19803074428013,49.64362909536021
2017-12-18,41.31612777709961,41.49879714319126,40.95078904491631,40.9554738827219,117684400,40.435569763183594,59.177881191194
2017-12-19,40.8758430480957,41.07490754571069,40.77045743255763,40.990598338583446,109745600,40.60853631155832,65.29602930749226
2017-12-20,40.83135223388672,41.081935665957744,40.57373975840791,40.95312942821834,93902400,40.66474206107004,58.70456136052474
2017-12-21,40.98591995239258,41.222456040069694,40.772808055776665,40.789199629292725,83799600,40.77548163277762,63.92377151615044
2017-12-22,40.98591995239258,41.08193948157864,40.86648337911435,40.90863620257095,65397600,40.8671498979841,70.08458239405198
2017-12-26,39.94610595703125,40.156877194680966,39.7376717779659,39.9999690824779,132742000,40.81194904872349,52.695595189532995
2017-12-27,39.95314025878906,39.99529308624371,39.744709607131966,39.83604430676856,85992800,40.69920131138393,54.77479257790372
2017-12-28,40.065547943115234,40.24587669436901,39.925031383322896,40.046812163577286,65920800,40.52054704938616,55.231980477034355
2017-12-29,39.63228225708008,39.95078328774862,39.62994162524209,39.93439171791527,103999600,40.3428955078125,49.62397267164421
2018-01-02,40.34188079833984,40.35125047209825,39.63930535276698,39.850080130528944,102223600,40.27297101702009,48.88270288791159
2018-01-03,40.33486175537109,40.87818856844172,40.27163252810483,40.40512002581769,118071600,40.17996270315988,51.5220606878252
2018-01-04,40.52222442626953,40.62526943467592,40.29974283456564,40.40746910809244,89738400,40.1137204851423,52.154128426812555
2018-01-05,40.98358154296875,41.0702314004302,40.52690806332976,40.61824275925756,94640000,40.26193128313337,57.1064776646897
2018-01-08,40.83135223388672,41.12643269112992,40.732988507988125,40.83135223388672,82271200,40.38739013671875,51.02907710864848
2018-01-09,40.82666778564453,40.997626844556606,40.61121170113573,40.87819028123188,86336000,40.49612154279436,43.48102211216327
2018-01-10,40.81729888916016,40.81964309485793,40.515192953344034,40.55266450966543,95839600,40.66540963309152,49.11915992180524
2018-01-11,41.04915237426758,41.09833424132138,40.864142361699365,40.88755940557088,74670800,40.76644842965262,53.102068625288375
2018-01-12,41.47303771972656,41.53627052568865,41.13580085257462,41.25992225875077,101672400,40.929044995989116,56.44356037554765
2018-01-16,41.26226425170898,42.01167748658843,41.25055394405002,41.66273032986267,118263600,41.0347649710519,53.46239363135981
2018-01-17,41.94375991821289,41.97888726477312,40.99996709013325,41.25289113233468,137547200,41.17193331037249,77.49820152384754
2018-01-18,41.981224060058594,42.17794790326898,41.74469161004063,42.00698530300974,124773600,41.33620071411133,77.68514391171581
2018-01-19,41.79387664794922,42.056170360899095,41.5479745053168,41.82900399397506,129700400,41.47437340872629,73.1201846875488
2018-01-22,41.45195770263672,41.63462706087131,41.35828239145941,41.52221597276173,108434400,41.56503895350865,74.9519548139864
2018-01-23,41.46131896972656,42.02338149170278,41.4098000560253,41.52221113102708,130756400,41.62391989571707,68.99850836712821
2018-01-24,40.800907135009766,41.52221851030546,40.5620304313799,41.51050820232162,204420400,41.52790124075754,56.47372643444043
2018-01-25,40.07256317138672,40.97185891844492,39.93673148456798,40.86881394406632,166116000,41.357943943568635,44.569958153907386
2018-01-26,40.1662483215332,40.28100362995669,39.82667080795431,40.28100362995669,156572000,41.10401371547154,39.16814876903773
2018-01-29,39.33485794067383,39.85007920746292,39.12642737292119,39.85007920746292,202561600,40.72596141270229,33.1929522107242
2018-01-30,39.10301971435547,39.19669503989599,38.57140312952726,38.76578282483423,184192800,40.341553279331755,31.581564770489024
2018-01-31,39.21073913574219,39.44727518768578,38.99294243381661,39.07959227348799,129915600,40.02137919834682,33.1861480848617
2018-02-01,39.29270935058594,39.48942965217391,39.05383265666675,39.149852175352834,188923200,39.71157782418387,31.02211773317765
2018-02-02,37.58779144287109,39.063200793643205,37.49411613346626,38.87584660134954,346375200,39.25256129673549,17.122319250778347
2018-02-05,36.64867782592773,38.3793551679824,36.53392255197071,37.25991859617889,290954000,38.763434818812776,15.243320665531002
2018-02-06,38.18030548095703,38.341898465025935,36.06555289267445,36.25993260007003,272975200,38.47972869873047,24.86710915213274
2018-02-07,37.36297607421875,38.266956997625066,37.252909163167054,38.19435807665087,206434400,38.19803128923689,22.06809164898594
2018-02-08,36.33486175537109,37.70488541893073,36.30675987869789,37.53860764381872,217562000,37.80258015223911,20.030910476892558
2018-02-09,36.779293060302734,37.12730914186198,35.32843847604352,36.93449073015276,282690400,37.45523071289062,24.633358087452393
2018-02-12,38.26071166992188,38.53818298500872,37.03794626199481,37.27074272909962,243278000,37.30780247279576,35.01912649483779
2018-02-13,38.64400863647461,38.74041964665234,38.01146342597023,38.0820081550772,130196800,37.45869064331055,39.635475095869744
2018-02-14,39.35648727416992,39.39646176761508,38.3006812833972,38.33830201437041,162579600,37.845520564488005,46.55379234301733
2018-02-15,40.678016662597656,40.70152917267764,39.73978032072299,39.92554457898196,204588800,38.20233644757952,52.20263659000063
2018-02-16,40.54632568359375,41.108329490589895,40.39113165769863,40.52986728771876,160704400,38.657100677490234,55.54829555083226
2018-02-20,40.40995788574219,40.97665865050468,40.30884294882415,40.45698650354088,135722000,39.239257267543245,56.03833588774319
2018-02-21,40.22654342651367,40.94373791503477,40.21243161204451,40.64040028293785,149886400,39.731721605573384,54.66063560661404
2018-02-22,40.56280517578125,40.90376716834371,40.37704086415469,40.39820320572218,123967600,40.06059210641043,55.69447922096935
2018-02-23,41.26823806762695,41.30350863075407,40.80734904379779,40.8379192572101,135249600,40.435482025146484,68.12580055977656
2018-02-26,42.08419799804688,42.18295916461196,41.435194508596325,41.46811489745136,152648800,40.82515498570034,77.09805696550386
2018-02-27,41.94782638549805,42.43928220604922,41.89374364049426,42.11478214797207,155712400,41.006556374686106,71.81768658071537
2018-02-28,41.88433074951172,42.47219752328346,41.86787234563421,42.15239785482947,151128400,41.197699955531526,78.6878365582902
2018-03-01,41.150665283203125,42.27466602503721,40.60042296283479,41.9830828764742,195208000,41.30351529802595,81.74216122491669
2018-03-02,41.4351921081543,41.45635444518084,40.55103842203479,40.63334118343101,153816000,41.47617939540318,81.34900943052138
2018-03-05,41.5786361694336,41.79497067660836,41.03779810746997,41.2000498848644,113605600,41.621298108782085,77.2499931074066
2018-03-06,41.54336929321289,41.91490152976552,41.416391647125984,41.83495250859769,95154000,41.66060256958008,75.25616708380895
2018-03-07,41.15772247314453,41.350544470010895,40.97901229082367,41.136560133406576,126814000,41.52824892316546,66.63782016271956
2018-03-08,41.60685348510742,41.64917816458234,41.16713034853489,41.26353775891226,95096400,41.47953850882394,60.227957231345364
2018-03-09,42.32170867919922,42.32641261858986,41.71267949209813,41.84671485432314,128740800,41.542021070207866,67.32472989553172
2018-03-12,42.73085021972656,42.88839804722147,42.37578006415326,42.39458863897228,128828400,41.767761775425505,71.50322685535336
2018-03-13,42.31935119628906,43.14941874671563,42.14769511274194,42.93543439207039,126774000,41.894070216587615,68.60373243195393
2018-03-14,41.9595832824707,42.44868891385226,41.81143969366183,42.40166028523092,117473600,41.94849123273577,62.364796915934434
2018-03-15,42.00895309448242,42.38283904391773,41.87257117709006,41.97368252757985,90975200,42.0150032043457,57.41881008054036
2018-03-16,41.86081314086914,42.119472337041785,41.7667523156716,42.008953109968175,157618800,42.115444728306365,47.4171110493606
2018-03-19,41.22120666503906,41.731474442720966,40.83556631937817,41.696203881980296,133787200,42.06035232543945,42.47424961379362
2018-03-20,41.20711135864258,41.57393965755342,41.13656662699339,41.20711135864258,78597600,41.9011241367885,42.91338174066817
2018-03-21,40.27357864379883,41.17183722398214,40.27122488030816,41.16007917069106,148219600,41.5500853402274,41.19041287887208
2018-03-22,39.70451736450195,40.60512596898789,39.64573069596585,39.97493460454661,165963200,41.1765376499721,33.55671567788875
2018-03-23,38.785099029541016,39.95612864394828,38.785099029541016,39.596354463690304,164115200,40.72303989955357,26.869071647193692
2018-03-26,40.62629318237305,40.70389201786306,39.1378142573634,39.52110449652672,150164800,40.52551705496652,44.15462526831157
2018-03-27,39.584590911865234,41.18593921489509,39.2506830596845,40.8402733112041,163690400,40.2003424508231,40.74684554867506
2018-03-28,39.14721298217773,39.979634125998444,38.84387538478574,39.32827690592115,166674000,39.90405763898577,35.51237193734893
2018-03-29,39.452911376953125,40.38644402367122,39.24598114149307,39.45996549061165,153594000,39.65345764160156,32.24667378022873
2018-04-02,39.19425201416016,39.7256858766554,38.67457979286387,39.18484772447668,150347200,39.499268123081755,27.698679670466134
2018-04-03,39.59634780883789,39.6810007539685,38.77098428485459,39.41998780548692,121112000,39.48381532941546,32.80871361639838
2018-04-04,40.353515625,40.44757284715652,38.74511344497365,38.77097971927465,138422000,39.70787484305246,40.34480844917839
2018-04-05,40.63335037231445,40.96960843017721,40.46404446170888,40.5816178114042,107732800,39.70888301304409,41.95326634825398
2018-04-06,39.593997955322266,40.55809716197049,39.55166968838654,40.20302697737333,140021200,39.71022687639509,37.99203337962207
2018-04-09,39.98668670654297,40.70153091084203,39.93965809632183,39.94671220845235,116070800,39.83015169416155,43.28472490824188
2018-04-10,40.73915481567383,40.915514793230855,40.33470231343214,40.68036815648815,113634400,40.01390075683594,47.643783161669916
2018-04-11,40.54869842529297,40.89671454438979,40.37468857171758,40.49931603844929,89726400,40.20739310128348,51.49730335501749
2018-04-12,40.94844436645508,41.15067066294944,40.68978157278076,40.77678828777325,91557200,40.40054975237165,56.897018500172166
2018-04-13,41.0871696472168,41.34818254998791,40.88024305273315,41.09892769632506,100497200,40.505357469831196,63.97367879947613
2018-04-16,41.34349822998047,41.43050136861836,41.11070168436992,41.15773031098353,86313600,40.60680716378348,55.39065326880984
2018-04-17,41.91253662109375,42.07713854447609,41.48221785764595,41.50103001861147,106421600,40.93802697317941,68.8356158041427
2018-04-18,41.8184814453125,42.04892775712022,41.59274265944586,41.8114273325075,83018000,41.19971193586077,72.88488877123845
2018-04-19,40.63335037231445,41.242379462603296,40.60042997792192,40.8590891944193,139235200,41.18459701538086,58.788589332647184
2018-04-20,38.96850204467773,40.26180858382198,38.900307508758615,40.11601881304088,261964400,40.95885467529297,48.610245467956815
2018-04-23,38.85563659667969,39.2506812754814,38.58521577645036,39.22951893655704,146062000,40.65988213675363,45.271677696894315
2018-04-24,38.31480026245117,39.11194735682978,37.91034768951034,38.95674968831802,134768000,40.263829367501394,36.616235606061736
2018-04-25,38.48176193237305,38.89797265997753,38.1901822759273,38.239561081204,113528400,39.85500989641462,35.662771390718234
2018-04-26,38.61579513549805,38.97086539550455,38.41591898573984,38.59227902797794,111852000,39.384046827043804,42.587331485586304
2018-04-27,38.16901016235352,38.64165368931231,37.77161170591066,38.56405485568262,142623200,38.862693786621094,36.33794094119067
2018-04-30,38.86033630371094,39.33062963053425,38.05613514540948,38.12432968710872,169709600,38.60940606253488,35.74738674647401
2018-05-01,39.76331329345703,39.786825813515165,38.86270089117531,39.130768018607526,214277600,38.72295052664621,44.62334365745503
2018-05-02,41.51984405517578,41.79731536883284,40.86848685602493,41.20474482983506,266157600,39.10355159214565,53.29890590732522
2018-05-03,41.59510040283203,41.73854003605556,41.01899169459304,41.357603523058685,136272800,39.57216589791434,52.954125427917894
2018-05-04,43.22700881958008,43.32576998137287,41.89607792808332,41.91489009052762,224805200,40.25005831037249,59.44347220708084
2018-05-07,43.53975296020508,44.12996973811429,43.44334197614829,43.54445330963248,169805600,40.95348085675921,58.37367724893692
2018-05-08,43.74904251098633,43.7890170178285,43.18939223908844,43.49978759299765,113611200,41.750628335135325,59.81824933155938
2018-05-09,44.057090759277344,44.066495049580375,43.55387690878951,43.86662248516598,92844800,42.49302182878767,69.11762011975235
2018-05-10,44.68727493286133,44.76487377033595,44.12527449301821,44.14644042182307,111957200,43.196444920131135,86.10452027200833
2018-05-11,44.51731872558594,44.86431758098543,44.24821793995877,44.72976898911672,104848800,43.62465558733259,85.48826443751561
2018-05-14,44.4134521484375,44.739207039830816,44.3449982374365,44.61645824567123,83115200,44.027277265276226,90.44269986152514
2018-05-15,44.009803771972656,44.15851859124368,43.69349302796125,44.090061076831134,94780800,44.13910511561802,85.54300377174869
2018-05-16,44.42052459716797,44.4866228592068,43.90592994287319,43.92245540885511,76732400,44.26492963518415,86.03970709233873
2018-05-17,44.13963317871094,44.59285534241712,43.99091836181578,44.378045851766245,69176000,44.32072830200195,87.8493689123877
2018-05-18,43.9791145324707,44.33319468202338,43.93662664343136,44.186842706146265,73190800,44.30958884102957,84.79066079742884
2018-05-21,44.29070281982422,44.67783027119842,44.12074407513416,44.37804142960773,73603200,44.25293568202427,83.46110731435557
2018-05-22,44.17975997924805,44.5857721592428,44.09005852495706,44.46774544649757,60962800,44.204713003976,75.97795334496219
2018-05-23,44.4630241394043,44.49607147546965,43.84928378174547,43.98855804263256,80233600,44.21179471697126,76.91586155144921
2018-05-24,44.4134521484375,44.57632959413416,43.95551151224936,44.55980772674339,92936000,44.26945877075195,65.83936907142152
2018-05-25,44.51494598388672,44.76752122268888,44.29541447169025,44.432325861706495,69844000,44.2829475402832,63.79735603882933
2018-05-29,44.35443878173828,44.55508564127601,44.11130403301255,44.2836256330916,90056400,44.313634055001394,58.68523737857436
2018-05-30,44.26002883911133,44.37805558268229,44.09007004021791,44.31196089443378,74762000,44.35376467023577,53.10154485489511
2018-05-31,44.11129379272461,44.43232653232457,43.93897583453814,44.19391391615182,109931200,44.32813480922154,39.67818411510886
2018-06-01,44.90679550170898,44.91151397586439,44.319021299380815,44.3756754062437,93770000,44.43199702671596,55.70133851540373
2018-06-04,45.28211975097656,45.65744375602655,45.16881513852328,45.237269033035616,105064800,44.549010685511995,61.77976237279578
2018-06-05,45.631492614746094,45.780207443365335,45.40724255383238,45.574842090997706,86264000,44.72301646641323,72.31983098260264
2018-06-06,45.789649963378906,45.8132567505479,45.30338040357382,45.70703341206747,83734400,44.90511703491211,70.2516589175281
2018-06-07,45.66690826416016,45.841585535827775,45.40252591473598,45.82742290319422,85388800,45.09261267525809,73.69977576829565
2018-06-08,45.25144958496094,45.32226634650537,44.79586811569759,45.12634153371815,106627200,45.234244210379465,68.29608126447488
2018-06-11,45.14048767089844,45.31516847195939,44.89971581227377,45.168816526298656,73234000,45.38127190726144,62.96809873093492
2018-06-12,45.38835144042969,45.46624950148121,45.12160992245534,45.178264040099,67644400,45.45006561279297,67.7038152958282
2018-06-13,45.01537704467773,45.52997526547218,44.95400446501303,45.421389130185375,86553600,45.41195951189314,57.88383007916704
2018-06-14,45.03899765014648,45.22075980980726,44.9020862209634,45.21603773241758,86440400,45.32731737409319,58.99515856707616
2018-06-15,44.57632827758789,44.88792053004648,44.43941685773997,44.85723243194056,246876800,45.15398570469448,50.79960285712298
2018-06-18,44.55272674560547,44.66603138619944,44.18920243761086,44.34972064685109,73939600,44.99481691632952,52.67855854593126
2018-06-19,43.83275985717773,43.98383390094082,43.30399890306228,43.70292975662603,134314000,44.79214695521763,45.062700346650324
2018-06-20,44.02396774291992,44.18920443498189,43.84220558070689,43.98856116672441,82514800,44.63264410836356,49.00071414976891
2018-06-21,43.77847290039063,44.46066720310662,43.65572410212739,44.20100697637472,102847600,44.40266145978655,35.229121576609984
2018-06-22,43.650997161865234,43.94134185440012,43.59906512230429,43.934260540086285,108801600,44.207750047956196,27.165172253582142
2018-06-25,43.00185775756836,43.65100476323305,42.66194020375429,43.29220250066376,126652400,43.916730063302175,16.037097217610267
2018-06-26,43.53533554077149,44.0310492206768,43.08919466961261,43.19542160237072,98276800,43.76801681518555,23.457760490822025
2018-06-27,43.47159957885742,44.20808511168363,43.440911481026525,43.72417487042973,101141200,43.613570077078684,23.78829022916534
2018-06-28,43.787899017333984,43.95549849058706,43.386609018954445,43.45742574852459,69460800,43.607161385672434,32.101573747426116
2018-06-29,43.69585037231445,44.186841936704425,43.17653354905816,43.97439168953857,90950800,43.56028747558594,32.25076512797452
2018-07-02,44.184478759765625,44.21280762030508,43.296919170467575,43.39134270245,70925200,43.61828831263951,36.03506411901631
2018-07-03,43.41495132446289,44.36624646682203,43.325249858311246,44.32847704929608,55819200,43.584567478724885,32.999131198719
2018-07-05,43.76431274414063,44.00272905866396,43.499934005229385,43.73126540177672,66416800,43.69348961966379,37.33580944079156
2018-07-06,44.37095642089844,44.47953896425488,43.71708751596208,43.76901955039826,69940800,43.81286403111049,48.01634762128994
2018-07-09,44.987064361572266,45.01066754408912,44.684916250995535,44.73212621791885,79026400,44.02935900006975,53.764334583714344
2018-07-10,44.93276977539063,45.15229772629047,44.89263752447302,45.01774915035912,63756400,44.19291196550642,60.77713503214528
2018-07-11,44.34972381591797,44.79822393498903,44.28598837520287,44.49607580388834,75326000,44.28632245744978,52.96396180638712
2018-07-12,45.09327697753906,45.18297841471113,44.68726487502903,44.7391969068772,72164400,44.416150774274556,60.968876939860564
2018-07-13,45.16410827636719,45.2844942425338,45.06260341706248,45.10509491222652,50055600,44.66603033883231,62.743715900014685
2018-07-16,45.064971923828125,45.47570268468771,44.94930441888667,45.20896469451428,60172400,44.851838793073384,69.15010314505668
2018-07-17,45.19242477416992,45.29156677447239,44.6613045999065,44.7911346962154,62138000,44.96919141496931,66.63521367102403
2018-07-18,44.94456100463867,45.27503788963505,44.83361563061922,45.27031581362247,65573600,44.96311950683594,64.25963129283858
2018-07-19,45.2939338684082,45.45208923626269,44.77697627392988,44.77697627392988,81147200,45.01471437726702,64.48704305770627
2018-07-20,45.1900520324707,45.42374253410313,44.89026328183309,45.27030930370026,82704800,45.13476126534598,64.34056873731413
2018-07-23,45.23019409179688,45.312814226157805,44.74628388030256,45.01066254723482,63957600,45.1543208530971,60.9816011870616
2018-07-24,45.55830764770508,45.71410376110917,45.3340576309569,45.42847755320166,74791600,45.21063504900251,74.8085057532166
2018-07-25,45.98792266845703,45.99500398192889,45.42375161468067,45.57246640136741,66839600,45.34248515537807,75.2679791373343
2018-07-26,45.84393310546875,46.25702656183616,45.70229962253,45.93835302616852,76304000,45.43555777413504,68.70493699656838
2018-07-27,45.08148956298828,46.07527623163018,44.87376496387609,46.02806625919059,96096000,45.45511899675642,51.1561128304097
2018-07-30,44.82891082763672,45.369471634547054,44.63062679730287,45.29865488031646,84118000,45.38868713378906,48.78726706137866
2018-07-31,44.91861343383789,45.3553137961586,44.694363356655685,44.92097627375873,157492000,45.34991019112723,57.50776043391977
2018-08-01,47.56475830078125,47.62613088577967,46.57569401589206,47.00531291654773,271742800,45.683419363839285,71.71291989179132
2018-08-02,48.95511245727539,49.18880661029049,47.29329817483464,47.347589446060375,249616000,46.1686771937779,77.03691894330129
2018-08-03,49.09675216674805,49.27379223190768,48.50425577680465,48.87013929851241,133789600,46.61279569353376,78.5808275810596
2018-08-06,49.351688385009766,49.394176270098725,48.87958156283439,49.09910950623912,101701600,47.11390359061105,78.96109111888134
2018-08-07,48.8890266418457,49.4531942025148,48.80640649955824,49.41070631349122,102349600,47.657837459019255,76.66773610851774
2018-08-08,48.92207717895508,49.05426653375146,48.27765227337783,48.638813761264295,90102000,48.24257550920759,75.62518051669807
2018-08-09,49.30683898925781,49.519285624205786,48.91026737496181,49.46027226984365,93970400,48.86946487426758,77.96679304348727
2018-08-10,49.15997314453125,49.53187849965724,48.95625509336832,49.11970375953087,98444800,49.09735270908901,76.31481072774383
2018-08-13,49.47739410400391,49.97010762312092,49.2002434272234,49.58162245038734,103563600,49.171964372907375,76.28084471978511
2018-08-14,49.68584442138672,49.877717664190016,49.33289004179024,49.7829666057384,82992000,49.25612040928432,75.55578051810281
2018-08-15,49.80192184448242,49.92036248504382,49.34947773005274,49.56030192567116,115230400,49.32043947492327,77.45899925633636
2018-08-16,50.531517028808594,50.64758654419464,50.09328520941288,50.15961167949677,114001600,49.555080958775115,87.98330820063339
2018-08-17,51.54063415527344,51.6282790804215,50.49361923351846,50.55994570895837,141708000,49.92916052682059,92.31440409503388
2018-08-20,51.0384407043457,51.91963571512228,50.955530812932935,51.6638071208938,121150800,50.17653220040457,86.67523494173665
2018-08-21,50.93896484375,51.44826192426324,50.69971597710946,51.35587834065724,104639200,50.43067387172154,79.10504730366479
2018-08-22,50.94132995605469,51.25164391525928,50.65470196077252,50.71629341891963,76072400,50.63980756487165,72.52656635727024
2018-08-23,51.04555892944336,51.41509322466389,50.834734691040765,50.84657586588272,75532800,50.834052494594026,72.29143613140597
2018-08-24,51.20426177978516,51.37955162542493,50.955535696231685,51.308490128285406,73905600,51.03438677106585,71.66769136319147
2018-08-27,51.62590789794922,51.81541364909847,51.24452888402544,51.43876965842527,82100400,51.19072832380022,82.32064906455957
2018-08-28,52.04282379150391,52.24180322712333,51.85805665635416,51.87937510705867,91107200,51.26246970040457,83.79028081018859
2018-08-29,52.81979370117188,52.94060548304496,51.97412930067011,52.14941915747112,109019200,51.51694869995117,85.05925314539637
2018-08-30,53.30538558959961,54.07051098907177,52.682386766592245,52.88373726806851,195175200,51.85500880650112,88.75121867027828
2018-08-31,53.921295166015625,54.21502568482457,53.53517746394279,53.65598563398304,173360400,52.28071812220982,89.34578050378614
2018-09-04,54.09421157836914,54.288452356795226,53.68440795836104,54.10605636578428,109560400,52.71623992919922,89.27831687711368
2018-09-05,53.74126815795898,54.40453662926959,53.32199079088694,54.24345905391312,133332000,53.07866941179548,83.67784874195121
2018-09-06,52.84822845458984,53.85497415063341,52.42184131924338,53.58966459168317,137160000,53.25328663417271,69.26734153376802
2018-09-07,52.421836853027344,53.3859419461356,52.282077741675,52.55212230196686,150479200,53.30743135724749,58.11526527905029
2018-09-10,51.71830368041992,52.55212701387265,51.2777042410155,52.338931637986526,158066000,53.15007563999721,56.03718337493124
2018-09-11,53.02588272094727,53.13247858760648,51.29901594588463,51.64249312268517,142996000,53.11014665876116,65.25807245139129
2018-09-12,52.36734771728516,53.29828943782888,52.07598113256949,53.2840771389689,197114800,52.88815416608538,59.513249563301926
2018-09-13,53.63228225708008,54.09183243964269,52.72265916565848,52.94769562008797,166825600,52.82216426304409,64.94246845328547
2018-09-14,53.02350997924805,53.734153888023066,52.7108285389384,53.47595413532005,127997200,52.719627380371094,59.98963552142247
2018-09-17,51.6116943359375,52.812680543493926,51.46719661085651,52.62317479698291,148780400,52.54297964913504,49.92960689436802
2018-09-18,51.69698333740234,52.55212509282721,51.43167378696617,51.59038384609482,126286800,52.4394291469029,48.229042299830525
2018-09-19,51.72776794433594,52.02386956716063,51.00054423822981,51.75856366975667,108495200,52.44078118460519,43.945323736138
2018-09-20,52.12099075317383,52.65397366389171,51.91253405811278,52.17073741523038,106435200,52.3115109034947,43.36523051016963
2018-09-21,51.55958557128906,52.4360456744624,51.47193703080643,52.29865408419949,384986800,52.19611631120954,36.688838032923364
2018-09-24,52.30102157592773,52.41235607808903,51.31559809726625,51.36060612339808,110773600,52.00593621390207,40.50185164530521
2018-09-25,52.63264846801758,52.781884820535055,52.0428128212058,52.05465760727439,98217600,51.950098855154856,44.11458552723247
2018-09-26,52.21338272094727,53.00219798957387,52.05704017447591,52.350774327132186,95938800,52.03605433872768,46.451231271625325
2018-09-27,53.28643798828125,53.63939236210128,52.95243454874563,53.018764626001634,120724800,52.26311928885324,54.50723663539211
2018-09-28,53.473575592041016,53.49726154873405,53.06613954590139,53.24853550907005,91717600,52.51252038138254,59.671069224690214
2018-10-01,53.83364486694336,54.34530936077399,53.618085623251176,53.99709354812719,94403200,52.75718525477818,54.96940675961352
2018-10-02,54.3121452331543,54.48270006163944,53.68441122173111,53.83127647394593,99152800,53.15040806361607,62.235562973128246
2018-10-03,54.97304534912109,55.30467772526183,54.430585144800126,54.4945441082422,114619200,53.532125745500835,59.129183058467085
2018-10-04,54.00656509399414,55.03936763401543,53.708092363669415,54.66746228417319,128168000,53.72839954921177,56.38265516394159
2018-10-05,53.13010025024414,54.106053573442246,52.25127273302901,53.99945772125052,134322000,53.85935919625418,60.59505043842492
2018-10-08,53.00693130493164,53.25091876301774,52.16126330037392,52.63739704276325,118655600,53.81942967006138,59.09241833782673
2018-10-09,53.74126815795898,53.836022862159,52.64687752973604,52.97614244597104,107564000,53.857671465192524,62.73227739796247
2018-10-10,51.25164031982422,53.61808590534996,51.17820769212848,53.40726168426266,167962400,53.48881367274693,45.65475788710206
2018-10-11,50.79919052124024,51.99544172576231,50.29463584528402,50.815773946054776,212497600,52.98696299961635,46.157493921055284
2018-10-12,52.61369705200195,52.79609663513049,51.36533179383224,52.21336714238532,161351600,52.64991324288504,51.425452020946885
2018-10-15,51.48851776123047,52.54737742537575,51.46719931244083,52.38866739351679,123164000,52.29019219534738,45.13597133805991
2018-10-16,52.62318801879883,52.82217109061761,51.34639774603002,51.860429817973575,116736000,52.21777616228376,51.64230251338263
2018-10-17,52.395774841308594,52.7392520002313,51.95754299454812,52.65871322646053,91541600,52.1304680960519,46.17113571393897
2018-10-18,51.17109298706055,52.05229160113189,50.45571053918084,51.6069536566275,130325200,51.763300214494976,40.91253186580496
2018-10-19,51.95042419433594,52.41234188968303,51.50508630624701,51.65432264417487,132314800,51.86312648228237,42.80538581378163
2018-10-22,52.26785659790039,52.909806501448585,51.86279160524243,52.06413853844261,115168400,52.07293592180525,42.092732132813055
2018-10-23,52.76056289672852,52.88374216602328,50.85840663676069,51.12608362161625,155071200,52.093916756766184,41.32934435743397
2018-10-24,50.950809478759766,53.11590490610076,50.82052401137417,52.72979075760495,163702000,52.0171012878418,38.76702724078066
2018-10-25,52.06652069091797,52.44079365218324,51.34403186108698,51.57143954414882,119423200,51.937577383858816,46.15785732653093
2018-10-26,51.23741912841797,52.15888711882301,50.37753896663008,51.14266445225162,189033600,51.77209799630301,43.91790701327404
2018-10-29,50.27568054199219,52.04044522779363,48.81885860636133,51.92200459633688,183742000,51.64418193272182,38.271570193093474
2018-10-30,50.52678298950195,50.9721173842347,49.57215162121228,50.01748601594503,146640000,51.440804617745535,47.10884586627812
2018-10-31,51.84384536743164,52.220485795314765,51.31322991423812,51.37482137017111,153435600,51.38023158482143,53.89785221724235
2018-11-01,52.6397590637207,52.67292229880161,51.358230453591474,51.88884582940752,233292800,51.36297389439174,50.10524324560803
2018-11-02,49.148136138916016,50.60969347566478,48.66252870134263,49.63848221504018,365314800,51.10544913155692,42.06555698763866
2018-11-05,47.75289916992188,48.41616751574769,46.94276557852468,48.394849066781845,264654800,50.48921748570034,33.77523116842454
2018-11-06,48.26930618286133,48.49434270740384,47.77659261786653,47.83107430781383,127531600,50.06520135062082,36.51287071779229
2018-11-07,49.73322296142578,49.75928004625563,48.35457582053014,48.79043649902817,133697600,49.9877074105399,45.37276626398468
2018-11-08,49.55970001220703,49.94716125572578,49.14608713874183,49.9138823091573,101450400,49.84955269949777,41.994214809311494
2018-11-09,48.604122161865234,48.9701906382226,48.076410468774,48.86084706340695,137463200,49.386735098702566,38.23416273461822
2018-11-12,46.15571975708008,47.50590184967047,46.06538963892169,47.30384878341077,204542000,48.460443769182476,31.156015160340687
2018-11-13,45.69457244873047,46.871225412365966,45.50916064244286,45.55194993542723,187531600,47.9670775277274,33.753442644290374
2018-11-14,44.40382766723633,46.22942223730996,44.19701936866865,46.09155124730951,243204000,47.488638741629465,26.56883428163229
2018-11-15,45.49965286254883,45.63276865604136,44.42758831620002,44.78177425949028,185915200,47.09297398158482,32.73652105068281
2018-11-16,46.00359344482422,46.34589328098323,45.03612451761562,45.28333905087855,147713200,46.56016976492746,36.78225494634777
2018-11-19,44.18037033081055,45.330875172656896,43.97356571261881,45.164480443816814,167701200,45.791694096156526,32.10518276942139
2018-11-20,42.069522857666016,43.13683212021404,41.72009212284798,42.39993653439014,271300800,44.858179909842356,23.620455276423698
2018-11-21,42.0219841003418,42.85158561836727,41.96731232258113,42.723221376680144,124496800,44.267646244594026,20.137804095113168
2018-11-23,40.954681396484375,41.97920521463513,40.90951995451612,41.58460933705691,94496000,43.590518951416016,23.317539006917713
2018-11-26,41.508544921875,41.58698895011725,40.47213851794213,41.4182184024633,179994000,43.176907130650115,28.485935133435746
2018-11-27,41.418212890625,41.54419774818144,40.61951445051487,40.76926791438119,165549600,42.59384427751814,25.68151678122433
2018-11-28,43.010841369628906,43.0940369068249,41.582215454014,42.01009013445717,184250000,42.16630826677595,26.354448723281493
2018-11-29,42.68043899536133,43.45298939568039,42.2406780858648,43.41971044659814,167080000,41.95203236171177,26.066768857125794
2018-11-30,42.44985961914063,42.865848271687376,42.081411801458295,42.85633792843457,158126000,42.00636618477957,27.45159152361437
2018-12-03,43.93317031860352,43.96169410234924,43.07504476195522,43.84759534023209,163210000,42.279392787388396,41.23716922129163
2018-12-04,42.000587463378906,43.35552105926829,41.90075063285367,43.01322128196301,165377200,42.4288079398019,36.94992879005626
2018-12-06,41.532318115234375,41.5465800066735,40.51017357886562,40.828701244786494,172393600,42.43220411028181,39.22966883566377
2018-12-07,40.051387786865234,41.47763456048138,40.00622272535943,41.23992676487869,169126400,42.23694338117327,30.138656577023184
2018-12-10,40.315242767333984,40.4317172634516,38.824813903539,39.22178547888754,248104000,41.85185786655971,28.893990627207145
2018-12-11,40.08466339111328,40.83581720596931,39.69719855590311,40.80491766156773,189126800,41.48103278023856,32.76656041948429
2018-12-12,40.19639205932617,40.86672619637411,40.17737499929975,40.505409310138816,142510800,41.15910884312221,40.52433687918901
2018-12-13,40.63614273071289,41.02123178621812,40.30335330213577,40.526799187237295,127594400,40.688104901994976,43.25697837496315
2018-12-14,39.33589172363281,40.19164138491191,39.28835088181369,40.17262432275752,162814800,40.30743408203125,42.29812609441836
2018-12-17,38.96983337402344,40.01812607459637,38.68220522153694,39.32877099419408,177151600,39.94136483328683,37.701540772367224
2018-12-18,39.47613143920898,39.8231827551535,39.07678049611825,39.31211249617883,135366000,39.85918535505022,40.95631539997701
2018-12-19,38.24482727050781,39.8041906521669,37.81695228721477,39.45951489209071,196189200,39.563411712646484,27.033250244487064
2018-12-20,37.27971267700195,38.53480950241136,36.91602005299882,38.12832759063159,259092000,39.16270446777344,25.474905122912304
2018-12-21,35.82969284057617,37.59586354079904,35.568216457565846,37.28684269984785,382978400,38.53889029366629,22.934840075045926
2018-12-24,34.90264129638672,36.0246225500154,34.84559011112074,35.216413747515475,148676800,37.71981866019113,11.321361407613466
2018-12-26,37.360538482666016,37.37480037184857,34.876492432675754,35.252071232061816,234330000,37.43762534005301,30.982015514444825
2018-12-27,37.11806106567383,37.26544232661775,35.67280124057618,37.04437224876795,212468400,37.17308643886021,31.566272123178337
2018-12-28,37.1370964050293,37.68144941294603,36.73774895789092,37.43898639024977,169165600,36.83893857683454,36.13750069860126
2018-12-31,37.496036529541016,37.88112207522634,37.196522325444576,37.68382412991746,140014000,36.731968470982146,36.710014846613745
2019-01-02,37.538822174072266,37.75989235442373,36.66167965206152,36.81856769913238,148158800,36.76898411342076,37.782361838354724
2019-01-03,33.79967498779297,34.63878328935381,33.754509922344255,34.225170383128884,365248800,36.47898156302316,27.22961215977037
2019-01-04,35.2425537109375,35.31149099745932,34.18237905675144,34.35590471835777,234428400,36.527540479387554,32.08021752702673
2019-01-07,35.16411590576172,35.37805511903299,34.68156932360782,35.347151941896,219111200,36.21376582554409,34.914872121964834
2019-01-08,35.83445739746094,36.08880653095804,35.30436992220377,35.55158448343476,164101200,36.03039387294224,38.90660884944667
2019-01-09,36.44298553466797,36.73298936707537,35.56822249255178,35.96281471962946,180396400,35.93123517717634,39.34538921199236
2019-01-10,36.55946350097656,36.59987339518637,35.860601928696866,36.25044260904652,143122800,35.79743903023856,43.57669531174126
2019-01-11,36.20051956176758,36.53568843301738,36.01510776642368,36.34076992153444,108092800,35.60625294276646,45.687699340100814
2019-01-14,35.656158447265625,35.958048271049435,35.47074671351041,35.85821146265293,129756800,35.87146486554827,49.25247758221497
2019-01-15,36.38593673706055,36.462001351236886,35.66805812501693,35.72035413413402,114843600,36.03480529785156,56.49996272238272
2019-01-16,36.8304557800293,37.053901744956434,36.36930195915994,36.3883190228914,122278800,36.27285385131836,47.17940661135821
2019-01-17,37.04913711547852,37.47701187238664,36.43109539692976,36.65454130482251,119284800,36.44637952532087,49.632321518836946
2019-01-18,37.277339935302734,37.52930962970912,37.077662621334206,37.43897950260748,135004000,36.565573011125835,50.73180538801768
2019-01-22,36.44062423706055,37.25596064766593,36.2789809681199,37.17989600067941,121576000,36.54859597342355,44.754307356976334
2019-01-23,36.58798599243164,36.87798981327915,36.06027435955394,36.64265777360124,92522400,36.603948320661274,45.32270231523008
2019-01-24,36.29798126220703,36.72110086684965,36.06978379956978,36.6331501392846,101766000,36.69563729422433,68.6017844097621
2019-01-25,37.50077438354492,37.58872871995602,36.683062747455686,36.95880098855051,134142000,36.85489981515067,67.43760092516824
2019-01-28,37.15373229980469,37.16086324410127,36.52618381177193,37.03249899249603,104768400,36.90108217511858,64.7515547274235
2019-01-29,36.76863479614258,37.58872947476373,36.63314325823947,37.141837722602936,166348800,36.86101041521345,57.232146074058846
2019-01-30,39.28121948242188,39.49515508169959,38.08792514275934,38.80580381546367,244439200,37.14727892194475,66.96987860574514
2019-01-31,39.564083099365234,40.172614429915,39.11719131662213,39.485639097471,162958400,37.59348733084543,67.61424144148012
2019-02-01,39.583099365234375,40.16785845546753,39.44284902258005,39.68769136566834,130672400,38.02136066981724,70.65313646088909
2019-02-04,40.70745849609375,40.80491955920945,39.76375829217425,39.794661465145815,125982000,38.65128598894392,78.80196420135152
2019-02-05,41.403953552246094,41.61789280375876,40.96895135781865,41.090181061348616,144406400,39.20888301304409,78.72119949991725
2019-02-06,41.418212890625,41.734364734328345,41.08779915770901,41.51567034262258,112958400,39.81809452601841,77.61886543044812
2019-02-07,40.63377380371094,41.34689723690451,40.491147666218886,40.980825176670464,126966800,40.370257241385325,70.20370743839818
2019-02-08,40.681522369384766,40.74120419776212,40.206453704132734,40.342530021324166,95280000,40.57030051095145,69.58502104259611
2019-02-11,40.44756317138672,40.87250110070133,40.40459400749151,40.83430385989045,83973600,40.696511949811665,74.77081463447074
2019-02-12,40.79611206054688,40.82237221177081,40.51202596349423,40.60751907825849,89134000,40.86979947771345,75.38315123975653
2019-02-13,40.62660217285156,41.175675583367735,40.564534398430666,40.91546375180589,89960800,40.85824857439314,76.49511062959395
2019-02-14,40.77462387084961,40.88443638975765,40.43563153945899,40.51441198616583,87342800,40.768344334193635,73.01008430578295
2019-02-15,40.68390655517578,40.98947721171357,40.5239596992294,40.88205065386177,98507200,40.663443429129465,75.73906203759944
2019-02-19,40.805660247802734,40.92741351587097,40.46189595684812,40.51441626019325,75891200,40.68799863542829,80.61007144303352
2019-02-20,41.06826019287109,41.37622047276301,40.819985385123545,40.86773012014925,104457600,40.74324689592634,70.56768789020293
2019-02-21,40.83668899536133,41.14942115745932,40.65525756921384,41.01334849852102,68998800,40.79883629935129,64.82187413362905
2019-02-22,41.29265594482422,41.29981747146773,40.91308046196188,40.96082518714831,75652800,40.86977113996233,68.07161383564207
2019-02-25,41.59346008300781,41.984972743412,41.52661672459904,41.57675106475054,87493600,41.00789369855608,61.34039947736315
2019-02-26,41.6173210144043,41.84888673322697,41.34039653624892,41.469311288319616,68280800,41.12827900477818,53.299060646847806
2019-02-27,41.74624633789063,41.77728205593581,41.23537000588564,41.34996174511865,111341600,41.2800418308803,54.89832188386489
2019-02-28,41.33563232421875,41.75579472169711,41.28072606279908,41.61494648285592,112861600,41.35575212751116,61.797520820135006
2019-03-01,41.77011489868164,41.81308406308612,41.273561690323184,41.60539248308564,103544800,41.4560170854841,66.19285618631923
2019-03-04,41.980201721191406,42.43378218337515,41.53139318278945,41.94200447479764,109744800,41.619376046316965,72.96112909420081
2019-03-05,41.90380096435547,42.01600308218327,41.66745963565002,42.00168002759919,78949600,41.70668247767857,68.06810743272993
2019-03-06,41.66269302368164,41.89425881614896,41.52423074056893,41.69850066470656,83241600,41.71657289777483,66.51449612865018
2019-03-07,41.18046951293945,41.64360117319081,41.06588140033503,41.50752482978708,99185600,41.65416554042271,55.84604124264231
2019-03-08,41.27834701538086,41.31654426567523,40.46428587659716,40.66004405233811,95997600,41.58732278006418,58.54504616646689
2019-03-11,42.70832443237305,42.76084474444608,41.86084519500202,41.89426688062208,128044000,41.783421652657644,69.87532197597614
2019-03-12,43.18815994262695,43.60831871063706,42.82051783326455,42.97091720915733,129870400,41.9859995160784,71.1831754083826
2019-03-13,43.3791389465332,43.75871447631922,43.19054234110201,43.50805008474166,124130000,42.18584769112723,75.61330855350023
2019-03-14,43.86137008666992,43.94970167331341,43.58205955555263,43.9019532945051,94318000,42.46550042288644,75.74167987442871
2019-03-15,44.431922912597656,44.7207845418945,43.86375442838504,44.12874187114219,156171600,42.86110469273159,76.9859196202678
2019-03-18,44.8855094909668,44.97383742930715,44.353144971142925,44.355534575545406,104879200,43.39039611816406,78.72435301675169
2019-03-19,44.5298080444336,45.11707887203992,44.384184229156126,44.96429352836273,126585600,43.854890550885884,73.52707134722851
2019-03-20,44.91893768310547,45.23644548606472,44.10010100332841,44.45819201742965,124140800,44.170692443847656,80.39701719346441
2019-03-21,46.57331085205078,46.86933403302084,45.312830924516525,45.36296526328095,204136800,44.6542854309082,83.75845684695614
2019-03-22,45.60885620117188,47.19400549455504,45.54439880342435,46.63299482334304,169630800,44.972816467285156,73.05831008667451
2019-03-25,45.05738830566406,45.83086236441141,44.54651207027704,45.718660250980165,175381200,45.143676212855745,68.89847192618139
2019-03-26,44.59187698364258,46.0457292118618,44.06429161696405,45.754481573825046,199202000,45.166526794433594,67.0939402250377
2019-03-27,44.9929313659668,45.300887958578926,44.53457541924519,45.05977471386228,119393600,45.18187277657645,72.46130569512209
2019-03-28,45.05261993408203,45.25315000780088,44.768533841635445,45.10752619750009,83121600,45.25656018938337,72.33682585049682
2019-03-29,45.34625244140625,45.37728815780185,45.00964605534381,45.31760632946552,94256000,45.31760515485491,68.03785796377286
2019-04-01,45.65421295166016,45.759249910216006,44.97145268625358,45.74970242041629,111448000,45.186305454799104,67.26849603561939
2019-04-02,46.31787109375,46.42291168705589,45.60885073162473,45.61839822070278,91062800,45.28759329659598,69.30074264557405
2019-04-03,46.635372161865234,46.90990705651993,46.11016927049096,46.13404345380395,93087200,45.51301956176758,68.62178108290829
2019-04-04,46.71654510498047,46.87887791765802,46.107789772060734,46.50168835311438,76457200,45.81654357910156,66.41512702331724
2019-04-05,47.0292854309082,47.053159621705504,46.77384543159934,46.897984666903184,74106400,46.10745130266462,65.72133541467349
2019-04-08,47.76934051513672,47.800372591218704,46.87172341690704,46.8908220405598,103526800,46.49555424281529,72.48925620184885
2019-04-09,47.626094818115234,48.42583270446762,47.56163742923543,47.82185294630968,143072800,46.821246010916575,69.45770721684309
2019-04-10,47.89347457885742,47.92212433476872,47.31097932542279,47.43034298743186,86781200,47.141140529087615,61.85167706951357
2019-04-11,47.49479293823242,47.984184604276585,47.373043333440464,47.948376968364045,83603200,47.309272221156526,68.84523402020112
2019-04-12,47.4756965637207,47.77888125198127,46.8406847198041,47.55447700914382,111042800,47.42931856427874,77.0420895025786
2019-04-15,47.5616340637207,47.70964745151515,47.27038649628247,47.40646279176766,70146400,47.55004555838449,86.28908806479701
2019-04-16,47.56640625,48.07250687229438,47.40168385882599,47.61654057706165,102785600,47.626777103969026,84.8188249089815
2019-04-17,48.49268341064453,48.552365242777874,47.4136348657205,47.63564953276536,115627200,47.73011180332729,87.70254111862735
2019-04-18,48.66695022583008,48.73617954389049,48.34705650031418,48.49029070265323,96783200,47.878805433000835,87.37213849098305
2019-04-22,48.82690048217773,48.92477956166057,48.30408704698256,48.42106474997594,77758000,48.01215199061802,86.93694213826306
2019-04-23,49.53114318847656,49.5956005846408,48.676498948258654,48.80302413607264,93292000,48.30305916922433,87.05923035905667
2019-04-24,49.45475006103516,49.76986821378847,49.42848991141491,49.50249479415661,70162400,48.58578109741211,84.43126772032852
2019-04-25,49.00594329833984,49.597986024015086,48.9677460534086,49.37597136789553,74172800,48.79211098807199,75.65528373542068
2019-04-26,48.7719841003418,48.93909246803627,48.251556735019896,48.9152182829274,74596400,48.96433639526367,69.87991234070847
2019-04-29,48.845985412597656,49.17065463588192,48.666939965404616,48.795851084600464,88818800,49.0148081098284,64.48267227152932
2019-04-30,47.9053955078125,48.55711986250299,47.5329815908465,48.475953473972176,186139600,48.906014578683035,53.09347301993982
2019-05-01,50.256874084472656,51.400376291203976,49.94891381611676,50.10408875249977,259309200,49.11029652186802,67.9087379931724
2019-05-02,49.929805755615234,50.76535117872983,49.68630656932932,50.09452815043092,127985200,49.16724831717355,68.65384120838915
2019-05-03,50.55051040649414,50.5719949912171,50.18764385729484,50.34520476397623,83569600,49.32378550938198,71.56720251728493
2019-05-06,49.76986312866211,49.85580509657565,48.581002274765794,48.76959522626785,129772400,49.432916913713726,64.1134116834748
2019-05-07,48.42822647094727,49.516822516545794,47.94361028084696,49.14918402990383,155054800,49.38380868094308,54.704247171779684
2019-05-08,48.43775939941406,49.020254494269096,48.16322450860907,48.19903214038749,105358000,49.32549067905971,49.66685578312261
2019-05-09,47.9173469543457,48.14652313682094,46.94811463835433,47.8409524650608,139634400,49.32719802856445,45.63647539199863
2019-05-10,47.25352096557617,47.653734057428736,46.19668210151915,47.311037473459045,164834800,48.89814758300781,41.34868782600892
2019-05-13,44.50716781616211,45.40823773541505,43.81938322929667,44.98406587699124,229722400,48.12348502022879,27.441444756072173
2019-05-14,45.21173477172852,45.46096566171211,44.43288321254333,44.67252984613877,146118800,47.36080278669085,31.965465457188046
2019-05-15,45.753326416015625,45.95223352405222,44.57905959047362,44.63897123783222,106178800,46.78701182774135,36.28325047392664
2019-05-16,45.552024841308594,46.12478005237358,45.25486174953752,45.51128535930009,132125600,46.376125880650115,36.383466445556785
2019-05-17,45.29322814941406,45.74855543531862,44.75641820307639,44.79715770493365,131516400,45.926907130650115,35.207331228688545
2019-05-20,43.87689971923828,44.178856807213535,43.20349328767014,43.979949669541405,154449200,45.34970038277762,33.8656815383158
2019-05-21,44.71805953979492,45.053563335993125,44.26272878013493,44.38734604303017,113459200,44.987491607666016,24.76375241635607
2019-05-22,43.80260848999024,44.5047749813333,43.7474907918009,44.25314530140876,118994400,44.88684027535576,23.50357473960652
2019-05-23,43.05491256713867,43.26579910587868,42.61156485806626,43.08846294762348,146118800,44.5787228175572,17.938210607385713
2019-05-24,42.88956069946289,43.64924013152873,42.80568291033888,43.18432505134615,94858800,44.16961342947824,18.934895955334184
2019-05-28,42.71221160888672,43.27777771943375,42.635526599968856,42.877568344534325,111792800,43.76392582484654,21.159547042793903
2019-05-29,42.50851821899414,42.98062234841405,42.17780471640916,42.27845585703999,113924800,43.366110120500835,20.658586891312652
2019-05-30,42.72898483276367,42.95185439113661,42.33835974738548,42.64510706926104,84873600,43.202122279575896,23.539381846677983
2019-05-31,41.95494842529297,42.65471633215764,41.93577625098894,42.23293581090559,108174400,42.80739212036133,23.277706658848075
2019-06-03,41.53076553344727,42.637931895817616,40.80463647024104,42.08195356453021,161584400,42.48284312656948,30.397700722041648
2019-06-04,43.05011749267578,43.095650934304736,41.82312800199585,42.04360244755758,123872000,42.48215811593192,37.14357279602639
2019-06-05,43.74509811401367,44.33223533500127,43.40959426492165,44.162084603643216,119093600,42.60437774658203,38.269895021860584
2019-06-06,44.38734817504883,44.44725983129885,43.65163128107434,43.87450454381739,90105200,42.84368297031948,43.53036108498831
2019-06-07,45.56880187988281,45.99297740766236,44.51915220426031,44.69648835711677,122737600,43.28086635044643,51.38845537030858
2019-06-10,46.151153564453125,46.8197661273768,45.921091165173166,45.96662461499967,104883600,43.76974759783064,62.50995664818726
2019-06-11,46.6855697631836,46.970749901230256,46.39559932431063,46.69755282868571,107731600,44.44555064610073,61.20063289957219
2019-06-12,46.53696823120117,46.96353883526052,46.3452502429605,46.47945173771403,73012800,45.16072246006557,67.05524999119626
2019-06-13,46.52739334106445,47.16006031960597,46.395590615436326,46.65919972341008,86698400,45.657476152692524,73.85581005293778
2019-06-14,46.189491271972656,46.39318870678023,45.60475292882197,45.9043112065248,75046000,46.00667517525809,72.14536849257065
2019-06-17,46.46508407592773,46.72150772045912,46.052891587494855,46.22783260024407,58676400,46.30349458966936,74.85723035221312
2019-06-18,47.5578727722168,47.998821691765386,46.78142003490676,46.98272232556364,106204000,46.5876475742885,79.92050481971177
2019-06-19,47.41888427734375,47.90057641270796,47.28468273046028,47.85264415449137,84496800,46.76875196184431,78.06147998789373
2019-06-20,47.7999153137207,48.07550745757391,47.45721875366059,48.0179909537039,86056000,46.92794418334961,86.69863358202699
2019-06-21,47.636962890625,48.133033233178,47.48598432433185,47.6417568477169,191202400,47.08508627755301,89.6391204970543
2019-06-24,47.58902740478516,47.96766951247152,47.490771410564825,47.57943949198852,72881600,47.236748286655974,86.42305610724318
2019-06-25,46.86769485473633,47.751987879310825,46.80059043176467,47.55308073051549,84281200,47.333634512765066,74.95214231716531
2019-06-26,47.88139724731445,48.16657732114802,47.29426373709572,47.39491488255744,104270000,47.53596496582031,76.35576472646449
2019-06-27,47.86702346801758,48.30557727889453,47.82628397608489,47.99882620091607,83598800,47.58012935093471,71.04003531438951
2019-06-28,47.43086242675781,47.80950455578012,47.22237102064913,47.612992556266285,124442400,47.58184051513672,62.03785306031052
2019-07-01,48.30078125,49.00534295998104,48.08509707895737,48.68900763847218,109012000,47.65339279174805,64.29174165517922
2019-07-02,48.58355712890625,48.679417968727066,48.25524243722315,48.2672254992904,67740800,47.78862054007394,67.68866167142869
2019-07-03,48.98616790771485,48.9933570139882,48.57397541669511,48.71536604902747,45448000,47.98821204049246,69.89922465782017
2019-07-05,48.94303894042969,49.14674007490686,48.6243084269404,48.73215235502716,69062000,48.28468976702009,73.40141479766831
2019-07-08,47.93412780761719,48.26483772461639,47.54829652385314,48.123447067370165,101354400,48.292222704206196,61.10117872245974
2019-07-09,48.22649002075195,48.29119197920028,47.64414679769493,47.73760883883773,82312000,48.34357506888254,55.747902180001276
2019-07-10,48.703392028808594,48.82321536456781,48.303182526178986,48.37268210868142,71588400,48.525365012032644,60.43619751311008
2019-07-11,48.34870910644531,48.98137608305649,48.33912484990282,48.72255727579953,80767200,48.53221184866769,54.477938535303245
2019-07-12,48.72016906738281,48.88792100615838,48.45655626593691,48.516467933836616,70380800,48.55172783987863,58.54768057064005
2019-07-15,49.17788314819336,49.33604713394336,48.88790913700364,48.90947645459903,67789600,48.57911573137556,61.7762165713939
2019-07-16,49.00773620605469,49.393567429544646,48.76808957424024,49.02930352530581,67467200,48.58835819789341,67.27274294725858
2019-07-17,48.73214340209961,49.14912619568089,48.712971233000175,48.89989531082296,56430000,48.702360425676616,57.79536817733134
2019-07-18,49.285736083984375,49.3384586450495,48.81602699178186,48.88792172566321,74162400,48.85368129185268,61.83057058604595
2019-07-19,48.55001831054688,49.4870376738974,48.49490059997273,49.316886928145024,83717200,48.83177076067244,58.88851455343536
2019-07-22,49.65958023071289,49.6619753808488,48.79445565834239,48.80403991560377,89111600,49.01903806413923,60.39606503330408
2019-07-23,50.047794342041016,50.06457135902232,49.67634138607371,49.95673112192649,73420800,49.20869881766183,61.0248892315169
2019-07-24,50.00706481933594,50.12209418470075,49.647594852943,49.76741817507398,59966400,49.32715334211077,58.12982098852436
2019-07-25,49.61163711547852,50.143652827411785,49.542137557976254,50.05977505986539,55638400,49.413424900599885,55.041446118320415
2019-07-26,49.78419876098633,50.26109327692397,49.64040930144378,49.72188828871622,70475600,49.56371852329799,65.9635677076991
2019-07-29,50.24910736083984,50.47916975170816,49.95194785783544,49.956741814672895,86693600,49.7013429914202,66.94775642808243
2019-07-30,50.03343200683594,50.36414558513368,49.68115110561913,50.02863804950347,135742800,49.91325923374721,61.65477774286506
2019-07-31,51.0543098449707,53.05056645356271,50.637327102985296,51.86431651978717,277125600,50.11250632149832,71.22978588135157
2019-08-01,49.94954681396485,52.25015599273981,49.54454706892121,51.260414211398206,216071600,50.098470960344585,58.65090784147413
2019-08-02,48.89271545410156,49.4702611593446,48.31996004950161,49.25458061542855,163448400,49.93927819388254,48.149367608796275
2019-08-05,46.33327865600586,47.6058016786869,46.15114853327263,47.44763768168687,209572000,49.47094127110073,36.75209831397929
2019-08-06,47.21038055419922,47.46680417334717,46.50102500392178,47.04502381388391,143299200,49.10325295584543,42.88590041498213
2019-08-07,47.69926071166992,47.82387797553629,46.448308743686994,46.82934598449226,133457600,48.73898914882115,42.538227934767484
2019-08-08,48.75130844116211,48.77527456500826,47.78313773928146,47.97725090959715,108038000,48.55582863943918,50.91938341879535
2019-08-09,48.34959030151367,48.77537387935495,47.94064014742092,48.424162442131816,98478800,48.16944013323103,43.60304872551261
2019-08-12,48.226898193359375,48.60457469476368,47.90695673151683,48.0200188898601,89927600,47.92334747314453,40.871467294541674
2019-08-13,50.26923751831055,51.03180338880131,48.226905603803466,48.35680854512529,188874000,48.11999348231724,51.09464288046514
2019-08-14,48.7729606628418,49.6606171063461,48.73447063907869,48.87158997225576,146189600,48.468519483293804,46.79309672842009
2019-08-15,48.53001022338867,49.34790322459332,48.03205506391868,48.94376889570016,108909600,48.657038007463726,45.2299525632886
2019-08-16,49.67505645751953,49.83382507339097,49.03517349339124,49.141019237305535,110481600,48.9392945425851,47.92411237746825
2019-08-19,50.60120391845703,51.17372750673664,50.52422385951554,50.66615171375127,97654400,49.203565325055806,51.95283634791079
2019-08-20,50.60359954833984,51.32286671027369,50.59397887791668,50.72869028750456,107537200,49.525566646030974,48.33300271147545
2019-08-21,51.15207290649414,51.39503430979136,50.90189508225022,51.23626937835333,86141600,49.94344874790737,54.63853874000549
2019-08-22,51.1087760925293,51.58507824401724,50.69742173173677,51.28438179246483,89014800,50.06338282993862,59.273149151727466
2019-08-23,48.74650192260742,51.01014564047347,48.35198833377321,50.37988339602778,187272000,50.05960300990513,60.26760180249313
2019-08-26,49.672645568847656,49.84103483411144,49.32864694709885,49.5210933948049,104174400,50.22283663068499,60.43272329720787
2019-08-27,49.112152099609375,50.16819791599971,48.96059990979167,50.00221288345861,103493200,50.14242172241211,55.95037161205828
2019-08-28,49.44171142578125,49.48741787220754,48.910082172512254,49.09771645844376,63755200,49.97677993774414,53.09603110657217
2019-08-29,50.278846740722656,50.35342253777785,49.71353966149472,50.15616392017947,83962000,49.93038667951311,58.32636647319704
2019-08-30,50.21390151977539,50.62525219652797,49.84344144801472,50.55549223711403,84573600,49.79636219569615,58.61855235469293
2019-09-03,49.48260498046875,49.790517838568434,49.126581426530514,49.65821067205432,80092000,49.564052036830354,46.15016109838894
2019-09-04,50.322147369384766,50.391907323066086,49.87230670410968,50.1297009283662,76752400,49.78914424351284,58.102695192133496
2019-09-05,51.30602645874024,51.47201147242179,50.88023929372371,50.99811361359005,95654800,50.02248437064035,63.47498451994041
2019-09-06,51.30122375488281,51.58027096935908,51.12080586682492,51.49126598584614,77449200,50.335208892822266,58.87608585206591
2019-09-09,51.52012634277344,52.06619212190076,50.774401351657886,51.681299198955934,109237600,50.63212530953543,55.43539084993275
2019-09-10,52.12874221801758,52.14798723364633,50.92836419189196,51.44556068094827,127111600,50.896396092006135,58.417496295566444
2019-09-11,53.78617477416992,53.81504412951995,52.37650966317453,52.45830188762013,177158400,51.40672084263393,62.952493356002684
2019-09-12,53.66588973999024,54.46694543066619,53.61056262735679,54.077244051108906,128906800,52.004332951136995,62.47943774280966
2019-09-13,52.62187957763672,53.11261457668617,52.205716712062376,52.92257603236607,159053200,52.33286612374442,71.70582833476695
2019-09-16,52.89852142333984,52.953852216544,52.33561851362574,52.37651279298673,84632400,52.56036540440151,69.48571091493274
2019-09-17,53.090965270996094,53.11983462664283,52.71088451204481,52.912955319127846,73274800,52.81604276384626,75.15213950244663
2019-09-18,53.58892440795898,53.60816942297296,52.78786855223211,53.17757001208415,101360000,53.111585344587056,75.67014281929619
2019-09-19,53.15351486206055,53.82707201378475,53.011583339522566,53.40609695865153,88242400,53.25798143659319,68.72463363350977
2019-09-20,52.37652206420898,53.53841386799599,52.31397850892914,53.254558112558406,221652400,53.056602478027344,62.89082822476483
2019-09-23,52.61465072631836,52.88407351151001,52.35725285998623,52.66997783314661,76662000,52.90642547607422,69.83551237679612
2019-09-24,52.364479064941406,53.52156204892097,52.24660840969855,53.17034699206987,124763200,52.8696539742606,63.97770605684493
2019-09-25,53.170352935791016,53.283415103474375,52.23458565709621,52.57377216014629,87613600,52.908487047467915,63.078091449930255
2019-09-26,52.896114349365234,53.1487001042751,52.64112434424878,52.92257578408172,75334000,52.88065120152065,60.78050360294713
2019-09-27,52.63872528076172,53.15351751274349,52.26826515822796,53.05248026433511,101408000,52.744908469063894,57.521921859063944
2019-09-30,53.877586364746094,54.0243263762996,53.11261270219493,53.139074136101655,103909600,52.84834725516183,60.84105691845152
2019-10-01,54.0267219543457,54.89994546249152,53.93290482566469,54.1421920131918,139223200,53.084090096609934,51.834126420867705
2019-10-02,52.672393798828125,53.78376662810997,52.424616563859,53.65867588561685,138449200,53.092339106968474,43.62455734762546
2019-10-03,53.11983871459961,53.15351657327003,51.751067761117135,52.54490352557878,114426000,53.200247628348215,53.46044362772256
2019-10-04,54.6088752746582,54.72434534521525,53.85833816909079,54.279313165976994,138478800,53.40575081961496,60.171700576191995
2019-10-07,54.62091064453125,55.311308550510645,54.32743060234528,54.43087209456384,122306000,53.65215029035296,59.29831313234353
2019-10-08,53.98103332519531,54.86147354368214,53.96419623018985,54.3226277737233,111820000,53.8439085824149,52.34264856100863
2019-10-09,54.61370468139648,54.79652684489467,54.279330296593805,54.61370468139648,74770400,53.949068341936375,58.52298788639336
2019-10-10,55.349796295166016,55.43399276976288,54.67864343102517,54.83019194644415,113013600,54.13807896205357,67.43797799585838
2019-10-11,56.82200622558594,57.16600118945812,55.88383113476842,56.03778756451031,166795600,54.73088073730469,71.55547755416656
2019-10-14,56.74020767211914,57.28386912163445,56.45153985739628,56.50686696815397,96427600,55.24807630266462,72.8116581637016
2019-10-15,56.60791397094727,57.16840893665815,56.502068230785376,56.8653082294218,87360000,55.533653259277344,69.27443248464486
2019-10-16,56.3793830871582,56.5886703222945,56.09793163708986,56.13882591575506,73903200,55.78486360822405,69.63133969481405
2019-10-17,56.59828186035156,56.807565391102926,56.17490262842623,56.55257541786321,67585200,56.158756256103516,72.41288769005007
2019-10-18,56.8701171875,57.15156861487775,56.3601335292246,56.4323014089496,97433600,56.48110089983259,69.0214803154494
2019-10-21,57.85639190673828,57.97186196777041,57.0890177733123,57.137128463437165,87247200,56.839185987200054,72.00118341898511
2019-10-22,57.724098205566406,58.26294389922715,57.64230598082633,58.01276606582909,82293600,56.96805627005441,83.76224265440736
2019-10-23,58.49868774414063,58.51312425689027,58.02719777142456,58.238889244421685,75828800,57.21926770891463,84.44254458495264
2019-10-24,58.594913482666016,58.88839351156194,58.16912628162669,58.818629879608615,69275200,57.5031247820173,81.0650736286566
2019-10-25,59.31658554077149,59.35266764688448,58.42652477407812,58.49388048589636,73477200,57.92272513253348,82.95088725242192
2019-10-28,59.91075897216797,59.95886966807034,59.3502603719089,59.5186496428726,96572800,58.39593614850725,91.87920020001465
2019-10-29,58.525150299072266,60.07915117989535,58.35195251947973,59.89151688727669,142839600,58.63236945016043,74.96934116874681
2019-10-30,58.51793670654297,59.00867539604496,58.02479743733707,58.87877246680748,124522000,58.72687585013254,72.29948270056832
2019-10-31,59.84099960327149,59.93962892278996,57.07459217991583,59.47535535189402,139162000,59.02929033551897,71.70541168675092
2019-11-01,61.53933334350586,61.56579110685089,59.937221805325485,60.02863102849158,151125200,59.46366827828543,77.9962774352223
2019-11-04,61.94347381591797,62.02767029711615,61.43349376919417,61.90257586520256,103272000,59.94203404017857,80.16876745232406
2019-11-05,61.85446166992188,62.1094516637506,61.65961096409468,61.83521298667724,79897600,60.30458777291434,81.45391222632918
2019-11-06,61.88092422485352,61.94106351751216,61.43108349036237,61.76786206100636,75864400,60.58603995186942,81.03457471960908
2019-11-07,62.59510803222656,62.81708830253441,62.27661748219188,62.42862467031127,94940400,61.167462485177175,81.97158974708574
2019-11-08,62.76641845703125,62.8387993222777,61.97260727293929,62.41656042739546,69986400,61.774388449532644,80.16623214940275
2019-11-11,63.26347351074219,63.32861631020604,62.317654845213625,62.32247778334506,81821200,62.26331329345703,82.57289519798374
2019-11-12,63.20553588867188,63.40580187077444,62.95461066850528,63.10661047248142,87388800,62.501342228480745,80.22483337873255
2019-11-13,63.81114959716797,63.885945606147736,62.99080128485799,63.00527745670818,102734400,62.768153054373606,81.43909313009826
2019-11-14,63.3696174621582,63.91008089634329,63.23932454025214,63.63743402929962,89182800,62.98460388183594,75.28202233715905
2019-11-15,64.12239074707031,64.12721368241881,63.458872655277816,63.62052566694344,100206400,63.304813385009766,75.76161035790096
2019-11-18,64.44574737548828,64.52536636009172,63.7532764804503,64.1320796491291,86703200,63.56919043404715,91.62406503018471
2019-11-19,64.25028991699219,64.66287560634905,64.03313994171292,64.63874619503746,76167200,63.78117207118443,89.26144581838871
2019-11-20,63.5023193359375,64.19961290123727,62.829147817543415,64.06932734020269,106234400,63.81529290335519,77.2211429106246
2019-11-21,63.21761703491211,63.70017582792511,63.01735101238453,63.62296465385995,121395200,63.81701878138951,65.79856073772973
2019-11-22,63.16211318969727,63.49990283507496,62.935309992816094,63.35754889035371,65325200,63.72429929460798,62.2775631116992
2019-11-25,64.26959228515625,64.28648361025664,63.340665127052524,63.386508801889065,84020400,63.852867126464844,70.18888092389412
2019-11-26,63.76774215698242,64.46021293797112,63.33584991868023,64.407131169223,105207600,63.802203042166575,64.61125894486094
2019-11-27,64.62428283691406,64.65806549210242,64.01384616231051,64.07898895883437,65235600,63.82770810808454,65.37467267083265
2019-11-29,64.48190307617188,64.66286257965973,64.15617449724154,64.32507297913462,46617600,63.86079570225307,63.05513590342368
2019-12-02,63.73636245727539,64.72319424644424,63.56505615770284,64.48673780121864,94487200,63.89423043387277,53.46762034501377
2019-12-03,62.59993743896485,62.61923654932985,61.83749372245772,62.32487541424332,114430400,63.80599049159459,46.16570314522766
2019-12-04,63.15245056152344,63.53126088330564,62.89669505639606,62.99079753107585,67181600,63.80461011614119,45.80126870868719
2019-12-05,64.0789794921875,64.15378288001588,63.39133909623157,63.64709466989342,74424400,63.77737971714565,54.25837557244358
2019-12-06,65.31671142578125,65.38668447826393,64.4939482024452,64.53738406865537,106075600,63.998661041259766,56.775149619221914
2019-12-09,64.40230560302734,65.33846356133417,63.91733161576993,65.14544297190798,128042400,63.96695000784738,49.769050307608445
2019-12-10,64.77867889404297,65.16231215536672,64.14652084747135,64.80763123629215,90420400,64.00934655325753,52.756060930447646
2019-12-11,65.3311996459961,65.41082594602184,64.78349823349234,64.85829423457072,78756800,64.2371804373605,59.73793315247994
2019-12-12,65.49769592285156,65.76310470333209,64.49880315683109,64.60978960566402,137310400,64.6511459350586,62.29512378248844
2019-12-13,66.38801574707031,66.42420617913521,65.36981653316047,65.49769430196437,133587600,65.11336953299386,65.9585879237612
2019-12-16,67.5244369506836,67.74883234755957,66.82955859141919,66.83438152775894,128186000,65.60557774135044,66.05578855776818
2019-12-17,67.65715026855469,67.98528668341874,67.26868664682006,67.45447647762181,114158400,65.93992614746094,69.91114841522818
2019-12-18,67.49547576904297,68.01663999270224,67.34588376621923,67.50995193942846,116028400,66.38180759974888,65.82439863727842
2019-12-19,67.56304168701172,67.84292661971328,67.30487837572159,67.43757907439164,98369200,66.77957371303013,67.1227057072718
2019-12-20,67.423095703125,68.19760028081991,67.21076871731513,68.0962670869402,275978000,67.0784160069057,71.96671359481269
2019-12-23,68.52333068847656,68.5836505218291,67.64748553007605,67.68609110701298,98572000,67.51064954485211,85.44630261193518
2019-12-24,68.5884780883789,68.73807747033234,68.26275685689335,68.68981865508782,48478800,67.8250013078962,84.5448154486878
2019-12-26,69.94931030273438,69.966201627571,68.69224671623391,68.72119906551794,93121200,68.1714117867606,85.35328658990453
2019-12-27,69.92276000976562,70.92889824450315,69.51741242648437,70.24125055231326,146266000,68.4950703212193,82.47720714653056
2019-12-30,70.33775329589844,70.62005337456992,68.81769633977586,69.84071842512762,144114400,68.90110996791294,95.02152201565048
2019-12-31,70.85169982910156,70.85893791713207,69.85521465174138,69.95414009700069,100805600,69.37091827392578,95.12330065496565
2020-01-02,72.46824645996094,72.52856629098083,71.2232442641189,71.47658460909824,135480400,70.09165409633091,95.78911301572695
2020-01-03,71.76372528076172,72.52375386627762,71.53933722124737,71.69616734789946,146322800,70.5545676095145,87.604840592849
2020-01-06,72.3355712890625,72.3741768820521,70.63455422652187,70.88548689932232,118387200,71.0898666381836,87.11219569787636
2020-01-07,71.99535369873047,72.60095990158051,71.77578859164102,72.34520436217124,108872000,71.38215855189732,80.9760315970196
2020-01-08,73.15348815917969,73.45508735263148,71.6985739444987,71.6985739444987,132079200,71.84369114467076,83.34283672555067
2020-01-09,74.70731353759766,74.90033403927089,73.87972727586492,74.1306524553881,170108400,72.46791403634208,87.42789763602441
2020-01-10,74.87621307373047,75.44081319943417,74.37435529486838,74.94136320691373,140644800,73.0428444998605,87.55875461377511
2020-01-13,76.47591400146484,76.50245856347271,75.07408132346671,75.19231323252647,121532000,73.61536843436105,90.4309858982161
2020-01-14,75.44322967529297,76.62308929816353,75.32018220682278,76.41317742986432,161954400,74.14101191929409,81.09271611718222
2020-01-15,75.11992645263672,76.12364962606802,74.68803427101611,75.24298130114484,121923600,74.53877694266183,78.68192277333077
2020-01-16,76.0609130859375,76.17190690767254,75.30088447470833,75.66280356227105,108829200,75.11957114083427,77.86574794275043
2020-01-17,76.90298461914062,76.90539240608445,76.00300982033474,76.30943200280402,137816400,75.65521349225726,79.6232211406458
2020-01-21,76.3818130493164,76.97294309653658,76.24428203921465,76.53140508279039,110843200,75.89442770821708,75.42115244534436
2020-01-22,76.65447998046875,77.20700458892972,76.56037746579443,76.86679969961068,101832400,76.14846583775112,74.91195776068756
2020-01-23,77.02362823486328,77.10324719984139,76.15984382890906,76.70755279875391,104472000,76.22671072823661,71.90260601111778
2020-01-24,76.80164337158203,78.01286327957854,76.61103058846822,77.26972598534742,146537600,76.42076982770648,75.40133282658637
2020-01-27,74.54326629638672,75.22366854186772,73.56125746709372,74.81108286986905,161940000,76.33838980538505,59.51332510548371
2020-01-28,76.65204620361328,76.82335250031947,75.32500962430629,75.42393505290065,162234000,76.42283739362445,67.41244736571839
2020-01-29,78.25655364990234,79.103446634538,77.54236874294361,78.28309821074268,216229200,76.61620439801898,68.4651387751654
2020-01-30,78.14314270019531,78.196224452265,76.90779359376785,77.33968569636842,126743200,76.8678229195731,63.87911751272368
2020-01-31,74.67835998535156,77.85600430616152,74.38399893896334,77.43376552275893,199588400,76.58552006312779,49.36883234592457
2020-02-03,74.47331237792969,75.63868882615688,72.919472204784,73.42133019707448,173788400,76.221189226423,42.9875606911214
2020-02-04,76.93193054199219,77.12254331082424,75.67245190422207,76.07779948888638,136616400,76.23980167933873,54.73961933808023
2020-02-05,77.55925750732422,78.35789164403798,76.95605907395962,78.0587002140709,118826800,76.67065756661552,57.618680885052584
2020-02-06,78.46647644042969,78.46889159082244,77.27214775489887,77.8295026141326,105425600,76.92986188616071,57.52909656190153
2020-02-07,77.39988708496094,78.21492705790754,76.9089278720762,77.9658198194633,117684000,76.80748094831195,51.53368454466076
2020-02-10,77.76750946044922,77.76750946044922,75.90525344548281,75.9850613598187,109348800,76.75381905691964,54.31786541599625
2020-02-11,77.2983169555664,78.33586413946524,77.08065162389036,78.26331148915241,94323200,77.1280986240932,51.981938522774826
2020-02-12,79.13399505615234,79.13882944016846,77.7481801290524,77.7481801290524,113730400,77.79391043526786,55.958412388224566
2020-02-13,78.57047271728516,78.89697445434517,78.20286026576835,78.4060150979807,94747600,78.02798788888114,54.8996212073182
2020-02-14,78.58981323242188,78.83892050632156,78.08192253766144,78.53901899642953,80113600,78.17521013532367,62.79610299435985
2020-02-18,77.1507797241211,77.3321687046637,76.08904601525819,76.2704349958008,152531200,77.98725346156529,51.64686664537018
2020-02-19,78.26813507080078,78.49789739964547,77.39263210107522,77.39263210107522,93984000,78.11128888811383,50.03951425064009
2020-02-20,77.4652099609375,78.51726787221662,76.95974005365503,78.02872938009521,100566000,78.06810324532645,47.79092304005266
2020-02-21,75.7117691040039,77.50147989029539,75.09504942814512,77.05888657687778,129554000,77.8414535522461,53.790126213489
2020-02-24,72.11543273925781,73.56654484289926,69.950861613102,71.8929330165793,222195200,76.83880179268974,43.074918123004615
2020-02-25,69.6727066040039,73.16747023858986,69.20109972929876,72.78534740458967,230673600,75.56769234793526,28.659770969801016
2020-02-26,70.77799987792969,72.04288873722294,69.29061126924033,69.29786653540023,198054800,74.45171901157924,30.609770410578534
2020-02-27,66.1513671875,69.16968329754985,66.015930635838,67.98460978013814,320605600,72.88037436349052,20.96272241634381
2020-02-28,66.11266326904297,67.3340203730767,62.00359989656375,62.21885173263986,426510000,71.14387839181083,22.030592741455223
2020-03-02,72.26779174804688,72.90386365568166,67.16713422063305,68.26997869246647,341397200,70.4013900756836,39.40948924948396
2020-03-03,69.97261810302734,73.52300347304629,69.12129439177312,73.44319556548463,319475600,69.58151136125836,36.820153404380314
2020-03-04,73.21829223632812,73.37791548587623,70.89409742046385,71.69462716996614,219178400,69.7390627179827,39.870818093722974
2020-03-05,70.84330749511719,72.44678042666858,70.4781085286997,71.47211693616212,187572800,69.90629141671317,37.54195364563436
2020-03-06,69.90249633789062,70.33541356546097,68.01605333738418,68.20227675514613,226176800,69.78121948242188,36.398106688467976
2020-03-09,64.3737564086914,67.2566283985615,63.60708224588359,63.78847126369504,286744800,69.52727508544922,32.265920442685385
2020-03-10,69.01005554199219,69.27609424415243,65.14767842910632,67.02687337652254,285290000,69.94118826729911,38.29361699089884
2020-03-11,66.61331939697266,68.01364506509296,65.74990566404036,67.08735480764533,255598800,69.13340650285993,36.80995840587315
2020-03-12,60.0349235534668,65.30004285714023,59.9792986243362,61.8996041788163,418474000,67.71373585292271,32.94572707277139
2020-03-13,67.22759246826172,67.6992067625623,61.176455139066015,64.06417194479151,370732000,66.8579216003418,45.06856268075525
2020-03-16,58.57896423339844,62.65900188399273,58.04446978371151,58.51608036263056,322423600,65.10587256295341,40.05293003964109
2020-03-17,61.15470123291016,62.30349462454375,57.65751943951495,59.86079146440188,324056000,63.856187547956196,41.593068931576035
2020-03-18,59.65763092041016,60.46299850331859,57.34794363950967,57.98885363786599,300233600,63.182455335344585,43.99892238978468
2020-03-19,59.200531005859375,61.14985749394757,58.67571261986398,59.8317648600508,271857200,61.78109468732561,43.66128647226361
2020-03-20,55.44215774536133,60.90559392761973,55.14225991553352,59.780979833542105,401693200,60.185214451381135,33.86073422746229
2020-03-23,54.26432800292969,55.26317786918558,51.42015002405914,55.16160047962253,336752800,59.360843658447266,34.60244743457011
2020-03-24,59.70841217041016,59.90431166461382,56.66591411638723,57.16412855605778,287531200,58.286675044468474,37.30452417031928
2020-03-25,59.37950134277344,62.458276127894656,59.08444162111208,60.64438621130527,303602000,58.4010374886649,38.7964269869852
2020-03-26,62.50422286987305,62.56226498005051,59.58265066903737,59.62134786940111,252087200,58.59382629394531,43.06567385687896
2020-03-27,59.91641616821289,61.882670430565696,59.74953769675213,61.12809336695391,204216800,58.63079561505999,45.57841812896058
2020-03-30,61.62630081176758,61.79801733681127,60.31788074870765,60.64196519805995,167976400,58.97733415876116,42.22401645372242
2020-03-31,61.50054550170898,63.48373122959482,60.94670602705082,61.8173747321562,197002000,59.842818123953684,44.34514821232607
2020-04-01,58.26457595825195,60.15343980395874,57.83407962142321,59.61652797885875,176218400,60.41428211757115,47.88562397797521
2020-04-02,59.236812591552734,59.29002033037774,57.294741195546685,58.12671272222617,165934000,60.346910749162944,38.79088246874509
2020-04-03,58.385498046875,59.423041606914005,57.795378517377415,58.721672212892855,129880000,60.20491027832031,49.65262395083749
2020-04-06,63.4788932800293,63.63367471849766,60.31305155829202,60.68066393279939,201820400,60.34414890834263,53.827159501192156
2020-04-07,62.7436637878418,65.71119260823201,62.6396691972311,65.49351989948178,202887200,60.748041425432476,55.21243347580914
2020-04-08,64.34954833984375,64.66395291391103,63.17898581969377,63.544177235259646,168895200,61.13707678658621,58.372005784679224
2020-04-09,64.81390380859375,65.31696001402688,64.0182161815665,64.98562401276064,161834800,61.61041368756975,67.06598847673597
2020-04-13,66.0860595703125,66.19489592354667,64.29151446730144,64.89131008954301,131022800,62.72776848929269,71.45372096198082
2020-04-14,69.42359924316406,69.71382453524082,67.24693169479575,67.71854594923653,194994800,64.18302372523716,69.09044216328628
2020-04-15,68.78997039794922,69.2494877739681,67.87093564591146,68.29901107744294,131154400,65.66937691824776,68.27284207108082
2020-04-16,69.33655548095703,69.7017543891835,68.28691861079514,69.50343396347523,157125200,66.50618580409459,64.7428120914675
2020-04-17,68.39573669433594,69.39942831156146,66.95913534892303,68.85284047730217,215250000,67.31362479073661,69.69667271294982
2020-04-20,66.97605895996094,68.12485572619737,66.95671405142177,67.2227526734342,130015200,67.6888405936105,62.59682684425732
2020-04-21,64.90583801269531,67.05348554767438,64.19479234555389,66.81888874755303,180991600,67.70197405133929,57.34563765513504
2020-04-22,66.77533721923828,67.21066785744529,65.832115915965,66.17312073347611,116862400,67.80044228690011,69.50887080456248
2020-04-23,66.51654815673828,68.14179371829223,66.47785095518503,66.71970292934046,124814400,67.38514927455357,67.25129863473177
2020-04-24,68.4368667602539,68.44654290771221,66.99300989791057,67.04138325446418,126161200,67.33470589773995,72.67079591012856
2020-04-27,68.48521423339844,68.8165501964249,67.70645072393546,68.1538708896368,117087600,67.2130857195173,64.61865950201673
2020-04-28,67.3751449584961,69.12857242814091,67.28324737370122,68.94718337955696,112004800,67.06728690011161,63.23439867781913
2020-04-29,69.58807373046875,70.05726716798014,68.65936300137292,68.86251778141856,137280800,67.440431867327,64.46712037251638
2020-04-30,71.05610656738281,71.2326611643709,69.73801774571496,70.12739587868194,183064000,68.3190416608538,66.33348026274813
2020-05-01,69.91216278076172,72.31375148512824,69.13339900800005,69.23013833651491,240616800,68.76715959821429,60.079089990791054
2020-05-04,70.90132904052734,71.02951029776773,69.24706234339718,69.9363419790523,133568000,69.393556867327,54.44242252154021
2020-05-05,71.96548461914062,72.79745613687825,71.21574190038736,71.36085458478117,147751200,69.89764513288226,59.305507053003836
2020-05-06,72.70796203613281,73.33919216211522,72.28230018886588,72.6668439519477,142333600,70.50089481898716,59.767410710141334
2020-05-07,73.4601058959961,73.80595977956555,73.03203061924786,73.33434554425705,115215200,71.37017495291573,64.83432102616958
2020-05-08,75.20860290527344,75.26195467448645,73.79236468701193,74.11975020715006,133838400,72.17310769217355,73.65865252220158
2020-05-11,76.39204406738281,76.88675244657776,74.50776212066847,74.71632174778293,145946400,72.93538447788784,84.78178904703553
2020-05-12,75.5190200805664,77.52697546648025,75.39776671813026,77.07590910984447,162301200,73.73636409214565,78.17755083776467
2020-05-13,74.607177734375,76.61998759486177,73.53044749592581,75.6984577813938,200622400,74.2657710484096,75.0199011618881
2020-05-14,75.06551361083984,75.12614027584165,73.12303289595279,73.84570540703209,158929200,74.70863233293805,72.53659736106802
2020-05-15,74.62173461914062,74.6678114842192,72.80293436830361,72.83688885866347,166348400,74.98202841622489,70.31713201995728
2020-05-18,76.37991333007812,76.7533757455592,75.2546860142826,75.9458316362108,135178400,75.39914376395089,78.58666319184917
2020-05-19,75.93856048583984,77.24324046806854,75.90703342703199,76.39689435415646,101729600,75.50342341831752,72.71540405845954
2020-05-20,77.4154281616211,77.48574978669299,76.75822957715101,76.79703154307944,111504800,75.64962114606585,72.73263802335748
2020-05-21,76.83824920654297,77.81797834459402,76.60058997680626,77.27718574052247,102688800,75.83808244977679,75.80424366872006
2020-05-22,77.33296203613281,77.41541342276373,76.47448628011443,76.57633494565745,81803200,76.22748020717076,74.87869156285875
2020-05-26,76.80915069580078,78.6303710026143,76.75337148985957,78.45091841064635,125522000,76.47657121930804,69.55355113400118
2020-05-27,77.14380645751953,77.28931196459057,75.92642542981746,76.66607534046294,112945200,76.8368671962193,68.51690842488043
2020-05-28,77.177734375,78.43634436660551,76.54236819363913,76.8188219012375,133560800,76.95084163120815,66.50869788232839
2020-05-29,77.10257720947266,77.88102160812149,76.74609208099886,77.42026037966232,153532400,77.11712973458427,59.878582496810566
2020-06-01,78.05078887939453,78.17204223872224,76.92555415248881,77.05650985276371,80791200,77.20789555140904,58.86931030572125
2020-06-02,78.41211700439453,78.43636915500637,77.34266154865261,77.7840255273494,87642800,77.43273380824498,66.3648918081461
2020-06-03,78.84378814697266,79.10569956400518,78.15991738115441,78.73223712157194,104491200,77.64856610979352,75.34109795710867
2020-06-04,78.16475677490234,78.96502587807994,77.79129440641832,78.66674739088378,87560400,77.84222412109375,68.06114282665528
2020-06-05,80.39096069335938,80.45158736054894,78.3854332069865,78.4145328231229,137250400,78.3061032976423,77.83760342687339
2020-06-08,80.86627960205078,80.90023409134206,79.37729235859877,80.08783519139197,95654400,78.83303833007812,74.70621204494904
2020-06-09,83.41986846923828,83.81272809723069,80.51464324949785,80.5461703012507,147712400,79.73550851004464,83.42356811646764
2020-06-10,85.56607055664062,86.03410675203712,83.92915018975505,84.36808676274399,166651600,80.80912017822266,84.3590015727063
2020-06-11,81.45799255371094,85.13439472060976,81.35614389223483,84.71000802945393,201662400,81.24424525669643,65.00706090420219
2020-06-12,82.16124725341797,84.34380702887056,81.05057009066908,83.59688982869712,200146000,81.71816798618862,65.47483569145058
2020-06-15,83.1773452758789,83.82968869181623,80.65285041136477,80.81533310708441,138808800,82.4342520577567,69.78593907190327
2020-06-16,85.38175964355469,85.65337337676685,83.596913801037,85.23140666668927,165428800,83.14722333635602,72.93099369302902
2020-06-17,85.262939453125,86.18688949305373,85.14168608934729,86.12626281116486,114406400,83.7753176007952,72.39994318340347
2020-06-18,85.29688262939453,85.71399444147255,84.6881884557675,85.21927871070163,96820400,84.04346248081752,72.75416676553237
2020-06-19,84.8094482421875,86.4681932764156,83.70119078400126,86.00258453034328,264476000,83.93537357875279,69.2605020896122
2020-06-22,87.02838897705078,87.17146705960882,85.15623672615204,85.20231359689153,135445200,84.73114449637276,72.20345314349302
2020-06-23,88.88599395751953,90.30465984817052,87.85291289035612,88.27245220934594,212155600,85.6918225969587,74.10638477119802
2020-06-24,87.31697082519531,89.43405719903721,86.94350839643548,88.51495463894143,192623200,86.28319767543248,71.06967506374829
2020-06-25,88.47614288330078,88.51494484309887,86.71312185164297,87.47216900112456,137522400,86.72525242396763,69.57491729423305
2020-06-26,85.75764465332031,88.59254854021978,85.60971171941675,88.37186655732566,205256800,86.79592459542411,60.68213467746208
2020-06-29,87.73408508300781,87.82866626069892,85.18776440060446,85.66550295799838,130646000,87.14409637451172,59.665362506858386
2020-06-30,88.4664306640625,88.75259416052774,87.30240160297599,87.32179888035039,140223200,87.66652243477958,56.93731026030516
2020-07-01,88.29911041259766,89.08725718249154,88.25061351334215,88.54404454624031,110737200,87.84805406842914,70.16445422919247
2020-07-02,88.29911041259766,89.84145686297828,88.18513936902451,89.20609049720933,114041600,87.76421356201172,68.87405348440672
2020-07-06,90.66112518310548,91.12916130648333,89.69594591770318,89.72747297069945,118655600,88.24194989885602,71.25352631464912
2020-07-07,90.3798370361328,91.81790022041916,90.26828600853445,91.03945566141076,112424400,88.51390620640346,65.93485445971011
2020-07-08,92.48480224609376,92.51632930913458,91.26984100541604,91.35714728773829,117092000,89.4749287196568,70.43654546161116
2020-07-09,92.88249206542967,93.43055216626936,91.83486136183558,93.37720039708492,125642800,90.21041543143136,71.03288349445135
2020-07-10,93.0449676513672,93.10317429108636,91.86638865727204,92.4775028689454,90257200,90.86449214390346,73.25395929502614
2020-07-13,92.61572265625,96.95901797723327,92.40231560385234,94.34964385590663,191649200,91.4811510358538,67.5502716381927
2020-07-14,94.1483917236328,94.33996671440302,91.0637057803454,91.99735078287982,170989200,92.31676265171596,66.87407189950204
2020-07-15,94.79586791992188,96.27273284060122,93.5978842251878,96.0229512346548,153198000,92.90744018554688,75.48766637754036
2020-07-16,93.6294174194336,94.48546583387537,93.0304255327924,93.66821938221526,110577600,93.37166595458984,67.55336566198359
2020-07-17,93.44024658203124,94.23566818195911,92.9673556043315,94.0804677579499,92186800,93.50815800258091,81.61681316900926
2020-07-20,95.4094009399414,95.54763152313924,93.18319140296002,93.527554143445,90318000,93.86914498465401,81.60578217806822
2020-07-21,94.09259796142578,96.27515822341762,93.84281636080428,96.19998173978416,103433200,94.01880645751953,72.10375531212719
2020-07-22,94.35694122314452,95.03838453181072,93.70702497300393,93.7943238421043,89001600,94.26755196707589,73.61958408742302
2020-07-23,90.0621337890625,94.16777018673336,89.25216234988122,94.09016627142198,197004400,93.68380083356585,55.14945205888498
2020-07-24,89.83901977539062,90.18338250647658,86.47302597872792,88.2603063707244,185438800,92.97567967006138,47.255926287541094
2020-07-27,91.9682388305664,92.06039256097252,90.67810880703216,90.901210827336,121214000,92.73836844308036,54.719637291017314
2020-07-28,90.45741271972656,91.7160228925572,90.45255785000906,91.5389903643371,103625600,92.31224931989398,43.75551639055337
2020-07-29,92.1913604736328,92.37566795887918,90.90365031390353,90.94002484369736,90329200,91.85252925327846,48.03317214498614
2020-07-30,93.30687713623048,93.41115323756708,90.95698669984957,91.364396166037,158130000,91.7402834211077,50.70699431957897
2020-07-31,103.07504272460938,103.2253956841153,97.80294239807122,99.80120250061276,374336800,92.98572649274554,68.77009236876088
2020-08-03,105.67229461669922,108.2913640186851,104.6586183859917,104.95689689079155,308151200,95.21574946812221,69.91945763870592
2020-08-04,106.37799072265624,107.469270880992,105.13877762781756,105.8614502635959,173071600,97.57845960344586,69.97987919091392
2020-08-05,106.7635726928711,107.08368330710016,105.63349060376568,106.0991067154368,121776800,99.69207872663226,73.28453848863121
2020-08-06,110.48846435546876,110.98318005233068,106.506508834704,107.095798287908,202428800,102.55365753173828,76.8566219950502
2020-08-07,107.9764404296875,110.4666158915092,107.179584578467,110.00988008396922,198045600,104.8086689540318,69.46435496873177
2020-08-10,109.5458526611328,110.56378836086954,106.89533339122228,109.4219488794754,212403600,107.12852260044643,73.74881020804563
2020-08-11,106.28797149658205,109.30776282738468,106.02801970691873,108.80973072656776,187902400,107.58751242501395,66.79086577176889
2020-08-12,109.82038879394533,110.07790879616836,107.18444536818468,107.37879756886052,165598000,108.18009730747768,78.41610483751688
2020-08-13,111.76392364501952,112.7672832263659,110.71197231378294,111.20029196815734,210082000,108.94951629638672,80.04533762857983
2020-08-14,111.66433715820312,111.75422524008118,109.85440163162504,111.58902512127496,165565200,109.64962550571987,78.58091323608443
2020-08-17,111.3727798461914,112.81101111968458,110.74598779263944,112.78671524478968,119561600,109.77595629010882,81.4635414980968
2020-08-18,112.3008270263672,112.7259788863913,110.78971554731912,111.12497934318772,105633600,110.3937258039202,81.00292410730046
2020-08-19,112.4417495727539,113.85568519716752,112.3470052838106,112.7089894111577,145538000,110.80742536272321,80.41436016538904
2020-08-20,114.93677520751952,115.05095915162076,112.46603216773778,112.48304002227763,126907200,112.04296875,74.52409803323408
2020-08-21,120.85974884033205,121.34320488803218,115.88425449002158,115.89639872088485,338054800,113.6200201851981,77.60396502014022
2020-08-24,122.30525970458984,125.15013843519527,120.43945211980872,125.06509916365437,345937600,115.12592533656529,78.19048851095464
2020-08-25,121.30189514160156,121.64687876692086,119.57942365480122,121.17799878513576,211495600,116.50271933419364,75.18143075184845
2020-08-26,122.95150756835938,123.40824339844946,121.55214798920018,122.61867553010856,163022400,118.15682329450335,73.2590020001914
2020-08-27,121.48168182373048,123.88682518833696,120.33741060365348,123.55399319873167,155552400,119.46837397984096,76.22410380138328
2020-08-28,121.28490447998048,122.87375249170243,121.0613927954914,122.45588862300936,187630000,120.73168182373047,74.07809405952229
2020-08-31,125.3979263305664,127.3026131741866,122.4437348087596,123.97914215160894,225702700,122.22613198416573,87.86822333601037
2020-09-01,130.39285278320312,130.99536378403553,126.84587750534726,129.01293310588505,151948100,123.58800397600446,88.53288123269834
2020-09-02,127.69132995605467,134.0856162874723,123.41552250903742,133.70662433115996,200119000,124.35744258335659,79.00884228757266
2020-09-03,117.46824645996094,125.20358030775732,117.0989743551227,123.32806028413174,257599600,123.80977848597935,57.72285867898541
2020-09-04,117.54598236083984,120.20864558009524,107.76020180974344,116.68110262085476,332607200,123.03756059919085,58.26126091908818
2020-09-08,109.63575744628906,115.63161300846176,109.49970941253936,110.73386155128658,231366600,121.34528568812779,46.99504122790082
2020-09-09,114.00871276855467,115.77734405892132,112.0068574107934,113.95040860522089,176940500,120.30582972935268,51.61287992025163
2020-09-10,110.28682708740234,117.09897712734502,109.32477117698188,116.9629291163385,182274400,118.14710126604352,45.3316980793323
2020-09-11,108.83888244628906,111.97772133616776,106.89533097403393,111.33634579157452,180860300,115.06796264648438,36.740246172417606
2020-09-14,112.10407257080078,112.65798455776184,109.61632854712477,111.48213656488176,140150100,112.8412115914481,39.18175563190474
2020-09-15,112.27896881103516,115.4761118546192,110.40344135428404,114.99022398928534,184642000,112.09988621303013,40.26014284154226
2020-09-16,108.96521759033205,112.72599259867744,108.8777613272375,111.97772849620064,154679000,110.87406267438617,35.426011535419136
2020-09-17,107.22575378417967,109.0332576277836,105.64176166922014,106.62325744568642,178011000,110.52977643694196,35.228052322754664
2020-09-18,103.82452392578124,107.75049908575596,103.09569206867344,107.28405084908114,287104900,109.07489231654576,33.034282866750814
2020-09-21,106.97308349609376,107.07997942887016,100.19008504511056,101.58944459122996,195713800,108.60150037493024,31.755186063058517
2020-09-22,108.65424346923828,109.67461096517128,106.079043681136,109.49969103484165,183055400,108.5751233782087,26.961856749556304
2020-09-23,104.09662628173828,108.94578544391972,103.75649882076176,108.46961737823794,150718700,107.4312024797712,25.941299229976565
2020-09-24,105.16556549072266,107.13826893890364,102.03644660847966,102.2016466950428,167743300,106.41500200544085,34.57597580420692
2020-09-25,109.11097717285156,109.266464847538,104.63109048927912,105.3696421159189,149981400,106.43582480294364,40.35982427843404
2020-09-28,111.71533966064452,112.06517952480382,109.596868222818,111.76393141391246,137672400,107.07719421386719,52.704734751924484
2020-09-29,110.86988830566406,112.05545586998878,110.36456819358912,111.31691166111466,99382200,108.08367483956474,45.50515984732412
2020-09-30,112.54134368896484,113.95042293050288,110.41315990508242,110.57835999800264,142675200,108.87914058140346,53.42992076119764
2020-10-01,113.49368286132812,114.3974345427148,112.56077909571286,114.31969070873184,116120400,109.57048906598773,57.190029739948685
2020-10-02,109.8301010131836,112.1137801442832,109.05268479784137,109.70377282438156,144712000,110.38955688476562,46.530217955965504
2020-10-05,113.2118682861328,113.35763612296132,110.34513295609943,110.6949727988638,106243800,111.53902871268136,51.296590883304575
2020-10-06,109.96615600585938,112.84261156052912,109.08183644563536,112.43446007900816,161498200,111.66119711739677,51.393790892376735
2020-10-07,111.83196258544922,112.28869840481384,110.90877111263153,111.3849466001731,96849000,111.67785753522601,56.39158334513738
2020-10-08,111.72506713867188,113.11470685692662,111.35578758231397,112.9689390012096,83477200,111.8000259399414,62.06592881108997
2020-10-09,113.66860961914062,113.69776170512304,111.67646638432409,112.02630624423392,100506900,111.96106392996651,60.616346053812634
2020-10-12,120.88890838623048,121.64689230757452,115.91341372886068,116.67139765020474,240226800,113.01752471923828,66.5006947565636
2020-10-13,117.6820297241211,121.85094815202253,116.27295799734162,121.73433240496897,262330500,114.13922882080078,69.01522186522098
2020-10-14,117.76952362060548,119.5575877167491,116.24383575511229,117.58488382722,150712000,114.79032244001117,68.13989105695488
2020-10-15,117.30304718017578,117.7792152107274,114.81530369020432,115.36921555833268,112559200,115.83844975062779,63.10225472052902
2020-10-16,115.66075134277344,118.1193503209673,115.45667931642107,117.85696670561362,115393800,116.38541957310268,56.51058131714594
2020-10-19,112.70654296875,117.02122180628176,112.39557505781023,116.5742058976846,120639300,116.52563040597099,52.83357816134166
2020-10-20,114.19336700439452,115.6218784999356,112.36642390465587,112.9203357688391,124423700,116.60059574672154,52.56333339646941
2020-10-21,113.57146453857422,115.3595288316245,113.16331298119312,113.37710488885403,89946000,115.55524662562779,50.12193899629435
2020-10-22,112.48303985595705,114.70840714970598,111.35577645934274,114.13505561823894,101988000,114.81253378731864,54.52433852272724
2020-10-23,111.79309844970705,113.26048210870782,111.05454670282388,113.10499440870647,82572600,113.95875876290458,47.335813742920934
2020-10-26,111.80281066894533,113.26047439389082,109.69405151217104,110.79216292996242,111850700,113.17301068987165,53.926035906331215
2020-10-27,113.3090362548828,113.96984397564444,111.3071808423077,112.23036471931516,92276800,112.83705139160156,53.20669088210787
2020-10-28,108.06147003173828,112.17208508150478,107.9642939309198,111.80281293277008,143937800,112.17346954345703,43.49775614733842
2020-10-29,112.06517791748048,113.62973745029149,109.0332349429399,109.19844245324492,146129200,111.86944253104073,47.34811787219537
2020-10-30,105.78750610351562,108.8291614562022,104.67968236923052,107.92540973464747,190272600,110.7574484688895,24.22030048884983
2020-11-02,105.70004272460938,107.55613792475565,104.2909708839372,106.03045032760409,122866900,109.78844887869698,27.107324680049757
2020-11-03,107.32291412353516,108.34327419283328,105.6611785129121,106.56493023946784,107624400,109.14985111781529,31.146905811221444
2020-11-04,111.7056121826172,112.32754802876924,109.178996880867,110.91847624915664,138235500,109.13596561976841,41.1493246185787
2020-11-05,115.67046356201172,116.24381509607196,113.57143184766636,114.62094399780884,126387100,109.47331237792969,50.01430620952428
2020-11-06,115.5390625,116.03551785418252,113.0470194186013,115.17888245464516,114457900,110.54153987339565,54.550778769765884
2020-11-09,113.23197174072266,118.75144452373826,112.96914288637264,117.30100266982896,154515300,110.70822470528739,48.495070032293214
2020-11-10,112.89127349853516,114.46826159817878,111.1001172605192,112.48242528209808,138023400,111.72304861886161,48.925798993778464
2020-11-11,116.3178253173828,116.45410805937628,113.34879995040824,114.0788892511671,112295000,113.23987470354352,55.639647281511635
2020-11-12,116.04525756835938,117.33021441554035,115.42224863802024,116.44437660987316,103162300,114.48592376708984,56.33118325203978
2020-11-13,116.09392547607422,116.49303706432585,114.74082734876326,116.26914719031564,81581900,115.11282566615513,56.38178251254638
2020-11-16,117.10631561279295,117.77799265499443,115.01339166540755,115.76294667468656,91183000,115.31794738769531,55.7315351721371
2020-11-17,116.22047424316406,117.46649204968942,115.80188944001708,116.3762301824057,74271000,115.41529192243304,64.18243300054084
2020-11-18,114.89659118652344,116.6390719587161,114.8673888013958,115.4611953885004,76322100,115.65309470040458,55.42735568959863
2020-11-19,115.49038696289062,115.89923517011198,113.70896736833063,114.46825901798518,74113000,116.02439662388393,73.7806706881529
2020-11-20,114.2248992919922,115.61693649962824,114.17623112885316,115.490390363244,73604300,115.72540719168526,69.75285464167433
2020-11-23,110.82752990722656,114.49744880802926,110.73018617398225,114.06912746953326,127959300,114.98001752580915,57.5034719465737
2020-11-24,112.11249542236328,112.77444325872074,109.60098679969664,110.88595091749468,113874200,114.41124180385044,51.00437411509196
2020-11-25,112.94966888427734,113.6505557267342,112.11249931432629,112.48241594054052,76499200,113.81743512834821,42.05741149388011
2020-11-27,113.49478149414062,114.3708899059463,113.13460895534584,113.47531571914512,46691300,113.4280504499163,44.17304711353279
2020-11-30,115.8895034790039,117.75853018018704,113.70896490077166,113.8647208392962,169410200,113.56989506312779,57.537289598208005
2020-12-01,119.46208953857422,120.1921788986028,116.82403420889328,117.7974866889314,127728200,114.1372811453683,65.74895732302292
2020-12-02,119.81250762939452,120.0948096799896,117.68064477339988,118.78064316901394,89004200,114.93551090785435,59.82481329733911
2020-12-03,119.67623138427734,120.49392777356492,118.96560791819012,120.24082808918226,78967600,116.19961111886161,60.28680872660059
2020-12-04,119.00456237792967,119.59836896840132,118.29393881943231,119.34526925110536,78260400,117.18419211251395,57.96488130854348
2020-12-07,120.46472930908205,121.26295994561156,119.00455077200225,119.06295553689276,86712000,118.25777217320034,58.97037738048376
2020-12-08,121.07798767089844,121.66206495991712,119.82223338247024,121.06825849577235,82225500,119.3410873413086,63.16621654596815
2020-12-09,118.5470199584961,122.6063142688594,117.78772835245422,121.22401378468822,115089200,119.72073255266461,59.286747137613865
2020-12-10,119.96825408935548,120.58153376453308,116.96029017970808,117.3009969843338,81312200,119.7930417742048,60.93154169114327
2020-12-11,119.1603012084961,119.50100803270227,117.349679312027,119.17976698694284,86939800,119.69986942836216,62.32379487832091
2020-12-14,118.5470199584961,120.07533977310264,118.31339348591052,119.3452505477775,79184500,119.53855351039341,72.38859240777231
2020-12-15,124.4850616455078,124.5045348480724,120.83461598397432,121.03904004979812,157243700,120.32148197719029,78.25708013929749
2020-12-16,124.4169464111328,124.96207736777792,123.20013093515551,124.0275714003019,98208600,120.8860844203404,77.14302431540129
2020-12-17,125.2833023071289,126.1399450451197,124.64082025363582,125.47798978748064,94359800,121.48684365408761,77.48541808602036
2020-12-18,123.29745483398438,125.67268049414356,122.77178977344828,125.53639778513612,192541500,122.1654772077288,67.60765152853219
2020-12-21,124.82577514648438,124.90365310723668,120.17267468087437,121.70099438309586,121251600,122.85940878731864,64.12097824816303
2020-12-22,128.37890625,130.8417396142282,126.20809672049867,128.1160699450411,168904800,124.17635236467633,69.29836894179732
2020-12-23,127.48332214355467,128.91428338608608,127.3080930023302,128.65146195480474,88223700,125.45296696254185,67.00600309045643
2020-12-24,128.4665069580078,129.91695629713385,127.61960817236115,127.83376887622416,54930100,126.02174486432757,70.33476222581919
2020-12-28,133.06121826171875,133.69395641508856,129.96563173528466,130.43289960768968,124486200,127.2566408429827,73.85699906279768
2020-12-29,131.2895050048828,135.10543618196706,130.77357648181422,134.38509099699746,121047300,128.1146697998047,68.52702276212989
2020-12-30,130.17002868652344,132.37976932791838,129.85851685438772,131.98065036313264,96452100,129.09646606445312,72.22631861675629
2020-12-31,129.1674041748047,131.1629846094566,128.22315413773092,130.5205024464302,99116600,129.7166987827846,67.87746514582923
2021-01-04,125.97447204589844,130.06296894085764,123.39482183574113,129.97536179433877,143301900,129.37320818219865,62.11911468223157
2021-01-05,127.53199768066406,128.24262865019975,125.02048862539876,125.46828327943898,97664900,129.38016183035714,65.46065215524834
2021-01-06,123.23906707763672,127.57093452826126,123.02490637051052,124.32933639261915,155088000,128.63338470458984,47.72732016793745
2021-01-07,127.4443817138672,128.13553942794485,124.4656198565864,124.95234603859188,109578200,127.8309794834682,54.79789015291849
2021-01-08,128.54437255859375,129.1089766459298,126.77268233415624,128.9142743130051,105158200,127.4388177054269,55.13016518163306
2021-01-11,125.55590057373048,126.71431143715864,125.08864752799444,125.76033213644988,100384500,126.77965654645648,53.44423203791206
2021-01-12,125.38065338134766,126.2470252939188,123.4921536305582,125.08861473418492,91951100,126.23869214739118,50.882640993309415
2021-01-13,127.41517639160156,127.96030732627808,125.0788967133582,125.3417181509104,88636800,126.4445070539202,48.38917824856322
2021-01-14,125.48775482177734,127.52226681135944,125.34172804679318,127.32757929841898,90221800,126.15247235979352,46.77573361820028
2021-01-15,123.76470947265624,126.76294396711675,123.62842676171266,125.36117045243896,111598500,126.2275641305106,42.58062217051298
2021-01-19,124.4364013671875,125.29304408982054,123.57002946950722,124.38772578454656,90757300,125.79785265241351,34.467015119787646
2021-01-20,128.52490234375,128.97269692470792,125.13729259464834,125.24437293876636,104319500,125.79507119315011,45.40453699913205
2021-01-21,133.23641967773438,135.96208925479198,130.0434971272025,130.2479286583061,120150900,126.89228820800781,54.55336018173653
2021-01-22,135.37803649902344,136.1373282057296,131.43555118884584,132.66209590266996,114459400,128.3204857962472,58.92057180028018
2021-01-25,139.12579345703125,141.23818305206848,132.91516336360118,139.27182020640586,157611700,129.9934310913086,68.59340463050492
2021-01-26,139.3594512939453,140.46918645287846,137.6169631530498,139.78777273313094,98390600,131.975102015904,67.37201450857837
2021-01-27,138.2886199951172,140.46915831522645,136.68242977361535,139.62224478331817,140843800,134.04994637625558,74.415564965213
2021-01-28,133.45057678222656,138.22050212672593,133.07093096645875,135.81607367562873,142621100,135.33768572126115,59.548096575927595
2021-01-29,128.45672607421875,133.1098252147685,126.7531851588464,132.2239803738874,177523800,135.32794625418526,49.8760170208945
2021-02-01,130.57887268066406,131.78595871131816,127.4540846986948,130.19922693086417,106239800,134.94829668317522,57.28392379157764
2021-02-02,131.4063262939453,132.69127555683025,131.0364096809211,132.12667146199954,83305400,134.3809095110212,58.575747329596815
2021-02-03,130.38421630859375,132.165635975879,130.0629752354402,132.15589194554707,89880900,133.13211277553015,54.35092450353635
2021-02-04,133.74264526367188,133.75237444183827,131.01697515265897,132.6815855489559,84183100,132.3297119140625,61.61004100053758
2021-02-05,133.32827758789062,133.97171978594034,132.45086722756864,133.90348403057772,75693800,131.62109157017298,63.96468578242686
2021-02-08,133.47451782226562,133.52326614630692,131.53444758226135,132.61659492201852,71297200,131.62451171875,63.40309714768791
2021-02-09,132.59707641601562,134.42016235628924,132.44110262440083,133.19177019449774,76774200,132.2159903390067,56.67449977641123
2021-02-10,131.9925994873047,133.552455944581,131.0274366308269,133.05524407492868,73046600,132.41795131138392,47.644139147664774
2021-02-11,131.7391815185547,132.9675589258699,130.4133074654321,132.4898491628531,64280000,132.4655020577567,42.57686288132618
2021-02-12,131.97314453125,132.1291332081116,130.33530805190028,130.9787501870301,60145100,132.69249180385046,32.96698744642164
2021-02-16,129.84786987304688,132.59709996571863,129.45789813500429,132.09015902011436,80576300,132.13609531947546,29.221508662385304
2021-02-17,127.55680847167967,128.9021846827299,126.22119084968794,127.95652384973054,97918500,131.31159973144528,27.742474493025128
2021-02-18,126.45518493652344,126.7379014019475,124.21289601346298,125.95797287967874,96856700,130.308837890625,32.83074549281321
2021-02-19,126.6111831665039,127.430116454622,125.56804028149357,126.97190891723642,87668800,129.45371028355189,44.05966780169473
2021-02-22,122.8382797241211,126.46493488700048,122.44831544375612,124.7978374024914,103916400,128.1459503173828,27.478322406669037
2021-02-23,122.70178985595705,123.53045927947294,115.41923371769596,120.6544867396384,158273000,126.85489436558315,23.612697311361686
2021-02-24,122.20458984375,122.40931941932187,119.16288479188184,121.804881845143,111039900,125.45938655308315,24.38886537217509
2021-02-25,117.9539794921875,123.28672123283567,117.51527437819723,121.55138820352438,148199500,123.76025935581752,3.1801156010776452
2021-02-26,118.2172393798828,121.71715236827716,118.15873989491269,119.513860195829,164560400,122.42603519984654,4.7843401174682185
2021-03-01,124.58335876464844,124.71984514122286,119.70882406427694,120.64473383419433,116307900,122.15863146100726,30.61225236735808
2021-03-02,121.98037719726562,125.49004121695306,121.87313682284052,125.18782240063727,102260900,121.49708775111607,28.469812447588367
2021-03-03,118.99713897705078,122.55555080343936,118.78265825970878,121.67813306792648,112966300,120.94835335867745,25.9647250296959
2021-03-04,117.1155776977539,120.49850624904042,115.64347345208851,118.6949297486631,178155000,120.15032305036273,24.48981493139283
2021-03-05,118.37318420410156,118.8801399153452,114.61979443770964,117.94423026145166,153766600,119.6029793875558,27.093590995000255
2021-03-08,113.44017791748048,117.96374575469044,113.29394038143424,117.89550256292888,154376600,118.95815059116909,24.752471760449453
2021-03-09,118.05147552490234,118.99713642859442,115.80919406877892,116.04316964725494,129525800,118.93447004045758,36.34836374267033
2021-03-10,116.96932983398438,119.10437082693088,116.45262294368769,118.63641969338748,111943300,117.8467516217913,36.36871148237041
2021-03-11,118.89964294433594,120.1182765520443,118.21721109919896,119.46509072342045,103026500,117.40664672851562,39.45610150513118
2021-03-12,117.99300384521484,118.1294902427008,116.16993234824494,117.37881505652804,88105100,117.26319885253906,42.81169000215056
2021-03-15,120.8787078857422,120.8884590376453,117.39829045128926,118.36345366505869,92403800,117.80078887939455,47.49931715362421
2021-03-16,122.41908264160156,124.02768082306405,121.59041310507568,122.54581788527469,115227900,118.37877437046598,50.28602961913316
2021-03-17,121.62937927246094,122.70177530738492,119.27009907008946,120.93719630957408,111932600,119.54866027832031,55.39960788164177
2021-03-18,117.50552368164062,120.08902837100626,117.30079413178964,119.79655333524822,121229700,119.47066715785435,49.06092595925762
2021-03-19,116.97908020019533,118.3829485565644,116.6768614326796,116.89134214689705,185549500,119.47206006731305,38.138653470097324
2021-03-22,120.29377746582033,120.76173611147584,117.24232114898952,117.31056434336112,111912300,119.67122214181083,47.42634201223719
2021-03-23,119.465087890625,121.12242658262932,119.07512365781542,120.2352652049879,95467100,119.8815198625837,50.76432173315545
2021-03-24,117.07657623291016,119.81606991796892,117.0570813659124,119.73807557407793,88530500,119.33835819789341,49.9373349403309
2021-03-25,117.56402587890624,118.60718345893136,116.0139273940255,116.5403780411406,98844700,118.64477866036552,48.66690364369781
2021-03-26,118.16846466064452,118.43169368935104,115.93592696323272,117.33004413015976,94071200,118.15036228724888,59.08577792060345
2021-03-29,118.3439483642578,119.50408995901203,117.70051367598909,118.59742624167248,80819200,118.27013724190849,50.67750821192617
2021-03-30,116.89134216308594,117.37879562712054,115.87743806534004,117.09607172542653,85671900,118.25760323660714,49.822391278511745
2021-03-31,119.08487701416016,120.42049468098196,118.10997013305848,118.5974235736093,118323800,118.08490317208427,50.41685338278091
2021-04-01,119.91354370117188,121.0639340927336,119.41633912027298,120.55698579856444,75089100,118.14896828787667,54.33723128029208
2021-04-05,122.74079895019533,122.99427686554804,119.98181021656318,120.7617388309021,88651200,118.95814296177456,54.21636502718798
2021-04-06,123.04300689697266,123.93991951774667,122.49706137788412,123.32573080877204,80171300,119.74085453578404,51.49668466931796
2021-04-07,124.69058227539062,124.7100771388602,121.99983740172254,122.67252547962671,83466700,120.67258562360492,57.053002902496374
2021-04-08,127.08885955810548,127.1181055739932,125.29503449613289,125.7142373077892,88844600,121.92185865129743,73.9873191221848
2021-04-09,129.6626434326172,129.70163317095958,126.22122258271084,126.54294370866688,106686700,123.74633026123047,78.79594210811112
2021-04-12,127.94677734375,129.51637793041473,127.35208358418392,129.19465689236446,91420000,125.01231602260044,68.73499286530745
2021-04-13,131.05673217773438,131.28097148351077,128.61946483937675,129.11667689697725,91266500,126.6042000906808,75.52594529026538
2021-04-14,128.7169647216797,131.61243958256816,128.35625390681537,131.55394754511985,87222800,127.45793805803571,75.68843252861168
2021-04-15,131.1249542236328,131.61240758505895,130.286533846944,130.46202479252335,89347100,128.61250196184432,77.58819895635767
2021-04-16,130.7935028076172,131.29069993150603,129.93558004398386,130.92998916765907,84922400,129.4843477521624,75.97271998716741
2021-04-19,131.4564666748047,132.07066289352065,129.99410605950115,130.1598384774607,94264200,130.10829162597656,76.44516550731743
2021-04-20,129.76991271972656,132.12918662646493,128.50253024066083,131.63198925334365,94812300,130.12361580984933,75.7305373960273
2021-04-21,130.15008544921875,130.3938122009963,128.00529300875627,129.03869205614907,68847100,130.43837411063058,73.8346041603191
2021-04-22,128.62924194335938,130.7837782500738,128.11254238332913,129.70163080104982,84566500,130.09158979143416,68.23012148477993
2021-04-23,130.94949340820312,131.72940697661994,128.84369107132306,128.84369107132306,78657500,130.4105224609375,67.54170011653923
2021-04-26,131.33946228027344,131.67092706494682,130.2085666757299,131.44670263718533,66905100,130.441166469029,67.66299113043937
2021-04-27,131.01773071289062,132.01213986314156,130.74475798551163,131.6221681983873,66015800,130.47319902692522,64.27632983301774
2021-04-28,130.22805786132812,131.63192609526544,129.740604439872,130.93973569140266,107760100,130.29771205357142,57.63759082912187
2021-04-29,130.1305694580078,133.630496551131,129.12641653636294,133.0455464580238,151101000,130.34923444475447,51.29442434291059
2021-04-30,128.1613006591797,130.20859675143018,127.78108746519726,128.4732632121358,109839500,130.06512233189173,50.58523130768956
2021-05-03,129.21412658691406,130.70574751351384,128.52195116516012,128.72667324025528,75135100,130.148677280971,44.33774440067033
2021-05-04,124.64185333251952,128.19052150938094,123.52070884107248,127.89804644623833,137564700,129.2475858415876,38.98824261890867
2021-05-05,124.8855972290039,127.17661983745884,124.75885455406907,125.95798604278042,84000900,128.32560511997767,30.906797820147744
2021-05-06,126.48441314697266,126.49415685961574,123.93989837484678,124.68082962289289,78128300,127.67798832484654,37.76283957085084
2021-05-07,127.15827178955078,128.1836509944488,126.44537008751144,127.78327149877356,78973300,127.23944745744977,37.80132749743739
2021-05-10,123.87699127197266,126.50394017112625,123.8379278654038,126.37699713829772,88071200,126.34607914515904,34.663592489975926
2021-05-11,122.95902252197266,123.3105782662806,119.89260855529714,120.60550265898722,126142800,125.60289655412946,31.794770366724876
2021-05-12,119.89263153076172,121.71880695136792,119.38482206893003,120.50787096501224,112172300,124.27125440325055,29.487229552075092
2021-05-13,122.04106903076172,123.19341357180042,121.34771025318692,121.66021008886268,105861300,123.89971378871373,28.913700112939935
2021-05-14,124.4629364013672,124.892626453878,122.90043727939631,123.29106392253492,81918000,123.83933367047992,35.15149977562184
2021-05-17,123.31060028076172,123.95513540332344,122.2363825270762,123.8477128828965,74244600,123.38593183244977,33.93425984033328
2021-05-18,121.9238739013672,124.01371786549493,121.8555147978895,123.59379552967953,63342900,122.6381607055664,33.11009937371598
2021-05-19,121.7676239013672,121.99222918408068,119.98051210138632,120.27348393601976,92612000,122.33682250976562,33.03114479104815
2021-05-20,124.32622528076172,124.72661966171272,122.1680220813628,122.2949800317053,76857100,122.53213718959263,42.400186022490225
2021-05-21,122.49028778076172,125.00005419589024,122.27544274551911,124.8242725716539,79295400,122.90323093959263,37.076742103795254
2021-05-24,124.12114715576172,124.94146389287052,122.98833802904868,123.05669713625907,63092900,123.20038495744977,48.87161509327654
2021-05-25,123.92583465576172,125.31255964913692,123.35942638033973,124.82427074399982,72009500,123.12365613664899,47.91579271052651
2021-05-26,123.87699127197266,124.40433608477755,123.45706896458633,123.98441377739124,56575900,123.20456913539341,43.92907591781515
2021-05-27,122.3437957763672,124.64848475719648,122.148486181619,123.4766122875404,94625600,123.26455797467914,39.221647605712064
2021-05-28,121.68951416015624,122.85162649652436,121.63092276524166,122.62701373171124,71311100,123.25339944022042,44.4500020712053
2021-06-01,121.36722564697266,122.41214756264262,121.03519786563034,122.14847888043448,67637100,122.83068520682198,45.83546244251405
2021-06-02,122.12895965576172,122.30474128408406,121.14263644461568,121.3672417498929,59278900,122.77906690325055,56.65309657703265
2021-06-03,120.64459228515624,121.9238874136965,120.24419788428176,121.75787349407824,76229200,122.28241620744977,45.67456091969012
2021-06-04,122.93950653076172,123.20318269390796,120.94731726161272,121.16216229807738,75169300,122.14151218959263,45.24393305459258
2021-06-07,122.9492645263672,123.3594191359653,121.90434257301015,123.21293321808504,71057600,122.00897979736328,48.78526840743746
2021-06-08,123.76959228515624,125.44928928445928,123.25201508828968,123.6328740614777,74403800,122.21266501290458,56.450551513328584
2021-06-09,124.15044403076172,124.75591573650723,123.55474004059155,124.22857085419676,56877900,122.56422642299107,58.198938068708884
2021-06-10,123.15436553955078,125.18561845038153,122.98835161093275,124.0430340314238,71186400,122.8195321219308,45.48198653990965
2021-06-11,124.36529541015624,124.45318995364758,123.14459167144136,123.56451405558266,53522400,123.13900865827289,57.59497230701901
2021-06-14,127.42193603515624,127.4805274309543,124.09186008030994,124.82428233012304,96906500,124.1072006225586,61.985849947833465
2021-06-15,126.6016082763672,127.53911517627388,126.35746756194185,126.89458011391096,62746300,124.63035801478794,59.29440547913555
2021-06-16,127.0996551513672,127.82231705994997,125.449276371544,127.31450018091432,91815000,125.22327096121651,60.85529443631504
2021-06-17,128.70123291015625,129.4434303366887,126.61138865865254,126.75788205128508,96721700,125.92779105050224,71.31633583380827
2021-06-18,127.40241241455078,128.42779161848907,127.187567367722,127.64655315856818,108953300,126.3923579624721,68.36157942721178
2021-06-21,129.19927978515625,129.30670230447237,126.18170388050524,127.2461539075308,79663300,127.25591714041573,72.99319676085724
2021-06-22,130.83984375,130.9375059635788,128.5351555804598,129.0332120080854,74783600,128.18085261753626,74.31839451946728
2021-06-23,130.5664520263672,131.171931135257,130.10746628787817,130.63481857945425,60214200,128.63006918770927,79.70777381413619
2021-06-24,130.28323364257812,131.4844015936428,129.81447281680693,131.2988522960872,68711000,129.15601566859655,75.00009090403816
2021-06-25,129.99029541015625,130.7520133222248,129.69732354370646,130.33209840454234,70783700,129.568964276995,73.51622444736184
2021-06-28,131.62112426757812,132.08010994524813,130.22464670870133,130.28323808863115,62111300,129.98609161376953,74.87640551560642
2021-06-29,133.13482666015625,133.29108030597018,131.20123622200433,131.64068656233414,64556100,130.8050079345703,76.5591176678878
2021-06-30,133.7500762939453,134.18952666784298,132.6856112890496,132.9785831720377,63261400,131.45512172154017,82.04392469498545
2021-07-01,134.05282592773438,134.11141733174057,132.57820605478142,133.3985304143806,52485800,131.91411917550224,81.00024902465357
2021-07-02,136.6797637939453,136.71881975736173,134.52155301126126,134.66803150053377,78852600,132.7874494280134,80.46295868588552
2021-07-06,138.69146728515625,139.79497322979873,136.78717260963688,136.78717260963688,108181800,133.9886256626674,86.88947511527945
2021-07-07,141.1817169189453,141.49420932337944,139.31647805419703,140.17584334226723,104911600,135.58740016392298,88.31061385352763
2021-07-08,139.88287353515625,140.68364735524526,137.37309975875638,138.2617755637112,105575500,136.7676500592913,80.92941020552357
2021-07-09,141.7090301513672,142.23636751298437,139.30667907892771,139.4043413205293,99890800,137.99253627232142,88.45161859181384
2021-07-12,141.11337280273438,142.89072485841734,140.6250912359429,142.78330231767637,76299700,139.04443577357702,84.2315887309618
2021-07-13,142.2266387939453,144.00399065736747,140.26375247219565,140.65437172290618,100827100,140.21212332589286,83.73886553463066
2021-07-14,145.65435791015625,146.06452746184092,144.218809182764,144.62897873444868,127050800,141.49420819963728,87.66473543673602
2021-07-15,145.00003051757812,146.4844100450272,143.6426089138741,145.74222773188504,106820300,142.3954315185547,86.0699978159341
2021-07-16,142.95899963378906,146.25001085540634,142.46095806797192,144.98049138553952,93251400,142.64932904924666,79.2768127733774
2021-07-19,139.11138916015625,140.69343127095988,138.34967125172668,140.38092397459488,121434600,142.53911699567522,65.37082336024969
2021-07-20,142.7246551513672,143.65240178359875,139.60943216409294,140.09771359109203,96350000,142.68420628138952,68.11810458401922
2021-07-21,141.99221801757812,142.7051195545598,141.24027542823887,142.1191759435654,74993500,142.80975559779577,65.50326478481122
2021-07-22,143.35943603515625,144.72661812834664,142.39263340422124,142.5195913490058,77338200,142.9715837751116,66.83149026733105
2021-07-23,145.07818603515625,145.23443967973952,143.47662343109712,144.09186284341388,71447400,142.88927350725447,65.70489243669952
2021-07-26,145.49810791015625,146.31841714774572,144.2383334584889,144.7949814490319,72434100,142.9604274204799,63.533997007277925
2021-07-27,143.33013916015625,145.71295498966768,142.13873124540055,145.62505300491213,104818600,143.01344735281808,54.32727858344546
2021-07-28,141.58204650878906,143.5254115149199,139.19923129757908,141.4160326491442,118931200,143.36639840262276,53.36158070999609
2021-07-29,142.2266387939453,143.1153147256564,141.1914843685101,141.29890689763087,56699500,143.29525320870536,51.074239779489815
2021-07-30,142.44146728515625,142.90045304700064,140.7324821850195,140.99615834422465,70440600,143.35943167550224,52.800583811584325
2021-08-02,142.1094512939453,143.50592922511103,141.84577511280253,142.9297606339798,62880000,143.1808624267578,49.74446439337577
2021-08-03,143.90634155273438,144.5703973198966,141.77742620853948,142.39266574077612,64786600,143.0134560721261,45.89647296840344
2021-08-04,143.50592041015625,144.32622969980267,142.8516250314263,143.81842770211748,56368300,142.7288578578404,46.45020910551563
2021-08-05,143.61334228515625,144.37506017943633,142.74420187239215,143.53521546251628,46397700,142.7693154471261,51.71191397595345
2021-08-06,142.92872619628906,143.87741265764788,142.42993828378326,143.1341182329051,54126800,142.9616982596261,61.96774387986188
2021-08-09,142.8798370361328,143.47643358609363,142.3223698894288,142.98742050984688,48908700,143.05501229422433,50.62653862361108
2021-08-10,142.40061950683594,144.46425536863836,142.10720866457348,143.2221579263746,69023100,143.04917689732142,51.68331851166091
2021-08-11,142.65487670898438,143.4959796880464,142.33212632967644,142.84070404163072,48493500,143.12709481375558,46.802655705556816
2021-08-12,145.61830139160156,145.77478914489808,142.63531888467134,142.97763397957073,72282600,143.37166050502233,52.2022948114763
2021-08-13,145.82369995117188,146.15622524916978,145.01193648359285,145.6965517804986,59375000,143.70277186802454,51.351224701740165
2021-08-16,147.79928588867188,147.8677548726636,143.25147091055382,145.27597699148956,103296000,144.30076381138392,68.84816956080786
2021-08-17,146.8897247314453,148.3469738946529,145.81389018106398,146.92883920441727,92229700,144.86662074497767,74.08831912777798
2021-08-18,143.14389038085938,147.4080844695857,142.938498348175,146.50830231259667,86326000,144.9043426513672,53.24843476597414
2021-08-19,143.47642517089844,144.74786207926644,141.32477074631083,141.8431233828503,86960300,145.0580291748047,53.63498486025884
2021-08-20,144.9336700439453,145.23685570513334,143.55464985258175,144.20015057068707,60549600,145.3835710797991,59.19264381882513
2021-08-23,146.42027282714844,146.8897211086949,144.6402584192349,145.05102753102452,60131800,145.49813842773438,58.35137061364601
2021-08-24,146.33226013183594,147.54501786684636,145.87258667150505,146.16599748585364,48606400,145.57078988211495,59.58822207889149
2021-08-25,145.09996032714844,147.01689814902136,144.55226807046895,146.51809526108525,58991300,145.18517194475447,54.68566190439089
2021-08-26,144.29795837402344,145.84324134015625,144.26861878609316,145.09017201862116,48597200,144.8149196079799,54.283973792205266
2021-08-27,145.33465576171875,145.48135367838458,143.60354572760687,144.2392565978135,55802400,145.12788609095983,57.23338419993903
2021-08-30,149.75535583496094,150.11723565003402,145.3444633733459,145.7258929660488,90956700,146.0248761858259,67.58651690640762
2021-08-31,148.49371337890625,149.4423999461669,147.96557089636175,149.3054768809692,86453100,146.53345380510603,63.32000824289816
2021-09-01,149.1587371826172,151.57446255268852,148.99247455645138,149.4717126602179,80313700,146.92466299874442,59.022912518666004
2021-09-02,150.27369689941406,151.32019193818465,149.05116433458485,150.48886382470346,71115500,147.48772539411272,60.83847628420158
2021-09-03,150.909423828125,151.23217421828528,149.72600573087058,150.38128139931968,57808700,148.3176487513951,58.104026845637584
2021-09-07,153.2469024658203,153.8043695479327,150.99743959102315,151.56469648456283,82278300,149.5960693359375,65.41749929689004
2021-09-08,151.7016143798828,153.58919740809037,150.59644021764143,153.53051823549217,74420200,150.50563485281808,73.23421090788574
2021-09-09,150.6844482421875,152.6796143882617,150.5670749934843,152.07324314334025,57305700,150.63836233956474,68.86833525990319
2021-09-10,145.69654846191406,152.06349296335642,145.43247723787448,151.59404461667015,140893200,150.23876735142298,51.685434924196564
2021-09-13,146.26376342773438,148.09266692388923,145.481339792054,147.32003309737948,102404300,149.825199672154,49.639580441695806
2021-09-14,144.865234375,147.75042357206,143.6818310431746,147.0462435219262,109296300,149.0525621686663,46.81394820159715
2021-09-15,145.75521850585938,146.1562127610325,143.15366567640987,145.29554507646444,83281300,148.31624712262834,51.44455276151341
2021-09-16,145.5204620361328,145.6965144522282,143.98496918672433,145.17816193712628,68034100,147.21246991838728,52.76421092435699
2021-09-17,142.85047912597656,145.54984051172312,142.55706833315722,145.54984051172312,129868800,145.9480220249721,44.76935127656963
2021-09-20,139.79905700683594,141.65730067907975,138.16575516526504,140.6401600731503,123478900,144.3929661342076,27.75335082618254
2021-09-21,140.2782745361328,141.42257819093177,139.64256354879453,140.76728757977574,75834000,143.61892700195312,30.978069242602075
2021-09-22,142.64508056640625,143.21232244413056,140.54231597032648,141.27583538032138,76404300,143.10197230747767,36.02005560813621
2021-09-23,143.6035919189453,143.84809847436335,142.4397383273961,143.4275394388265,64838200,142.92173767089844,35.58749015827213
2021-09-24,143.69155883789062,144.22947605037112,142.36144305952544,142.45925161579112,53477900,142.6269291469029,34.02577596710532
2021-09-27,142.17564392089844,142.75269063959104,140.65971546291632,142.27345249653945,74150700,142.1490979875837,24.572984141713903
2021-09-28,138.7916717529297,141.5692619814985,138.57650484135823,140.10222299723426,108972300,141.56926836286272,22.65925227918737
2021-09-29,139.69146728515625,141.2758647647725,138.90904343372455,139.33937729818666,74602000,141.55389840262276,26.60268776346642
2021-09-30,138.3907012939453,141.20742140322028,138.17553434540375,140.50324137590155,89056700,141.28424508231026,31.55539975191266
2021-10-01,139.51539611816406,139.77946730384753,136.0531908135578,138.7818766539813,94639600,140.83714730398995,33.42927690123008
2021-10-04,136.08255004882812,139.08509731906585,135.23167212302508,138.6449736382081,98322000,139.76271275111608,30.392850183882402
2021-10-05,138.00924682617188,139.11442096062234,136.2977013587978,136.42484951189164,80861100,138.9509538922991,33.47233364241585
2021-10-06,138.87966918945312,139.0263670959615,135.32943061705103,136.4052650097456,83221100,138.48010035923548,36.204685343546004
2021-10-07,140.14134216308594,141.0509141240026,139.5838750906148,139.91640035654444,61732700,138.67291041782923,44.022390532034386
2021-10-08,139.7598876953125,141.0117595867435,139.4273624886646,140.86506167895476,58773200,138.68268476213728,49.9020313514941
2021-10-11,139.67189025878906,141.62794225299882,138.69386426168418,139.14376278668908,64452200,138.86571175711495,48.45306327726369
2021-10-12,138.40048217773438,140.1022531380476,137.94080866989395,140.08268843547052,73035900,138.70643833705358,38.53066663588101
2021-10-13,137.8136749267578,138.29289821199288,136.14124356444967,138.1364253624136,78762700,138.95374189104353,34.03434747703912
2021-10-14,140.60098266601562,140.71835590917905,138.4004246311898,138.9872460765391,69907100,139.32398986816406,42.58205577082249
2021-10-15,141.65725708007812,141.71593624188964,140.3564809404601,140.61077720629643,67940300,139.72078813825334,48.727704970463044
2021-10-18,143.3297119140625,143.61333288501362,140.0142044027078,140.2978253736589,85589200,140.17626953125,62.15941733902126
2021-10-19,145.49114990234375,145.8921441646938,143.32972068785898,143.77960431394027,76378900,140.9950212751116,64.55579860664326
2021-10-20,145.98019409179688,146.45943233131632,144.86524475312603,145.43250177434402,58418800,141.89620753696985,69.85684594790754
2021-10-21,146.19529724121094,146.35178495602463,144.62067505418665,145.54002172435474,61421000,143.00975254603796,68.35044130863436
2021-10-22,145.4227294921875,146.87997909365214,145.3738251936458,146.40075576903482,58883400,144.09676034109933,80.05080159297458
2021-10-25,145.373779296875,146.08773407498782,144.3761886308666,145.4128937692613,50720600,144.7785884312221,76.95083380611383
2021-10-26,146.0388641357422,147.52545305998103,145.73566350958762,146.04863902426567,60893400,145.40453229631697,76.59914621494293
2021-10-27,145.57920837402344,146.439861297031,145.2271183389535,146.07799637224926,56094900,145.72588893345423,71.4841197307914
2021-10-28,149.2174530029297,149.80425972363017,146.43007257824578,146.5278811601097,100077900,146.25821794782365,79.71771073165259
2021-10-29,146.50830078125,146.6452238271108,143.19279317037723,143.98499185882136,124953200,146.33366176060267,68.44339463416682
2021-11-01,145.68678283691406,146.4105126416791,144.55226891374826,145.71612242772915,74588300,146.26101684570312,70.14615311270438
2021-11-02,146.72348022460938,148.23942366972244,145.38357431484795,145.39336412691904,69122000,146.44683837890625,74.03703737245917
2021-11-03,148.16116333007812,148.63061162902127,146.52786170952203,147.0853287663622,54511500,146.84503609793526,71.997900834871
2021-11-04,147.642822265625,149.0805068605867,147.32984675958332,148.24919365421383,60394600,147.0741729736328,67.97905964572631
2021-11-05,148.17173767089844,149.07283317887465,146.97680309732056,148.76920495768735,65463900,147.4445343017578,65.61702420851111
2021-11-08,147.34898376464844,148.45577097835087,147.07473798616405,148.29905483485294,55020900,147.17761012486048,56.558428756572965
2021-11-09,147.7113494873047,148.31860574960734,146.97675951376905,147.11388237768483,56787900,147.34947422572546,56.16638639202288
2021-11-10,144.8807373046875,147.0453357776248,144.8121833419343,146.93759531163658,65187100,147.2343248639788,46.052975192904874
2021-11-11,144.831787109375,146.35973220816493,144.64568854947308,145.89940280376894,41000000,146.9640829903739,48.14506503384365
2021-11-12,146.90821838378906,147.3097829126506,144.44978082602336,145.3802585513719,63804000,146.78509085518974,54.27267883591903
2021-11-15,146.91802978515625,148.75940720761815,146.35973409824072,147.2804228094717,59222800,146.68154907226562,52.54077490172836
2021-11-16,147.89744567871094,148.37738316750236,146.2715496426627,146.8592275903554,59256200,146.64236450195312,56.50426830834567
2021-11-17,150.33633422851562,151.81530374274254,147.88770029718108,147.89748945260723,88807000,147.06912885393416,53.36575755823187
2021-11-18,154.6262969970703,155.4098626732955,149.9053395784081,150.5517823821893,137827700,148.0569784981864,72.29931201793264
2021-11-19,157.25123596191406,157.71158022509883,153.3138293695712,154.41081232255357,117305600,149.8241925920759,78.9027975025513
2021-11-22,157.71160888671875,162.29544415495414,157.69201563177705,158.35803684704905,117467900,151.66416713169642,78.27700325446389
2021-11-23,158.09361267089844,158.47559898556352,155.79189068171382,157.809562751241,96041900,153.2620806012835,77.02889108685596
2021-11-24,158.6127166748047,158.80860440364947,156.35997042990053,157.44716451205608,69463600,154.93275015694755,79.85082125539677
2021-11-26,153.5880889892578,157.15329885394945,153.14733793761846,156.2913900038225,76959800,155.7456992013114,61.841483723239016
2021-11-29,156.94761657714844,157.8780943084946,155.52739720558188,156.09548196515397,88748200,156.69016810825892,68.88973102696937
2021-11-30,161.90365600585938,162.11913695746247,156.6341917361946,156.7027606504653,174048100,157.72979082380022,73.65330281645369
2021-12-01,161.3845672607422,166.8009442517478,161.14949302605055,164.03887803890356,152052500,158.3202667236328,79.80196590282245
2021-12-02,160.39527893066406,160.82624080588923,154.55774519881157,155.47843376037946,136739200,158.70364815848214,77.18086430313875
2021-12-03,158.51470947265625,161.57061375769487,156.43827337720046,160.64992531679795,118023100,158.76380484444755,70.4097879874017
2021-12-06,161.92324829101562,164.43064668165096,160.9046083540242,160.91439750803002,107497000,159.23673793247767,73.5691215368288
2021-12-07,167.66287231445312,168.0546627502212,164.88122747424606,165.6060285714593,120405400,161.24742126464844,77.00742786778537
2021-12-08,171.48272705078125,172.34465094582615,167.19271577624858,168.59334210569654,116998900,163.32386561802454,77.84358808888732
2021-12-09,170.97337341308594,173.11837862863902,170.3465238704593,171.3161880617465,108923700,164.61953953334265,73.90417463232997
2021-12-10,175.76287841796875,175.93918777019056,171.10068644247093,171.6100063046704,115402700,166.673583984375,75.45780566368339
2021-12-13,172.12916564941406,178.38787299583686,171.92347383588933,177.3986153833375,153237000,168.349853515625,68.23583496770941
2021-12-14,170.7481231689453,174.08806304841983,168.67168661995763,171.64921855709608,139380400,170.0974840436663,65.61133603848555
2021-12-15,175.6160125732422,175.81190028087914,168.76962734356553,171.5121000863054,131063300,172.0535932268415,68.94363055765601
2021-12-16,168.72064208984375,177.41819331105674,167.24167279418768,175.5964093375668,150185800,172.20470319475447,66.18475479058637
2021-12-17,167.62367248535156,169.90580094866743,166.20346789014454,166.43852716670187,195432700,171.65340968540735,61.99911507156602
2021-12-20,166.26223754882812,167.0751857762259,164.0192955298341,164.822439656907,107499100,170.98039027622767,55.32935012093672
2021-12-21,169.43563842773438,169.6413152594918,165.64514384449987,168.03501238197,91185900,170.07649884905135,59.24421145063872
2021-12-22,172.03118896484375,172.24666990143447,168.61289133008395,169.48460422982922,92135300,170.06250217982702,62.88503228139304
2021-12-23,172.65805053710938,173.21634616947264,171.66880794684926,172.23689273327608,68356600,170.3353489467076,66.10891590185793
2021-12-27,176.6248321533203,176.71297937182496,173.4318194724349,173.4513977796986,74919600,170.4794660295759,66.53448001875371
2021-12-28,175.606201171875,177.6042945644057,174.86182193569553,176.45833582983963,79144300,171.46311732700892,59.99503871110937
2021-12-29,175.6943359375,176.91865254996387,174.47980847763824,175.6453602839472,62348900,172.61606924874442,55.84870317002882
2021-12-30,174.53858947753906,176.8599041529272,174.4308490078352,175.78249945588863,59773000,173.79840523856026,54.86373223223348
2021-12-31,173.92156982421875,175.5474513193314,173.61792667706044,174.43087489725414,64062300,174.43925258091517,47.16534634021669
2022-01-03,178.2703399658203,179.12247473962424,174.058701545752,174.17623119236956,104487900,175.33055986676897,59.250538757437795
2022-01-04,176.00779724121094,179.1812320747434,175.43971239750775,178.8776038701533,99310400,175.80909511021204,57.717766773869684
2022-01-05,171.3260040283203,176.46813489136744,171.05175824457976,175.9196433238863,94537600,175.0521196637835,43.67050136202976
2022-01-06,168.46600341796875,171.69820298422886,168.11339955718992,169.15161788468467,96904000,174.03209141322546,49.573521534504685
2022-01-07,168.6325225830078,170.56204734848285,167.51594608963487,169.33773036253552,86709100,173.02326093401228,51.7440161223101
2022-01-10,168.652099609375,168.95572780142643,164.7146923768041,165.60599864366586,106765600,172.18233380998885,54.332391000071915
2022-01-11,171.48272705078125,171.58066343731596,167.3102603634751,168.77944066896987,76138300,171.83392769949776,53.75770402429884
2022-01-12,171.9234619140625,173.53955411934612,171.22805833783443,172.50133585944042,74805200,170.92723083496094,49.785265176216384
2022-01-13,168.652099609375,172.9910714162829,168.26030924441002,172.16833406776786,84505800,169.8764168875558,42.77640631345621
2022-01-14,169.5140380859375,170.20944175765135,167.57470923898,167.81957263372232,80440800,169.61756461007255,35.56090000799395
2022-01-18,166.31121826171875,168.99491146380436,165.92923196932753,167.98607548786666,90956700,169.3097381591797,32.66352166533285
2022-01-19,162.81454467773438,167.56489994287205,162.53050974989438,166.50708841129685,94815000,168.47859845842635,28.687222382696277
2022-01-20,161.12985229492188,166.19362391453956,160.806630921933,163.5491030708596,91420500,167.40399169921875,28.193680210868095
2022-01-21,159.0730438232422,162.91249968467412,158.965303342259,161.04173994454513,122848900,165.6311798095703,26.93243671853776
2022-01-24,158.2992706298828,158.96530678454897,151.52145417153005,156.73215398969816,162294600,163.68486676897322,15.097579915689593
2022-01-25,156.4970703125,159.41583739515477,153.79378418345803,155.71350456711474,115798400,161.94843401227678,15.34447776921921
2022-01-26,156.40890502929688,161.01233270214277,154.5773320803469,160.14061983418955,108275300,160.0762721470424,18.33679997978959
2022-01-27,155.94859313964844,160.4736636918006,155.02790442490624,159.112223875077,121954600,158.5958971296038,20.416691609694382
2022-01-28,166.83026123046875,166.84985447866055,159.4549800121827,162.30519234067697,179935700,159.16957092285156,47.17259988289484
2022-01-31,171.18882751464844,171.404308412274,166.02710501378616,166.6637585550507,115541600,160.6065673828125,53.50276707790421
2022-02-01,171.0223388671875,171.2476089382928,168.7695933203212,170.43466091747592,86213900,162.31360953194755,49.3137998730034
2022-02-02,172.22708129882812,172.26626780396012,169.7686586589768,171.15948068570833,84914300,164.3032967703683,50.442462133442206
2022-02-03,169.34750366210938,172.61888970067017,168.5835311300311,170.8950419808838,89418100,166.13907296316964,51.02511248930441
2022-02-04,169.06309509277344,170.74010088602927,167.3860892995176,168.3667905913057,82465400,167.94681440080916,49.32373895266379
2022-02-07,168.3472137451172,170.59301347126842,167.65090913443373,169.52405248698778,77251200,169.7180459158761,53.299407283220695
2022-02-08,171.45602416992188,171.96599307785382,168.1216304972166,168.4158439042664,74829200,170.37886919294084,64.1821252452888
2022-02-09,172.87802124023438,173.2408759269309,171.5246486789991,172.65246413479986,71285000,170.62018258231026,69.44842149933565
2022-02-10,168.79830932617188,172.09346641687537,168.23931734555768,170.77933021680633,90865900,170.3024640764509,65.08901823546876
2022-02-11,165.38546752929688,169.73978371917386,164.79704076038374,169.00425774018962,98670700,169.32509068080358,60.1622276675462
2022-02-14,165.620849609375,166.3073375649639,163.34561528306318,164.1399809862671,86185500,168.79271153041296,63.6999634323044
2022-02-15,169.45538330078125,169.6122991115677,166.96440840288716,167.67051458711066,62527400,168.84875270298548,67.60899687615333
2022-02-16,169.22003173828125,169.99477926994211,166.76827820676257,168.5335437423192,61177400,168.97344098772322,68.0220701498902
2022-02-17,165.620849609375,168.59237351767158,165.21875846241755,167.7293515367512,69589300,168.1398446219308,47.95275053622128
2022-02-18,164.07131958007812,167.24878200376986,162.98274061084325,166.5426908818598,82772700,166.88174438476562,36.68551529250575
2022-02-22,161.14883422851562,163.47309136847835,159.0206993785114,161.79608567118115,91162800,165.7889622279576,33.25641259188569
2022-02-23,156.98085021972656,162.94350042130728,156.66701864895236,162.34527208329274,90009200,164.5883026123047,26.50643713046516
2022-02-24,159.59933471679688,159.70721245821238,149.06659738297807,149.63540593186767,141147500,163.72808619907923,34.8567825617006
2022-02-25,161.6686248779297,161.9334034703252,157.76542269815738,160.6781069290293,91974200,162.61569213867188,39.11664542116843
2022-02-28,161.9334259033203,162.22763934438854,159.29533649012686,159.91318321993836,95056600,161.57474844796317,40.43300412601648
2022-03-01,160.05043029785156,163.38482330332894,158.84417203107242,161.52148207442062,83474400,160.77897426060267,32.34131380887965
2022-03-02,163.3456268310547,164.1301909633288,159.80529409089044,161.2175065361206,79724800,160.67530386788505,36.05060514402566
2022-03-03,163.02198791503906,165.6502754224143,162.35511815252505,165.21876441640376,76678400,160.9428972516741,40.50312559424925
2022-03-04,160.0210418701172,162.35511593567728,158.97169917829748,161.31557487047283,83737200,161.37721034458704,41.05923145040327
2022-03-07,156.22573852539062,161.83535182075346,155.97074658012755,160.2073838791356,96418800,160.895268031529,36.002400687469596
2022-03-08,154.40164184570312,159.73666023729874,152.79329203332358,155.75501466301262,131148300,159.8571275983538,26.142500486067505
2022-03-09,159.80526733398438,160.25639649791017,156.33359145766846,158.36363528455044,91454900,159.5531049455915,37.179479720502904
2022-03-10,155.46080017089844,157.29470711890718,152.96981007380143,157.10837144656722,105342000,158.89744349888392,36.43983194612174
2022-03-11,151.743896484375,156.20609005481433,151.51833939243923,155.8628386400447,96970100,157.24005344935827,34.44694028891047
2022-03-14,147.71324157714844,151.14569651195163,147.20328761828517,148.52722554311967,108732100,155.05308968680245,33.50991130150186
2022-03-15,152.09693908691406,152.56768641731915,147.4778450101939,147.98779883833126,92964300,153.92107500348772,44.037335765553095
2022-03-16,156.51010131835938,156.9121924028267,151.47911432517645,154.01912684826212,102300200,153.9616982596261,46.386758348134485
2022-03-17,157.52020263671875,157.89287383559343,154.5879159855024,155.54899885362505,75615400,154.40720694405692,45.02463061399203
2022-03-18,160.8153839111328,161.30573452736996,156.67682351294607,157.41234943730183,123511700,154.551509312221,48.74995223095107
2022-03-21,162.18838500976562,163.13966646337798,159.8641127641069,160.3544634117704,95811400,155.51259286063058,52.4179550588556
2022-03-22,165.56199645996094,166.1504082464849,161.72745088254396,162.31586266906788,81532000,157.48660714285714,52.50220156252369
2022-03-23,166.92514038085938,169.30823686478777,164.41453300137204,164.74798274738075,98062700,160.23116411481584,54.30546396378655
2022-03-24,170.71066284179688,170.77930414345957,166.92515566056534,167.7587426911126,90131400,162.89026750837053,61.59081305362261
2022-03-25,171.34815979003906,171.89735021175125,169.4161767223122,170.52437415747076,80546200,165.00999014718192,67.60276894735028
2022-03-28,172.21116638183594,172.33864738407132,168.68063546771575,168.84735290472764,90371900,167.10869925362724,71.20505826297168
2022-03-29,175.50633239746094,175.55535549692144,172.936884505865,173.28013598798506,100589400,169.20740618024553,69.68286219385435
2022-03-30,174.33929443359375,176.1437814426428,173.2899367384836,175.10424033882794,92633200,170.94325038364954,75.7146331071321
2022-03-31,171.240234375,174.59423062931046,171.03428054201655,174.4078950100189,103049300,171.75442722865515,77.01083721181946
2022-04-01,170.94607543945312,171.5050824752612,168.6218176816175,170.6714802176125,78751300,172.32884652273995,85.90483745529544
2022-04-04,174.99636840820312,175.04540647336353,171.07356262443463,171.20105860098838,76468400,172.9410901750837,85.75807294781552
2022-04-05,171.6815643310547,174.85904187741096,171.05391610805626,174.0744778575844,73401800,172.9887193952288,74.53215605210423
2022-04-06,168.513916015625,170.27918145157616,166.846726701127,169.03368653783352,89058800,172.46054077148438,66.61729417853621
2022-04-07,168.81793212890625,170.01438898962488,166.57213259059588,167.85684898260146,77594700,171.5050550188337,63.29858584219348
2022-04-08,166.80746459960938,168.46485203266047,165.93464112451483,168.46485203266047,76575500,170.42907932826452,57.51670373088891
2022-04-11,162.55123901367188,165.76793805160875,162.306063690876,165.4541214198734,72246700,169.1877942766462,45.23735617063286
2022-04-12,164.42440795898438,166.5917497737201,163.4240882944744,164.7774610779693,79265200,168.2561274937221,46.10696996042549
2022-04-13,167.11151123046875,167.73915952284898,163.55157535283024,164.1596054273598,70618900,167.12971932547433,44.19859471967196
2022-04-14,162.10011291503906,167.9647175220397,161.85493758758528,167.32725269207126,75329400,165.7609405517578,36.9354082167591
2022-04-18,161.88436889648438,163.38484067093813,160.41331696354428,160.75655343597518,69023900,164.81386239188058,35.139712963625755
2022-04-19,164.16940307617188,164.5813108194766,160.74676487778993,161.83534399523174,67723800,164.14978681291853,33.197659087814955
2022-04-20,164.00267028808594,165.62083637298807,162.89448802131358,165.50314204406817,67929800,163.74910191127233,34.21207554662887
2022-04-21,163.20831298828125,168.21969736612456,162.70816069883412,165.65026467883652,87227800,163.8429696219308,36.80312645411806
2022-04-22,158.6676788330078,164.6303453628702,158.38328200071132,163.2475677102336,84882400,163.0205797467913,32.29637165349618
2022-04-25,159.7366485595703,160.02104538080667,155.40195017437114,158.01060452122857,96046400,161.96702793666296,25.928234891435736
2022-04-26,153.77395629882812,159.20703454434567,153.69549840448505,159.11877502482716,95623200,160.77757699148995,23.929205018169256
2022-04-27,153.54843139648438,156.70627626102967,152.38139429047249,152.90116485569044,88063200,159.58672877720423,26.17118067062333
2022-04-28,160.48196411132812,161.3449860653006,155.862854289535,156.17668589618484,130216800,159.05995178222656,39.04073040131791
2022-04-29,154.60760498046875,162.99260685541935,154.21533031674207,158.71674717779416,131747600,157.7177995954241,35.44012336551258
2022-05-02,154.9115753173828,155.17635387935172,150.31208408187865,153.68569876055605,123055300,156.53255135672433,39.93276890527686
2022-05-03,156.40225219726562,157.60852567132414,153.30324720330452,155.09791756360522,88966500,156.20891898018974,39.321086456666045
2022-05-04,162.8160400390625,163.26715427373458,156.18648942865437,156.58858056796436,108256500,156.6488320486886,44.79808648937916
2022-05-05,153.74453735351562,160.91346101284063,151.9596539165304,160.68790391798768,130525300,156.6446293422154,40.787174513231456
2022-05-06,154.47132873535156,156.59275954886184,151.42668182783396,153.22400390708842,116124600,156.77647181919642,41.91749681488607
2022-05-09,149.34454345703125,153.047223819661,148.78473018495143,152.163286830581,131577900,155.18541172572546,34.779504101986944
2022-05-10,151.7508087158203,153.94099694086412,150.19902200842762,152.74278207802044,115366700,154.7772979736328,37.97418758840328
2022-05-11,143.88385009765625,152.67402087769284,143.20616949802272,150.7588463480562,142689800,153.201908656529,33.344555780472106
2022-05-12,140.0142059326172,143.58920335731457,136.32135622581737,140.22046241259886,182602000,150.86075919015067,33.73474226502357
2022-05-13,144.4829559326172,145.45528221531998,140.55438668965164,142.00795311338425,113990900,148.2417471749442,37.443710186402626
2022-05-16,142.9409942626953,144.88564694988057,141.60528003698874,142.9508252776519,86643800,146.69838387625558,40.38275588245096
2022-05-17,146.5749053955078,147.0954395557584,144.06060880808,146.2016865687997,78336300,145.57032339913505,44.16235160853803
2022-05-18,138.3052978515625,144.72850245560213,137.40171366939953,144.22761523431257,109742900,143.99328831263952,31.841745307417327
2022-05-19,134.89723205566406,139.13026237954173,134.160625433561,137.38205052865445,136095600,141.58563450404577,33.181896418608545
2022-05-20,135.13294982910156,138.18741285426975,130.24188557508393,136.60616321771064,137426100,140.33550589425224,33.10397956124457
2022-05-23,140.55438232421875,140.7016976717336,135.19187888015,135.32937819993117,117726300,140.4126739501953,37.31382479743277
2022-05-24,137.85348510742188,139.43473470985077,134.87759532556828,138.29544611720485,104132700,139.46560668945312,28.754654390711167
2022-05-25,138.01063537597656,139.25794526331134,135.86955744381711,135.95794665102005,92482700,138.76126970563615,34.213668014220815
2022-05-26,141.21240234375,141.76239957025606,134.69097882633443,134.93651437290322,90601500,137.99519784109933,37.32632229296725
2022-05-27,146.9677734375,147.00705253559786,142.66598536012808,142.79366865497497,90978500,139.2326943533761,47.75511686466942
2022-05-31,146.18206787109375,147.969574191578,144.21778311608426,146.40797140805827,103718400,140.84481375558036,44.57416906449899
2022-06-01,146.05435180664062,149.0302410387393,145.04273170111645,147.22308826530934,74286600,142.40501403808594,52.49038134281636
2022-06-02,148.50973510742188,148.5686612441736,144.23741035730646,145.19008953159607,72348100,143.54149300711495,60.07452167269887
2022-06-03,142.78384399414062,145.327588805216,141.88027492949882,144.27668941243508,88570300,144.24582999093192,48.043425471717676
2022-06-06,143.53025817871094,145.91687147884687,142.31239647541148,144.40436412307008,71598400,145.0343475341797,50.691218174932004
2022-06-07,146.05435180664062,146.3391664090359,141.5266763270165,141.77221184112562,67808200,145.72605460030692,49.3730568253281
2022-06-08,145.31777954101562,147.1936599216941,144.8267083969664,145.92670296402,53950200,145.49034118652344,60.317881544065344
2022-06-09,140.09275817871094,145.30793069054988,139.98472194082933,144.45347180040457,69473000,144.62043980189733,57.25649707689082
2022-06-10,134.68116760253906,138.2463336751748,134.61241045362357,137.7749096051149,91437900,142.9956992013114,49.44870999479395
2022-06-13,129.52491760253906,132.78562190034356,129.09277263849617,130.49722878533498,122207100,140.28358241489954,36.453558694117866
2022-06-14,130.3892059326172,131.49903152365633,129.1320649915738,130.7526087731312,84784300,138.51291983468192,40.39920002983205
2022-06-15,133.01150512695312,134.88740024350506,129.79991106375064,131.8918636674431,91533000,137.01024082728796,43.95340089939616
2022-06-16,127.73741912841795,130.02581237807436,126.73562983340108,129.72135067721177,108123900,134.39353615897042,34.479646041028644
2022-06-17,129.21063232421875,130.70349274398822,127.4918833825682,127.74724995941776,134520300,132.09251512799943,27.30921212466275
2022-06-21,133.4436492919922,134.61240084976376,130.93919879539584,131.0374040187389,81000500,131.14264242989677,35.04031896783442
2022-06-22,132.93295288085938,135.29990419534238,131.51866571381353,132.38294065988546,73409200,130.89289746965682,34.72793248723339
2022-06-23,135.80078125,136.11505890340575,133.20792691763643,134.37667831880032,72433800,131.78944941929407,35.348646327600946
2022-06-24,139.13026428222656,139.37579982628543,137.27401616859356,137.40168446081998,89116800,133.03817204066686,45.541680569375515
2022-06-27,139.13026428222656,140.92758626309347,138.45258378281605,140.1516855515393,70207900,133.9122804914202,44.5312396284191
2022-06-28,134.9856414794922,140.85884829692233,134.86778919791303,139.59189131103963,67083400,134.94774082728796,36.77540842422595
2022-06-29,136.74363708496094,138.15792407261875,134.2293557674798,135.00525640007206,66242400,136.02388436453683,39.99992525504049
2022-06-30,134.2784423828125,135.8989705307271,131.3811267617823,134.7989763932964,98964500,136.1431405203683,42.75213928175522
2022-07-01,136.44900512695312,136.55704136561366,133.23741100607202,133.6106148417446,71051600,136.6454336983817,52.39742298291341
2022-07-05,139.0320281982422,139.08113829870763,134.48470564577644,135.30971636921956,73353800,137.10704040527344,63.86025271806954
2022-07-06,140.36776733398438,141.54633502633234,138.56062920663072,138.82581180795694,74064300,137.28382655552454,64.3503076531463
2022-07-07,143.7365264892578,143.93295194501383,140.72134254203155,140.73115856961377,66253700,137.94186401367188,65.09961503097796
2022-07-08,144.4141845703125,144.9150866907465,142.41062104747897,142.66597262808202,64547800,139.28879874093192,76.96952737561436
2022-07-11,142.28294372558594,144.02133971358117,141.2124122640522,143.06866052706354,63141600,140.0801282610212,70.6998757582684
2022-07-12,143.2552490234375,145.7989934962315,142.45971631070495,143.15702881773996,77588800,141.36252920968192,67.32573172118369
2022-07-13,142.89186096191406,143.83470899507392,139.58203186092555,140.4365056872071,71185600,142.2829371861049,67.67782319116145
2022-07-14,145.81866455078125,146.29008864591398,140.69188068401962,141.50706056941064,78140700,143.25245666503906,67.74535507900555
2022-07-15,147.48828125,148.1659617146879,145.55346006304742,147.1052464203459,76259900,144.26967293875558,65.73012637492971
2022-07-18,144.44366455078125,148.86330457327466,144.08026173602485,148.0481247263253,81420900,144.37069266183036,58.97184457964744
2022-07-19,148.30345153808594,148.52934001645056,144.2864940964481,145.27845218517842,82982400,144.92630222865515,72.70595446092882
2022-07-20,150.3070526123047,150.9749171763546,147.6847344414976,148.42134117440867,64823400,146.0726034981864,72.93263847681948
2022-07-21,152.57583618164062,152.79190872036585,149.22672681770464,151.74100910144742,65086600,147.40411594935827,81.14356179013058
2022-07-22,151.33828735351562,153.48918116011728,150.67043785379852,152.61507520531072,66675400,148.61074829101562,76.17401418001407
2022-07-25,150.21865844726562,152.27133221190695,149.56062491925485,151.2597268643066,53623900,149.23931884765625,70.73174042362342
2022-07-26,148.89279174804688,150.35617431230574,148.1070748417966,149.54099433337262,55138700,149.4399632045201,65.80487473691358
2022-07-27,153.99005126953125,154.52041638898598,149.44274359614147,149.85524147444016,78620700,150.8037327357701,67.86446323000447
2022-07-28,154.54005432128906,154.82486891584517,151.65255435703267,154.17665157972678,81378700,151.6946759905134,67.72087911031498
2022-07-29,159.60792541503906,160.70793488273625,156.65168275313596,158.3606155964203,101786900,153.02337210518974,77.49379131054684
2022-08-01,158.6258087158203,160.66866664290342,158.01688524229766,158.13473753103025,67829400,153.88765389578683,74.38463784155923
2022-08-02,157.152587890625,159.50973846034333,156.7793839981374,157.24099208938756,59907000,154.71826825823103,71.85436518607723
2022-08-03,163.16329956054688,163.61507661089456,157.87936937014717,157.96775857743674,82507500,156.56750270298548,74.28497324311252
2022-08-04,162.8489990234375,164.20436008201335,161.49363796486168,163.0454244700845,55474100,158.56124659946985,72.35566353247376
2022-08-05,162.62283325195312,163.11458658503176,160.31158658363523,160.5181295866614,56697000,159.79450116838728,78.82209212308882
2022-08-08,162.1507110595703,165.04222255656555,161.49176350864772,163.62597080235415,60276900,160.8817378452846,74.59618622431003
2022-08-09,162.1998748779297,163.0850396486981,160.5574209787257,161.31472511427808,63135500,161.25201633998327,72.7007630919788
2022-08-10,166.4486541748047,166.54699582568117,164.14723743893427,164.91437134851807,70170500,162.36956569126673,74.61923105876593
2022-08-11,165.71102905273438,168.16979550252623,165.41597407733548,167.25512657950156,57149200,163.59220014299666,75.96716763209751
2022-08-12,169.261474609375,169.33031226065586,166.60599505436244,167.0190809905204,68039400,164.46336800711495,81.6266464741075
2022-08-15,170.33351135253906,170.5302096721514,168.5238628007137,168.69105712274018,54091700,165.53258405412947,85.91191130098667
2022-08-16,170.17611694335938,170.84490912166515,168.82871793209483,169.93024033504878,56377100,166.61162458147322,82.48654012237922
2022-08-17,171.6710662841797,173.24466771389544,169.72372757411412,169.92042587693876,79542000,167.971675327846,83.12657341914529
2022-08-18,171.2776641845703,172.01529411647135,170.26465361199578,170.88426755707084,62290100,169.26850237165178,77.54579271753882
2022-08-19,168.69100952148438,170.8743947694491,168.48446658954583,170.17609867368276,70346300,169.5888388497489,72.08542843118938
2022-08-22,164.80618286132812,167.05840602639253,164.38326728455968,166.89121173091766,69026800,169.45957510811942,65.18656133471075
2022-08-23,164.4718017578125,165.92740230652828,163.90136613852434,164.32428177313432,54147100,168.77533612932478,53.3513103696235
2022-08-24,164.76683044433594,165.33726597260625,163.50794341888323,164.56030249873976,53841500,167.98009599958147,54.9167662248552
2022-08-25,167.22561645507812,167.3338027751895,165.57333266477946,165.99623327523008,51218200,167.55859592982702,60.588122971166705
2022-08-26,160.9213104248047,168.228770692368,160.86230244265508,167.75669182805456,78961000,166.02291652134485,47.7702218763457
2022-08-29,158.71827697753906,160.21319598841637,157.18400930436007,158.49205968709833,73314000,164.22871834891183,44.14299341115637
2022-08-30,156.28900146484375,159.87879372642644,155.11862647886383,159.4558931891013,77906200,162.4570029122489,31.794137028702366
2022-08-31,154.6269073486328,157.93149009277647,154.54822502054373,157.66593911136576,87991100,161.00282069614954,30.774499637673685
2022-09-01,155.3546905517578,155.8070951296429,152.11894582091065,154.05645479166745,74229900,159.70037623814173,23.260248973855695
2022-09-02,153.24014282226562,157.71510032446895,152.41400097767612,157.11516076913463,76957800,158.053706577846,18.39999277863062
2022-09-06,151.98123168945312,154.49900548839526,151.1550899755094,153.8892363672152,73714800,155.87593732561385,17.679944663268827
2022-09-07,153.3876953125,154.08597659166026,151.0764488090942,152.2664983933652,87449600,154.7997065952846,17.420348065454107
2022-09-08,151.9124298095703,153.7810862700933,150.1617743268103,152.0894537868935,84923800,153.8274427141462,16.773623317108317
2022-09-09,154.77438354492188,155.21697339109355,152.19760180929663,152.90572755463288,68028800,153.61106872558594,26.345670046943496
2022-09-12,160.7344207763672,161.5507327725536,156.67255012973044,156.95776034183675,104956000,154.4835706438337,43.535216447311356
2022-09-13,151.3026580810547,157.89214957569482,150.84040875911936,157.2627059256093,122656600,153.9047088623047,33.77754687211589
2022-09-14,152.74839782714844,154.5088829319825,151.0764397160354,152.23697022602627,87965400,153.83445957728796,35.60320529927215
2022-09-15,149.85687255859375,152.67954626691656,148.88321078041434,152.09926605765543,90481100,153.5309797014509,29.407597428206515
2022-09-16,148.21441650390625,148.85370468985187,145.92284471335466,148.71601438946803,162278800,152.79193987165178,33.06237493954181
2022-09-19,151.93209838867188,152.01078071909163,146.6408429802446,146.84737096636638,81474200,152.7947496686663,41.30545536299034
2022-09-20,154.31216430664062,155.4727097837978,150.5551772691551,150.86989154639073,107689800,152.72871834891183,47.46405151995615
2022-09-21,151.18458557128906,156.12179126652225,151.0665696207393,154.74487347927777,101696800,151.3644561767578,45.74410124992831
2022-09-22,150.2207794189453,151.9222413623521,148.42096082844884,149.8667164993867,86652500,151.20990208217077,43.689541086178565
2022-09-23,147.9488983154297,148.97175363651883,146.1097456802274,148.69637297479187,96029900,150.52425929478235,43.5212099675245
2022-09-26,148.2832489013672,151.2337677983502,147.17188198122673,147.1915563091989,93339400,150.29945591517858,45.367163446410906
2022-09-27,149.2569122314453,152.16809751273013,147.47676821114496,150.2207592205518,84442700,150.44838387625558,44.768216016063604
2022-09-28,147.3686065673828,148.1554147485666,142.45107419388137,145.20489532446575,146691400,149.79645647321428,44.30467386098832
2022-09-29,140.12997436523438,144.30004650786495,138.35966001189522,143.6902774000374,128138200,147.77042933872767,33.459181541986965
2022-09-30,135.92056274414062,140.73975244416383,135.7238644926756,138.9497638394686,124925300,145.58985464913505,20.818802857465855
2022-10-03,140.10049438476562,140.71027860420344,135.41900896557823,135.93043653465315,114311700,144.14409964425224,34.96960323904544
2022-10-04,143.69032287597656,143.80833886784444,141.8806592936553,142.63796359142103,87830100,143.53573172433036,38.50764079364514
2022-10-05,143.9853515625,144.94919877755754,140.65126498965273,141.6937945288243,79471000,142.92174639020647,42.025125261548766
2022-10-06,143.03134155273438,145.1065408456924,142.8248135939426,143.40507882099124,68402200,142.03237915039062,42.826030208233895
2022-10-07,137.7794189453125,140.73978304959337,137.1499753994762,140.18900681575843,85925600,140.66249520438058,31.209141719834264
2022-10-10,138.10400390625,139.54975990235764,136.28452558280455,138.10400390625,74899000,140.3730708530971,27.23760689914687
2022-10-11,136.68771362304688,139.01863396780078,135.94025417061508,137.59253769929057,77033700,140.48266383579798,28.612913377602226
2022-10-12,136.05825805664062,138.04494498633176,135.88123412590454,136.83523643828954,70433700,139.9052015032087,28.898000237357863
2022-10-13,140.63160705566406,141.22170198168052,132.1537703856876,132.76355465182596,113224000,139.46824210030692,39.79706728396112
2022-10-14,136.09765625,142.13638653487928,135.91078758368462,141.9298435333937,88598000,138.34142848423548,34.790202131975235
2022-10-17,140.06118774414062,140.5430964053638,137.95648408162927,138.74329241493984,85250900,137.91712079729353,39.31927765720299
2022-10-18,141.37904357910156,144.28038442851894,138.29083411442355,143.09035010046446,99136600,138.43135288783483,42.94976981303416
2022-10-19,141.4872589111328,142.55927749459596,139.16618275396215,139.35305140756245,61758300,138.91467503138952,51.91992316076882
2022-10-20,141.02500915527344,143.48377562705596,140.29720887706276,140.6611165197279,64522000,139.53428867885046,58.07660345416188
2022-10-21,144.84100341796875,145.4114389768542,140.29719327846567,140.51356590449524,86548600,140.7889665876116,57.588149088955106
2022-10-24,146.9850311279297,147.75216493318766,143.5919369881937,144.76231202642796,75981900,141.69659859793526,55.52980308838383
2022-10-25,149.82736206054688,149.97489702549265,146.89651717711538,147.61447265041116,74732300,143.6579851422991,59.03279780756556
2022-10-26,146.88668823242188,149.48314455270017,145.59828223025528,148.47013415168624,88194300,144.633056640625,55.616038508352574
2022-10-27,142.41172790527344,146.59163005196794,141.75278042653088,145.62779799425218,109180200,144.78058297293526,56.90411072303005
2022-10-28,153.1713104248047,154.90227649289278,145.3819406077306,145.75566287950778,164762400,146.4497331891741,67.12876439538098
2022-10-31,150.81085205078125,151.69601672276417,149.41427490924212,150.63382812065376,97943200,147.84771074567522,65.71800135311747
2022-11-01,148.1652374267578,152.8860712842191,146.6703184608035,152.52217870801033,80379300,148.32260131835938,62.89546076426574
2022-11-02,142.63796997070312,149.66020693618322,142.60846597141662,146.49331428438626,93604600,147.70159258161272,52.094468261611574
2022-11-03,136.58937072753906,140.44471393264007,136.4615100959827,139.71691380956625,97918500,145.8104509626116,50.497572279611376
2022-11-04,136.32339477539062,140.5496299805745,132.38284296255216,139.97824816387146,140814800,144.30140904017858,45.911746052939016
2022-11-07,136.85537719726562,137.08195474161485,133.65367850914586,135.0722797176196,83374600,143.5076446533203,44.96564152184641
2022-11-08,137.42674255371094,139.3280515614897,135.44662070693448,138.32322168629616,89908500,141.25842067173548,45.52718715858476
2022-11-09,132.86557006835938,136.49088607476932,132.58973260430815,136.44162616361422,74917800,138.69480895996094,41.75647789325755
2022-11-10,144.6871795654297,144.6871795654297,137.4267190059668,139.14086413842483,118854000,138.19794355119978,49.866229940130566
2022-11-11,147.47515869140625,147.7805490726991,142.2243712372686,143.6528333928847,93979700,138.88897051130022,50.42150943445745
2022-11-14,146.0762481689453,148.04652398997993,145.238874932201,146.7559957323241,73374100,140.2442387172154,46.691914903466134
2022-11-15,147.81008911132812,151.3073317859871,146.35208917690562,149.9576976256643,89868300,141.88519505092077,50.83205281492228
2022-11-16,146.5786895751953,147.64264051462695,145.10098244243153,146.9136479496193,64218300,143.27423967633928,53.987846884530214
2022-11-17,148.48001098632812,149.22871050736455,143.97792279490108,144.2537602517047,80389400,144.85327802385603,44.59371965606485
2022-11-18,149.04153442382812,150.43058273283654,147.74115996689468,150.04637948055915,74829600,147.16413007463728,47.87283144527266
2022-11-21,145.81027221679688,148.1351985339266,145.52458880647748,147.928327968664,58724100,147.32457188197546,47.20805056859275
2022-11-22,147.94802856445312,148.1844671134609,144.7463298277078,145.92850754073268,51804100,147.39212472098214,56.84555868807622
2022-11-23,148.82481384277344,149.5735133563615,147.1205141770319,147.22887996484198,58301400,147.78477696010046,68.20052531851861
2022-11-25,145.9087677001953,146.66732805436232,144.93347581626634,146.10579226397604,35195900,147.5131596156529,63.2164808424387
2022-11-28,142.07659912109375,144.46063120272478,141.24908683464577,142.9829242489195,69246000,146.87000383649553,56.5985938036339
2022-11-29,139.07192993164062,142.65783165746328,138.2641245866872,142.14555568748492,83763800,145.52599225725447,51.958722208031965
2022-11-30,145.8299560546875,146.50970358247017,138.46112907886217,139.2984872397453,111380900,145.06719534737724,64.66781896050483
2022-12-01,146.10580444335938,146.9136247638141,144.43107296360157,146.00729966926298,71250400,145.10941423688615,52.17263689428203
2022-12-02,145.61325073242188,145.80042936443078,143.48534896644694,143.79075438457457,65447400,144.775874546596,46.93281974867733
2022-12-05,144.45079040527344,148.6770258303521,143.60357112015112,145.57384712908555,68826400,144.15101405552454,47.30130822938094
2022-12-06,140.7860870361328,145.11084261882044,139.81079492252832,144.88426506871545,64727200,143.41920253208704,39.040929891948444
2022-12-07,138.84535217285156,141.23923029830829,137.91932004741116,140.07677467327488,69721100,142.9575958251953,38.195489982708246
2022-12-08,140.52992248535156,141.38700272319693,139.00297068921475,140.24423909407787,62128300,143.16588047572546,37.7837947594424
2022-12-09,140.04721069335938,143.40653461732074,138.80592729031733,140.22452830407295,76097000,142.33977399553572,36.145653823264794
2022-12-12,142.34259033203125,142.35243630018152,138.9635592869445,140.5791849523235,70462700,141.8021719796317,44.50000580837025
2022-12-13,143.30799865722656,147.7411188094641,142.09628335791112,147.27810283544738,93886200,141.4728502546038,42.356319498801746
2022-12-14,141.08160400390625,144.48032672192886,139.06206832067184,143.18979848966035,82291200,140.99153791155135,37.78738073383677
2022-12-15,134.4713592529297,139.69259452336593,134.00834311374663,139.01284678575612,98931900,140.08943394252233,33.8435852160448
2022-12-16,132.51092529296875,135.60425843945495,131.7425187492694,134.65853424660116,160156900,139.18451581682478,35.73315527542083
2022-12-19,130.4027099609375,133.1906522558453,129.36832710470327,133.10199344508453,79592600,137.7377711704799,36.71493269381861
2022-12-20,130.33372497558594,131.2696028147679,127.95953943331776,129.43724603160783,77432800,136.35013035365515,20.12906527679324
2022-12-21,133.4369354248047,134.7767236692483,130.77706590433928,131.003643429146,85928000,135.07789393833704,27.9794441889467
2022-12-22,130.2647705078125,132.56014344596582,128.36346171921937,132.35327292045574,77852100,133.2145756312779,25.5951999689444
2022-12-23,129.90028381347656,130.45195863115794,127.71327647766012,128.97425178436364,63814900,131.61724417550224,26.261622962931995
2022-12-27,128.0974578857422,129.45695276398362,126.80692986399536,129.4273998346313,69007800,130.7066868373326,27.960237561118348
2022-12-28,124.16677856445312,129.08261445216485,123.99930692968266,127.74282634199004,85438400,129.51466587611608,26.152340428485658
2022-12-29,127.6837387084961,128.5408039711882,125.8316819463041,126.08781241864538,75703700,129.12624141148157,30.30215893321703
2022-12-30,127.99894714355467,128.0186541085182,125.53611015946498,126.50154851054428,77034200,128.7927017211914,31.430268759521837
2023-01-03,123.2112045288086,128.9545531314731,122.32457886036784,128.34377240566317,112117500,127.33188302176339,22.616999069393188
2023-01-04,124.4820327758789,126.74785308207224,123.22105739420844,125.00415469022626,89113600,126.50577763148716,23.28769703589593
2023-01-05,123.16194152832033,125.8710708540062,122.90581107632524,125.24058317585433,80962700,125.54315730503627,23.90244921415099
2023-01-06,127.69356536865234,128.35360593496887,123.03386747187416,124.13722458745222,87754700,125.48545837402344,39.492918433362284
2023-01-09,128.2156982421875,131.4272575812406,127.95956778658704,128.530949601707,70790800,126.06387547084263,43.03065805332204
2023-01-10,128.78704833984375,129.30917012244996,126.21583832104344,128.3240324145879,63896200,126.22149113246373,47.24085383331717
2023-01-11,131.50607299804688,131.52576493439358,128.52110615216108,129.29935853420528,69458900,126.7225091116769,51.8359056706118
2023-01-12,131.42726135253906,132.26461961526783,129.48653833184324,131.89027740511193,71379600,127.89623151506696,46.523528070242115
2023-01-13,132.75718688964844,132.914812571895,129.70326821418658,130.0677644513709,57809700,129.0783963884626,54.60506395491441
2023-01-17,133.91966247558594,135.24958975985854,132.1365650960417,132.82615869144374,63646600,130.61521366664343,57.213612354393575
2023-01-18,133.2005157470703,136.5499789381121,133.02318309021993,134.78658853017248,69672800,131.40192086356026,59.52916357038329
2023-01-19,133.25962829589844,134.22505937639417,131.78192122019502,132.0873116107182,58280400,132.1224822998047,69.84954015981991
2023-01-20,135.82095336914062,135.96873306889344,132.22520615532028,133.26944989272516,80223600,133.12732587541853,68.5368106273722
2023-01-23,139.0128173828125,141.18997887668803,135.85051793428082,136.06724948686616,81760300,134.19971793038505,72.18261531776122
2023-01-24,140.41172790527344,141.03236969957698,138.21487421828232,138.22472018745663,66435100,135.48321315220423,90.1194807635295
2023-01-25,139.7516632080078,140.3131839948148,136.7469896041819,138.7960782416761,65799300,136.48242405482702,86.6602654443532
2023-01-26,141.8204803466797,142.10616376720364,139.79108333600698,141.04221286895242,54105100,137.6111123221261,93.24194150696789
2023-01-27,143.7611846923828,145.0418671305683,140.95355034191297,141.03236318771044,70555800,139.1197793143136,92.31959141991466
2023-01-30,140.87474060058594,143.38684562469143,140.72697590646771,142.80561778514152,64015300,140.20765250069755,79.64927905216427
2023-01-31,142.14553833007812,142.19479823056315,140.1654165994733,140.57917270592753,65874500,141.11116463797433,80.29489930098968
2023-02-01,143.2686004638672,144.43107102589934,139.2196980441436,141.83030751885846,77663600,141.71913364955358,78.75718025795582
2023-02-02,148.57855224609375,148.9331875714321,145.96792696689582,146.6870736521922,118339000,142.88582284109933,83.39087476643287
2023-02-03,152.2038116455078,155.04101372137666,145.6329433931969,145.82996797468513,154357300,144.6647011893136,84.75350165415732
2023-02-06,149.4749755859375,150.82462478693864,148.53909754834626,150.30250288074524,69858300,145.7582005092076,76.32540807709887
2023-02-07,152.35157775878906,152.9229595728958,148.4011799958932,148.4011799958932,83322600,146.9853995186942,80.20505331617255
2023-02-08,149.6621551513672,152.28262569889247,148.9233016908853,151.5930321421785,64120100,148.2407444545201,73.88805974792731
2023-02-09,148.6277313232422,152.0363146392675,148.1844223308367,151.49448585654548,56007100,149.1667720249721,69.51945631440068
2023-02-10,148.99281311035156,149.3184067990407,147.22673043469464,147.46352995054943,57450700,149.98451668875558,66.64532288743666
2023-02-13,151.794921875,152.19943377089027,148.90405214554428,148.9336502097566,62199000,150.4439980643136,68.13674650142491
2023-02-14,151.15359497070312,151.71598829923826,148.84485563822165,150.08801949687324,61707600,150.2939671107701,68.17745494175085
2023-02-15,153.25511169433594,153.4228390365263,150.83784167870803,151.06476513520522,65573800,150.83398655482702,68.21059926961252
2023-02-16,151.65676879882812,154.24176636818623,151.3015770289575,151.4594283283723,68167900,150.73472813197546,62.71300539874925
2023-02-17,150.51226806640625,150.9562540378776,148.83497936586727,150.31494264074843,59144100,150.8561728341239,66.43998956761297
2023-02-21,146.4966278076172,149.27896600318738,146.42757068306315,148.1936535747809,58867200,150.5517294747489,56.786684481873095
2023-02-22,146.92088317871094,147.94698436963745,145.19425945136115,146.88140906273446,51011300,150.25573948451452,55.82366194167482
2023-02-23,147.40432739257812,148.33177339849212,145.27319184522457,148.08511286734324,48394200,149.6285117013114,47.78705024385756
2023-02-24,144.75030517578125,145.223889286372,143.77352383365584,145.1449560921123,55469600,148.71375601632255,35.41931705499893
2023-02-27,145.94407653808594,147.17737898488724,145.4803536136917,145.73689015780175,44998500,147.66932242257255,42.65144966518828
2023-02-28,145.44093322753906,147.08862392793702,144.86867893348426,145.085741426228,50547000,146.7813459123884,34.04081977842303
2023-03-01,143.3689727783203,145.26332395747403,143.07297711330398,144.86867310742886,55479000,145.76087515694755,35.04012466139602
2023-03-02,143.96096801757812,144.7502847940671,141.97780754659183,142.4514066454644,52238100,145.39863804408483,38.66801436723902
2023-03-03,149.01255798339844,149.0914911594904,145.36198515518814,146.0624926286878,70732300,145.69744873046875,50.03905603907777
2023-03-06,151.77516174316406,154.21216902598104,151.41010897005816,151.7356876269036,87558000,146.3218536376953,49.96085259718078
2023-03-07,149.574951171875,151.9724842932115,149.1112281718285,151.64689058754286,56182000,147.01108877999442,47.05443898305857
2023-03-08,150.82798767089844,151.41997901042942,149.80188641133856,150.76879154793838,47204800,147.7087903703962,45.32319315614485
2023-03-09,148.57843017578125,152.47566345847628,148.2232384177023,151.50875841619168,53833600,148.1570042201451,44.2135907849751
2023-03-10,146.516357421875,148.92376664622063,145.63824652167983,148.20352210122027,68572400,148.60663059779577,42.73927648951355
2023-03-13,148.46005249023438,151.09438534791173,145.72704939093524,145.83558063473313,84457100,149.24935695103235,53.85811954638648
2023-03-14,150.55169677734375,151.35087437586574,148.09496787151124,149.25919818665145,73695900,149.469233921596,56.695768549143686
2023-03-15,150.94638061523438,151.20290214198522,147.91738213550175,149.17042182051847,77167900,149.35083661760603,56.553535654676
2023-03-16,153.7681884765625,154.37004080347904,149.6144183096525,150.1274764543104,76161100,149.94987051827567,66.5820071378869
2023-03-17,152.92955017089844,154.64631312163698,152.21916653990084,153.99512561739482,98944600,150.2500937325614,63.01480697261603
2023-03-20,155.29747009277344,155.7118730486912,152.09088307007352,152.99860710640667,73641400,151.209956577846,67.17081982970544
2023-03-21,157.15234375,157.2707359778321,154.44893912645242,155.21853377224946,73938300,152.72938319614954,74.19465605713462
2023-03-22,155.72174072265625,159.97416620924432,155.7020036632039,157.17210596561782,75701800,153.76676722935267,70.05387915333651
2023-03-23,156.80703735351562,159.3920501505052,155.57373460560854,156.70838216666218,67622100,154.66038731166296,65.36969850876142
2023-03-24,158.10940551757812,158.1981996984371,155.74147036488569,156.73797352277555,59196500,155.68367658342635,63.25354788244497
2023-03-27,156.1657257080078,158.6224701978729,155.76119879412065,157.80355536791788,52390300,156.02618190220423,63.93995080241379
2023-03-28,155.5441131591797,156.3729039229444,153.8964227422894,155.85984584155918,45992200,156.39969090053015,60.2486799364937
2023-03-29,158.62246704101562,158.89872564622954,157.2214369560123,157.24115895998125,51305700,156.87469046456474,71.06794401221867
2023-03-30,160.1912078857422,160.2997391161816,159.11577163727372,159.37229315696538,49501700,157.3088139125279,79.28996442174385
2023-03-31,162.69729614257812,162.7959663866168,159.74724553838644,160.27016471086742,68749800,158.3053218296596,79.77716560159926
2023-04-03,163.95033264160156,164.06872488806627,162.0263833617239,162.07571848273926,56976200,159.32579258510046,79.04198073113216
2023-04-04,163.41754150390625,164.61137005549932,162.90448337873613,164.37458557847015,46278300,160.08409772600447,76.87077200660698
2023-04-05,161.57249450683594,162.84527116493152,159.6386845457234,162.53941454235493,51511700,160.8564932686942,67.55429526161052
2023-04-06,162.46047973632812,162.75647535534287,159.83600833200663,160.26025717712315,45390100,161.84454563685827,71.39051955532634
2023-04-10,159.86561584472656,159.86561584472656,157.94166678976978,159.26376357061562,47716900,162.02213832310267,60.14902604226698
2023-04-11,158.65206909179688,160.1912285181147,158.3659344224378,160.18136751588224,47644200,161.80226135253906,53.42966612696109
2023-04-12,157.96139526367188,159.8952052146149,157.64566258721274,159.0664295213536,50133100,161.1257040841239,55.30118723941553
2023-04-13,163.34844970703125,163.58524921058068,159.26375236431844,159.4709538117945,68445600,161.0397208077567,62.86370827001971
2023-04-14,163.00315856933594,164.0983319737809,161.63172656331614,162.39143019016473,49386500,160.98052324567522,60.0
2023-04-17,163.0228729248047,163.1807392768596,161.83890539432053,162.8847436304976,41516200,161.1877201625279,65.20782458971124
2023-04-18,164.246337890625,165.17378402192244,163.4372840126962,163.88128507276087,49923000,161.4428427559989,68.79802022362139
2023-04-19,165.39083862304688,165.91375779040226,163.3287449605883,163.5852815705882,47720200,162.23216029575892,65.95350891453185
2023-04-20,164.42388916015625,165.62759364761484,163.34845295487423,163.8713720291843,52456400,163.05670601981026,60.26801148684114
2023-04-21,162.8157196044922,164.22661089347835,162.29280038011592,162.84531766964804,58337300,163.75018092564173,50.30036759327418
2023-04-24,163.1215362548828,163.38793383083043,161.7007692564465,162.79594256316088,41949600,163.71776471819197,47.79174526767709
2023-04-25,161.5823974609375,164.08846202710322,161.54292334211996,162.98342757965568,48714100,163.5147988455636,45.35928605825627
2023-04-26,161.57249450683594,163.07219461797823,160.6253265824028,160.8818480921529,45498800,163.30760192871094,50.0
2023-04-27,166.16041564941406,166.30840595665688,162.98342657757053,162.98342657757053,64902300,163.58104160853796,58.550017172037016
2023-04-28,167.4134063720703,167.58114875947356,165.63746282624027,166.23931504498196,55275900,163.86997985839844,68.59507301163404
2023-05-01,167.32461547851562,168.17312821243692,166.38730857655852,167.01875886308397,52472900,164.28436933244978,72.61965216699168
2023-05-02,166.2886505126953,168.07448533412125,165.30200842691818,167.81794875664258,48425700,164.78050231933594,71.33479126709665
2023-05-03,165.21322631835938,168.63687581044152,164.92710671677185,167.23584575291258,65136000,165.07931518554688,56.13250342227914
2023-05-04,163.57540893554688,164.80871172491695,162.1151826483231,162.6874369491867,81235400,165.36403111049108,51.734452914064036
2023-05-05,171.25148010253906,171.97172463520235,168.4790030974248,168.6960655683585,113453200,166.74674333844865,67.03439161127207
2023-05-08,171.18238830566406,171.52771903028287,169.8109565174022,170.17600924259867,55962800,167.46416800362724,65.0793208482033
2023-05-09,169.4755096435547,171.22185523763014,169.30778230115573,170.73841026688106,45326900,167.75875418526786,58.6683151035983
2023-05-10,171.24159240722656,171.70531537679722,169.60376298512443,170.70881232248743,53724500,168.31832231794084,63.99360836249679
2023-05-11,171.42906188964844,172.25783762602444,169.87016559220018,171.5277321199156,49514700,169.05266680036272,68.77415432426429
2023-05-12,170.50033569335938,171.97245613352067,168.94915782664347,171.5377307421917,45533100,169.80796813964844,65.65808194267885
2023-05-15,170.00634765625,171.13267487374878,169.4135375098661,171.0832715155854,37266700,170.72667367117745,68.7056560966387
2023-05-16,170.00634765625,171.0635071571624,169.73958158279842,169.92730529834623,42110300,170.54879760742188,68.73588590899323
2023-05-17,170.61886596679688,170.85597790757677,168.37608671361758,169.6506236984481,57951600,170.46829441615515,62.02917906201807
2023-05-18,172.95062255859375,173.13834629441766,170.51024414446266,170.9252052614361,65496700,170.96473911830358,64.11793037498472
2023-05-19,173.0592803955078,174.27452457823847,172.84191768629904,174.27452457823847,55809500,171.22440883091517,64.6065568546002
2023-05-22,172.11080932617188,172.61470252401188,171.36980410656224,171.8934465890232,43570900,171.3218013218471,64.89580071941266
2023-05-23,169.50244140625,171.300620989034,169.22580071286586,171.05361929309908,50747300,171.1792449951172,60.17564055226139
2023-05-24,169.77906799316406,170.35211368921475,168.47490698639612,169.03806296692736,45143500,171.1467764718192,65.73358214211356
2023-05-25,170.91529846191406,171.81437317497037,169.630886631536,170.34225271987503,56058300,171.27662658691406,48.724155343583945
2023-05-26,173.32601928710938,173.66195304430255,171.03385143516303,171.24133948884744,54835000,171.66336277553015,56.9075877504821
2023-05-30,175.1736297607422,176.8433638660441,174.4523889310648,174.83771102645838,55964400,171.9809352329799,68.19645418823676
2023-05-31,175.12420654296875,177.19902686801004,174.64007778024913,175.20324889662425,99625300,172.2759246826172,63.92559617954727
2023-06-01,177.93011474609375,177.9597537396585,174.8080101004683,175.56877944546235,68901800,173.1072540283203,69.62996136235257
2023-06-02,178.7798614501953,179.59990905926938,177.11012722847258,178.85890381832428,61996900,174.43259974888392,75.11988037424713
2023-06-05,177.42630004882812,182.73189284985287,175.90476081626858,180.4397244340229,121946500,175.52506147112166,71.39597383946045
2023-06-06,177.0607147216797,177.95978950011877,175.30204865399,177.81159450251565,64848400,176.4029780796596,69.92175481566835
2023-06-07,175.6873779296875,179.03672040758232,175.19337452542106,176.29993732672585,61944600,176.74031502859933,63.723900749305066
2023-06-08,178.40440368652344,178.67115468077665,175.3317017878174,175.76641213704826,50214900,177.2018541608538,64.46528637235247
2023-06-09,178.7897186279297,180.04447641965535,178.46367457216073,179.3232356709596,48900000,177.72549874441964,64.9792432480727
2023-06-12,181.58575439453125,181.68456110008825,178.7995831921066,179.09598823299092,54274900,178.24773297991072,72.58574909977085
2023-06-13,181.11151123046875,181.9414332653256,180.2519501997803,180.6076332255456,54929100,178.58082580566406,80.80739365785868
2023-06-14,181.74386596679688,182.17859141427,179.8370198890403,181.17082015656317,57462900,179.19762093680245,81.1630385795735
2023-06-15,183.77915954589844,184.28305271752757,181.5759083620863,181.75375744495216,65433200,180.1573987688337,82.00576755741362
2023-06-16,182.70220947265625,184.7473907159192,182.0600111046737,184.4904993080967,101256200,181.1595175606864,74.98666245937743
2023-06-20,182.7911376953125,183.86807659469076,182.1983426443928,182.1983426443928,49799100,181.78619384765625,72.3995495151904
2023-06-21,181.75372314453125,183.18632987573852,180.40014368436255,182.6824367992037,49515700,182.2096230643136,68.42382012104106
2023-06-22,184.75726318359372,184.8066665365007,181.4671988803744,181.53636658960147,51245300,182.6626957484654,68.76690356828868
2023-06-23,184.4411163330078,185.3105672079408,182.7911466595608,183.32467881492,53117000,183.1383536202567,66.03234331760999
2023-06-26,183.0480194091797,185.79467703737228,183.0084906957425,184.5893075659166,48088700,183.3246612548828,65.88481102927804
2023-06-27,185.8045654296875,186.1306094986342,183.4432296659109,183.66059237854205,50730800,183.61400495256697,71.7657863930458
2023-06-28,186.9803009033203,187.62249934110088,185.350095591546,185.6761245932701,51216800,184.22516087123327,78.39040494207175
2023-06-29,187.3162078857422,187.79046201011187,186.67400948819943,186.8123298388604,46347300,184.87159946986608,75.45137932597282
2023-06-30,191.6436920166016,192.14757008838143,188.96618679019105,189.33175958026345,85213200,186.2844521658761,79.9630938034867
2023-07-03,190.1518096923828,191.5547776450248,189.46019281962836,191.4559709272632,31458200,187.0551016671317,71.2604439893142
2023-07-05,189.0353546142578,190.66555990536887,188.33386310926684,189.27248168829453,46920300,187.711421421596,69.05893881505786
2023-07-06,189.50958251953125,189.7170705815605,186.9308841600135,187.56320791106293,45094300,188.63450186593192,68.82177425439096
2023-07-07,188.39309692382807,190.3592355443077,187.9583866703985,189.11435261810863,46815000,189.00429207938058,61.704084405314404
2023-07-10,186.3479461669922,187.7114002509768,184.796768395991,186.9901444981463,59922200,188.91395568847656,58.815069741495655
2023-07-11,185.8243103027344,187.02967973701,184.3620645421884,186.89135939582036,46638100,188.7008274623326,57.18294611290829
2023-07-12,187.49407958984372,189.4009257310348,186.20966756388748,187.40514750841933,60750200,188.10802568708147,63.19861067256077
2023-07-13,188.2548370361328,188.897050597116,187.50395718374452,188.21532339160277,41342300,187.83702959333147,58.96662955623178
2023-07-14,188.40304565429688,188.88715940601531,187.3557607108372,187.94855582890276,41616200,187.7466997419085,60.245304266782206
2023-07-17,191.66343688964844,191.9894809296959,189.50957431242836,189.59849130268125,50520200,188.0543932233538,70.31685397139765
2023-07-18,191.40655517578125,191.99936529239264,190.1122686661601,191.03112283932904,48288200,188.4848872593471,64.97620170381768
2023-07-19,192.76011657714844,195.85256735078863,190.3394880591144,190.784103142532,80507300,189.40091160365515,65.30606802158123
2023-07-20,190.81375122070312,194.1136901954007,190.19130213491889,192.7502360363635,59581200,190.11368887765067,58.534233365477334
2023-07-21,189.63803100585935,192.63169045749677,188.93653953192955,191.77212935032983,71951700,190.4199676513672,44.216494582267266
2023-07-24,190.43833923339844,192.5724378593397,189.94433575938183,191.09042743728983,45377800,190.73189653669084,50.8605566442232
2023-07-25,191.29788208007807,192.10805493602857,190.60628029804008,191.01136672601527,37283200,191.1454445975167,56.90173440538581
2023-07-26,192.1673126220703,193.2936397125564,191.00147189498236,191.34726521155525,47471900,191.21742684500555,57.91640949331017
2023-07-27,190.90269470214844,194.83495794865564,190.24073188727883,193.669117041336,47460200,191.14544677734372,57.40978853117988
2023-07-28,193.4813537597656,194.27176213447208,191.811620025592,192.3352623702305,48291400,191.24848066057476,70.41867689052759
2023-07-31,194.09393310546875,194.13346181996275,192.918202599764,193.70861105598289,38824100,191.71707807268413,73.55106283493325
2023-08-01,193.26405334472656,194.37061638035132,192.9380092197748,193.88650259016083,35175100,192.23508126395086,67.25790213032798
2023-08-02,190.27037048339844,192.83917937620112,189.54912966810335,192.7008590133255,50389300,192.21108572823658,55.318078164355136
2023-08-03,188.87725830078125,190.0628634465897,188.4030192576153,189.27247006657564,61235200,191.8652823311942,51.17409983664303
2023-08-04,179.80735778808594,185.13271368389903,179.73819007769723,183.295020485719,115956800,190.09957449776786,27.20356715764575
2023-08-07,176.70504760742188,180.93371611312844,175.22303719441848,179.94570917112617,97576100,188.0713391985212,24.52049302583397
2023-08-08,177.6436309814453,178.10799539743132,175.45025461361834,177.5349496271552,67823000,185.80880737304688,23.418939455732712
2023-08-09,176.05296325683594,178.76009268860713,174.88710720037176,178.7008146829172,60378500,183.23152596609933,23.715604681051147
2023-08-10,175.83560180664062,178.58225997951547,175.47004405168224,177.3274869053262,54686900,180.7417471749442,24.553640249851256
2023-08-11,175.89492797851562,176.71608281179377,174.6681548123879,175.4299516016464,52036700,178.68811253138952,22.4344161354267
2023-08-14,177.547119140625,177.77466331376394,175.42002721282074,176.07299580997798,43675600,177.06952122279577,24.69709630248606
2023-08-15,175.55856323242188,177.56692432110015,175.1628328578025,176.9733287591711,43622600,176.4625505719866,20.647028461679938
2023-08-16,174.68795776367188,176.63694575843348,174.61869664349865,175.24198634047178,46964900,176.17439488002233,20.93863921653353
2023-08-17,172.14532470703125,175.6179059949575,171.6308631878828,175.25185467548476,66062900,175.38892255510603,11.710399775675299
2023-08-18,172.63011169433594,173.23361029129558,170.12708024206367,170.46345254957686,61172200,174.89994376046317,11.303574209003443
2023-08-21,173.96572875976562,174.25264612165492,171.88812158676677,173.20394701107267,46311900,174.63281903948103,15.830772580865656
2023-08-22,175.3408966064453,175.78609702554508,174.37134667878323,175.17271045239184,42038900,174.55367170061385,21.95902608129441
2023-08-23,179.1894073486328,179.6148317580196,176.42915305906453,176.6171302332487,52722800,174.7882843017578,33.3405928716232
2023-08-24,174.49998474121094,179.16967585239115,174.13391827576947,178.74425133745834,54945800,174.6370588030134,39.25447647763924
2023-08-25,176.70620727539062,177.2404448053197,173.9459523611551,175.4893219988908,51449600,174.92538016183036,50.00243631285848
2023-08-28,178.26934814453125,178.6650784859593,176.64682959084442,178.17040801110178,43820700,175.80024065290178,51.28093636082503
2023-08-29,182.157470703125,182.9291555203976,177.58671984756458,177.78458503986462,53003900,177.16129193987166,61.422393733322444
2023-08-30,185.6498107910156,185.8476910446741,182.7708402924688,182.96870544998345,60813900,178.83044651576452,66.35884549255793
2023-08-31,185.8674774169922,187.10415359099383,185.48163505454943,185.8377983965077,60794500,180.33424377441406,66.53549144156293
2023-09-01,187.44053649902344,187.8956248663274,186.27310636870047,187.47021551879783,45766500,181.51297651018416,66.44744352124832
2023-09-05,187.6779937744141,187.9550080601447,185.6102746073009,186.27313129788112,45280000,183.39554922921317,71.39370928372763
2023-09-06,180.9603729248047,186.8370611072444,179.53571941437733,186.3918455631262,81755800,184.00328717912947,59.17777377883535
2023-09-07,175.66737365722656,176.31045432139675,171.6902188794394,173.31273740579792,112488800,183.63157653808594,54.76956303784431
2023-09-08,176.28077697753906,178.3188321743013,175.89493458078306,176.4489782367689,65551300,182.79204886300224,54.92657397088657
2023-09-11,177.4481964111328,178.37817933531872,175.44972343125323,178.15063513987275,58953100,181.6203896658761,54.72102302933017
2023-09-12,174.42083740234375,178.21001559327632,172.95661681425068,177.5768378987377,90370200,179.9851553780692,48.806195263903376
2023-09-13,172.35308837890625,175.41014819975618,172.12552909799857,174.6285604188278,84267900,177.8298056466239,40.69989359445248
2023-09-14,173.86679077148438,174.22295413122683,171.72981061302968,172.14533201670497,60895800,175.85677664620536,49.05713707945842
2023-09-15,173.14454650878906,174.61866989320765,171.96724351151664,174.59887884816905,109259500,174.740230015346,44.45125374940987
2023-09-18,176.07302856445312,177.46800307348116,174.2922116482627,174.59890495957814,67257600,174.79818071637834,46.71795550002053
2023-09-19,177.16131591796875,177.71534451200176,175.24199179139225,175.62783421196144,51826900,174.9239719935826,41.852268429120315
2023-09-20,173.61944580078125,177.78456267568592,173.5303936437239,177.34925024969752,58436200,174.37700762067522,30.41251814847324
2023-09-21,172.07606506347656,174.42081339229338,172.00681904661934,172.6894667209782,63149100,174.0420401436942,28.474484721698317
2023-09-22,172.92691040039062,175.19250979208792,172.19480770645978,172.8081943086496,56725400,174.12401471819197,26.82478630604399
2023-09-25,174.20318603515625,175.0836990271703,172.2937498255981,172.34321990077478,46172700,174.1720711844308,29.17445878849935
2023-09-26,170.12709045410156,173.3325457352886,169.83028512536117,172.95660640862047,64588900,173.74100603376115,31.76835901107401
2023-09-27,168.61338806152344,171.19556880826096,167.24810767663843,170.78004737841366,66921800,172.6753431047712,36.39845074914588
2023-09-28,168.87062072753906,170.19633406818943,165.83333655703308,167.53500431517824,56294400,171.49095807756697,35.51269047647459
2023-09-29,169.38507080078125,171.22524557281096,168.52433390834895,170.18643455541363,51861100,170.88604736328125,33.82306750825187
2023-10-02,171.8979949951172,172.4421355524603,169.10804618991,169.39496352748424,52164500,170.86060878208704,44.83177487710629
2023-10-03,170.5623779296875,171.77927819729268,168.99923247491208,170.42387079713225,49594600,170.52281842912947,46.21815810030086
2023-10-04,171.80897521972656,172.35311583182798,169.14764530465982,169.26636140324675,53020300,170.18078831263952,45.60446186509455
2023-10-05,173.045654296875,173.5798918450903,170.83941278902026,171.93758200671277,48527900,170.59772600446428,49.79330659065265
2023-10-06,175.59814453125,176.092815045354,171.33407201891083,171.94747372177912,57266700,171.59554835728235,48.99160153971771
2023-10-09,177.0821533203125,177.1415113656987,173.92615307401468,174.9253820623563,42390800,172.76862444196428,49.83467956259552
2023-10-10,176.48854064941406,177.80436599291428,176.05322819338144,176.20163840129018,43698000,173.78340584891183,56.833159260010305
2023-10-11,177.88352966308594,177.9329997364432,175.7069823006886,176.30057789253502,47551100,174.63848223005022,63.92976666969224
2023-10-12,178.7838134765625,180.39642899359671,177.13160077070958,178.1506358590928,56743100,175.81297302246094,64.01511057623495
2023-10-13,176.94366455078125,179.9908219020002,176.24122571645097,179.48626336769357,51427100,176.54650006975447,56.38543268061602
2023-10-16,176.8150177001953,177.17118104988546,174.6285675347915,174.86601479996662,52517000,177.08498055594308,69.09594240632401
2023-10-17,175.2617645263672,176.51823191229096,172.93682206936518,174.76709399132676,57549400,177.03692626953125,68.94023567706296
2023-10-18,173.96572875976562,175.68718764266174,173.24351401125745,173.7085055181981,54764400,176.5917227608817,63.70408857610254
2023-10-19,173.58978271484375,175.9444040866048,173.32265641144056,174.16358722416024,59302900,176.17761448451452,61.39412183060154
2023-10-20,171.03724670410156,173.55016575799414,170.7997994714244,173.4413376633683,64244000,175.19957406180245,47.67250143586155
2023-10-23,171.156005859375,172.15523490983713,168.1187215150264,169.08828663709707,55980100,174.1098872593471,51.71827134059085
2023-10-24,171.59129333496094,171.81883752196748,169.6224994494151,171.20545097606092,43816600,173.3452627999442,49.33886243185176
2023-10-25,169.27622985839844,171.2153295207887,168.83101438745086,170.04791453369674,57157000,172.26829310825892,39.25542658957124
2023-10-26,165.11111450195312,169.55326090861308,163.90411730631092,168.55401686361284,70625300,170.81820024762834,22.623990644139525
2023-10-27,166.42694091796875,167.1590586780216,165.05175755916278,165.13090664912622,58499100,169.74123055594308,21.938558181178138
2023-10-30,168.47486877441406,169.34549366723184,167.0700063949142,167.21841659954197,51131000,169.01052856445312,30.39691118768775
2023-10-31,168.9497528076172,169.07835686158955,166.11033410734646,167.54489051547947,44846000,168.71231515066964,27.11601539659361
2023-11-01,172.1156463623047,172.37286957481675,168.30667766450742,169.1773025316942,56934900,168.84940665108817,34.69573579749013
2023-11-02,175.67727661132812,175.88502975328987,173.5897666401313,173.64912468069178,77334800,169.43311854771204,47.30633763960996
2023-11-03,174.76708984375,174.93529110628108,171.5022764668811,172.3827893945109,79829200,170.21752711704798,45.784134678510156
2023-11-06,177.31959533691406,177.51746053122469,174.3317961816863,174.49998235165765,63841300,171.9615958077567,54.06885390720038
2023-11-07,179.88198852539062,180.495375116872,177.06236062659886,177.2701137835187,70530000,173.88374546595983,61.14007263365972
2023-11-08,180.9405670166016,181.4945955371222,179.65442075331012,180.40632954214092,49340300,175.66455950055803,63.494319534649506
2023-11-09,180.4656982421875,182.1574629246798,179.87208759448916,181.00983881988668,53763500,177.30969456263952,68.73779047376445
2023-11-10,184.65611267089844,184.8245355233408,181.81296804065445,182.2488540012565,66133400,179.10118974958147,73.09244096666671
2023-11-13,183.0710906982422,184.28957909475852,182.4866141219331,184.0815522328342,43627500,180.1574489048549,68.89348288602129
2023-11-14,185.6864013671875,186.35013134634684,184.5570672791196,185.94396348691,60108400,181.71735055106026,76.74360079992793
2023-11-15,186.2510223388672,187.72708773166863,186.02317839099572,186.0925307450616,53790500,182.99326869419642,89.03223552573667
2023-11-16,187.9351806640625,189.17348632805627,186.8850847635256,187.79649103433664,54412900,184.1437247140067,89.17941271628992
2023-11-17,187.9153289794922,188.59887599886423,186.805812145748,188.47008739636428,50922700,185.14011928013392,88.23803412595598
2023-11-20,189.6588592529297,190.11456230851303,188.10355547172333,188.1134564735281,46505100,186.45342799595423,88.79713313452488
2023-11-21,188.8564453125,189.728217210096,187.9648714107105,189.6192457228965,38134500,187.05347551618303,84.41000003136371
2023-11-22,189.5201873779297,191.12502655036587,189.0446822742513,189.6985112393308,39617700,187.97477504185267,82.30159391402981
2023-11-24,188.19271850585935,189.11401054524023,187.47945332619432,189.0842924224237,24048300,188.33282034737724,80.72946425952011
2023-11-27,188.01438903808597,188.88616092409407,187.13271615011263,188.14317764380084,40552600,188.58472987583704,77.4638096850236
2023-11-28,188.61868286132807,189.29232889633607,187.62803848681267,188.0044881862593,38415400,188.682373046875,74.94401876438731
2023-11-29,187.5983428955078,190.29289712708973,187.202091144525,189.1140277612682,43014200,188.6370893205915,69.05012224938883
2023-11-30,188.1728973388672,188.5394460391124,186.42936866830843,188.0639258522052,48794400,188.424809047154,71.92778187305586
2023-12-01,189.45083618164065,189.76783452208105,187.4596313087432,188.54934617033047,45704800,188.50972202845983,66.35132448918236
2023-12-04,187.6577606201172,188.2719704243489,185.69628894913777,188.2026180609542,43389500,188.24366106305803,65.42294683610822
2023-12-05,191.61045837402344,192.58128575658975,188.4007647355339,188.43049797744135,66628400,188.7319096156529,68.27621139526423
2023-12-06,190.520751953125,192.93791176533597,190.3127099631217,192.6308143978356,41089700,189.0899614606585,62.75909553100401
2023-12-07,192.45249938964844,193.17566559760107,191.7788533108163,191.8184875533541,47477700,189.6376495361328,63.30212323898422
2023-12-08,193.87901306152344,194.15639227120215,191.8580901155405,192.3831304135776,53406400,190.5348881312779,66.21769208808874
2023-12-11,191.3726806640625,191.6797931299085,189.62915193698308,191.30334341541183,60943700,190.99200003487724,54.474927069330576
2023-12-12,192.8883819580078,192.8982829604503,189.92634969600127,191.2736267138596,52696900,191.4830780029297,60.14964988226985
2023-12-13,196.1079559326172,196.14757505430103,193.02705149757756,193.2647964597461,70404200,192.69024876185827,64.69285408969762
2023-12-14,196.256591796875,197.7524596209657,194.3248379535694,196.1674374155,66831600,193.3539821079799,68.98325224792899
2023-12-15,195.72161865234372,196.54384019084355,195.15694409646997,195.6819844119138,128538400,194.09696306501115,67.84404386001472
2023-12-18,194.05734252929688,194.7904248709577,192.57137584033416,194.2554683979516,55751900,194.32622637067522,62.002656271467835
2023-12-19,195.09750366210935,195.10740466398732,194.05732405565035,194.32480226669028,40714100,194.50029645647322,66.5355393055722
2023-12-20,193.0072479248047,195.8305753609382,193.0072479248047,195.05787394759355,52242800,194.73380606515067,59.99180028005197
2023-12-21,192.858642578125,195.23619818360496,191.6896894536902,194.26537091395173,46482500,194.72955758231026,57.3882763621735
2023-12-22,191.78875732421875,193.58182122700063,191.164646529934,193.3539621368764,37149600,194.11252920968192,59.24612691280749
2023-12-26,191.2439117431641,192.0760494430794,191.02596875756228,191.7986702097743,28919300,193.39643205915178,49.03189873907458
2023-12-27,191.3429718017578,191.6897034098951,189.3022466284661,190.68915794498037,48087700,192.77091108049666,52.291510206650564
2023-12-28,191.7689514160156,192.8388492190412,191.3627835700825,192.32370988068791,34049900,192.4439980643136,47.92042493020413
2023-12-29,190.7287750244141,192.58127531145587,189.9362564400636,192.0859530857412,42672100,191.81989397321428,40.18523378134766
