Date,Close,High,Low,Open,Volume,SMA_7,RSI_14
2009-01-02,2.7179999351501465,2.7265000343322754,2.553499937057495,2.567500114440918,145928000,,
2009-01-05,2.703000068664551,2.7869999408721924,2.65149998664856,2.7864999771118164,190196000,,
2009-01-06,2.868000030517578,2.9110000133514404,2.6875,2.727499961853028,221602000,,
2009-01-07,2.809999942779541,2.8475000858306885,2.7674999237060547,2.814500093460083,158854000,,
2009-01-08,2.8580000400543213,2.865999937057495,2.7290000915527344,2.749500036239624,131558000,,
2009-01-09,2.775500059127808,2.8499999046325684,2.734999895095825,2.845999956130981,133682000,,
2009-01-12,2.595999956130981,2.7149999141693115,2.5434999465942383,2.7060000896453857,191126000,2.7612142903464183,
2009-01-13,2.572499990463257,2.664499998092652,2.5374999046325684,2.5480000972747803,157664000,2.7404285839625766,
2009-01-14,2.424499988555908,2.505000114440918,2.407000064849853,2.505000114440918,208852000,2.700642858232771,
2009-01-15,2.572000026702881,2.611500024795532,2.381500005722046,2.427999973297119,232346000,2.6583571434020996,
2009-01-16,2.5794999599456787,2.616499900817871,2.4765000343322754,2.5899999141693115,165164000,2.6254285744258334,
2009-01-20,2.421999931335449,2.5850000381469727,2.4135000705718994,2.5374999046325684,135344000,2.563142844608852,
2009-01-21,2.5269999504089355,2.5344998836517334,2.4124999046325684,2.4655001163482666,116590000,2.5276428290775845,
2009-01-22,2.496999979019165,2.5439999103546143,2.4130001068115234,2.470999956130981,142666000,2.5134999752044678,40.53127910642273
2009-01-23,2.531500101089477,2.571000099182129,2.422499895095825,2.444999933242798,115866000,2.507642848151071,42.23887613288493
2009-01-26,2.4814999103546143,2.5445001125335693,2.4260001182556152,2.509000062942505,143114000,2.5157856941223145,41.043264518798615
2009-01-27,2.421999931335449,2.5209999084472656,2.385999917984009,2.4649999141693115,174764000,2.494357109069824,30.282940115014227
2009-01-28,2.5179998874664307,2.57450008392334,2.448499917984009,2.486000061035156,161132000,2.4855713844299316,37.51069467074486
2009-01-29,2.5,2.5924999713897705,2.4570000171661377,2.497999906539917,359336000,2.49671425138201,34.28446074184377
2009-01-30,2.940999984741211,2.986999988555908,2.861999988555908,2.868000030517578,795662000,2.5558571134294783,55.525873308442264
2009-02-02,3.057499885559082,3.0999999046325684,2.906500101089477,2.928499937057495,386486000,2.6359285286494663,66.08574193718883
2009-02-03,3.179500102996826,3.2100000381469727,3.0,3.0434999465942383,293892000,2.7284999574933733,69.7977828164151
2009-02-04,3.052999973297119,3.171999931335449,3.0415000915527344,3.1689999103546143,274526000,2.810142823628017,70.79059992188897
2009-02-05,3.1589999198913574,3.190500020980835,3.031500101089477,3.057499885559082,203392000,2.915428536278861,69.96597913464777
2009-02-06,3.327500104904175,3.3499999046325684,3.1589999198913574,3.1589999198913574,240898000,3.031071424484253,72.93071450122441
2009-02-09,3.3355000019073486,3.368000030517578,3.2690000534057617,3.328000068664551,188752000,3.1504285676138744,80.83023394625857
2009-02-10,3.1654999256134038,3.361500024795532,3.1535000801086426,3.307499885559082,214012000,3.182499987738473,70.64338156227105
2009-02-11,3.2174999713897705,3.244999885559082,3.112499952316284,3.1549999713897705,166946000,3.205357142857143,72.96779579398455
2009-02-12,3.197999954223633,3.212500095367432,3.0855000019073486,3.1624999046325684,161910000,3.207999978746687,71.45155054909928
2009-02-13,3.1630001068115234,3.233999967575073,3.1435000896453857,3.198499917984009,82618000,3.2237142835344588,72.14820166383154
2009-02-17,3.0834999084472656,3.132499933242798,3.059000015258789,3.0834999084472656,142522000,3.2129285676138744,71.22232448051226
2009-02-18,3.117500066757202,3.138999938964844,3.026000022888184,3.1135001182556152,147320000,3.1829285621643066,70.03006956753927
2009-02-19,3.0975000858306885,3.2090001106262207,3.0834999084472656,3.1419999599456787,135378000,3.1489285741533553,69.93659834336941
2009-02-20,3.193000078201294,3.2074999809265137,3.0420000553131104,3.053499937057495,187090000,3.152857167380197,60.92801230760323
2009-02-23,3.0855000019073486,3.245500087738037,3.075999975204468,3.2079999446868896,146720000,3.1340000288827077,51.22378048666118
2009-02-24,3.2799999713897705,3.305000066757202,3.094500064849853,3.0985000133514404,205428000,3.145714317049299,54.13069565866706
2009-02-25,3.185499906539917,3.2874999046325684,3.1410000324249268,3.244999885559082,182442000,3.1489285741533553,55.593072277334336
2009-02-26,3.117000102996826,3.236500024795532,3.117000102996826,3.2060000896453857,145506000,3.1537143162318637,48.169145360047295
2009-02-27,3.239500045776367,3.253999948501587,3.046999931335449,3.062999963760376,229766000,3.171142884663173,46.00363063182652
2009-03-02,3.0994999408721924,3.276000022888184,3.075500011444092,3.197000026702881,210238000,3.1714285782405307,40.42984559064951
2009-03-03,3.0850000381469727,3.164499998092652,3.065000057220459,3.137500047683716,193832000,3.1560000010899136,46.26450674575153
2009-03-04,3.240499973297119,3.289499998092652,3.119999885559082,3.140000104904175,239218000,3.178142854145595,50.97375114389439
2009-03-05,3.2385001182556152,3.289999961853028,3.180000066757202,3.2060000896453857,235406000,3.1722143036978587,51.74044563276935
2009-03-06,3.0845000743865967,3.275000095367432,2.990999937057495,3.259999990463257,301876000,3.1577857562473843,46.93956995424036
2009-03-09,3.024499893188477,3.201499938964844,3.007499933242798,3.109999895095825,271228000,3.144571440560477,47.66429078684927
2009-03-10,3.2855000495910645,3.2950000762939453,3.08899998664856,3.124500036239624,308714000,3.1511428696768626,55.63758328048922
2009-03-11,3.427000045776367,3.4684998989105225,3.263499975204468,3.312000036239624,277634000,3.1979285989488875,60.2233929530186
2009-03-12,3.4790000915527344,3.493499994277954,3.362499952316284,3.4175000190734863,226978000,3.2542143208639964,59.119897930091966
2009-03-13,3.43149995803833,3.486999988555908,3.376499891281128,3.4820001125335693,178068000,3.2815000329698836,61.47214605634679
2009-03-16,3.3489999771118164,3.4644999504089355,3.3340001106262207,3.427999973297119,188746000,3.297285727092198,52.47134664981796
2009-03-17,3.567500114440918,3.5855000019073486,3.3499999046325684,3.368499994277954,238056000,3.366285732814244,62.56579449921362
2009-03-18,3.5625,3.695499897003174,3.506500005722046,3.548500061035156,208034000,3.443142890930176,65.29350274005299
2009-03-19,3.505000114440918,3.595499992370605,3.461999893188477,3.569999933242798,176382000,3.4745000430515836,59.54006390266837
2009-03-20,3.497999906539917,3.5445001125335693,3.4539999961853027,3.5195000171661377,169362000,3.484642880303519,65.83233147688355
2009-03-23,3.7790000438690186,3.7804999351501465,3.5350000858306885,3.568000078201294,172248000,3.5275000163487027,72.75408645318862
2009-03-24,3.640500068664551,3.75,3.615499973297119,3.742500066757202,149158000,3.5573571750095914,63.26259514998703
2009-03-25,3.619999885559082,3.697499990463257,3.492000102996826,3.6545000076293945,157912000,3.5960714476449147,62.49588839551371
2009-03-26,3.684499979019165,3.749000072479248,3.631999969482422,3.673500061035156,133154000,3.612785714013236,70.87680555878167
2009-03-27,3.526000022888184,3.614500045776367,3.505000114440918,3.5804998874664307,171376000,3.6075714315686906,66.3301791608479
2009-03-30,3.572000026702881,3.5834999084472656,3.487499952316284,3.5199999809265137,167462000,3.617142847606114,60.848155719279774
2009-03-31,3.671999931335449,3.724999904632568,3.6059999465942383,3.630500078201294,178364000,3.641999994005476,59.57778499391745
2009-04-01,3.674999952316284,3.754499912261963,3.5855000019073486,3.651000022888184,140828000,3.627142838069371,57.967469258074786
2009-04-02,3.816999912261963,3.861999988555908,3.671999931335449,3.68149995803833,221338000,3.6523571014404297,64.55265349235819
2009-04-03,3.908499956130981,3.9159998893737793,3.775000095367432,3.821000099182129,116198000,3.6935713972364153,70.97861707276475
2009-04-06,3.899499893188477,3.9179999828338623,3.799999952316284,3.86299991607666,115026000,3.724285670689174,64.76866621415243
2009-04-07,3.775500059127808,3.8540000915527344,3.74399995803833,3.84850001335144,114976000,3.7599285330091203,58.567981216532964
2009-04-08,3.848999977111816,3.8554999828338623,3.7284998893737793,3.796499967575073,113060000,3.799499954496111,63.661627495204186
2009-04-09,3.9885001182556152,4.0,3.86299991607666,3.875499963760376,141646000,3.844714266913278,67.62486988927205
2009-04-13,3.947000026702881,3.998500108718872,3.892499923706055,3.992000102996826,124244000,3.8835714203970775,57.29166472641164
2009-04-14,3.861000061035156,3.973000049591065,3.846999883651733,3.900000095367432,123208000,3.889857155936105,60.027283147549745
2009-04-15,3.73550009727478,3.7904999256134033,3.67549991607666,3.775000095367432,188256000,3.865142890385219,54.79452949591243
2009-04-16,3.862499952316284,3.874000072479248,3.757999897003174,3.766499996185303,149356000,3.8598571845463345,57.02446773558001
2009-04-17,3.902499914169312,3.936000108718872,3.7939999103546143,3.83899998664856,148520000,3.878000020980835,66.39094387000466
2009-04-20,3.878499984741211,3.989500045776367,3.8415000438690186,3.921999931335449,173738000,3.882214307785034,63.60408577399393
2009-04-21,3.937000036239624,3.954999923706055,3.864500045776367,3.866499900817871,143244000,3.874857153211321,62.21198865522887
2009-04-22,3.9600000381469727,4.109000205993652,3.890500068664551,3.908499956130981,175510000,3.876714297703334,62.89593404542469
2009-04-23,4.0304999351501465,4.103000164031982,3.953999996185303,4.066500186920166,323754000,3.900928565434047,60.32898312545042
2009-04-24,4.2230000495910645,4.334000110626221,4.036499977111816,4.101500034332275,469686000,3.9705714157649448,63.8607383054562
2009-04-27,4.156000137329102,4.249000072479248,4.110499858856201,4.193999767303467,194118000,4.012500013623919,60.754730485958156
2009-04-28,4.119999885559082,4.267499923706055,4.119999885559082,4.133999824523926,158480000,4.043571438108172,65.59528334897243
2009-04-29,3.989500045776367,4.149499893188477,3.963000059127808,4.149499893188477,194702000,4.0594285896846225,56.04821659204497
2009-04-30,4.026000022888184,4.133500099182129,3.994499921798706,4.046500205993652,170752000,4.0721428734915595,51.77137039464645
2009-05-01,3.947999954223633,4.019000053405762,3.892499923706055,4.019000053405762,122434000,4.070428575788226,50.045658799650404
2009-05-04,3.9885001182556152,4.067500114440918,3.942500114440918,4.013000011444092,140386000,4.064428601946149,56.074323897606554
2009-05-05,4.09499979019165,4.099999904632568,4.009500026702881,4.05049991607666,117406000,4.046142850603376,67.44297907399168
2009-05-06,4.099500179290772,4.179999828338623,3.983000040054321,4.144000053405762,172080000,4.038071428026472,63.050669974417296
2009-05-07,3.96399998664856,4.137499809265137,3.8940000534057617,4.136499881744385,192642000,4.015785728182111,53.064277239221035
2009-05-08,3.8975000381469727,4.011499881744385,3.815500020980835,3.984499931335449,163860000,4.002642869949341,50.90822393283801
2009-05-11,3.930500030517578,3.992500066757202,3.80049991607666,3.839999914169312,137446000,3.9890000138963972,49.681528513612044
2009-05-12,3.8965001106262207,3.948499917984009,3.826499938964844,3.934999942779541,110974000,3.9816428933824812,46.92196283953546
2009-05-13,3.7095000743865967,3.8324999809265137,3.700500011444092,3.8125,175410000,3.9417857442583357,36.01917565772247
2009-05-14,3.755500078201294,3.802999973297119,3.6654999256134033,3.689500093460083,186872000,3.8932857854025706,26.66001999239637
2009-05-15,3.680000066757202,3.810499906539917,3.671000003814697,3.7269999980926514,160234000,3.833357197897775,26.43565097330213
2009-05-18,3.797499895095825,3.79800009727478,3.6549999713897705,3.697999954223633,136582000,3.8095714705330983,35.22675320652773
2009-05-19,3.8935000896453857,3.947999954223633,3.75600004196167,3.7715001106262207,160578000,3.8090000493185863,45.45884957778274
2009-05-20,3.8984999656677246,4.055500030517578,3.871000051498413,3.924999952316284,147020000,3.804428611482893,43.78351924784832
2009-05-21,3.79800009727478,3.8984999656677246,3.7699999809265137,3.837500095367432,112810000,3.7903571810041154,42.84351893960161
2009-05-22,3.7820000648498535,3.8519999980926514,3.750999927520752,3.805000066757202,69694000,3.8007143224988664,39.912063491324005
2009-05-26,3.919500112533569,3.924000024795532,3.7274999618530273,3.751499891281128,133992000,3.8241428988320485,41.67853860423998
2009-05-27,3.8550000190734863,3.974999904632568,3.837500095367432,3.92549991607666,111342000,3.8491428920200894,39.03094884814627
2009-05-28,3.882499933242798,3.954999923706055,3.7939999103546143,3.884999990463257,98862000,3.861285754612514,45.951312854045135
2009-05-29,3.899499893188477,3.900500059127808,3.819999933242798,3.885999917984009,101444000,3.862142869404384,50.1044856585088
2009-06-01,4.152500152587891,4.239999771118164,3.874500036239624,3.910500049591065,215930000,3.8984286103929793,59.43076097859784
2009-06-02,4.246500015258789,4.272500038146973,4.105000019073486,4.120999813079834,187940000,3.9625000272478377,64.14712642969235
2009-06-03,4.283999919891357,4.2855000495910645,4.156499862670898,4.165500164031982,152068000,4.0342142922537665,76.41378947472272
2009-06-04,4.276000022888184,4.320000171661377,4.228499889373779,4.270999908447266,109308000,4.0851428508758545,74.79752589835212
2009-06-05,4.377999782562256,4.397500038146973,4.264999866485596,4.314499855041504,165270000,4.159857102802822,82.4349461530502
2009-06-08,4.317999839782715,4.359000205993652,4.255499839782715,4.337500095367432,112042000,4.222071375165667,75.55228976728608
2009-06-09,4.354000091552734,4.383500099182129,4.308499813079834,4.346499919891357,89502000,4.286999974931989,74.02191760241122
2009-06-10,4.329500198364258,4.427999973297119,4.241499900817871,4.379000186920166,121472000,4.3122856957571845,72.03478377036922
2009-06-11,4.2845001220703125,4.374499797821045,4.252500057220459,4.315000057220459,100194000,4.317714282444546,76.36856802812959
2009-06-12,4.203999996185303,4.260000228881836,4.100500106811523,4.251500129699707,124460000,4.306285721915109,71.37790963670034
2009-06-15,4.158999919891357,4.164999961853027,4.050000190734863,4.141499996185303,108036000,4.289571421486991,63.387356219206524
2009-06-16,4.107500076293945,4.197500228881836,4.064000129699707,4.184999942779541,109316000,4.250928606305804,64.32218513187269
2009-06-17,4.132500171661377,4.215000152587891,4.0320000648498535,4.125,155702000,4.224428653717041,64.2207197420631
2009-06-18,4.079999923706055,4.147500038146973,4.050000190734863,4.140500068664551,109062000,4.185285772596087,59.868779870750814
2009-06-19,4.1479997634887695,4.172999858856201,4.074999809265137,4.107500076293945,108764000,4.159357139042446,49.69154282188313
2009-06-22,3.9574999809265137,4.121500015258789,3.927999973297119,4.120500087738037,194888000,4.11264283316476,32.50604561589657
2009-06-23,3.884000062942505,3.954999923706055,3.8125,3.948499917984009,148310000,4.066928556987217,26.798145423758726
2009-06-24,3.963500022888184,4.026500225067139,3.890000104904175,3.900000095367432,121628000,4.039000000272479,33.261914163164704
2009-06-25,4.110000133514404,4.111499786376953,3.951499938964844,3.954999923706055,147208000,4.039357151303973,36.298588747522565
2009-06-26,4.193999767303467,4.206999778747559,4.05649995803833,4.09499979019165,175506000,4.048142807824271,43.81237073761294
2009-06-29,4.151500225067139,4.210000038146973,4.120500087738037,4.19350004196167,125406000,4.05835713659014,39.96033524730304
2009-06-30,4.183000087738037,4.245999813079834,4.123499870300293,4.181000232696533,159696000,4.0633571829114645,42.78679279658311
2009-07-01,4.079999923706055,4.224999904632568,4.06850004196167,4.2210001945495605,139624000,4.080857174737113,40.47506519592536
2009-07-02,3.9660000801086426,4.06850004196167,3.92549991607666,4.055500030517578,144372000,4.092571462903704,39.25021914285529
2009-07-06,3.9049999713897705,3.944499969482422,3.82699990272522,3.922499895095825,147376000,4.084214312689645,38.690997981189334
2009-07-07,3.7815001010894775,3.934499979019165,3.7704999446868896,3.926500082015991,129830000,4.037285736628941,36.35982202586534
2009-07-08,3.868000030517578,3.8965001106262207,3.785000085830689,3.822999954223633,170814000,3.9907143456595287,39.47471584235555
2009-07-09,3.9049999713897705,3.927000045776367,3.8410000801086426,3.912499904632568,127190000,3.9555000237056186,42.949227924401434
2009-07-10,3.881500005722046,3.940999984741211,3.808500051498413,3.875999927520752,119522000,3.91242858341762,38.863348835374225
2009-07-13,4.073500156402588,4.082499980926514,3.900500059127808,3.9035000801086426,161004000,3.9115000452314104,54.841413699964896
2009-07-14,4.097499847412109,4.120999813079834,4.020999908447266,4.073999881744385,90872000,3.930285726274763,59.294732801719185
2009-07-15,4.227499961853027,4.23199987411499,4.138999938964844,4.150000095367432,126780000,3.9763571534837996,61.009181609102136
2009-07-16,4.305500030517578,4.311999797821045,4.185999870300293,4.2210001945495605,107238000,4.051214286259243,58.64662050557864
2009-07-17,4.292500019073486,4.324999809265137,4.260000228881836,4.289999961853027,101032000,4.11185714176723,54.64843417729893
2009-07-20,4.411499977111816,4.443999767303467,4.313000202178955,4.313499927520752,121132000,4.184214285441807,61.44365428624677
2009-07-21,4.450500011444092,4.450500011444092,4.369999885559082,4.426000118255615,154572000,4.265500000544956,61.69654387882372
2009-07-22,4.439499855041504,4.46150016784668,4.388999938964844,4.432499885559082,106592000,4.317785671779087,67.09462600134685
2009-07-23,4.69350004196167,4.71999979019165,4.479499816894531,4.492000102996826,383242000,4.402928556714739,80.5287388889756
2009-07-24,4.32450008392334,4.445000171661377,4.275000095367432,4.380000114440918,384092000,4.416785717010498,63.98799941297674
2009-07-27,4.211999893188477,4.32450008392334,4.177999973297119,4.311999797821045,225586000,4.403428554534912,64.46085619559
2009-07-28,4.249000072479248,4.2820000648498535,4.130000114440918,4.191999912261963,175498000,4.397214276450021,63.23835585026591
2009-07-29,4.2170000076293945,4.275000095367432,4.176000118255615,4.223499774932861,130058000,4.36942856652396,60.87865680959859
2009-07-30,4.304500102996826,4.362500190734863,4.258500099182129,4.2820000648498535,145064000,4.34857143674578,64.11882023933838
2009-07-31,4.288000106811523,4.337500095367432,4.230999946594238,4.288000106811523,117738000,4.326928615570068,58.1096346293562
2009-08-03,4.372000217437744,4.409999847412109,4.328000068664551,4.328000068664551,133260000,4.281000069209507,59.92767257093486
2009-08-04,4.289999961853027,4.374000072479248,4.246500015258789,4.374000072479248,123558000,4.27607148034232,52.34169878927427
2009-08-05,4.214499950408936,4.287499904632568,4.151000022888184,4.2820000648498535,145588000,4.276428631373815,46.58408417814938
2009-08-06,4.223499774932861,4.242000102996826,4.152500152587891,4.215499877929688,93860000,4.272785731724331,47.40210124164279
2009-08-07,4.265999794006348,4.297999858856201,4.204999923706055,4.204999923706055,112560000,4.279785701206753,44.18697334591181
2009-08-10,4.2220001220703125,4.273499965667725,4.16349983215332,4.250500202178955,88812000,4.267999989645822,40.90729175244859
2009-08-11,4.177999973297119,4.21999979019165,4.122499942779541,4.182000160217285,100500000,4.25228568485805,39.8604212065397
2009-08-12,4.297999858856201,4.329999923706055,4.169000148773193,4.171000003814697,112388000,4.241714205060687,32.886194630373936
2009-08-13,4.230000019073486,4.31850004196167,4.203499794006348,4.285999774932861,114248000,4.233142784663609,44.47044866203835
2009-08-14,4.178999900817871,4.208499908447266,4.138999938964844,4.20550012588501,98494000,4.228071349007743,47.91929488251047
2009-08-17,4.052999973297119,4.089000225067139,4.012499809265137,4.058000087738037,137772000,4.203714234488351,38.88888288186978
2009-08-18,4.105999946594238,4.134500026702881,4.039500236511231,4.070499897003174,117688000,4.180857113429478,43.85381638756991
2009-08-19,4.150000095367432,4.150000095367432,4.024499893188477,4.045499801635742,103412000,4.170571395329067,41.01221524303438
2009-08-20,4.204500198364258,4.21750020980835,4.132999897003174,4.14900016784668,107500000,4.17435714176723,45.348194713191084
2009-08-21,4.25,4.252999782562256,4.177000045776367,4.238999843597412,122614000,4.167500019073486,42.89870454571947
2009-08-24,4.224999904632568,4.2795000076293945,4.211999893188477,4.258500099182129,94464000,4.166785717010498,45.9476251772533
2009-08-25,4.209499835968018,4.316999912261963,4.197500228881836,4.232999801635742,95820000,4.171142850603376,49.663064894870786
2009-08-26,4.199999809265137,4.23799991607666,4.169000148773193,4.204999923706055,72276000,4.192142827170236,48.417510363584405
2009-08-27,4.215499877929688,4.242499828338623,4.1570000648498535,4.200500011444092,79954000,4.207785674503872,46.47100456377564
2009-08-28,4.138000011444092,4.249499797821045,4.128499984741211,4.238999843597412,92414000,4.206071376800537,44.39251652218313
2009-08-31,4.059500217437744,4.097499847412109,4.017499923706055,4.096499919891357,105276000,4.185357093811035,42.43779205145341
2009-09-01,3.9579999446868896,4.120999813079834,3.950000047683716,4.037000179290772,124916000,4.143642800194876,27.77778643495091
2009-09-02,3.9070000648498535,4.007500171661377,3.890000104904175,3.95199990272522,130254000,4.098214251654489,28.409098153212653
2009-09-03,3.92300009727478,3.947999954223633,3.875499963760376,3.919500112533569,82804000,4.057285717555454,32.04770110003581
2009-09-04,3.94350004196167,3.989000082015991,3.881500005722046,3.9135000705718994,93430000,4.020642893654959,40.98766110422131
2009-09-08,4.045000076293945,4.052000045776367,3.94350004196167,3.993000030517578,140752000,3.996285779135568,45.35062061506167
2009-09-09,4.111999988555908,4.131499767303467,4.025000095367432,4.03000020980835,135524000,3.9925714901515414,47.201759030763384
2009-09-10,4.192500114440918,4.203499794006348,4.114999771118164,4.116499900817871,140462000,4.01157147543771,49.14893012610146
2009-09-11,4.227000236511231,4.244999885559082,4.188000202178955,4.2220001220703125,120138000,4.050000088555472,48.34295710390931
2009-09-14,4.192999839782715,4.228499889373779,4.172999858856201,4.190499782562256,71440000,4.090857199260166,47.72403698300007
2009-09-15,4.177499771118164,4.2204999923706055,4.139500141143799,4.208499908447266,88936000,4.127214295523507,47.72403698300007
2009-09-16,4.534999847412109,4.548999786376953,4.295000076293945,4.295499801635742,262286000,4.211714267730713,65.9371954550321
2009-09-17,4.521999835968018,4.559500217437744,4.449999809265137,4.537499904632568,157454000,4.279857090541294,64.61610876520379
2009-09-18,4.513999938964844,4.550000190734863,4.473499774932861,4.537000179290772,135390000,4.337285654885428,69.20325379070705
2009-09-21,4.527999877929688,4.538000106811523,4.423999786376953,4.484499931335449,84186000,4.385214192526681,75.61505166991942
2009-09-22,4.6875,4.709499835968018,4.554999828338623,4.572999954223633,165298000,4.450999873025077,87.5064078786691
2009-09-23,4.61899995803833,4.724999904632568,4.611000061035156,4.640999794006348,113706000,4.511857032775879,85.95956423858789
2009-09-24,4.605500221252441,4.635499954223633,4.53849983215332,4.599999904632568,101502000,4.572999954223633,84.55695328470637
2009-09-25,4.526000022888184,4.612500190734863,4.487500190734863,4.572000026702881,85136000,4.571714265005929,77.83084571673837
2009-09-28,4.610499858856201,4.640500068664551,4.53000020980835,4.552000045776367,70160000,4.584357125418527,77.46476524754988
2009-09-29,4.585999965667725,4.616499900817871,4.505000114440918,4.5980000495910645,87878000,4.594642843518939,74.01214557295312
2009-09-30,4.668000221252441,4.708499908447266,4.571499824523926,4.61299991607666,170784000,4.614642892565046,74.05158424648675
2009-10-01,4.552000045776367,4.644999980926514,4.518499851226807,4.625,132902000,4.595285756247384,65.1868977706316
2009-10-02,4.492499828338623,4.557000160217285,4.479000091552734,4.502500057220459,100788000,4.577214309147426,63.669550902725696
2009-10-05,4.433499813079834,4.546500205993652,4.41349983215332,4.512499809265137,140570000,4.552642822265625,61.237925746559675
2009-10-06,4.545499801635742,4.553999900817871,4.420000076293945,4.46649980545044,139274000,4.555428504943848,50.58757416722969
2009-10-07,4.698500156402588,4.723999977111816,4.557499885559082,4.574999809265137,148902000,4.567999976021903,58.538955286683446
2009-10-08,4.761000156402588,4.835999965667725,4.71150016784668,4.739999771118164,193486000,4.593000003269741,61.35110485457573
2009-10-09,4.7855000495910645,4.797500133514404,4.7129998207092285,4.75,93880000,4.609785693032401,61.72052803223301
2009-10-12,4.679999828338623,4.8125,4.653500080108643,4.808499813079834,111828000,4.628071376255581,49.64096861094638
2009-10-13,4.741499900817871,4.762499809265137,4.684000015258789,4.691500186920166,94400000,4.663642815181187,55.9036068162609
2009-10-14,4.873000144958496,4.890999794006348,4.801000118255615,4.810999870300293,111136000,4.726428576878139,61.575058743132196
2009-10-15,4.80049991607666,4.853000164031982,4.754000186920166,4.756499767303467,124842000,4.762857164655413,61.95035087034612
2009-10-16,4.765999794006348,4.806000232696533,4.680500030517578,4.764999866485596,140768000,4.772499970027378,57.077819618227
2009-10-19,4.734000205993652,4.814000129699707,4.712500095367432,4.767499923706055,120348000,4.768642834254673,56.690780110655396
2009-10-20,4.749000072479248,4.804999828338623,4.713500022888184,4.795499801635742,155552000,4.7634285518101285,53.89796795969421
2009-10-21,4.671000003814697,4.831500053405762,4.645500183105469,4.763500213623047,155224000,4.762142862592425,55.94404861543474
2009-10-22,4.672500133514404,4.704999923706055,4.585000038146973,4.683000087738037,330370000,4.752285752977643,59.54401663416963
2009-10-23,5.924499988555908,5.982500076293945,5.531000137329102,5.552499771118164,1166116000,4.902500016348703,84.90167915387325
2009-10-26,6.23199987411499,6.283999919891357,5.924499988555908,5.9604997634887695,645424000,5.107000010354178,86.16769652425366
2009-10-27,6.103499889373779,6.2129998207092285,5.9710001945495605,6.146500110626221,406084000,5.298071452549526,80.45079400512182
2009-10-28,6.081999778747559,6.25600004196167,6.038000106811523,6.078499794006348,337754000,5.490642820085798,79.14826708853914
2009-10-29,6.129000186920166,6.215000152587891,6.00600004196167,6.195000171661377,256436000,5.687785693577358,79.35328110108611
2009-10-30,5.940499782562256,6.144999980926514,5.9105000495910645,6.098499774932861,266244000,5.869142804827009,76.5759949233904
2009-11-02,5.941999912261963,5.974999904632568,5.8354997634887695,5.933000087738037,225600000,6.05049991607666,75.96797487565416
2009-11-03,5.918499946594238,5.943999767303467,5.831500053405762,5.883500099182129,189570000,6.049642767224993,73.72360896033737
2009-11-04,5.855000019073486,5.962500095367432,5.8379998207092285,5.949999809265137,152350000,5.995785645076206,74.0259714862519
2009-11-05,6.0304999351501465,6.047500133514404,5.8125,5.873000144958496,181736000,5.985357080187116,77.07129118015705
2009-11-06,6.309999942779541,6.348999977111816,6.133500099182129,6.150000095367432,264520000,6.017928532191685,80.50714932494239
2009-11-09,6.333499908447266,6.415999889373779,6.2795000076293945,6.355500221252441,172484000,6.047142778124128,80.57108569983906
2009-11-10,6.507500171661377,6.5304999351501465,6.300000190734863,6.340000152587891,210586000,6.128142833709717,84.16743285869053
2009-11-11,6.495500087738037,6.565499782562256,6.416500091552734,6.553999900817871,148684000,6.207214287349156,83.78427243829131
2009-11-12,6.526500225067139,6.607500076293945,6.499000072479248,6.499000072479248,144202000,6.2940714699881415,70.37913850413366
2009-11-13,6.648499965667725,6.649499893188477,6.487500190734863,6.558000087738037,147536000,6.40742860521589,66.12465174116494
2009-11-16,6.579500198364258,6.728000164031982,6.548999786376953,6.605999946594238,180366000,6.485857214246478,69.31818137836035
2009-11-17,6.5625,6.59250020980835,6.466000080108643,6.570000171661377,154960000,6.521928650992257,69.57229584004077
2009-11-18,6.564499855041504,6.570499897003174,6.476500034332275,6.545000076293945,104270000,6.554928643362863,68.4143566450514
2009-11-19,6.44950008392334,6.526999950408936,6.423999786376953,6.526999950408936,119964000,6.546642916543143,72.94862153610397
2009-11-20,6.482999801635742,6.499499797821045,6.370500087738037,6.388000011444092,133052000,6.544857161385672,73.70728366060709
2009-11-23,6.650000095367432,6.650000095367432,6.550000190734863,6.552499771118164,137562000,6.5625,78.47412809679741
2009-11-24,6.646999835968018,6.71649980545044,6.611000061035156,6.678500175476074,146394000,6.5622856957571845,82.35293430165561
2009-11-25,6.701499938964844,6.710000038146973,6.619999885559082,6.665500164031982,101424000,6.579714230128697,80.41704007376924
2009-11-27,6.586999893188477,6.650000095367432,6.49399995803833,6.514999866485596,88452000,6.5832142148699075,64.76545259614392
2009-11-30,6.795499801635742,6.803999900817871,6.607999801635742,6.609499931335449,202390000,6.616214207240513,70.56989463725986
2009-12-01,6.925000190734863,6.96750020980835,6.787499904632568,6.8470001220703125,193152000,6.684142793927874,69.3555824861757
2009-12-02,7.112500190734863,7.133500099182129,6.947999954223633,6.957499980926514,235960000,6.774071420942034,74.60127635675171
2009-12-03,7.058499813079834,7.295499801635742,7.03849983215332,7.181000232696533,330470000,6.832428523472378,70.83004737750852
2009-12-04,6.879000186920166,7.172500133514404,6.755499839782715,7.171000003814697,296548000,6.865571430751255,58.636199596233894
2009-12-07,6.7104997634887695,6.949999809265137,6.691999912261963,6.900000095367432,156740000,6.86685711996896,54.567624707463594
2009-12-08,6.70550012588501,6.803999900817871,6.643499851226807,6.715000152587891,160056000,6.883785724639893,55.02813237827327
2009-12-09,6.565499782562256,6.735499858856201,6.491000175476074,6.730000019073486,252658000,6.850928579057966,50.03204894058154
2009-12-10,6.769000053405762,6.809500217437744,6.619999885559082,6.620500087738037,226872000,6.828642845153809,59.69061871051309
2009-12-11,6.707499980926514,6.814499855041504,6.659999847412109,6.803500175476074,160934000,6.7707856723240445,56.6954949245978
2009-12-14,6.568999767303467,6.630499839782715,6.46750020980835,6.625,200458000,6.7008570943559915,47.542468266345686
2009-12-15,6.511499881744385,6.623000144958496,6.479499816894531,6.538000106811523,148576000,6.648357050759452,46.02056237893527
2009-12-16,6.418000221252441,6.572500228881836,6.382500171661377,6.546500205993652,205226000,6.606571401868548,41.86047721477951
2009-12-17,6.3454999923706055,6.504000186920166,6.34499979019165,6.4679999351501465,169530000,6.55514281136649,42.89497636437912
2009-12-18,6.423999786376953,6.439499855041504,6.28249979019165,6.395500183105469,192108000,6.534928526197161,38.16502718228445
2009-12-21,6.639500141143799,6.659999847412109,6.509500026702881,6.52400016784668,189472000,6.516428538731167,41.377230555466745
2009-12-22,6.6875,6.799499988555908,6.632500171661377,6.688000202178955,165150000,6.513571398598807,35.982850226654804
2009-12-23,6.947000026702881,6.952499866485596,6.71750020980835,6.739999771118164,190922000,6.567571435655866,46.76155211497935
2009-12-24,6.923500061035156,6.985000133514404,6.876999855041504,6.960000038146973,102576000,6.626428604125977,51.42126647036803
2009-12-28,6.965499877929688,7.098999977111816,6.926499843597412,6.987500190734863,175278000,6.704642840794155,58.86032284424229
2009-12-29,6.9704999923706055,7.129000186920166,6.927499771118164,7.064499855041504,168012000,6.7939285550798685,59.207774662560816
2009-12-30,6.82450008392334,6.920000076293945,6.763999938964844,6.920000076293945,138264000,6.851142883300781,58.96194707933151
2009-12-31,6.72599983215332,6.863999843597412,6.72599983215332,6.854499816894531,90460000,6.863499982016427,48.39551431507688
2010-01-04,6.695000171661377,6.83050012588501,6.6570000648498535,6.8125,151998000,6.86457143511091,49.522725783076375
2010-01-05,6.734499931335449,6.77400016784668,6.590499877929688,6.671500205993652,177038000,6.834214278629848,56.83602897816554
2010-01-06,6.612500190734863,6.736499786376953,6.582499980926514,6.730000019073486,143576000,6.789785725729806,53.96079909733731
2010-01-07,6.5,6.616000175476074,6.440000057220459,6.600500106811523,220604000,6.7232857431684225,53.168462115020226
2010-01-08,6.676000118255615,6.684000015258789,6.451499938964844,6.527999877929688,196610000,6.681214332580566,61.824695156800146
2010-01-11,6.515500068664551,6.639999866485596,6.4604997634887695,6.63100004196167,175588000,6.637071473257882,53.09227082162323
2010-01-12,6.367499828338623,6.491000175476074,6.327499866485596,6.44950008392334,181926000,6.5858571869986395,40.36825884833671
2010-01-13,6.45550012588501,6.485499858856201,6.287499904632568,6.394999980926514,214464000,6.551642894744873,42.01102439520995
2010-01-14,6.367499828338623,6.519000053405762,6.320000171661377,6.456999778747559,195498000,6.499214308602469,27.37211980022373
2010-01-15,6.35699987411499,6.482500076293945,6.353000164031982,6.459000110626221,307530000,6.462714263371059,27.652859648905007
2010-01-19,6.380499839782715,6.400000095367432,6.21649980545044,6.315499782562256,177852000,6.445642811911447,26.581273784581114
2010-01-20,6.289000034332275,6.460000038146973,6.254000186920166,6.356500148773193,181494000,6.390357085636684,24.48521769370815
2010-01-21,6.330999851226807,6.40749979019165,6.25,6.36299991607666,199412000,6.3639999117170065,29.963452168960245
2010-01-22,6.071499824523926,6.383500099182129,6.038000106811523,6.28000020980835,231378000,6.321714196886335,26.499100772390634
2010-01-25,6.015500068664551,6.113999843597412,5.906000137329102,6.105000019073486,240478000,6.258857045854841,26.03174272121123
2010-01-26,5.973999977111816,6.14900016784668,5.953000068664551,6.027999877929688,191180000,6.202642781393869,23.212406967229086
2010-01-27,6.137499809265137,6.166500091552734,5.940000057220459,6.051499843597412,295306000,6.171285629272461,33.744002819898554
2010-01-28,6.301499843597412,6.360000133514404,6.139999866485596,6.221499919891357,545862000,6.159999915531704,43.43801259984811
2010-01-29,6.270500183105469,6.59250020980835,6.206999778747559,6.488500118255615,589426000,6.15735707964216,35.17367509863644
2010-02-01,5.94350004196167,6.243000030517578,5.690999984741211,6.158999919891357,755488000,6.101999964032855,31.355930359390385
2010-02-02,5.906000137329102,5.948999881744385,5.71999979019165,5.939499855041504,461594000,6.0783571515764505,33.789960456169325
2010-02-03,5.954999923706055,5.980500221252441,5.828000068664551,5.855999946594238,248118000,6.069714273725237,31.924863225653127
2010-02-04,5.796999931335449,6.016499996185303,5.787000179290772,5.932000160217285,255680000,6.044428552900042,30.38843656617945
2010-02-05,5.869500160217285,5.882500171661377,5.704999923706055,5.794000148773193,220496000,6.0061428887503485,33.92680442809534
2010-02-08,5.84149980545044,6.050000190734863,5.828000068664551,5.968999862670898,197804000,5.940428597586496,32.28138606989164
2010-02-09,5.901500225067139,5.954500198364258,5.849999904632568,5.909999847412109,184460000,5.887714317866734,36.99228609076135
2010-02-10,5.868000030517578,5.930500030517578,5.800000190734863,5.900000095367432,124664000,5.876928601946149,34.368680339858244
2010-02-11,6.004499912261963,6.020999908447266,5.824999809265137,5.860499858856201,166870000,5.89099999836513,47.53314070239714
2010-02-12,5.982999801635742,5.997000217437744,5.875,5.94950008392334,161470000,5.894999980926514,48.77218543714436
2010-02-16,5.876500129699707,6.025000095367432,5.859000205993652,6.002999782562256,178654000,5.906357152121408,46.48902295961119
2010-02-17,5.815499782562256,5.856500148773193,5.777500152587891,5.853499889373779,178896000,5.898642812456403,37.480565930486364
2010-02-18,5.90399980545044,5.92549991607666,5.741000175476074,5.791999816894531,196002000,5.907571383884976,33.581172959626656
2010-02-19,5.875999927520752,5.954500198364258,5.849999904632568,5.895500183105469,142312000,5.903928484235491,33.664598333618315
2010-02-22,5.9004998207092285,5.948500156402588,5.809000015258789,5.868500232696533,136146000,5.908571311405727,47.62429897087554
2010-02-23,5.861999988555908,5.962500095367432,5.825500011444092,5.9004998207092285,141364000,5.888214179447719,47.57173736500807
2010-02-24,5.986000061035156,5.989999771118164,5.857500076293945,5.8979997634887695,147798000,5.88864278793335,51.58002593680674
2010-02-25,5.909999847412109,5.916999816894531,5.792500019073486,5.9085001945495605,190668000,5.893428461892264,56.28474833743692
2010-02-26,5.920000076293945,5.971499919891357,5.849999904632568,5.894000053405762,114432000,5.908357075282505,53.01852052420665
2010-03-01,6.227000236511231,6.232999801635742,5.876500129699707,5.934999942779541,265930000,5.9544999940054755,67.27925193694895
2010-03-02,6.276500225067139,6.367499828338623,6.239999771118164,6.250500202178955,241950000,6.011714322226388,66.96831817667906
2010-03-03,6.29449987411499,6.3470001220703125,6.221499919891357,6.269999980926514,128808000,6.068000044141497,69.57319242820193
2010-03-04,6.426499843597412,6.442500114440918,6.278500080108643,6.298999786376953,150194000,6.148642880575998,69.4470007603025
2010-03-05,6.445499897003174,6.472499847412109,6.353499889373779,6.456500053405762,135386000,6.214285714285714,71.36259138644863
2010-03-08,6.505499839782715,6.542500019073486,6.385499954223633,6.414999961853027,112118000,6.29935714176723,80.35712148758424
2010-03-09,6.440999984741211,6.540500164031982,6.398499965667725,6.479499816894531,121416000,6.373785700116839,80.08659676723134
2010-03-10,6.5254998207092285,6.558499813079834,6.423999786376953,6.45550012588501,112514000,6.4164284978594095,80.00967028918762
2010-03-11,6.678999900817871,6.681000232696533,6.51800012588501,6.522500038146973,144816000,6.473928451538086,84.5822622292737
2010-03-12,6.591000080108643,6.710000038146973,6.559000015258789,6.710000038146973,123016000,6.516285623822894,78.1951991501432
2010-03-15,6.55649995803833,6.599999904632568,6.43149995803833,6.585000038146973,126584000,6.534857068743024,78.45145324964233
2010-03-16,6.589499950408936,6.614500045776367,6.525000095367432,6.561999797821045,82650000,6.555428504943848,76.71535795718641
2010-03-17,6.566999912261963,6.634500026702881,6.560999870300293,6.620500087738037,87176000,6.56421422958374,80.52975025869304
2010-03-18,6.638000011444092,6.642499923706055,6.521999835968018,6.551000118255615,100426000,6.592357090541294,81.57432644106987
2010-03-19,6.517499923706055,6.685500144958496,6.482999801635742,6.685500144958496,178100000,6.59121424811227,65.28142185334974
2010-03-22,6.523499965667725,6.547999858856201,6.432000160217285,6.510000228881836,107668000,6.568999971662249,63.616309415408914
2010-03-23,6.4629998207092285,6.546999931335449,6.403500080108643,6.54449987411499,84262000,6.550714220319476,58.873087504005014
2010-03-24,6.401999950408936,6.46999979019165,6.360000133514404,6.432000160217285,93928000,6.528642790658133,48.605583744222095
2010-03-25,6.736499786376953,6.8454999923706055,6.401999950408936,6.456999778747559,324192000,6.549642767224993,62.185927390546084
2010-03-26,6.752999782562256,6.849500179290772,6.688000202178955,6.744999885559082,131314000,6.576214177267892,60.756192149033495
2010-03-29,6.75600004196167,6.831500053405762,6.71649980545044,6.768499851226807,92538000,6.593071324484689,64.4628095554819
2010-03-30,6.828999996185303,6.9095001220703125,6.76800012588501,6.787000179290772,123854000,6.637571334838867,64.08353033745456
2010-03-31,6.78849983215332,6.840000152587891,6.723999977111816,6.800000190734863,92012000,6.675428458622524,55.67651025557867
2010-04-01,6.590499877929688,6.825500011444092,6.559000015258789,6.789999961853027,175716000,6.693642752511161,49.97672396845469
2010-04-05,6.57450008392334,6.686999797821045,6.539000034332275,6.642499923706055,116330000,6.718285628727505,50.85227849993205
2010-04-06,6.777999877929688,6.800000190734863,6.559000015258789,6.561500072479248,159006000,6.7242142132350375,57.68446482854663
2010-04-07,6.743500232696533,6.803999900817871,6.692999839782715,6.797999858856201,118908000,6.7228571346827914,57.125570106440414
2010-04-08,7.047999858856201,7.0625,6.735499858856201,6.735499858856201,253782000,6.764571394239153,63.92663311959873
2010-04-09,7.002999782562256,7.066500186920166,6.953499794006348,7.035999774932861,120222000,6.789428506578718,67.38274801095787
2010-04-12,7.059999942779541,7.145500183105469,6.984000205993652,7.0,108906000,6.828214236668178,68.53196012947576
2010-04-13,7.007999897003174,7.098999977111816,6.955999851226807,7.061500072479248,95710000,6.887857096535819,68.93677513420373
2010-04-14,7.214000225067139,7.224999904632568,6.960000038146973,7.017000198364258,158006000,6.979214259556362,75.63132772688299
2010-04-15,7.290999889373779,7.354499816894531,7.199999809265137,7.227499961853027,156592000,7.052499975476946,70.90087930029823
2010-04-16,7.108500003814697,7.358500003814697,7.072500228881836,7.24399995803833,167936000,7.104642799922398,61.90956032559764
2010-04-19,7.121500015258789,7.183499813079834,6.956500053405762,7.117499828338623,120440000,7.115142822265625,62.16306793243601
2010-04-20,7.210000038146973,7.23199987411499,7.105000019073486,7.191500186920166,86234000,7.144714287349156,62.54941534015501
2010-04-21,7.321499824523926,7.449999809265137,7.176000118255615,7.258500099182129,147488000,7.18207141331264,66.77156691989968
2010-04-22,7.504499912261963,7.554500102996826,7.294000148773193,7.350500106811523,303316000,7.252999986921038,79.03432836046967
2010-04-23,7.18149995803833,7.454500198364258,7.120999813079834,7.269000053405762,379504000,7.248357091631208,66.13503903044584
2010-04-26,7.355500221252441,7.386499881744385,7.144999980926514,7.159999847412109,186366000,7.257571424756732,65.59547613676045
2010-04-27,7.10099983215332,7.322000026702881,7.055500030517578,7.277500152587891,172780000,7.256499971662249,58.62900186936713
2010-04-28,6.96750020980835,7.137499809265137,6.934500217437744,7.129499912261963,184706000,7.234499999455044,47.88214584465524
2010-04-29,7.08650016784668,7.122499942779541,6.989500045776367,7.004499912261963,126284000,7.216857160840716,52.114468921304855
2010-04-30,6.855000019073486,7.070000171661377,6.8454999923706055,7.070000171661377,122270000,7.150214331490653,45.23034184051585
2010-05-03,6.874499797821045,6.9720001220703125,6.805500030517578,6.860000133514404,113092000,7.06021431514195,46.84620587200261
2010-05-04,6.491499900817871,6.790500164031982,6.419000148773193,6.781000137329102,253356000,6.96164287839617,34.248953754373616
2010-05-05,6.546500205993652,6.58050012588501,6.377500057220459,6.400000095367432,189162000,6.846071447644915,33.612158328821764
2010-05-06,6.435500144958496,6.616499900817871,6.03000020980835,6.5,203780000,6.75100006375994,34.704550651478684
2010-05-07,6.249000072479248,6.559000015258789,6.188000202178955,6.398499965667725,238552000,6.6483571869986395,31.619974401271634
2010-05-10,6.564499855041504,6.610499858856201,6.4629998207092285,6.486499786376953,136122000,6.573785713740757,37.58892219587491
2010-05-11,6.5229997634887695,6.65399980545044,6.423500061035156,6.497499942779541,120882000,6.526357105800083,34.222487037493465
2010-05-12,6.69350004196167,6.706500053405762,6.484000205993652,6.570499897003174,118090000,6.500499997820173,33.89595559620727
2010-05-13,6.573500156402588,6.849500179290772,6.550000190734863,6.696499824523926,118804000,6.512214320046561,36.86825785370186
2010-05-14,6.426499843597412,6.550000190734863,6.3379998207092285,6.51800012588501,105556000,6.4950714111328125,29.698423499229406
2010-05-17,6.445499897003174,6.497499942779541,6.289999961853027,6.412000179290772,112844000,6.496499947139195,34.03167220556615
2010-05-18,6.314000129699707,6.5625,6.2754998207092285,6.506999969482422,105138000,6.505785669599261,34.06486332879945
2010-05-19,6.229499816894531,6.396500110626221,6.190000057220459,6.2754998207092285,129266000,6.45792852129255,28.745038861267886
2010-05-20,5.985499858856201,6.25,5.939000129699707,6.131999969482422,171888000,6.381142820630755,28.567909255927376
2010-05-21,6.136000156402588,6.248499870300293,5.875999927520752,5.894999980926514,159338000,6.3014999798366,32.901151342010536
2010-05-24,6.105999946594238,6.224999904632568,6.03249979019165,6.128499984741211,90718000,6.234714235578265,39.33020598082412
2010-05-25,6.243000030517578,6.259500026702881,5.925000190734863,5.927000045776367,138268000,6.20849997656686,41.96452242837599
2010-05-26,6.1605000495910645,6.289500236511231,6.114999771118164,6.252500057220459,139292000,6.167785712650844,42.60752863905371
2010-05-27,6.335000038146973,6.34250020980835,6.03000020980835,6.249000072479248,94954000,6.170785699571882,52.32683763471352
2010-05-28,6.2729997634887695,6.380000114440918,6.200500011444092,6.303500175476074,79096000,6.176999977656773,40.859209213639595
2010-06-01,6.162000179290772,6.328499794006348,6.151000022888184,6.248499870300293,73190000,6.202214309147426,39.15266316546901
2010-06-02,6.315499782562256,6.321499824523926,6.082499980926514,6.201000213623047,95294000,6.2278571128845215,38.52458446848734
2010-06-03,6.438000202178955,6.457499980926514,6.242499828338623,6.3125,105538000,6.275285720825195,45.89269825228213
2010-06-04,6.138500213623047,6.409999847412109,6.109000205993652,6.316500186920166,109954000,6.260357175554548,42.00889160795952
2010-06-07,6.100500106811523,6.33050012588501,6.083499908447266,6.291999816894531,131328000,6.251785755157471,40.52719162379889
2010-06-08,5.941999912261963,6.099999904632568,5.789999961853027,6.099999904632568,229688000,6.19564288003104,39.93506451618728
2010-06-09,5.895500183105469,6.073500156402588,5.868000030517578,6.015500068664551,147384000,6.141714368547712,40.77349291831121
2010-06-10,6.1605000495910645,6.175000190734863,5.960000038146973,6.0,121236000,6.141500064304897,54.77881374603309
2010-06-11,6.151500225067139,6.176499843597412,6.014500141143799,6.069499969482422,84092000,6.118071556091309,50.45871766778488
2010-06-14,6.191500186920166,6.284999847412109,6.175000190734863,6.211999893188477,78460000,6.082857268197196,52.51545337137557
2010-06-15,6.3420000076293945,6.3460001945495605,6.125,6.159999847412109,90820000,6.11192866734096,52.88966768919003
2010-06-16,6.34499979019165,6.39900016784668,6.26800012588501,6.269499778747559,79286000,6.14685719353812,55.647377934294234
2010-06-17,6.29449987411499,6.389999866485596,6.234499931335449,6.336999893188477,69580000,6.197214330945696,48.65848993365973
2010-06-18,6.291500091552734,6.374000072479248,6.253499984741211,6.323999881744385,76720000,6.2537857464381625,50.63772306664615
2010-06-21,6.127500057220459,6.374000072479248,6.070499897003174,6.339499950408936,106554000,6.249071461813791,48.852672287862006
2010-06-22,6.115499973297119,6.261499881744385,6.077499866485596,6.132500171661377,124144000,6.2439285687037875,42.65786046381358
2010-06-23,6.072500228881836,6.160999774932861,6.001999855041504,6.105500221252441,109102000,6.226928574698312,35.750475443328824
2010-06-24,5.916500091552734,6.042500019073486,5.840000152587891,6.0304999351501465,155422000,6.166142872401646,40.25459526578567
2010-06-25,6.050000190734863,6.0879998207092285,5.881499767303467,5.9070000648498535,115394000,6.124000072479248,47.954639210299845
2010-06-28,5.889999866485596,6.001999855041504,5.855000019073486,5.942500114440918,112244000,6.06621435710362,47.896436758461746
2010-06-29,5.430500030517578,5.823999881744385,5.30049991607666,5.813000202178955,257326000,5.943214348384312,35.90053443957294
2010-06-30,5.4629998207092285,5.633999824523926,5.4054999351501465,5.428999900817871,194814000,5.8482857431684225,25.379433342736547
2010-07-01,5.547999858856201,5.584499835968018,5.335000038146973,5.445000171661377,170596000,5.767214298248291,29.782223503018216
2010-07-02,5.456999778747559,5.564499855041504,5.427999973297119,5.546000003814697,89542000,5.679285662514823,26.206651749345752
2010-07-06,5.502999782562256,5.626500129699707,5.449999809265137,5.53249979019165,104386000,5.620214189801898,20.847796127047474
2010-07-07,5.671500205993652,5.68149995803833,5.490499973297119,5.492000102996826,98820000,5.566142763410296,29.012170118348905
2010-07-08,5.810999870300293,5.874000072479248,5.703499794006348,5.750999927520752,135500000,5.554857049669538,35.72483047432836
2010-07-09,5.86299991607666,5.869999885559082,5.732500076293945,5.827499866485596,81302000,5.61664274760655,37.704444750933696
2010-07-12,5.975500106811523,5.985000133514404,5.866000175476074,5.890500068664551,95672000,5.6898570741925925,45.505620670645484
2010-07-13,6.182499885559082,6.24399995803833,6.014999866485596,6.0345001220703125,141822000,5.7804999351501465,51.7762435499942
2010-07-14,6.164999961853027,6.1875,6.073500156402588,6.151500225067139,105140000,5.881642818450928,52.48588326474875
2010-07-15,6.103000164031982,6.124000072479248,5.9629998207092285,6.006499767303467,120954000,5.967357158660889,55.27880194967418
2010-07-16,5.924499988555908,6.0960001945495605,5.9004998207092285,6.064000129699707,124558000,6.003499984741211,46.53601443120028
2010-07-19,5.997000217437744,6.037000179290772,5.849999904632568,5.919000148773193,100618000,6.030071462903704,53.103258479486875
2010-07-20,6.005000114440918,6.0355000495910645,5.875500202178955,6.0304999351501465,135700000,6.0503572055271695,72.57367649119809
2010-07-21,5.871500015258789,6.0625,5.86299991607666,6.031000137329102,100234000,6.0355000495910645,64.87077143449315
2010-07-22,6.003499984741211,6.043499946594238,5.901000022888184,5.935500144958496,300068000,6.009928635188511,66.03308822912348
2010-07-23,5.94350004196167,5.964000225067139,5.289999961853027,5.296500205993652,848422000,5.978285789489746,67.50630492248952
2010-07-26,5.920000076293945,5.929999828338623,5.74399995803833,5.913000106811523,222756000,5.952142919812884,65.25238706337748
2010-07-27,5.856500148773193,5.925000190734863,5.753499984741211,5.921500205993652,155922000,5.942428656986782,57.3296355141776
2010-07-28,5.856500148773193,5.909999847412109,5.820000171661377,5.849999904632568,109446000,5.922357218606131,52.02673856535941
2010-07-29,5.8429999351501465,5.94350004196167,5.776000022888184,5.899499893188477,123516000,5.899214335850307,49.077491748826496
2010-07-30,5.894499778747559,5.936999797821045,5.725500106811523,5.776500225067139,141550000,5.902500016348703,46.04103876878101
2010-08-02,6.003499984741211,6.019000053405762,5.878499984741211,5.957499980926514,108874000,5.902500016348703,40.324331680641855
2010-08-03,6.120999813079834,6.143499851226807,5.984000205993652,6.0,119076000,5.9278571265084405,47.85365147905569
2010-08-04,6.379000186920166,6.423500061035156,6.150000095367432,6.152999877929688,185416000,5.993428570883615,61.302206024781455
2010-08-05,6.391499996185303,6.400000095367432,6.290999889373779,6.338500022888184,85646000,6.069857120513916,72.13269538114419
2010-08-06,6.415999889373779,6.420000076293945,6.295000076293945,6.335999965667725,101304000,6.149785654885428,70.80435375541236
2010-08-09,6.441500186920166,6.496500015258789,6.392499923706055,6.422999858856201,101716000,6.235285690852574,71.30307051369469
2010-08-10,6.5,6.5,6.36899995803833,6.397500038146973,114138000,6.321785722460065,83.09636277988757
2010-08-11,6.29449987411499,6.406000137329102,6.260000228881836,6.40500020980835,110834000,6.363357135227749,64.22286515206814
2010-08-12,6.328000068664551,6.349999904632568,6.177499771118164,6.188000202178955,87358000,6.392928600311279,69.29251564613676
2010-08-13,6.234499931335449,6.374000072479248,6.2129998207092285,6.302999973297119,79532000,6.37228570665632,64.74447535426319
2010-08-16,6.303500175476074,6.368500232696533,6.151999950408936,6.180500030517578,80494000,6.359714303697858,70.84886277555447
2010-08-17,6.442999839782715,6.499000072479248,6.339499950408936,6.367000102996826,100894000,6.363571439470563,74.20550470126159
2010-08-18,6.482500076293945,6.540500164031982,6.413000106811523,6.462500095367432,158030000,6.36942856652396,75.83837560259661
2010-08-19,6.378499984741211,6.500999927520752,6.341000080108643,6.460999965667725,111650000,6.352071421486991,68.75968459277397
2010-08-20,6.388000011444092,6.401999950408936,6.301000118255615,6.360000133514404,83402000,6.365428583962577,66.1486681611961
2010-08-23,6.329999923706055,6.460999965667725,6.324999809265137,6.39300012588501,77226000,6.365714277539935,59.239607720623425
2010-08-24,6.226500034332275,6.271999835968018,6.158999919891357,6.270500183105469,107394000,6.36457143511091,42.19149653054149
2010-08-25,6.34250020980835,6.368500232696533,6.191500186920166,6.192500114440918,106890000,6.370142868586949,47.73149321434784
2010-08-26,6.243000030517578,6.379499912261963,6.241000175476074,6.357500076293945,93890000,6.341571467263358,42.51083616511017
2010-08-27,6.331999778747559,6.331999778747559,6.112500190734863,6.2729997634887695,101600000,6.320071424756732,45.50675613538646
2010-08-30,6.189499855041504,6.347499847412109,6.184500217437744,6.301499843597412,68520000,6.293071406228202,38.08061527152063
2010-08-31,6.241499900817871,6.295000076293945,6.125,6.142499923706055,84512000,6.272142818995884,47.693649105318705
2010-09-01,6.624499797821045,6.630000114440918,6.308499813079834,6.317999839782715,142766000,6.31421422958374,59.89321523091037
2010-09-02,6.760499954223633,6.760499954223633,6.602499961853027,6.608500003814697,108148000,6.390499932425363,67.06683640126349
2010-09-03,6.939499855041504,6.974999904632568,6.831500053405762,6.8445000648498535,131624000,6.475785596030099,69.2610439354459
2010-09-07,6.861000061035156,6.929999828338623,6.8445000648498535,6.877999782562256,77660000,6.564071314675467,63.14465978421771
2010-09-08,6.956999778747559,6.985000133514404,6.822500228881836,6.896500110626221,116570000,6.653357028961182,64.40934734256984
2010-09-09,7.019000053405762,7.06850004196167,6.9629998207092285,7.019499778747559,99160000,6.7718570572989325,69.95949335488933
2010-09-10,7.122000217437744,7.130000114440918,7.001999855041504,7.037499904632568,100872000,6.897642816816058,71.61366978155354
2010-09-13,7.253499984741211,7.2870001792907715,7.188000202178955,7.203499794006348,101548000,6.987499986376081,76.06548834164535
2010-09-14,7.287499904632568,7.335000038146973,7.191500186920166,7.224999904632568,86388000,7.062785693577358,81.1692150283861
2010-09-15,7.272500038146973,7.281000137329102,7.177999973297119,7.24399995803833,98072000,7.1103571483067105,79.04435361733698
2010-09-16,7.406499862670898,7.411499977111816,7.257999897003174,7.269999980926514,116540000,7.188285691397531,85.57017863546645
2010-09-17,7.415999889373779,7.448999881744385,7.324999809265137,7.445000171661377,145192000,7.253857135772705,84.83292457909755
2010-09-20,7.565000057220459,7.597499847412109,7.367499828338623,7.434999942779541,128988000,7.3318571363176614,94.01601990234983
2010-09-21,7.536499977111816,7.665500164031982,7.480000019073486,7.538000106811523,150840000,7.3910713876996725,92.07278910468608
2010-09-22,7.591499805450439,7.635000228881836,7.454999923706055,7.492000102996826,132248000,7.439357076372419,89.92569842301104
2010-09-23,7.642499923706055,7.796000003814697,7.548500061035156,7.559999942779541,141312000,7.490071364811489,89.16520425240705
2010-09-24,8.036499977111816,8.044500350952148,7.770999908447266,7.771500110626221,211812000,7.5992142132350375,90.90232835990726
2010-09-27,7.968500137329102,8.0600004196167,7.894000053405762,8.01099967956543,128926000,7.679499966757638,91.61970569050914
2010-09-28,7.985000133514404,8.043999671936035,7.744500160217285,7.992000102996826,169884000,7.760785715920584,91.08714685556178
2010-09-29,7.94950008392334,8.08899974822998,7.887499809265137,7.951499938964844,145750000,7.815714291163853,87.99511051954819
2010-09-30,7.853000164031982,8.046500205993652,7.78000020980835,8.000499725341797,152120000,7.86092860358102,80.00822133397016
2010-10-01,7.685500144958496,7.872000217437744,7.610000133514404,7.854000091552734,173668000,7.874357223510742,67.22489075331163
2010-10-04,7.769499778747559,7.797999858856201,7.639500141143799,7.697500228881836,106930000,7.892500059945243,68.48159842906952
2010-10-05,8.043499946594238,8.060500144958496,7.850500106811523,7.854000091552734,112400000,7.893500055585589,74.66410889095528
2010-10-06,7.769999980926514,8.034000396728516,7.730000019073486,8.029999732971191,121216000,7.865142890385219,60.675481549551435
2010-10-07,7.813499927520752,7.869999885559082,7.66949987411499,7.825500011444092,92440000,7.840642860957554,61.44543872868306
2010-10-08,7.777500152587891,7.814000129699707,7.638999938964844,7.758999824523926,138368000,7.816071442195347,56.544507999911886
2010-10-11,7.651500225067139,7.831500053405762,7.617000102996826,7.744500160217285,89728000,7.787285736628941,53.34108944454958
2010-10-12,7.823999881744385,7.847499847412109,7.570000171661377,7.625500202178955,105616000,7.80707141331264,56.32309475123537
2010-10-13,7.758500099182129,7.839499950408935,7.692500114440918,7.834499835968018,112656000,7.805500030517578,53.130066237435734
2010-10-14,7.776500225067139,7.847499847412109,7.71150016784668,7.757999897003174,80482000,7.767357213156564,41.198376363321145
2010-10-15,8.232000350952148,8.244000434875488,7.837500095367432,7.921000003814697,202710000,7.8333572660173685,57.066246766738146
2010-10-18,8.178000450134277,8.259499549865723,8.090999603271484,8.25,126626000,7.885428769247873,55.07361772932633
2010-10-19,7.933499813079834,8.140000343322754,7.849999904632568,8.034000396728516,150500000,7.907714435032436,49.621026196232414
2010-10-20,7.933499813079834,7.993500232696533,7.828499794006348,7.939000129699707,115808000,7.948000090462821,51.998006017925015
2010-10-21,8.248499870300293,8.306500434875488,8.064499855041504,8.133500099182129,269650000,8.008642945970808,63.02034696634923
2010-10-22,8.456500053405762,8.508500099182129,8.113499641418457,8.1225004196167,326368000,8.108357225145612,65.02625107163195
2010-10-25,8.449999809265137,8.599499702453613,8.416000366210938,8.578499794006348,130618000,8.204571451459612,60.069353396161965
2010-10-26,8.4975004196167,8.550000190734863,8.375,8.378499984741211,93792000,8.242500032697405,70.29288825363838
2010-10-27,8.375499725341797,8.487500190734863,8.32699966430664,8.445500373840332,114436000,8.270714214869908,65.01868736102351
2010-10-28,8.342000007629395,8.424500465393066,8.2524995803833,8.415499687194824,93688000,8.329071385519844,65.10568243413604
2010-10-29,8.261500358581543,8.425000190734863,8.240500450134277,8.289999961853027,99970000,8.375928606305804,66.73065469456681
2010-11-01,8.128999710083008,8.229000091552734,8.076000213623047,8.22249984741211,104798000,8.358857154846191,58.552984346764724
2010-11-02,8.230500221252441,8.29699993133545,8.168000221252441,8.1875,85200000,8.326571464538574,62.97414283489823
2010-11-03,8.423500061035156,8.430500030517578,8.114500045776367,8.270000457763672,122242000,8.322785786220006,66.22364396336728
2010-11-04,8.446499824523926,8.626500129699707,8.420000076293945,8.493000030517578,147918000,8.315499986921038,56.868368110988825
2010-11-05,8.53849983215332,8.582500457763672,8.429499626159668,8.467499732971191,104244000,8.33878571646554,61.26910922966849
2010-11-08,8.599499702453613,8.65999984741211,8.439000129699707,8.541999816894531,114120000,8.375571387154716,73.51691540629943
2010-11-09,8.513500213623047,8.656999588012695,8.45300006866455,8.633500099182129,79572000,8.411571366446358,69.30758668857194
2010-11-10,8.666500091552734,8.668499946594238,8.470499992370605,8.529500007629395,108806000,8.488357135227748,65.597010304656
2010-11-11,8.518500328063965,8.602499961853027,8.470999717712402,8.550000190734863,113834000,8.529500007629395,52.421884429636016
2010-11-12,8.284000396728516,8.562999725341797,8.2524995803833,8.505999565124512,143212000,8.509571484157018,44.4960420628451
2010-11-15,7.945000171661377,8.267499923706055,7.927999973297119,8.258000373840332,192972000,8.437928676605225,34.64850648877464
2010-11-16,7.888999938964844,8.045499801635742,7.838500022888184,7.936999797821045,131428000,8.3451429775783,35.96769774650025
2010-11-17,7.917500019073486,8.042499542236328,7.877500057220459,7.892000198364258,90498000,8.247714451381139,37.720566510718704
2010-11-18,8.208499908447266,8.25,8.036999702453613,8.036999702453613,124506000,8.20414297921317,48.63330462637758
2010-11-19,8.241000175476074,8.249500274658203,8.142000198364258,8.197500228881836,89296000,8.143357276916504,53.04514629490476
2010-11-22,8.519499778747559,8.529999732971191,8.25,8.255000114440918,122850000,8.143500055585589,57.167651878398885
2010-11-23,8.40999984741211,8.440500259399414,8.230999946594238,8.430500030517578,129306000,8.161499977111816,49.65070579340812
2010-11-24,8.862500190734863,8.894499778747559,8.576499938964844,8.576499938964844,200850000,8.292571408408028,58.806106100932844
2010-11-26,8.859999656677246,8.918999671936035,8.807999610900879,8.868000030517578,85432000,8.431285653795515,57.07370339113572
2010-11-29,8.974499702453613,9.092000007629396,8.878499984741211,8.999500274658203,193900000,8.582285608564105,58.0610482708402
2010-11-30,8.770000457763672,8.885000228881836,8.744999885559082,8.84749984741211,135244000,8.662499972752162,55.24647673026837
2010-12-01,8.827500343322754,8.965999603271484,8.800000190734863,8.958000183105469,115402000,8.746285711015974,53.42699560108075
2010-12-02,8.826499938964844,8.8725004196167,8.696000099182129,8.843000411987305,110752000,8.7901428767613,56.99363134564621
2010-12-03,8.784000396728516,8.819999694824219,8.702500343322754,8.774999618530273,98150000,8.843571526663643,62.437809528960855
2010-12-06,8.90250015258789,8.921500205993652,8.729999542236328,8.776000022888184,113084000,8.849285806928362,76.75328609993517
2010-12-07,8.838500022888184,9.07349967956543,8.828499794006348,9.024999618530272,101542000,8.846214430672783,76.41169027198956
2010-12-08,8.814499855041504,8.907999992370605,8.760000228881836,8.874500274658203,74538000,8.82335730961391,75.01394210350372
2010-12-09,8.742500305175781,8.905500411987305,8.6899995803833,8.888500213623047,91110000,8.819428716387067,66.96317022305323
2010-12-10,8.781000137329102,8.797499656677246,8.668000221252441,8.744000434875488,71310000,8.812785829816546,67.0886175274589
2010-12-13,8.712499618530273,8.897000312805176,8.68649959564209,8.816499710083008,84050000,8.796500069754464,57.04379036148436
2010-12-14,8.696999549865723,8.788000106811523,8.654500007629395,8.71399974822998,73706000,8.784071377345494,61.24606964363524
2010-12-15,8.778499603271484,8.949999809265137,8.679499626159668,8.685999870300293,116210000,8.766357013157435,45.35908219621249
2010-12-16,8.902000427246094,8.914999961853027,8.751999855041504,8.779000282287598,82430000,8.77542849949428,52.04682113215824
2010-12-17,8.878999710083008,8.9375,8.85099983215332,8.920499801635742,90146000,8.784642764500209,44.89031988121176
2010-12-20,9.16450023651123,9.199000358581545,8.902000427246094,8.963500022888184,174706000,8.844928468976702,69.4238804091917
2010-12-21,9.237500190734863,9.282500267028809,9.130000114440918,9.194000244140623,102220000,8.910142762320381,69.88356131438445
2010-12-22,9.23799991607666,9.272500038146973,9.205499649047852,9.25,51562000,8.985214233398438,69.96600833457498
2010-12-23,9.12950038909912,9.24899959564209,9.094499588012695,9.217000007629396,67164000,9.047000067574638,65.75465421194755
2010-12-27,9.107000350952148,9.156999588012695,9.022500038146973,9.095000267028809,44988000,9.093928745814733,60.219883290661926
2010-12-28,9.054499626159668,9.138500213623049,9.052499771118164,9.104999542236328,39500000,9.115714345659528,60.92007667948515
2010-12-29,9.168499946594238,9.217499732971191,9.020500183105469,9.09000015258789,62402000,9.15707152230399,66.40404590354035
2010-12-30,9.137499809265137,9.227499961853027,9.137499809265137,9.196000099182127,39224000,9.15321431841169,69.0268966626088
2010-12-31,9.0,9.114999771118164,8.975500106811523,9.097999572753906,69038000,9.119285719735283,59.63057587688322
2011-01-03,9.211000442504885,9.300000190734863,9.060500144958496,9.068499565124512,106628000,9.115428652082171,69.4802542529531
2011-01-04,9.250499725341797,9.385000228881836,9.189000129699709,9.307499885559082,100636000,9.13271427154541,71.231273151349
2011-01-05,9.371000289916992,9.3725004196167,9.203499794006348,9.204999923706056,68376000,9.170428548540388,72.06702204137767
2011-01-06,9.29300022125244,9.37049961090088,9.262499809265137,9.324999809265137,63594000,9.204500062125069,65.07321664258578
2011-01-07,9.274499893188477,9.422499656677246,9.187000274658203,9.394000053405762,104434000,9.219642911638532,65.29979650051723
2011-01-10,9.234000205993652,9.26449966430664,9.125499725341797,9.251999855041504,67518000,9.23342868259975,53.31741904470567
2011-01-11,9.217000007629396,9.300000190734863,9.160499572753906,9.270999908447266,56284000,9.264428683689662,48.96620446605835
2011-01-12,9.20400047302246,9.269000053405762,9.164999961853027,9.267999649047852,53582000,9.263428688049316,48.306801764106254
2011-01-13,9.27649974822998,9.322500228881836,9.17549991607666,9.18000030517578,67340000,9.267142977033343,57.59293887226098
2011-01-14,9.4375,9.446999549865724,9.246000289916992,9.274999618530272,73256000,9.27664293561663,64.93445378151256
2011-01-18,9.5625,9.579999923706056,9.412500381469728,9.43299961090088,77924000,9.315142904009138,71.54369875213438
2011-01-19,9.343500137329102,9.550000190734863,9.310500144958496,9.545000076293944,77648000,9.325000081743513,56.81465212783102
2011-01-20,9.097999572753906,9.342499732971191,9.050000190734863,9.26449966430664,114198000,9.30557141985212,48.68200734300649
2011-01-21,8.871000289916992,9.162500381469728,8.842000007629395,9.149999618530272,136124000,9.256142888750349,45.938294603810625
2011-01-24,8.842499732971191,8.924500465393066,8.707500457763672,8.897500038146973,112006000,9.204499925885882,36.89075590338535
2011-01-25,8.835000038146973,8.837499618530273,8.71399974822998,8.774999618530273,93020000,9.141428538731166,34.87441840442325
2011-01-26,8.769499778747559,8.894499778747559,8.731499671936035,8.875499725341797,75244000,9.045999935695104,27.189961715587316
2011-01-27,9.22249984741211,9.25,8.865500450134277,8.87399959564209,291888000,8.997428485325404,47.918500385468164
2011-01-28,8.557000160217285,8.685500144958496,8.345000267028809,8.572500228881836,398164000,8.885071345738002,34.672077275159126
2011-01-31,8.482000350952148,8.571999549865723,8.370499610900879,8.508000373840332,134362000,8.79707145690918,34.168417747263774
2011-02-01,8.605500221252441,8.654999732971191,8.475500106811523,8.526000022888184,101718000,8.759142875671387,37.67882123257135
2011-02-02,8.67650032043457,8.760000228881836,8.543499946594238,8.571000099182129,90950000,8.73542867388044,39.61409132593631
2011-02-03,8.685500144958496,8.733499526977539,8.59749984741211,8.675000190734863,73578000,8.714071546282087,38.06543531229754
2011-02-04,8.796500205993652,8.85949993133545,8.6875,8.699999809265137,86956000,8.717928750174385,36.78895530191502
2011-02-07,8.821499824523926,8.8774995803833,8.738499641418457,8.807499885559082,105094000,8.660643032618932,34.07135831392296
2011-02-08,9.152999877929688,9.155500411987305,8.829500198364258,8.833000183105469,155898000,8.74578584943499,46.0939039919404
2011-02-09,9.265000343322754,9.32349967956543,9.11299991607666,9.157500267028809,166254000,8.857642991202217,53.62257738727917
2011-02-10,9.310500144958496,9.362000465393066,9.18000030517578,9.219499588012695,106628000,8.95835726601737,60.348478499773876
2011-02-11,9.462499618530272,9.475000381469728,9.268500328063965,9.277999877929688,89758000,9.070642880031041,63.79617757620589
2011-02-14,9.520999908447266,9.56999969482422,9.417499542236328,9.462499618530272,81226000,9.189999989100865,64.92602382028423
2011-02-15,9.451499938964844,9.524499893188477,9.412500381469728,9.43649959564209,77818000,9.283571379525322,64.81321523012684
2011-02-16,9.331000328063965,9.5,9.317500114440918,9.488499641418455,92564000,9.356357165745326,52.75452033223431
2011-02-17,9.387999534606934,9.454500198364258,9.26550006866455,9.28849983215332,68510000,9.389928545270648,80.52904120915696
2011-02-18,9.324999809265137,9.425000190734863,9.256500244140623,9.376999855041504,83572000,9.398499897548131,81.24539156905453
2011-02-22,9.020999908447266,9.236000061035156,8.965999603271484,9.184000015258787,112742000,9.357142720903669,63.582876863938345
2011-02-23,8.833999633789062,9.057499885559082,8.719499588012695,9.012499809265137,109640000,9.267357008797783,54.78576354879654
2011-02-24,8.887499809265137,8.987500190734863,8.727999687194824,8.843000411987305,93130000,9.176856994628906,55.97632628554274
2011-02-25,8.862000465393066,9.037500381469728,8.854999542236328,8.947500228881836,83828000,9.092642784118652,52.04114505259629
2011-02-28,8.66450023651123,8.794500350952148,8.607500076293945,8.695500373840332,135664000,8.997428485325404,45.582450231254136
2011-03-01,8.472000122070312,8.697999954223633,8.433500289916992,8.67650032043457,116942000,8.866571426391602,29.21244365573142
2011-03-02,8.60099983215332,8.664999961853027,8.417499542236328,8.454500198364258,103714000,8.76314285823277,29.939535240185066
2011-03-03,8.63949966430664,8.722999572753906,8.602499961853027,8.685500144958496,82764000,8.708642823355538,29.641949224878203
2011-03-04,8.583499908447266,8.637499809265137,8.475500106811523,8.630999565124512,98486000,8.67285714830671,21.68167640415203
2011-03-07,8.454000473022461,8.604499816894531,8.312000274658203,8.595999717712402,118658000,8.610928671700615,17.12873625895797
2011-03-08,8.344499588012695,8.48550033569336,8.336000442504883,8.469499588012695,84380000,8.53699997493199,16.716730321485514
2011-03-09,8.452500343322754,8.487500190734863,8.194999694824219,8.333499908447266,142178000,8.506714275905065,23.38684235159249
2011-03-10,8.307000160217285,8.423500061035156,8.241000175476074,8.353500366210938,119968000,8.483142852783203,18.918942633676167
2011-03-11,8.403499603271484,8.460000038146973,8.206000328063965,8.274999618530273,92198000,8.454928534371513,24.005636497559195
2011-03-14,8.33650016784668,8.404000282287598,8.228500366210938,8.329999923706055,80440000,8.411642892020089,27.71084561837614
2011-03-15,8.253999710083008,8.343999862670898,8.038000106811523,8.069499969482422,98690000,8.364571435110909,29.734450640847925
2011-03-16,8.234999656677246,8.406999588012695,8.143500328063965,8.234999656677246,104162000,8.33328560420445,26.638012040952347
2011-03-17,8.048500061035156,8.3149995803833,8.038999557495117,8.295499801635742,129428000,8.290999957493373,23.88441527666967
2011-03-18,8.090999603271484,8.177000045776367,8.029500007629395,8.059499740600586,148854000,8.239356994628906,29.554332947783493
2011-03-21,8.22599983215332,8.28950023651123,8.086000442504883,8.168499946594238,81102000,8.227785519191197,40.855003141099914
2011-03-22,8.130000114440918,8.222000122070312,8.112500190734863,8.203499794006348,72228000,8.188714163643974,32.05030634622612
2011-03-23,8.265999794006348,8.312999725341797,8.041000366210938,8.114999771118164,94426000,8.178642681666783,36.75061757129895
2011-03-24,8.555000305175781,8.600000381469727,8.368000030517578,8.410499572753906,125664000,8.221642766680036,49.132432127997326
2011-03-25,8.548999786376953,8.674500465393066,8.515000343322754,8.581999778747559,85876000,8.26649992806571,53.12703259944199
2011-03-28,8.467499732971191,8.625,8.462499618530273,8.59000015258789,68016000,8.326357024056572,54.12475286661929
2011-03-29,8.730999946594238,8.741999626159668,8.503499984741211,8.536499977111816,97692000,8.41778564453125,58.45732357166026
2011-03-30,8.970999717712402,9.05799961090088,8.883000373840332,8.888999938964844,137186000,8.52421419961112,69.06949610258714
2011-03-31,9.006500244140625,9.078499794006348,8.925000190734863,8.965499877929688,96530000,8.649428503853935,67.94644438490289
2011-04-01,9.006500244140625,9.162500381469728,8.929499626159668,9.07900047302246,113682000,8.755214282444545,70.76874504095535
2011-04-04,9.147000312805176,9.180500030517578,9.034500122070312,9.044500350952148,83728000,8.839785712105888,76.72053697955279
2011-04-05,9.26449966430664,9.317999839782717,9.09000015258789,9.104999542236328,111384000,8.941999980381556,79.09014231010723
2011-04-06,9.137999534606934,9.41349983215332,9.055999755859377,9.307499885559082,108614000,9.03778566632952,81.86602147454369
2011-04-07,9.24549961090088,9.258500099182127,9.088000297546388,9.138999938964844,91280000,9.111285618373326,82.53027491281505
2011-04-08,9.23550033569336,9.310999870300291,9.138999938964844,9.262999534606934,74528000,9.149071420942034,80.6001991181908
2011-04-11,9.20199966430664,9.32450008392334,9.092499732971191,9.243000030517578,65942000,9.176999909537178,83.77438493447767
2011-04-12,9.02400016784668,9.229499816894531,8.970999717712402,9.152999877929688,106690000,9.179499898638044,73.26580923828436
2011-04-13,9.114500045776367,9.144000053405762,8.989999771118164,9.041500091552734,84326000,9.174857003348214,69.55608978205154
2011-04-14,9.090999603271484,9.104000091552734,8.968000411987305,9.069499969482422,71764000,9.150071280343193,68.71546388221853
2011-04-15,9.000499725341797,9.08899974822998,8.951000213623047,9.050000190734863,85448000,9.130428450448173,68.29101143820257
2011-04-18,8.916999816894531,8.945500373840332,8.768500328063965,8.918999671936035,92330000,9.083499908447266,57.282691737532566
2011-04-19,8.940999984741211,8.97350025177002,8.829999923706055,8.917499542236328,52920000,9.041428429739815,48.586251807801794
2011-04-20,9.193499565124512,9.25,9.079500198364258,9.081000328063965,81350000,9.040214129856654,57.31609852851957
2011-04-21,9.294500350952148,9.298500061035156,9.15250015258789,9.227999687194824,66962000,9.078857013157435,60.44235559680382
2011-04-25,9.270999908447266,9.317500114440918,9.18850040435791,9.282500267028809,68762000,9.101214136396136,54.91282041981313
2011-04-26,9.114999771118164,9.321000099182127,9.036999702453612,9.31350040435791,224000000,9.104642731802803,44.252218638765584
2011-04-27,9.831500053405762,9.890000343322754,9.137499809265137,9.15999984741211,472460000,9.22335706438337,68.34171234514463
2011-04-28,9.753499984741213,9.839500427246094,9.613499641418455,9.79800033569336,146000000,9.342857088361468,63.64857863657957
2011-04-29,9.790499687194824,9.829500198364258,9.689000129699709,9.718999862670898,132818000,9.464214188711983,64.69806482050683
2011-05-02,10.059499740600586,10.17099952697754,9.809000015258787,9.828499794006348,187962000,9.58792849949428,70.19071682508093
2011-05-03,9.922499656677246,10.12950038909912,9.834500312805176,10.050000190734863,122000000,9.677642686026436,71.57260215756936
2011-05-04,9.998499870300291,10.093000411987305,9.768500328063965,9.912500381469728,131000000,9.78157125200544,71.37328524383929
2011-05-05,9.85550022125244,10.050000190734863,9.805999755859377,9.93299961090088,92000000,9.887357030596052,67.47429222137791
2011-05-06,9.880000114440918,9.977999687194824,9.82800006866455,9.954999923706056,80278000,9.894285610743932,70.72825801115283
2011-05-09,10.039999961853027,10.118000030517578,9.83899974822998,9.916999816894531,116508000,9.935214178902763,75.54594361001597
2011-05-10,10.196999549865724,10.26449966430664,10.07800006866455,10.097000122070312,117718000,9.993285587855748,76.94121382144328
2011-05-11,10.218999862670898,10.274999618530272,10.112500190734863,10.156000137329102,96180000,10.016071319580078,74.41084931680999
2011-05-12,10.303500175476074,10.309499740600586,10.031000137329102,10.211000442504885,96000000,10.070499965122767,74.20824232473154
2011-05-13,10.128000259399414,10.319499969482422,10.118000030517578,10.28499984741211,82474000,10.089000020708356,69.16369247672117
2011-05-16,9.625499725341797,10.045000076293944,9.568499565124512,10.027000427246094,187728000,10.056142807006836,59.883830856427096
2011-05-17,9.740500450134276,9.798999786376951,9.588000297546388,9.590999603271484,141466000,10.03621428353446,47.703191269142025
2011-05-18,9.854499816894531,9.913999557495115,9.662500381469728,9.706500053405762,99116000,10.009714262826103,52.50371398662298
2011-05-19,9.9399995803833,9.9975004196167,9.8774995803833,9.916500091552734,74024000,9.972999981471471,53.61897541547505
2011-05-20,9.932499885559082,9.989999771118164,9.862000465393066,9.897500038146973,67620000,9.93207141331264,46.48004817007123
2011-05-23,9.810999870300291,9.864500045776367,9.60099983215332,9.777999877929688,84000000,9.861714226858956,46.88286841372774
2011-05-24,9.66349983215332,9.850000381469728,9.649999618530272,9.850000381469728,59454000,9.795357022966657,40.99462096822578
2011-05-25,9.61299991607666,9.717499732971191,9.557000160217283,9.678500175476074,93226000,9.79357133592878,43.14001935945463
2011-05-26,9.75,9.822500228881836,9.543999671936035,9.562000274658203,81504000,9.794928414481026,46.54255035831267
2011-05-27,9.706500053405762,9.805999755859377,9.675000190734863,9.73799991607666,47052000,9.773785591125488,40.54437572870767
2011-05-31,9.834500312805176,9.92199993133545,9.751500129699709,9.79699993133545,68180000,9.758714267185756,39.550330005784105
2011-06-01,9.619999885559082,9.86299991607666,9.602499961853027,9.803000450134276,68904000,9.7140714100429,34.457714934175726
2011-06-02,9.682499885559082,9.722000122070312,9.527999877929688,9.61400032043457,60898000,9.695714269365583,33.70078566715627
2011-06-03,9.416000366210938,9.660499572753906,9.380999565124512,9.56149959564209,99490000,9.660357202802386,32.164333923566545
2011-06-06,9.284500122070312,9.49250030517578,9.258999824523926,9.400500297546388,74320000,9.613428660801478,39.50770451472356
2011-06-07,9.3774995803833,9.531499862670898,9.276000022888184,9.28600025177002,97330000,9.56021431514195,38.67744365107041
2011-06-08,9.40250015258789,9.490500450134276,9.315999984741213,9.3725004196167,74332000,9.516785757882255,35.07266570249391
2011-06-09,9.484000205993652,9.588000297546388,9.285499572753906,9.487000465393066,83746000,9.466714314052037,34.90068525594468
2011-06-10,9.326499938964844,9.53849983215332,9.314000129699709,9.462499618530272,75208000,9.42478575025286,31.746998368987903
2011-06-13,9.314499855041504,9.465499877929688,9.243000030517578,9.340499877929688,77378000,9.372214317321777,33.98904428416961
2011-06-14,9.498000144958496,9.53600025177002,9.353500366210938,9.44950008392334,79206000,9.383928571428571,44.784129524088904
2011-06-15,9.298999786376951,9.6225004196167,9.265000343322754,9.402000427246094,126354000,9.385999952043806,40.951013065051484
2011-06-16,9.182499885559082,9.350000381469728,9.079500198364258,9.286999702453612,120642000,9.358142852783203,33.44999541101967
2011-06-17,9.318499565124512,9.369500160217283,9.232000350952148,9.325499534606934,126444000,9.346142768859863,39.26396654383786
2011-06-20,9.38599967956543,9.442500114440918,9.278499603271484,9.29800033569336,56634000,9.33214269365583,37.16002334903587
2011-06-21,9.71150016784668,9.75,9.355999946594238,9.414999961853027,83652000,9.387142726353236,52.46299411982455
2011-06-22,9.581500053405762,9.760000228881836,9.565999984741213,9.697999954223633,62594000,9.425285611833845,47.376629295866756
2011-06-23,9.708000183105469,9.722999572753906,9.414999961853027,9.475000381469728,92192000,9.455285617283412,58.17925853898306
2011-06-24,9.6274995803833,9.746000289916992,9.567500114440918,9.694000244140623,72290000,9.50221415928432,59.89039908526575
2011-06-27,10.0625,10.128999710083008,9.701499938964844,9.725000381469728,122014000,9.627928461347308,66.49805888976121
2011-06-28,10.11750030517578,10.144000053405762,10.029999732971191,10.095999717712402,76506000,9.742071424211774,66.97528963403587
2011-06-29,10.208999633789062,10.3125,10.05150032043457,10.133500099182127,92178000,9.859642846243721,67.13134957853134
2011-06-30,10.224499702453612,10.260000228881836,10.024999618530272,10.038999557495115,88962000,9.932928494044713,72.74566631769497
2011-07-01,10.474499702453612,10.513500213623049,10.180500030517578,10.27750015258789,80174000,10.06049987248012,76.22059003592226
2011-07-05,10.659500122070312,10.72249984741211,10.43649959564209,10.437999725341797,71704000,10.196428435189384,76.23670576577159
2011-07-06,10.709500312805176,10.720000267028809,10.55049991607666,10.605999946594238,52152000,10.35099996839251,84.16079734403438
2011-07-07,10.836999893188477,10.890000343322754,10.75450038909912,10.75450038909912,62898000,10.461642810276576,89.85783806708662
2011-07-08,10.913999557495115,10.916000366210938,10.662500381469728,10.71500015258789,74158000,10.575428417750768,89.56109257468236
2011-07-11,10.6274995803833,10.875,10.550000190734863,10.836999893188477,80674000,10.635214124407087,77.76781893892439
2011-07-12,10.56149959564209,10.782500267028809,10.555999755859377,10.732000350952148,79714000,10.683356966291155,71.5080741336698
2011-07-13,10.675000190734863,10.841500282287598,10.607000350952148,10.734999656677246,84598000,10.711999893188477,77.90251162464732
2011-07-14,10.519000053405762,10.795499801635742,10.468999862670898,10.678999900817873,78050000,10.691928454807826,70.38711289070538
2011-07-15,10.643500328063965,10.726499557495115,10.464500427246094,10.654000282287598,81452000,10.682499885559082,74.987709662832
2011-07-18,10.576499938964844,10.669500350952148,10.41450023651123,10.626500129699709,57962000,10.645285606384277,65.43542511512823
2011-07-19,10.902999877929688,10.920000076293944,10.68850040435791,10.68850040435791,88744000,10.643714223589216,70.28141879513521
2011-07-20,10.77750015258789,11.010000228881836,10.720499992370604,11.0024995803833,67458000,10.6651428767613,64.4252790119155
2011-07-21,10.660499572753906,10.854499816894531,10.553500175476074,10.836999893188477,90906000,10.679285730634417,60.521224991956885
2011-07-22,10.826000213623049,10.897500038146973,10.555500030517578,10.692999839782717,71834000,10.700857162475586,58.842770820427845
2011-07-25,10.674500465393066,10.803999900817873,10.649999618530272,10.774499893188477,66856000,10.723071507045201,50.383836549907535
2011-07-26,10.708999633789062,10.779999732971191,10.517499923706056,10.749500274658203,197272000,10.732428550720215,49.98708591922427
2011-07-27,11.12600040435791,11.359999656677246,10.980999946594238,11.219499588012695,259112000,10.810928617204938,56.485644172724506
2011-07-28,11.19499969482422,11.297499656677246,11.011500358581545,11.16349983215332,107098000,10.8526428767613,56.328828441817386
2011-07-29,11.12600040435791,11.287500381469728,10.975500106811523,11.064499855041504,103354000,10.90242862701416,62.44695857744686
2011-08-01,11.065999984741213,11.3725004196167,10.883000373840332,11.25,115786000,10.96035725729806,62.634614181247244
2011-08-02,10.585000038146973,11.121500015258787,10.5649995803833,11.015999794006348,131734000,10.925928660801478,48.09644373120589
2011-08-03,10.498000144958496,10.741499900817873,10.277000427246094,10.648500442504885,163942000,10.900714329310826,49.542485669953074
2011-08-04,10.074000358581545,10.399999618530272,10.072500228881836,10.33650016784668,131590000,10.810000147138325,39.02485912671434
2011-08-05,10.135000228881836,10.366000175476074,9.741999626159668,10.23349952697754,200480000,10.668428693498885,41.47189745335524
2011-08-08,9.6850004196167,10.01949977874756,9.5024995803833,9.81999969482422,208550000,10.45271451132638,27.54424899348993
2011-08-09,10.25450038909912,10.25450038909912,9.52299976348877,9.835000038146973,209824000,10.328214509146553,41.714196787542974
2011-08-10,9.706500053405762,10.119999885559082,9.68000030517578,10.038000106811523,175152000,10.13400023324149,36.70198213834211
2011-08-11,9.91800022125244,10.042499542236328,9.567999839782717,9.850500106811523,148038000,10.0387145451137,37.50343551276745
2011-08-12,10.114999771118164,10.227999687194824,9.86050033569336,10.013999938964844,112408000,9.984000205993652,42.39498494368301
2011-08-15,10.147500038146973,10.263999938964844,9.916000366210938,10.102999687194824,95718000,9.994500160217285,42.36366527465383
2011-08-16,9.883999824523926,10.069499969482422,9.737500190734863,10.057000160217283,104118000,9.958642959594727,32.37296339167088
2011-08-17,9.796500205993652,9.979999542236328,9.687000274658203,9.92650032043457,79822000,9.97457150050572,30.255543847620984
2011-08-18,9.12600040435791,9.56700038909912,8.986000061035156,9.560500144958496,165504000,9.81335721697126,25.86289923462043
2011-08-19,8.946499824523926,9.5,8.8774995803833,9.01449966430664,144884000,9.704785755702428,25.137826920129584
2011-08-22,8.876999855041504,9.210000038146973,8.854999542236328,9.14150047302246,106274000,9.556071417672294,27.823938489365915
2011-08-23,9.677499771118164,9.741999626159668,8.925999641418457,8.946000099182129,147032000,9.493571417672294,41.012154673046076
2011-08-24,9.68649959564209,9.815500259399414,9.508500099182127,9.694499969482422,124974000,9.427714211600167,45.33075342915963
2011-08-25,9.601499557495115,9.849499702453612,9.553500175476074,9.720499992370604,75216000,9.387357030596052,43.608474139396606
2011-08-26,9.963500022888184,9.986000061035156,9.479999542236328,9.562000274658203,106214000,9.41121414729527,53.40839009159287
2011-08-29,10.326499938964844,10.333499908447266,10.1274995803833,10.140999794006348,90220000,9.582714080810547,50.9280682849379
2011-08-30,10.54599952697754,10.624500274658203,10.215999603271484,10.288999557495115,118314000,9.81121403830392,61.82227141832232
2011-08-31,10.761500358581545,10.808500289916992,10.567500114440918,10.613499641418455,148100000,10.080428395952497,61.86524123972009
2011-09-01,10.626999855041504,10.881999969482422,10.581000328063965,10.763999938964844,105506000,10.216071265084404,57.33104036482121
2011-09-02,10.5,10.534500122070312,10.350000381469728,10.446999549865724,84640000,10.332285608564105,54.91425974660696
2011-09-06,10.809000015258787,10.829999923706056,10.22350025177002,10.238499641418455,124324000,10.504785673958915,62.734030226111564
2011-09-07,10.994999885559082,11.009499549865724,10.711000442504885,10.9399995803833,105916000,10.652142797197614,66.06352100383614
2011-09-08,10.86299991607666,11.031999588012695,10.81700038909912,10.914999961853027,87958000,10.728785651070732,77.20862752221649
2011-09-09,10.569499969482422,10.847999572753906,10.487500190734863,10.7524995803833,91486000,10.732142857142858,74.54627641606609
2011-09-12,10.82800006866455,10.833000183105469,10.432499885559082,10.4375,106842000,10.741642815726143,77.91129821375064
2011-09-13,10.976499557495115,10.9975004196167,10.750499725341797,10.88949966430664,96718000,10.791571344648089,72.84557858134333
2011-09-14,11.128499984741213,11.249500274658203,10.836000442504885,11.01099967956543,117634000,10.881357056753975,74.14601304546811
2011-09-15,11.33899974822998,11.359999656677246,11.0625,11.19950008392334,112176000,10.957071304321289,77.92061348997514
2011-09-16,11.96500015258789,12.022000312805176,11.336999893188477,11.378499984741213,235060000,11.09564277103969,79.64745559291518
2011-09-19,12.084500312805176,12.199999809265137,11.644000053405762,11.85550022125244,164466000,11.270142827715192,78.0651317954984
2011-09-20,11.662500381469728,12.052499771118164,11.55150032043457,12.039999961853027,147710000,11.426285743713379,66.74164688008905
2011-09-21,11.593500137329102,12.026000022888184,11.590499877929688,11.725500106811523,117630000,11.535642896379743,63.04892725123775
2011-09-22,11.161499977111816,11.439499855041504,10.949999809265137,11.236000061035156,165092000,11.562071527753558,57.66748057082006
2011-09-23,11.180500030517578,11.224499702453612,10.95300006866455,11.025500297546388,129362000,11.56950010572161,60.07401810385576
2011-09-26,11.49250030517578,11.51200008392334,11.06999969482422,11.37399959564209,115882000,11.591428756713867,60.10945317983521
2011-09-27,11.21049976348877,11.737500190734863,11.119999885559082,11.711000442504885,156750000,11.483642986842565,53.0993785003248
2011-09-28,11.48550033569336,11.790499687194824,11.279999732971191,11.317500114440918,288738000,11.398071561540876,58.599254925074895
2011-09-29,11.121999740600586,11.71500015258789,10.814499855041504,11.708499908447266,187570000,11.320857184273857,57.48745581230401
2011-09-30,10.81149959564209,11.149999618530272,10.760499954223633,10.909500122070312,131006000,11.209142821175712,49.779494041929524
2011-10-03,10.598999977111816,11.079999923706056,10.569499969482422,10.850500106811523,132488000,11.128785678318568,45.04008285971265
2011-10-04,10.625,10.75,10.021499633789062,10.480999946594238,174232000,11.049428531101771,43.15804260908733
2011-10-05,10.975000381469728,11.008500099182127,10.423999786376951,10.626500129699709,130164000,10.975499970572335,45.23436670857771
2011-10-06,11.075499534606934,11.180999755859377,10.8774995803833,11.013999938964844,136986000,10.956214223589216,36.496126958057154
2011-10-07,11.237000465393066,11.395000457763672,10.920499801635742,11.12399959564209,135686000,10.920714242117745,37.29577004101181
2011-10-10,11.565999984741213,11.640000343322754,11.204999923706056,11.31149959564209,102862000,10.984142848423549,48.51194555310132
2011-10-11,11.77400016784668,11.837499618530272,11.449999809265137,11.529999732971191,100074000,11.121642930167061,52.66893265819871
2011-10-12,11.840499877929688,12.092000007629396,11.716500282287598,11.83199977874756,130216000,11.299000058855329,61.25662330549783
2011-10-13,11.807499885559082,11.984000205993652,11.761500358581545,11.850000381469728,96670000,11.467928613935198,60.34652666021863
2011-10-14,12.33549976348877,12.33549976348877,12.008999824523926,12.043499946594238,118474000,11.662285668509346,62.98519925057566
2011-10-17,12.116499900817873,12.33549976348877,12.033499717712402,12.214500427246094,95580000,11.811000006539482,64.2318563718197
2011-10-18,12.194000244140623,12.23050022125244,11.831000328063965,12.115500450134276,92194000,11.947714260646276,61.86568127252817
2011-10-19,11.576499938964844,12.166500091552734,11.462499618530272,12.033499717712402,134302000,11.949214254106794,57.01497440873372
2011-10-20,11.680500030517578,11.737000465393066,11.489999771118164,11.606499671936035,90498000,11.935857091631208,64.32575728752765
2011-10-21,11.73900032043457,11.850000381469728,11.529999732971191,11.845499992370604,91450000,11.921357154846191,69.79854255807926
2011-10-24,11.880499839782717,12.023500442504885,11.699999809265137,11.800999641418455,99516000,11.931785719735283,70.9634291636107
2011-10-25,11.357500076293944,11.950499534606934,11.294500350952148,11.929499626159668,280252000,11.79207147870745,56.03788082245724
2011-10-26,9.920000076293944,10.378999710083008,9.825499534606934,10.184499740600586,482684000,11.478285789489746,37.17394429458485
2011-10-27,10.33899974822998,10.43000030517578,10.05500030517578,10.213000297546388,215486000,11.213285718645368,40.57117932404866
2011-10-28,10.866000175476074,10.920000076293944,10.287500381469728,10.326499938964844,197608000,11.111785752432686,42.94355036409783
2011-10-31,10.67549991607666,10.944499969482422,10.652000427246094,10.78950023651123,146866000,10.968214307512556,38.88720054289489
2011-11-01,10.604999542236328,10.810500144958496,10.371500015258787,10.405500411987305,170236000,10.806214196341378,37.51137024845077
2011-11-02,10.781000137329102,10.839500427246094,10.63599967956543,10.77750015258789,122440000,10.649142810276576,39.915517538926935
2011-11-03,10.91450023651123,10.925000190734863,10.651000022888184,10.8149995803833,106300000,10.585857118879046,34.86688986091188
2011-11-04,10.824000358581545,10.911499977111816,10.716500282287598,10.88249969482422,81316000,10.715000016348702,35.848033675248374
2011-11-07,10.850000381469728,11.010000228881836,10.699999809265137,10.842000007629396,77200000,10.788000106811523,35.11628486613294
2011-11-08,10.899499893188477,10.967499732971191,10.760499954223633,10.960000038146973,78290000,10.792785780770439,41.42386674172996
2011-11-09,10.560999870300291,10.78499984741211,10.529999732971191,10.7475004196167,93612000,10.776428631373815,36.61365486321394
2011-11-10,10.53950023651123,10.70300006866455,10.404999732971191,10.675000190734863,100892000,10.7670715876988,35.52901257138177
2011-11-11,10.869500160217283,10.894000053405762,10.51550006866455,10.62600040435791,103262000,10.779714448111397,38.333722168910136
2011-11-14,10.946499824523926,11.11750030517578,10.712499618530272,10.782500267028809,130444000,10.784285817827497,44.71314326091839
2011-11-15,10.89150047302246,11.01650047302246,10.713000297546388,10.899999618530272,114780000,10.793928691319056,69.39510113252896
2011-11-16,10.599499702453612,10.84850025177002,10.56149959564209,10.81350040435791,110188000,10.758142880031041,55.47844155010647
2011-11-17,10.22599983215332,10.645000457763672,10.104999542236328,10.625499725341797,159662000,10.661928585597447,35.6115029247013
2011-11-18,9.857000350952148,10.267000198364258,9.85550022125244,10.26650047302246,168750000,10.56135722569057,32.96566414060318
2011-11-21,9.462499618530272,9.66800022125244,9.2524995803833,9.66450023651123,226424000,10.407499994550433,29.048228330620162
2011-11-22,9.616999626159668,9.70199966430664,9.178999900817873,9.34749984741211,198312000,10.228571346827916,28.48427071386692
2011-11-23,9.44950008392334,9.729999542236328,9.39449977874756,9.652999877929688,160226000,10.014714241027832,23.25664473574257
2011-11-25,9.119999885559082,9.541500091552734,9.075499534606934,9.520500183105469,99440000,9.761642728533063,21.390174652491538
2011-11-28,9.707500457763672,9.730999946594238,9.527000427246094,9.582500457763672,144146000,9.634214265005928,33.86071259787994
2011-11-29,9.419500350952148,9.774999618530272,9.364999771118164,9.73900032043457,131502000,9.519000053405762,30.41292231264768
2011-11-30,9.614500045776367,9.765000343322754,9.4375,9.73799991607666,154340000,9.484357152666364,36.978952514124096
2011-12-01,9.856499671936035,9.903499603271484,9.579500198364258,9.592499732971191,146554000,9.540642874581474,41.14136646331509
2011-12-02,9.80150032043457,9.982999801635742,9.758999824523926,9.853500366210938,150524000,9.567000116620745,35.08379682895212
2011-12-05,9.812000274658203,9.949999809265137,9.683500289916992,9.942999839782717,118442000,9.618785858154297,33.855133217214956
2011-12-06,9.599499702453612,9.916000366210938,9.505499839782717,9.798999786376951,104040000,9.687285831996373,32.402606899966585
2011-12-07,9.765999794006348,9.83549976348877,9.456000328063965,9.55150032043457,128546000,9.695642880031041,38.24566415061254
2011-12-08,9.52400016784668,9.794500350952148,9.503999710083008,9.678500175476074,87222000,9.710571425301689,39.71880850474241
2011-12-09,9.65149974822998,9.697500228881836,9.420000076293944,9.560500144958496,103176000,9.715857097080775,46.76121946475794
2011-12-12,9.47599983215332,9.557499885559082,9.381500244140623,9.501500129699709,86864000,9.661499977111816,50.22854611348909
2011-12-13,9.025500297546388,9.484000205993652,8.925000190734863,9.428000450134276,185946000,9.550642830984932,40.89860554226078
2011-12-14,9.010499954223633,9.037500381469728,8.512499809265137,8.949999809265137,232284000,9.436142785208565,42.91249196674672
2011-12-15,9.062999725341797,9.239999771118164,8.976499557495117,9.102499961853027,145198000,9.35949993133545,48.9893584102445
2011-12-16,9.062999725341797,9.220499992370604,9.01550006866455,9.121000289916992,133282000,9.259071350097656,35.56548127592974
2011-12-19,8.966500282287598,9.158499717712402,8.949999809265137,9.100000381469728,90672000,9.179428509303502,38.90248352795449
2011-12-20,9.12600040435791,9.158499717712402,9.027000427246094,9.134499549865724,92002000,9.104357174464635,37.820988655282186
2011-12-21,8.717499732971191,9.175000190734863,8.624500274658203,9.095999717712402,161334000,8.996000017438616,23.779915398686143
2011-12-22,8.951499938964844,8.983499526977539,8.71049976348877,8.754500389099121,93898000,8.985428537641253,31.922576730020523
2011-12-23,8.86400032043457,8.984000205993652,8.779999732971191,8.961000442504883,69930000,8.964500018528529,30.477756366798644
2011-12-27,8.81350040435791,8.929499626159668,8.807999610900879,8.886500358581543,59018000,8.928857258387975,32.65667033658917
2011-12-28,8.694499969482422,8.832500457763672,8.61400032043457,8.819499969482422,73190000,8.87621443612235,25.85079515876309
2011-12-29,8.692999839782715,8.727499961853027,8.34850025177002,8.480999946594238,164186000,8.837142944335938,28.9939216511586
2011-12-30,8.654999732971191,8.758500099182129,8.624500274658203,8.668000221252441,85596000,8.769857134137835,23.616629533045568
2012-01-03,8.951499938964844,8.973999977111816,8.77750015258789,8.794500350952148,102216000,8.803285734994072,36.94949585072283
2012-01-04,8.875499725341797,9.024999618530272,8.803500175476074,8.96049976348877,84104000,8.79242856161935,45.41282985587566
2012-01-05,8.880499839782715,8.912500381469727,8.702500343322754,8.79699993133545,76182000,8.794785635811943,45.99999882624769
2012-01-06,9.130499839782717,9.232500076293944,8.875,8.903499603271484,140168000,8.840071269444056,51.85185378991764
2012-01-09,8.928000450134277,9.218500137329102,8.850000381469727,9.137999534606934,101138000,8.873428480965751,46.66668550467254
2012-01-10,8.967000007629395,9.119999885559082,8.854999542236328,9.05500030517578,79716000,8.912571362086705,50.012699495994816
2012-01-11,8.944999694824219,9.03849983215332,8.909500122070312,8.982000350952148,62054000,8.95399992806571,45.05462779359998
2012-01-12,8.796500205993652,8.974499702453613,8.787500381469727,8.970999717712402,107716000,8.931857109069824,52.515939120335496
2012-01-13,8.920999526977539,8.9399995803833,8.675000190734863,8.790499687194824,95070000,8.938357080732073,48.95582208686704
2012-01-17,9.083000183105469,9.164999961853027,8.92549991607666,9.00749969482422,112890000,8.967285701206752,57.133546724454554
2012-01-18,9.472000122070312,9.512499809265137,9.055999755859377,9.097000122070312,149470000,9.016071455819267,67.57405293032804
2012-01-19,9.72249984741211,9.79699993133545,9.517999649047852,9.543999671936035,141920000,9.1295713697161,75.63591791072459
2012-01-20,9.546500205993652,9.645000457763672,9.45199966430664,9.535499572753906,112206000,9.212357112339564,69.58019926751464
2012-01-23,9.304499626159668,9.58650016784668,9.261500358581545,9.53950023651123,91706000,9.263714245387487,63.62492397810568
2012-01-24,9.350000381469728,9.420499801635742,9.190999984741213,9.25,93476000,9.342785699026924,59.343505264551325
2012-01-25,9.390000343322754,9.408499717712402,9.23050022125244,9.349499702453612,86128000,9.40978581564767,62.27046874936029
2012-01-26,9.666000366210938,9.74250030517578,9.43649959564209,9.46500015258789,117472000,9.493071556091309,66.58924480655207
2012-01-27,9.768500328063965,9.824999809265137,9.616499900817873,9.654500007629396,93180000,9.535428728376116,64.36938481114231
2012-01-30,9.607500076293944,9.75,9.506500244140623,9.684000015258787,108482000,9.51900018964495,65.59558346170829
2012-01-31,9.722000122070312,9.781499862670898,9.484999656677246,9.699999809265137,255444000,9.54407160622733,66.74800115591722
2012-02-01,8.972999572753906,8.9975004196167,8.600000381469727,8.690500259399414,426732000,9.496714455740792,50.46963887074246
2012-02-02,9.086000442504885,9.097000122070312,8.84000015258789,8.982500076293945,174726000,9.459000178745814,54.914276223109454
2012-02-03,9.383999824523926,9.395000457763672,9.094499588012695,9.14150047302246,162410000,9.458142961774554,57.422249917520524
2012-02-06,9.156999588012695,9.32800006866455,9.145999908447266,9.314000129699709,106200000,9.385428564889091,51.16205025477226
2012-02-07,9.209500312805176,9.246999740600586,9.102999687194824,9.13249969482422,102078000,9.30557141985212,45.390701324224516
2012-02-08,9.27400016784668,9.32450008392334,9.145500183105469,9.2475004196167,109532000,9.257928575788226,41.574315211331005
2012-02-09,9.24899959564209,9.284500122070312,9.088000297546388,9.225000381469728,143784000,9.190357072012764,44.07488222016416
2012-02-10,9.277000427246094,9.381500244140623,9.12600040435791,9.17099952697754,115942000,9.23378576551165,49.40128128089884
2012-02-13,9.579500198364258,9.625,9.284000396728516,9.35849952697754,121428000,9.304285730634417,54.493823066080715
2012-02-14,9.5649995803833,9.678500175476074,9.30500030517578,9.553999900817873,190542000,9.330142838614327,53.46121403166737
2012-02-15,9.22350025177002,9.57699966430664,9.163000106811523,9.564499855041504,155888000,9.339642933436803,41.46906491486441
2012-02-16,8.996500015258789,9.083999633789062,8.756999969482422,8.88949966430664,251276000,9.309214319501605,35.798392509841136
2012-02-17,9.125,9.170499801635742,8.968000411987305,9.004500389099121,148362000,9.287928581237793,41.01657910605078
2012-02-21,9.11299991607666,9.237500190734863,9.029000282287598,9.13249969482422,135130000,9.268500055585589,38.21139201949436
2012-02-22,9.029000282287598,9.149499893188477,9.01449966430664,9.09749984741211,115708000,9.233071463448661,51.459870891137555
2012-02-23,8.944499969482422,9.037500381469728,8.847999572753906,8.982000350952148,103076000,9.14235714503697,46.255613778121834
2012-02-24,8.956500053405762,9.036999702453612,8.918499946594238,8.984999656677246,73374000,9.055428641183036,36.66981088311247
2012-02-27,8.92650032043457,8.959500312805176,8.824999809265137,8.876999855041504,74124000,9.013000079563685,41.80593752203652
2012-02-28,9.1899995803833,9.214500427246094,8.897500038146973,8.944999694824219,115290000,9.040642874581474,49.397195402081984
2012-02-29,8.98449993133545,9.199999809265137,8.950499534606934,9.194499969482422,106006000,9.020571436200823,41.768546483282094
2012-03-01,9.001999855041504,9.024499893188477,8.829000473022461,8.994500160217285,98720000,9.004714284624372,42.946892687369015
2012-03-02,8.96500015258789,9.092000007629396,8.946000099182129,8.973999977111816,73156000,8.995571408952985,41.136347380535916
2012-03-05,9.012999534606934,9.090999603271484,8.909000396728516,8.949999809265137,93654000,9.00535706111363,31.185604724099207
2012-03-06,9.054499626159668,9.175000190734863,8.902000427246094,8.934000015258789,112244000,9.019357000078474,33.34418211009745
2012-03-07,9.18850040435791,9.274999618530272,9.119999885559082,9.13249969482422,99030000,9.056785583496094,48.679249900313955
2012-03-08,9.381999969482422,9.418999671936035,9.1899995803833,9.208499908447266,84430000,9.084214210510254,64.92452559897329
2012-03-09,9.215999603271484,9.359999656677246,9.17199993133545,9.339500427246094,90212000,9.117285592215401,53.423615556174276
2012-03-12,9.169500350952148,9.270000457763672,9.109999656677246,9.206500053405762,51752000,9.14121423448835,52.07189324425363
2012-03-13,9.229499816894531,9.243499755859377,9.03849983215332,9.196000099182127,88116000,9.178999900817871,57.48413209783811
2012-03-14,9.11299991607666,9.215999603271484,9.057000160217283,9.182499885559082,73994000,9.19328566959926,56.14292002261287
2012-03-15,9.221500396728516,9.221500396728516,9.015000343322754,9.10099983215332,83202000,9.217142922537667,59.02591230989011
2012-03-16,9.2524995803833,9.284000396728516,9.11750030517578,9.163999557495115,98680000,9.226285661969866,61.095981121235035
2012-03-19,9.276000022888184,9.333999633789062,9.149999618530272,9.172499656677246,78068000,9.211142812456403,53.498802667498516
2012-03-20,9.616499900817873,9.720499992370604,9.144000053405762,9.244000434875488,183308000,9.268357140677315,73.16718125985841
2012-03-21,9.58650016784668,9.71399974822998,9.562999725341797,9.625,84288000,9.32792854309082,71.23142272595315
2012-03-22,9.619999885559082,9.70300006866455,9.512999534606934,9.527000427246094,74792000,9.383714267185756,73.85289780529592
2012-03-23,9.751999855041504,9.8100004196167,9.59000015258789,9.600500106811523,119680000,9.474999972752162,75.36036089107414
2012-03-26,10.143500328063965,10.148500442504885,9.774999618530272,9.824000358581545,152274000,9.606714248657227,80.13284947666631
2012-03-27,10.272000312805176,10.49250030517578,10.144000053405762,10.179499626159668,192016000,9.75235721043178,80.07218603626872
2012-03-28,10.05799961090088,10.350000381469728,10.01550006866455,10.307000160217283,124900000,9.864071437290736,68.55103755289835
2012-03-29,10.23050022125244,10.26550006866455,10.031499862670898,10.064000129699709,114224000,9.95178576878139,77.74133804407293
2012-03-30,10.125499725341797,10.342499732971191,10.093500137329102,10.25100040435791,88762000,10.028785705566406,75.33118306089366
2012-04-02,9.90250015258789,9.994999885559082,9.850000381469728,9.901000022888184,128606000,10.069142886570521,66.41463317054202
2012-04-03,9.982999801635742,10.119500160217283,9.875,9.911999702453612,100014000,10.102142878941127,71.59879592751892
2012-04-04,9.69950008392334,9.883999824523926,9.618000030517578,9.84749984741211,109138000,10.038714272635323,60.9182197092971
2012-04-05,9.719499588012695,9.80150032043457,9.677499771118164,9.677499771118164,64350000,9.95978559766497,60.7208427711896
2012-04-09,9.593500137329102,9.710000038146973,9.524999618530272,9.60099983215332,62718000,9.893428530011859,56.96119688350618
2012-04-10,9.348999977111816,9.675999641418455,9.328499794006348,9.637499809265137,89100000,9.767499923706055,43.87731848316647
2012-04-11,9.398500442504885,9.59850025177002,9.339500427246094,9.481499671936035,86756000,9.663642883300781,45.73503436948038
2012-04-12,9.534500122070312,9.61299991607666,9.280500411987305,9.402999877929688,80558000,9.611071450369698,48.14654785674502
2012-04-13,9.42300033569336,9.496999740600586,9.312999725341797,9.494999885559082,68636000,9.531071526663643,42.80403580241504
2012-04-16,9.274999618530272,9.47350025177002,9.182499885559082,9.450499534606934,80886000,9.470428603036064,28.73927787844977
2012-04-17,9.419500350952148,9.501999855041504,9.343500137329102,9.36050033569336,56584000,9.42757156917027,29.293188077804174
2012-04-18,9.553500175476074,9.672499656677246,9.437000274658203,9.440999984741213,80038000,9.421857288905553,37.25045888187064
2012-04-19,9.55500030517578,9.727499961853027,9.487500190734863,9.646499633789062,80048000,9.451285907200404,31.31397070966564
2012-04-20,9.49899959564209,9.673999786376951,9.489999771118164,9.616999626159668,64872000,9.465642929077148,32.186519921406614
2012-04-23,9.411999702453612,9.44950008392334,9.275500297546388,9.44950008392334,69620000,9.448142869131905,34.884427633918435
2012-04-24,9.51650047302246,9.53499984741211,9.325499534606934,9.434000015258787,67526000,9.46150003160749,35.83362004353357
2012-04-25,9.720999717712402,9.739999771118164,9.579999923706056,9.583499908447266,79102000,9.525214331490654,50.685793273969296
2012-04-26,9.799500465393066,9.817999839782717,9.651000022888184,9.678500175476074,204680000,9.579500062125069,52.460048082478046
2012-04-27,11.342499732971191,11.434499740600586,11.01099967956543,11.241499900817873,442338000,9.835071427481514,78.7380606671829
2012-04-30,11.595000267028809,11.69200038909912,11.15250015258789,11.197500228881836,195138000,10.126499993460518,86.80757862570982
2012-05-01,11.501999855041504,11.648500442504885,11.420000076293944,11.470000267028809,135098000,10.412642887660436,83.98768375821035
2012-05-02,11.512499809265137,11.571999549865724,11.369999885559082,11.390999794006348,91868000,10.712714331490654,83.31084325739383
2012-05-03,11.47249984741211,11.626500129699709,11.40149974822998,11.487000465393066,81110000,10.992142813546318,85.36665161415178
2012-05-04,11.19950008392334,11.486000061035156,11.187000274658203,11.390000343322754,91704000,11.203357151576451,81.83621549460248
2012-05-07,11.258000373840332,11.343500137329102,11.114500045776367,11.118000030517578,66286000,11.411714281354632,81.30425816257436
2012-05-08,11.19499969482422,11.26949977874756,10.90999984741211,11.157500267028809,90448000,11.390642847333636,78.64243882161833
2012-05-09,11.14900016784668,11.288999557495115,11.008000373840332,11.029500007629396,74240000,11.326928547450475,77.38829727616361
2012-05-10,11.334500312805176,11.45400047302246,11.09749984741211,11.195500373840332,92968000,11.303000041416713,80.194110847692
2012-05-11,11.383999824523926,11.534000396728516,11.286499977111816,11.297499656677246,83872000,11.284642900739398,82.84476333825314
2012-05-14,11.146499633789062,11.364500045776367,11.125499725341797,11.279999732971191,61932000,11.23807144165039,75.99679492444528
2012-05-15,11.219499588012695,11.530500411987305,11.149999618530272,11.324999809265137,114274000,11.240928513663155,74.94588650088477
2012-05-16,11.20300006866455,11.399999618530272,11.125,11.25,105236000,11.233071327209473,73.85687135138079
2012-05-17,10.91800022125244,11.300000190734863,10.904500007629396,11.2524995803833,90110000,11.193499973842076,37.3923540654786
2012-05-18,10.692500114440918,10.981499671936035,10.64050006866455,10.970499992370604,104634000,11.128285680498395,22.758821991910025
2012-05-21,10.905500411987305,10.99899959564209,10.640999794006348,10.701499938964844,71596000,11.066999980381556,33.21138396871369
2012-05-22,10.76650047302246,10.943499565124512,10.697999954223633,10.915499687194824,74662000,10.978785787309919,30.419962183428865
2012-05-23,10.86400032043457,10.8774995803833,10.559000015258787,10.73550033569336,84876000,10.93842874254499,34.49682432465269
2012-05-24,10.76200008392334,10.883000373840332,10.635000228881836,10.848999977111816,62822000,10.873071670532227,37.78956244370583
2012-05-25,10.64449977874756,10.798999786376951,10.611000061035156,10.749500274658203,43428000,10.793285914829799,33.42338395889493
2012-05-29,10.737500190734863,10.827500343322754,10.614500045776367,10.71500015258789,53878000,10.76750019618443,37.835694148683906
2012-05-30,10.46150016784668,10.64900016784668,10.387499809265137,10.607000350952148,81564000,10.734500203813825,33.71239301949372
2012-05-31,10.645500183105469,10.689499855041504,10.35550022125244,10.473999977111816,98880000,10.697357313973564,33.66524271212468
2012-06-01,10.41100025177002,10.56149959564209,10.364999771118164,10.42199993133545,79030000,10.646571568080358,28.792517275468796
2012-06-04,10.728500366210938,10.767499923706056,10.318499565124512,10.369999885559082,85992000,10.627214431762695,41.196310639050026
2012-06-05,10.660499572753906,10.843000411987305,10.55799961090088,10.692500114440918,70878000,10.61271435873849,38.20177949323652
2012-06-06,10.881999969482422,10.920000076293944,10.72599983215332,10.731499671936035,54202000,10.6466429574149,43.764572327092964
2012-06-07,10.9399995803833,11.07450008392334,10.905500411987305,10.982500076293944,70078000,10.67557144165039,50.46866936745487
2012-06-08,10.923999786376951,10.970999717712402,10.833000183105469,10.930500030517578,57540000,10.741642815726143,55.415192655442056
2012-06-11,10.824999809265137,11.043499946594238,10.760000228881836,10.874500274658203,74982000,10.76728561946324,48.010858730461706
2012-06-12,10.821000099182127,10.899999618530272,10.72599983215332,10.88249969482422,56666000,10.825857026236397,51.442933345857085
2012-06-13,10.736499786376951,10.869000434875488,10.675999641418455,10.776000022888184,46504000,10.82699980054583,46.600895146256995
2012-06-14,10.72249984741211,10.824999809265137,10.628000259399414,10.762999534606934,61218000,10.835856982639857,48.895099104693884
2012-06-15,10.917499542236328,10.966500282287598,10.722999572753906,10.76449966430664,75704000,10.84092835017613,57.31902566737996
2012-06-18,11.133000373840332,11.187999725341797,10.83650016784668,10.86400032043457,67392000,10.868499892098564,59.94968441195636
2012-06-19,11.201499938964844,11.260000228881836,11.083000183105469,11.163000106811523,54332000,10.90814277103969,70.78650240615153
2012-06-20,11.151000022888184,11.237000465393066,11.041999816894531,11.225500106811523,48888000,10.954714230128697,65.35073365997077
2012-06-21,11.028499603271484,11.30150032043457,11.026000022888184,11.19200038909912,56860000,10.984357016427177,70.12052520725078
2012-06-22,11.107999801635742,11.125499725341797,10.967499732971191,11.091500282287598,43750000,11.037428447178431,64.63552240562568
2012-06-25,11.003499984741213,11.079500198364258,10.899999618530272,11.015000343322754,47646000,11.077571323939733,62.86573011521366
2012-06-26,11.280500411987305,11.319499969482422,11.072500228881836,11.072500228881836,75082000,11.129428591047015,64.35003173190255
2012-06-27,11.281000137329102,11.375,11.164999961853027,11.250499725341797,55984000,11.150571414402553,62.809935120069106
2012-06-28,11.065500259399414,11.230999946594238,10.9375,11.196000099182127,59896000,11.131142888750349,54.62268653814767
2012-06-29,11.417499542236328,11.417499542236328,11.185500144958496,11.234999656677246,72288000,11.169214248657227,66.61059228344482
2012-07-02,11.465999603271484,11.467000007629396,11.31700038909912,11.46500015258789,46614000,11.231714248657227,67.64221772049945
2012-07-03,11.476499557495115,11.476499557495115,11.37950038909912,11.45699977874756,26634000,11.284357070922852,71.09463778312559
2012-07-05,11.352999687194824,11.524999618530272,11.326499938964844,11.430999755859377,53646000,11.334285599844796,66.91709045092152
2012-07-06,11.2524995803833,11.44499969482422,11.208999633789062,11.317500114440918,64064000,11.330285481044225,59.468627134917725
2012-07-09,11.2524995803833,11.300000190734863,11.172499656677246,11.25,38440000,11.32621397290911,53.846130235082235
2012-07-10,10.975000381469728,11.357000350952148,10.913999557495115,11.3125,59642000,11.313285418919154,43.57447646627861
2012-07-11,10.918499946594238,11.086999893188477,10.767000198364258,10.947500228881836,54694000,11.241999762398857,43.42662825724246
2012-07-12,10.767999649047852,10.864999771118164,10.630499839782717,10.830499649047852,52324000,11.142285483224052,42.749789517381636
2012-07-13,10.919500350952148,10.965499877929688,10.694000244140623,10.781499862670898,44438000,11.062714168003627,44.955860976366615
2012-07-16,10.80049991607666,10.915499687194824,10.722999572753906,10.829999923706056,40084000,10.983785629272461,44.60966467440101
2012-07-17,10.846500396728516,10.897000312805176,10.697999954223633,10.8725004196167,39740000,10.925785745893206,36.86440971500613
2012-07-18,10.873499870300291,10.933500289916992,10.785499572753906,10.807499885559082,41860000,10.871642930167061,37.861178897010475
2012-07-19,11.308500289916992,11.375,11.034500122070312,11.036499977111816,108988000,10.919285774230957,56.401473622222525
2012-07-20,11.41450023651123,11.469499588012695,11.26449966430664,11.267999649047852,83400000,10.990142958504814,49.90922205756794
2012-07-23,11.30049991607666,11.32900047302246,11.07699966430664,11.236000061035156,110302000,11.066214425223214,45.181964217396434
2012-07-24,11.152000427246094,11.330499649047852,11.06149959564209,11.31350040435791,100174000,11.099428721836635,41.25575519342285
2012-07-25,10.852499961853027,11.125,10.795499801635742,11.100000381469728,72934000,11.106857299804688,37.681533613997665
2012-07-26,11.000499725341797,11.072500228881836,10.7475004196167,11.0,138748000,11.128857203892299,43.93940158468544
2012-07-27,11.866000175476074,11.916999816894531,11.225000381469728,11.262499809265137,226278000,11.270642961774554,60.41773143226925
2012-07-30,11.804499626159668,12.036999702453612,11.703499794006348,11.850000381469728,74728000,11.341500009809222,65.20062788290839
2012-07-31,11.664999961853027,11.8149995803833,11.580499649047852,11.755000114440918,69072000,11.37728568485805,63.27582007778638
2012-08-01,11.604499816894531,11.718999862670898,11.53499984741211,11.70699977874756,50876000,11.420714242117745,65.36835310764755
2012-08-02,11.540499687194824,11.717000007629396,11.43299961090088,11.527999877929688,60962000,11.476214136396136,61.78813454691991
2012-08-03,11.748499870300291,11.82450008392334,11.65149974822998,11.701499938964844,56506000,11.604214123317174,67.40726108947861
2012-08-06,11.69950008392334,11.786999702453612,11.690500259399414,11.777999877929688,36874000,11.70407131740025,65.64562438186985
2012-08-07,11.82800006866455,11.899999618530272,11.662500381469728,11.706500053405762,41166000,11.69864273071289,66.87886402347509
2012-08-08,11.718999862670898,11.822500228881836,11.679499626159668,11.76449966430664,30686000,11.686428478785924,58.20506486050019
2012-08-09,11.70300006866455,11.799500465393066,11.675000190734863,11.696499824523926,30962000,11.691857065473284,55.981748306007745
2012-08-10,11.637499809265137,11.74250030517578,11.571499824523926,11.654000282287598,37050000,11.696571350097656,57.13076109074796
2012-08-13,11.621999740600586,11.718500137329102,11.550000190734863,11.611499786376951,39946000,11.708214214869908,60.538094346126265
2012-08-14,11.659500122070312,11.836000442504885,11.630999565124512,11.73550033569336,55020000,11.695499965122767,70.50303862329847
2012-08-15,11.871000289916992,11.906999588012695,11.612500190734863,11.61299991607666,65294000,11.719999994550433,71.42505060595708
2012-08-16,12.077500343322754,12.140999794006348,11.8100004196167,11.88599967956543,86242000,11.755642890930176,57.704916438063016
2012-08-17,12.058500289916992,12.167499542236328,12.023500442504885,12.029999732971191,61716000,11.804142951965332,59.54889083447885
2012-08-20,12.017499923706056,12.082500457763672,11.90999984741211,12.068499565124512,37798000,11.849071502685547,64.31179495757465
2012-08-21,11.97249984741211,12.192500114440918,11.927499771118164,12.043999671936035,51430000,11.896928650992256,65.13156140447197
2012-08-22,12.154999732971191,12.244999885559082,11.9399995803833,11.970000267028809,49474000,11.973071507045201,73.02358421125605
2012-08-23,12.0600004196167,12.173999786376951,11.951000213623049,12.107000350952148,49078000,12.030285835266113,62.75073467641456
2012-08-24,12.286999702453612,12.343500137329102,12.067999839782717,12.083999633789062,73976000,12.089714322771345,70.98962713000905
2012-08-27,12.196000099182127,12.375,12.156000137329102,12.28950023651123,58594000,12.106642859322685,63.50955075061613
2012-08-28,12.305500030517578,12.33899974822998,12.149999618530272,12.19849967956543,54846000,12.141928536551339,71.52295399122549
2012-08-29,12.355999946594238,12.380499839782717,12.229499816894531,12.33899974822998,35452000,12.190285682678223,73.3715167319744
2012-08-30,12.310999870300291,12.5,12.262499809265137,12.349499702453612,72950000,12.238642828805103,74.46423771134646
2012-08-31,12.41349983215332,12.47249984741211,12.274999618530272,12.403499603271484,66950000,12.27557141440255,77.04135958138649
2012-09-04,12.394000053405762,12.550000190734863,12.232999801635742,12.41349983215332,79016000,12.323285647800988,75.40645833814398
2012-09-05,12.310999870300291,12.430500030517578,12.265000343322754,12.380499839782717,53052000,12.326714243207658,66.7046350652763
2012-09-06,12.569000244140623,12.635000228881836,12.359999656677246,12.411499977111816,107228000,12.37999997820173,67.95762992386614
2012-09-07,12.95699977874756,12.970999717712402,12.675999641418455,12.692500114440918,100590000,12.473071370806013,75.8561259433151
2012-09-10,12.854499816894531,13.0,12.840999603271484,12.949999809265137,51344000,12.544285637991768,73.26294830432352
2012-09-11,12.783499717712402,12.880000114440918,12.713000297546388,12.880000114440918,50496000,12.6117856161935,72.21920007274048
2012-09-12,12.781499862670898,12.888999938964844,12.675000190734863,12.824999809265137,45464000,12.66435704912458,69.04837156057727
2012-09-13,13.01200008392334,13.100000381469728,12.6899995803833,12.746999740600586,70512000,12.75264276776995,76.74158194318224
2012-09-14,13.06350040435791,13.205499649047852,12.988499641418455,13.06999969482422,73324000,12.860142844063896,74.19759397066153
2012-09-17,12.899999618530272,13.0625,12.850000381469728,13.0625,46126000,12.907428468976702,70.98983601019737
2012-09-18,12.9375,13.024999618530272,12.850000381469728,12.923999786376951,44300000,12.90464278629848,69.68845478755941
2012-09-19,13.083999633789062,13.142000198364258,12.92650032043457,12.97249984741211,52736000,12.93742847442627,71.39915307499467
2012-09-20,13.040499687194824,13.043499946594238,12.899999618530272,13.001500129699709,58272000,12.974142755780901,71.46217627279941
2012-09-21,12.873499870300291,13.100000381469728,12.836999893188477,13.086999893188477,121186000,12.987285614013672,63.03854323618713
2012-09-24,12.739999771118164,12.779999732971191,12.649999618530272,12.76099967956543,54158000,12.948428426470075,59.21191411655431
2012-09-25,12.623000144958496,12.947500228881836,12.55150032043457,12.816499710083008,88116000,12.885499817984444,58.15900019851583
2012-09-26,12.48349952697754,12.73050022125244,12.411499977111816,12.619999885559082,58410000,12.825999804905482,47.61637373166974
2012-09-27,12.829500198364258,12.869999885559082,12.526000022888184,12.527000427246094,67948000,12.810571261814662,46.36027884391825
2012-09-28,12.715999603271484,12.850000381469728,12.65999984741211,12.807000160217283,49132000,12.75799982888358,46.07092187836491
2012-10-01,12.600500106811523,12.80799961090088,12.524499893188477,12.770000457763672,51624000,12.69514274597168,44.936375165652564
2012-10-02,12.529999732971191,12.657500267028809,12.451499938964844,12.640000343322754,43916000,12.646071297781807,43.29512708944899
2012-10-03,12.79599952697754,12.80500030517578,12.477999687194824,12.560500144958496,54912000,12.654071262904576,44.34850044739307
2012-10-04,13.023500442504885,13.076000213623049,12.793499946594238,12.80049991607666,54008000,12.711285591125488,49.04168881012954
2012-10-05,12.92549991607666,13.095000267028809,12.874500274658203,13.0600004196167,56130000,12.774428503853935,50.63072634369318
2012-10-08,12.95300006866455,12.989999771118164,12.777999877929688,12.883500099182127,35246000,12.792071342468262,50.385285886252355
2012-10-09,12.54800033569336,12.967499732971191,12.536499977111816,12.933500289916992,69896000,12.768071447099958,38.19386036037929
2012-10-10,12.249500274658203,12.623000144958496,12.200499534606934,12.600000381469728,78966000,12.717928613935198,34.33666067772374
2012-10-11,12.211000442504885,12.46500015258789,12.094499588012695,12.399999618530272,68946000,12.672357286725726,36.17778555979813
2012-10-12,12.118000030517578,12.27299976348877,12.095499992370604,12.159000396728516,44064000,12.575500215802874,36.79968167716948
2012-10-15,12.208999633789062,12.23900032043457,11.92549991607666,12.142499923706056,59196000,12.4591429574149,41.11587947699417
2012-10-16,12.196999549865724,12.28849983215332,12.104000091552734,12.243499755859377,44082000,12.355071476527625,43.49603440758158
2012-10-17,12.374500274658203,12.4399995803833,12.164999961853027,12.168499946594238,66054000,12.272428648812433,38.815157121651005
2012-10-18,12.24250030517578,12.545499801635742,12.135000228881836,12.388500213623049,106106000,12.228785787309919,38.46531276774875
2012-10-19,12.0,12.340999603271484,11.946999549865724,12.258000373840332,87906000,12.193142890930176,36.22391783576779
2012-10-22,11.689000129699709,11.947500228881836,11.616000175476074,11.940500259399414,90000000,12.118571417672296,32.623989381909226
2012-10-23,11.715499877929688,11.824999809265137,11.500499725341797,11.552499771118164,88616000,12.061071395874023,25.223602642031864
2012-10-24,11.424500465393066,11.79699993133545,11.397500038146973,11.793999671936035,73574000,11.949000086103167,14.371665168582183
2012-10-25,11.145999908447266,11.54599952697754,11.145999908447266,11.54599952697754,134826000,11.798857280186244,13.30171858018386
2012-10-26,11.911999702453612,11.935500144958496,11.334500312805176,11.43000030517578,227350000,11.732785769871303,33.54409846573911
2012-10-31,11.64449977874756,11.9350004196167,11.524999618530272,11.815999984741213,95952000,11.6473571232387,35.06857596942692
2012-11-01,11.607000350952148,11.727499961853027,11.56700038909912,11.71150016784668,78102000,11.591214316231865,38.37945375791533
2012-11-02,11.621000289916992,11.869999885559082,11.60550022125244,11.700499534606934,67494000,11.581500053405762,39.23357295852763
2012-11-05,11.716500282287598,11.741499900817873,11.505499839782717,11.60200023651123,36922000,11.581642968314034,42.68003932233987
2012-11-06,11.878000259399414,11.887499809265137,11.72249984741211,11.770500183105469,53226000,11.646428653172084,44.11661203860532
2012-11-07,11.602999687194824,11.782999992370604,11.470999717712402,11.782500267028809,72484000,11.711714335850306,40.34460628383275
2012-11-08,11.36750030517578,11.672499656677246,11.354999542236328,11.611000061035156,59648000,11.63392870766776,33.93426400295043
2012-11-09,11.315500259399414,11.548500061035156,11.229999542236328,11.312999725341797,61850000,11.58692877633231,34.82317672958919
2012-11-12,11.32349967956543,11.461000442504885,11.270500183105469,11.329500198364258,42576000,11.546428680419922,38.00317812734019
2012-11-13,11.329999923706056,11.395000457763672,11.23550033569336,11.255999565124512,52596000,11.504857199532646,42.86281452786266
2012-11-14,11.147500038146973,11.37049961090088,11.125499725341797,11.324999809265137,60682000,11.423571450369698,39.36727549277067
2012-11-15,11.029999732971191,11.258000373840332,10.909000396728516,11.114999771118164,68094000,11.30242851802281,42.10208575013613
2012-11-16,11.261500358581545,11.3125,10.932000160217283,11.065500259399414,87056000,11.253642899649483,52.356671537846374
2012-11-19,11.48550033569336,11.625,11.3725004196167,11.416000366210938,71824000,11.27050004686628,38.826318316895815
2012-11-20,11.689000129699709,11.690999984741213,11.475000381469728,11.5,55434000,11.323857171194893,51.20629875011504
2012-11-21,11.90149974822998,11.933500289916992,11.637499809265137,11.69200038909912,59186000,11.406428609575544,57.29139464081725
2012-11-23,11.994000434875488,12.0,11.824000358581545,11.994500160217283,35536000,11.501285825456891,58.88941971796156
2012-11-26,12.180999755859377,12.215999603271484,11.899999618530272,12.01949977874756,83566000,11.64892864227295,60.60743330268394
2012-11-27,12.170000076293944,12.283499717712402,12.07699966430664,12.16100025177002,60970000,11.8117858341762,57.160369795598335
2012-11-28,12.35550022125244,12.361499786376951,12.074999809265137,12.1225004196167,54868000,11.96807152884347,69.29984277452562
2012-11-29,12.56350040435791,12.62399959564209,12.375,12.40250015258789,106210000,12.122071538652692,81.11342720889478
2012-11-30,12.602499961853027,12.63249969482422,12.41349983215332,12.519000053405762,75948000,12.252571514674596,83.70875007680834
2012-12-03,12.51650047302246,12.708000183105469,12.5,12.626999855041504,59812000,12.340428761073522,80.02015819382561
2012-12-04,12.624500274658203,12.649999618530272,12.43299961090088,12.496999740600586,62294000,12.430500166756767,80.99116418183041
2012-12-05,12.697999954223633,12.77750015258789,12.519000053405762,12.621999740600586,57044000,12.50435733795166,89.16395065653953
2012-12-06,12.668499946594238,12.758500099182127,12.575499534606934,12.649999618530272,71158000,12.575571605137416,93.31222458631201
2012-12-07,12.66349983215332,12.760499954223633,12.600500106811523,12.70699977874756,43406000,12.619571549551827,92.10213548835314
2012-12-10,12.388500213623049,12.73900032043457,12.364999771118164,12.654999732971191,70076000,12.59457152230399,76.31122058249787
2012-12-11,12.534500122070312,12.673999786376951,12.332500457763672,12.425000190734863,83704000,12.584857259477888,75.48993393561224
2012-12-12,12.588000297546388,12.718000411987305,12.503000259399414,12.553500175476074,52562000,12.595071520124163,72.89100689546387
2012-12-13,12.5625,12.72700023651123,12.50100040435791,12.555500030517578,49204000,12.586214338030134,69.84294476403753
2012-12-14,12.459500312805176,12.595000267028809,12.38949966430664,12.505499839782717,50538000,12.55214296068464,60.32632179705404
2012-12-17,12.692999839782717,12.699999809265137,12.463000297546388,12.490500450134276,45540000,12.55564294542585,66.64546038968966
2012-12-18,13.020000457763672,13.155500411987305,12.728500366210938,12.728500366210938,99220000,12.60657160622733,69.40148188574275
2012-12-19,12.899499893188477,13.083499908447266,12.883999824523926,13.0649995803833,46000000,12.679571560450963,60.338451877565724
2012-12-20,13.074999809265137,13.12049961090088,12.82699966430664,12.91800022125244,51692000,12.756785801478795,63.411865087657915
2012-12-21,12.845999717712402,12.918999671936035,12.786999702453612,12.890999794006348,94092000,12.79364286150251,58.65054458834273
2012-12-24,12.930999755859377,12.975000381469728,12.847999572753906,12.864999771118164,19688000,12.846285683768135,58.14508215334213
2012-12-26,12.431500434875488,12.871000289916992,12.402000427246094,12.857500076293944,83054000,12.842285701206752,44.22536224127322
2012-12-27,12.415499687194824,12.467499732971191,12.142999649047852,12.413999557495115,72786000,12.802642822265625,44.485610496899945
2012-12-28,12.258999824523926,12.371999740600586,12.2524995803833,12.292499542236328,37174000,12.693928446088519,41.7297087345323
2012-12-31,12.543499946594238,12.62049961090088,12.137499809265137,12.1875,68380000,12.64307131086077,53.156816243922954
2013-01-02,12.865500450134276,12.904999732971191,12.663000106811523,12.803999900817873,65420000,12.613142830984932,56.29038659854534
2013-01-03,12.923999786376951,13.043999671936035,12.818499565124512,12.863499641418455,55018000,12.624285697937012,56.37328164101398
2013-01-04,12.957500457763672,12.989999771118164,12.832500457763672,12.878999710083008,37484000,12.628071512494769,57.469748625396576
2013-01-07,13.42300033569336,13.486499786376951,13.133500099182127,13.148500442504885,98200000,12.76971435546875,66.02360949645444
2013-01-08,13.319000244140623,13.449000358581545,13.178500175476074,13.353500366210938,60214000,12.898785863603864,60.879388614587455
2013-01-09,13.317500114440918,13.475000381469728,13.270000457763672,13.408499717712402,45312000,13.050000190734863,55.82989433899356
2013-01-10,13.267000198364258,13.437000274658203,13.114999771118164,13.427000045776367,57268000,13.153357369559151,57.404799768796956
2013-01-11,13.397000312805176,13.421500205993652,13.205499649047852,13.255000114440918,48266000,13.22928592136928,56.60920350212892
2013-01-14,13.636500358581545,13.713000297546388,13.376999855041504,13.399999618530272,85500000,13.331071717398506,66.15574063809036
2013-01-15,13.595000267028809,13.636500358581545,13.46500015258789,13.534000396728516,46538000,13.422143118722099,63.81606910901919
2013-01-16,13.446499824523926,13.562000274658203,13.39150047302246,13.52649974822998,41312000,13.425500188555036,74.73193039857223
2013-01-17,13.52400016784668,13.59850025177002,13.46049976348877,13.574999809265137,37692000,13.454785891941615,76.22426468763406
2013-01-18,13.605999946594238,13.725000381469728,13.479999542236328,13.541500091552734,58840000,13.496000153677803,83.03087676235513
2013-01-22,13.509499549865724,13.604999542236328,13.46150016784668,13.581000328063965,42754000,13.530642918178014,76.09396800273687
2013-01-23,13.405500411987305,13.554499626159668,13.332500457763672,13.528499603271484,50178000,13.531857218061175,66.53398157475947
2013-01-24,13.67300033569336,13.832500457763672,13.468500137329102,13.468500137329102,68340000,13.53707150050572,70.33116608110473
2013-01-25,14.19950008392334,14.236000061035156,13.720000267028809,13.75,99362000,13.623428617204938,76.59528063959479
2013-01-28,13.802000045776367,14.223999977111816,13.720000267028809,14.189000129699709,86428000,13.674214363098145,58.3590577176939
2013-01-29,13.017499923706056,13.77299976348877,12.917499542236328,13.767499923706056,203452000,13.60185718536377,44.88549114466152
2013-01-30,13.637999534606934,14.210000038146973,13.35550022125244,14.149999618530272,261508000,13.60642855507987,54.49319285320447
2013-01-31,13.274999618530272,13.79699993133545,13.1850004196167,13.552000045776367,135442000,13.572928564889091,50.103111894352814
2013-02-01,13.25,13.446499824523926,13.140000343322754,13.446499824523926,122300000,13.550714220319476,48.0524596792025
2013-02-04,12.99899959564209,13.234000205993652,12.953499794006348,13.138999938964844,74472000,13.454428400312151,41.57970103169658
2013-02-05,13.344499588012695,13.40149974822998,13.072999954223633,13.100000381469728,80258000,13.332285472324916,46.93726969969107
2013-02-06,13.111000061035156,13.344499588012695,13.055500030517578,13.258000373840332,55408000,13.233571188790458,45.98155612196526
2013-02-07,13.011500358581545,13.204999923706056,12.755499839782717,13.204999923706056,79514000,13.232714108058385,43.89372019979335
2013-02-08,13.09749984741211,13.262499809265137,13.02750015258789,13.06999969482422,77584000,13.155499867030553,43.9471445492277
2013-02-11,12.86050033569336,13.162500381469728,12.829999923706056,13.15999984741211,68074000,13.096285683768135,42.52476732064766
2013-02-12,12.9350004196167,13.008000373840332,12.850000381469728,12.959500312805176,58874000,13.051285743713379,44.54365946144302
2013-02-13,13.47350025177002,13.498000144958496,13.015000343322754,13.076499938964844,105860000,13.119071551731654,47.82323853191725
2013-02-14,13.461999893188477,13.532500267028809,13.270000457763672,13.368499755859377,69260000,13.13585730961391,40.93422844724401
2013-02-15,13.25450038909912,13.446000099182127,13.155500411987305,13.381500244140623,79598000,13.15635735648019,42.94003887501039
2013-02-19,13.487500190734863,13.505499839782717,13.225000381469728,13.295499801635742,57084000,13.224357332502093,57.06555383547411
2013-02-20,13.320500373840332,13.71500015258789,13.318499565124512,13.510000228881836,70578000,13.256214550563268,44.473465089348316
2013-02-21,13.29699993133545,13.473999977111816,13.162500381469728,13.255999565124512,72748000,13.318571635654994,50.43427416971353
2013-02-22,13.270999908447266,13.35550022125244,13.080499649047852,13.331000328063965,62496000,13.36657156263079,50.414363081416134
2013-02-25,12.993499755859377,13.434499740600586,12.982500076293944,13.347000122070312,60648000,13.298000063214984,49.892602156448916
2013-02-26,12.968000411987305,13.10200023651123,12.786499977111816,13.044500350952148,66972000,13.227428708757673,41.597866968142434
2013-02-27,13.162500381469728,13.291500091552734,12.843000411987305,12.970000267028809,58162000,13.214285850524902,51.16966537546172
2013-02-28,13.213500022888184,13.350000381469728,13.031499862670898,13.090499877929688,53344000,13.175142969403948,54.691125283599845
2013-03-01,13.286999702453612,13.329999923706056,13.052000045776367,13.16349983215332,59140000,13.170357159205846,54.426536272402174
2013-03-04,13.655500411987305,13.664999961853027,13.20699977874756,13.267999649047852,69060000,13.221571513584681,67.49560520558569
2013-03-05,13.779500007629396,13.833999633789062,13.499500274658203,13.699999809265137,73724000,13.294214384896415,68.1886710912685
2013-03-06,13.689499855041504,13.82450008392334,13.591500282287598,13.788000106811523,41014000,13.393642970493861,55.76614245955408
2013-03-07,13.694000244140623,13.739999771118164,13.592499732971191,13.704999923706056,38780000,13.49735723223005,56.21651789136688
2013-03-08,13.709500312805176,13.772000312805176,13.574999809265137,13.75,37596000,13.575500079563685,63.59020256181795
2013-03-11,13.562000274658203,13.69950008392334,13.520000457763672,13.671500205993652,38098000,13.625285829816546,52.34498214824967
2013-03-12,13.706500053405762,13.869999885559082,13.517999649047852,13.550000190734863,64924000,13.685214451381139,62.32438324797357
2013-03-13,13.755000114440918,13.824999809265137,13.631999969482422,13.76200008392334,37684000,13.699428694588798,64.39347257421394
2013-03-14,13.286999702453612,13.5,13.17650032043457,13.48349952697754,104534000,13.629071508135114,50.39350206754524
2013-03-15,13.090999603271484,13.36299991607666,13.0024995803833,13.24899959564209,97318000,13.543571472167969,52.49807456985689
2013-03-18,12.89449977874756,13.07450008392334,12.855999946594238,12.96500015258789,54404000,13.429357119968959,48.268536661749685
2013-03-19,12.820500373840332,12.975000381469728,12.630999565124512,12.920000076293944,74770000,13.302357128688268,41.458540649537014
2013-03-20,12.86400032043457,12.98799991607666,12.727499961853027,12.90250015258789,54778000,13.202642849513463,41.23841377842915
2013-03-21,12.669500350952148,12.850000381469728,12.633999824523926,12.805500030517578,56128000,13.054500034877233,35.40535995957205
2013-03-22,12.887499809265137,12.888500213623049,12.603500366210938,12.727499961853027,62492000,12.93057141985212,30.45799196389531
2013-03-25,12.800999641418455,12.971500396728516,12.725000381469728,12.928999900817873,50278000,12.861142839704241,24.617367512233216
2013-03-26,13.01550006866455,13.074000358581545,12.814000129699709,12.852499961853027,48420000,12.850357191903251,33.577003622289226
2013-03-27,13.265000343322754,13.296500205993652,12.895000457763672,12.9375,57498000,12.90328584398542,40.66173457461854
2013-03-28,13.32450008392334,13.369000434875488,13.20300006866455,13.291000366210938,49474000,12.975285802568708,41.777012086123214
2013-04-01,13.080499649047852,13.369999885559082,13.05049991607666,13.348999977111816,50496000,13.006214278084892,40.123064090044075
2013-04-02,13.166000366210938,13.294500350952148,13.02750015258789,13.119999885559082,52622000,13.07714285169329,38.63780798936987
2013-04-03,12.951499938964844,13.183500289916992,12.887499809265137,13.105999946594238,48276000,13.086285727364677,34.211048074231044
2013-04-04,12.95400047302246,13.020500183105469,12.805999755859377,12.96150016784668,39288000,13.108142989022392,41.991366019401
2013-04-05,12.77400016784668,12.809000015258787,12.683500289916992,12.78600025177002,51148000,13.073643003191266,42.31703382097195
2013-04-08,12.947500228881836,12.984000205993652,12.781499862670898,12.79599952697754,45912000,13.02828584398542,51.29902945027734
2013-04-09,13.057000160217283,13.130499839782717,12.850000381469728,12.942500114440918,43132000,12.99007156917027,55.697410585382094
2013-04-10,13.238499641418455,13.298999786376951,12.965999603271484,13.08899974822998,46450000,13.012642996651786,58.459430639480374
2013-04-11,13.49250030517578,13.548500061035156,13.237000465393066,13.237000465393066,61810000,13.059285845075335,68.10380563023826
2013-04-12,13.643500328063965,13.66349983215332,13.35099983215332,13.505999565124512,57326000,13.158143043518066,67.13507311636626
2013-04-15,13.38599967956543,13.755999565124512,13.354999542236328,13.553999900817873,66520000,13.219857215881348,62.305408813509864
2013-04-16,13.616999626159668,13.640000343322754,13.402999877929688,13.465499877929688,42744000,13.34028570992606,62.565254983524405
2013-04-17,13.369999885559082,13.542499542236328,13.212499618530272,13.539999961853027,62702000,13.400642803737096,52.19572199168138
2013-04-18,12.970999717712402,13.349499702453612,12.829999923706056,13.340499877929688,62752000,13.388357026236397,43.526827189728756
2013-04-19,13.015999794006348,13.144000053405762,12.875,12.907999992370604,52050000,13.356571333748954,48.726055981733474
2013-04-22,13.177499771118164,13.229999542236328,12.90149974822998,12.967499732971191,42382000,13.31157125745501,50.22050615837235
2013-04-23,13.44499969482422,13.493499755859377,13.225000381469728,13.225000381469728,45412000,13.283214024135045,59.27456270087015
2013-04-24,13.439000129699709,13.57349967956543,13.340499877929688,13.475000381469728,37056000,13.29078551701137,59.1028446624499
2013-04-25,13.734999656677246,13.789999961853027,13.524999618530272,13.576499938964844,122330000,13.307642664228167,67.28416512838069
2013-04-26,12.740500450134276,13.60099983215332,12.64050006866455,13.498499870300291,280600000,13.217714173453194,47.12580056627242
2013-04-29,12.487000465393066,12.850500106811523,12.457500457763672,12.744999885559082,142340000,13.148571423121862,42.38985504146258
2013-04-30,12.690500259399414,12.734000205993652,12.428000450134276,12.468500137329102,84976000,13.102071489606585,42.726314150560086
2013-05-01,12.411499977111816,12.710000038146973,12.287500381469728,12.69499969482422,87828000,12.992642947605678,35.746299418112656
2013-05-02,12.6274995803833,12.646499633789062,12.288999557495115,12.446999549865724,78724000,12.87585721697126,36.829126812773154
2013-05-03,12.90250015258789,12.962499618530272,12.734999656677246,12.807000160217283,70280000,12.799214363098145,43.760488698911516
2013-05-06,12.78600025177002,12.975000381469728,12.67099952697754,12.904500007629396,46956000,12.66364301953997,38.949471471428815
2013-05-07,12.886500358581545,12.987000465393066,12.645500183105469,12.815500259399414,62674000,12.68450014931815,43.30981454874445
2013-05-08,12.934000015258787,13.015000343322754,12.76650047302246,12.843500137329102,53540000,12.748357227870397,49.43286751784045
2013-05-09,13.008000373840332,13.177499771118164,12.843999862670898,12.93649959564209,55386000,12.79371438707624,49.878465148707775
2013-05-10,13.181500434875488,13.182499885559082,13.010499954223633,13.043999671936035,62906000,12.903714452471052,50.06056108874256
2013-05-13,13.225500106811523,13.293999671936035,13.100000381469728,13.138500213623049,42990000,12.989143099103655,46.436114469472464
2013-05-14,13.416500091552734,13.470000267028809,13.201499938964844,13.225000381469728,54000000,13.06257166181292,49.65538295246231
2013-05-15,13.32800006866455,13.452500343322754,13.227999687194824,13.353500366210938,54410000,13.140000207083565,43.34315188663471
2013-05-16,13.206000328063965,13.421500205993652,13.192500114440918,13.29800033569336,32870000,13.185643059866768,60.65461051054439
2013-05-17,13.494999885559082,13.49899959564209,13.25,13.291500091552734,50546000,13.265785898481097,72.70269666531777
2013-05-20,13.381500244140623,13.589500427246094,13.324999809265137,13.449999809265137,44180000,13.31914302280971,66.22066330985109
2013-05-21,13.442999839782717,13.53849983215332,13.383000373840332,13.437000274658203,34824000,13.3565000806536,76.96733818689535
2013-05-22,13.14799976348877,13.37950038909912,13.039999961853027,13.369500160217283,66640000,13.345428603036064,63.068050672385
2013-05-23,13.09000015258789,13.158499717712402,12.979499816894531,13.024499893188477,40006000,13.298785754612513,55.283184356821295
2013-05-24,13.086999893188477,13.096500396728516,12.916999816894531,12.99250030517578,33926000,13.264357158115931,59.06080498001067
2013-05-28,13.364500045776367,13.55500030517578,13.300000190734863,13.324000358581545,69420000,13.28699997493199,63.00326729729595
2013-05-29,13.27649974822998,13.412500381469728,13.241999626159668,13.27299976348877,38068000,13.25578566959926,59.1163138044492
2013-05-30,13.341500282287598,13.428500175476074,13.280500411987305,13.285499572753906,33350000,13.250071389334542,58.91949852880558
2013-05-31,13.460000038146973,13.595499992370604,13.29699993133545,13.300000190734863,67486000,13.252499989100865,57.67428415254591
2013-06-03,13.343999862670898,13.455499649047852,13.147500038146973,13.447999954223633,50878000,13.28050000326974,53.14073133421429
2013-06-04,13.28499984741211,13.444000244140623,13.151000022888184,13.350000381469728,41772000,13.308357102530342,46.25248542445996
2013-06-05,13.35849952697754,13.583000183105469,13.25100040435791,13.290499687194824,70246000,13.347142764500209,50.87667359102021
2013-06-06,13.39150047302246,13.524999618530272,13.21049976348877,13.387499809265137,49526000,13.35099996839251,55.61951261790912
2013-06-07,13.843500137329102,14.005000114440918,13.456500053405762,13.487000465393066,92652000,13.432000023978096,59.60849666569025
2013-06-10,14.053500175476074,14.123499870300291,13.76200008392334,13.833999633789062,61730000,13.533714294433594,67.59161386092637
2013-06-11,13.73900032043457,13.920499801635742,13.711999893188477,13.800000190734863,61956000,13.573571477617536,56.84235634598735
2013-06-12,13.583499908447266,13.84000015258789,13.522500038146973,13.829999923706056,44778000,13.607785769871303,60.76105373044992
2013-06-13,13.78950023651123,13.84000015258789,13.51449966430664,13.574999809265137,52996000,13.67985725402832,66.10636433705096
2013-06-14,13.69950008392334,13.853500366210938,13.67199993133545,13.75,43016000,13.728571619306292,63.55987705487391
2013-06-17,13.902999877929688,14.010000228881836,13.782500267028809,13.817500114440918,57680000,13.801642962864467,62.32546179717596
2013-06-18,14.088000297546388,14.145500183105469,13.905500411987305,13.95400047302246,42922000,13.836571557181221,67.78435064088204
2013-06-19,13.907999992370604,14.166999816894531,13.893500328063965,14.062999725341797,56550000,13.815785816737584,61.81930619193488
2013-06-20,13.67199993133545,13.93000030517578,13.619500160217283,13.756999969482422,59680000,13.806214332580566,54.216383005035425
2013-06-21,13.66800022125244,13.791999816894531,13.489500045776367,13.728500366210938,84020000,13.818285805838448,56.74438327044984
2013-06-24,13.530500411987305,13.657999992370604,13.25,13.564499855041504,77276000,13.781285830906459,54.94860810905369
2013-06-25,13.604499816894531,13.673500061035156,13.449999809265137,13.614999771118164,48992000,13.767714364188057,54.957682399276074
2013-06-26,13.878499984741213,13.89900016784668,13.675000190734863,13.699000358581545,60590000,13.764214379446846,58.94561884421129
2013-06-27,13.8774995803833,14.010000228881836,13.72700023651123,13.958999633789062,50390000,13.734142848423549,50.748556366078105
2013-06-28,13.884499549865724,13.991499900817873,13.809499740600586,13.809499740600586,63866000,13.730785642351423,45.91391294082062
2013-07-01,14.104999542236328,14.16450023651123,13.857999801635742,13.949999809265137,57764000,13.792642729622978,59.27049263487428
2013-07-02,14.18649959564209,14.32900047302246,14.029500007629396,14.052000045776367,64764000,13.866714068821498,65.86840804198167
2013-07-03,14.201499938964844,14.270000457763672,14.100000381469728,14.100000381469728,27460000,13.962571144104004,62.05381980193263
2013-07-05,14.293999671936035,14.319000244140623,14.103500366210938,14.25,39708000,14.061071123395648,67.36779227899993
2013-07-08,14.529500007629396,14.583499908447266,14.307000160217283,14.321000099182127,60934000,14.154071126665388,67.96672998966736
2013-07-09,14.576499938964844,14.628499984741213,14.400500297546388,14.550000190734863,55512000,14.253928320748466,65.21331591712202
2013-07-10,14.616499900817873,14.666999816894531,14.470000267028809,14.570500373840332,36204000,14.358499799455915,74.17263621502875
2013-07-11,14.982999801635742,15.034500122070312,14.604999542236328,14.749500274658203,80146000,14.483928407941546,91.07143177253779
2013-07-12,15.3774995803833,15.3774995803833,14.925000190734863,14.934499740600586,90786000,14.654071262904576,93.02792708195312
2013-07-15,15.328499794006348,15.399499893188477,15.217499732971191,15.363499641418455,44912000,14.81507124219622,97.3656376730544
2013-07-16,15.343500137329102,15.469499588012695,15.275500297546388,15.364999771118164,53204000,14.964999880109515,97.28112171555512
2013-07-17,15.434499740600586,15.4399995803833,15.284500122070312,15.34850025177002,40594000,15.094285556248256,96.98066506108458
2013-07-18,15.205499649047852,15.31700038909912,15.093500137329102,15.31350040435791,61276000,15.184142657688685,85.24416646376619
2013-07-19,15.261500358581545,15.28950023651123,15.095499992370604,15.219499588012695,59462000,15.276285580226354,85.61822055179886
2013-07-22,15.173999786376951,15.462499618530272,15.100000381469728,15.462499618530272,50414000,15.30357129233224,79.69443234691668
2013-07-23,15.053000450134276,15.253000259399414,15.027999877929688,15.157999992370604,39992000,15.257214273725237,73.55261356990869
2013-07-24,14.946999549865724,15.19200038909912,14.902000427246094,15.151000022888184,40010000,15.202714238848005,69.30844938711454
2013-07-25,15.170000076293944,15.225000381469728,14.837499618530272,14.949999809265137,108116000,15.177928515842982,71.25181098478238
2013-07-26,15.600500106811523,15.680999755859377,14.77750015258789,14.977499961853027,176350000,15.201642853873116,73.73668883309821
2013-07-29,15.30500030517578,15.649999618530272,15.295000076293944,15.553500175476074,64236000,15.215857233319964,64.54382063545248
2013-07-30,15.12049961090088,15.48900032043457,15.078499794006348,15.38599967956543,61068000,15.195714269365583,59.513010857982216
2013-07-31,15.060999870300291,15.25749969482422,15.050000190734863,15.195500373840332,37826000,15.179571424211774,51.665243486047295
2013-08-01,15.278499603271484,15.310500144958496,14.94499969482422,15.154000282287598,59434000,15.211785588945661,47.713628368636876
2013-08-02,15.21049976348877,15.26650047302246,15.074999809265137,15.231499671936035,50052000,15.249428476606097,47.2985364780105
2013-08-05,15.049500465393066,15.180999755859377,14.914999961853027,15.170000076293944,44664000,15.2322142464774,43.69099654016912
2013-08-06,15.037500381469728,15.067999839782717,14.87600040435791,15.025500297546388,36980000,15.151785714285714,41.18171657884061
2013-08-07,14.845499992370604,15.049500465393066,14.807499885559082,15.00749969482422,39220000,15.086142812456403,41.869932532115385
2013-08-08,14.786999702453612,14.925999641418455,14.6274995803833,14.925999641418455,46868000,15.03849996839251,39.29617885094458
2013-08-09,14.86299991607666,14.963500022888184,14.71500015258789,14.784000396728516,39006000,15.010214260646276,42.94785155210978
2013-08-12,14.834500312805176,14.95400047302246,14.762999534606934,14.78950023651123,30090000,14.946785790579659,44.828401918092
2013-08-13,14.69849967956543,14.818499565124512,14.533499717712402,14.793999671936035,46998000,14.873642921447754,44.2007055184002
2013-08-14,14.56700038909912,14.714500427246094,14.527000427246094,14.714500427246094,28300000,14.804714339120048,35.29985878549958
2013-08-15,14.32349967956543,14.46500015258789,14.25749969482422,14.439499855041504,45228000,14.702714238848005,15.74570258259476
2013-08-16,14.241000175476074,14.416500091552734,14.225000381469728,14.327500343322754,48450000,14.616357122148786,17.777101303778636
2013-08-19,14.278499603271484,14.477999687194824,14.173999786376951,14.259499549865724,49548000,14.543714250837054,22.007955324379637
2013-08-20,14.354499816894531,14.475500106811523,14.286999702453612,14.293999671936035,31726000,14.471071379525322,26.76749715716487
2013-08-21,14.228500366210938,14.425000190734863,14.191499710083008,14.25450038909912,36306000,14.384499958583287,13.261021319875638
2013-08-22,14.486499786376951,14.493499755859377,14.239999771118164,14.239999771118164,28452000,14.35421425955636,27.640499209786725
2013-08-23,14.500499725341797,14.574999809265137,14.395000457763672,14.560500144958496,39238000,14.344714164733887,31.351866501069367
2013-08-26,14.310500144958496,14.552499771118164,14.281000137329102,14.521499633789062,34234000,14.342857088361468,27.969671976228653
2013-08-27,14.046500205993652,14.263999938964844,13.987000465393066,14.193499565124512,49520000,14.315071378435407,26.80021443848912
2013-08-28,14.07900047302246,14.149999618530272,13.966500282287598,14.017999649047852,29142000,14.286571502685547,29.12735895473584
2013-08-29,14.199000358581545,14.298999786376951,14.0,14.072500228881836,31328000,14.26435729435512,30.919529520093022
2013-08-30,14.048999786376951,14.243499755859377,14.0,14.229499816894531,30694000,14.238714354378837,28.90139621286292
2013-09-03,14.4399995803833,14.569499969482422,14.208499908447266,14.236499786376951,57952000,14.232071467808314,43.89321180601712
2013-09-04,14.682000160217283,14.761500358581545,14.378999710083008,14.416500091552734,48772000,14.258000101361956,52.58194450273169
2013-09-05,14.704999923706056,14.850000381469728,14.635499954223633,14.681500434875488,36332000,14.314357212611608,59.50661750237409
2013-09-06,14.79300022125244,14.944000244140623,14.539999961853027,14.76650047302246,45840000,14.42100007193429,63.717700904474135
2013-09-09,14.98550033569336,14.998000144958496,14.829999923706056,14.861000061035156,32872000,14.550500052315849,66.31289322015394
2013-09-10,15.017999649047852,15.050000190734863,14.861000061035156,15.02750015258789,35568000,14.667499950953893,65.62279657781865
2013-09-11,14.982000350952148,15.093000411987305,14.892000198364258,14.945500373840332,34852000,14.800785745893206,68.52718078974686
2013-09-12,14.942999839782717,15.100000381469728,14.883000373840332,14.969499588012695,32124000,14.872642925807408,62.57922540300565
2013-09-13,14.895999908447266,15.01099967956543,14.8100004196167,15.006999969482422,27012000,14.90321431841169,60.70365942545179
2013-09-16,14.803000450134276,15.050000190734863,14.762999534606934,14.991000175476074,36168000,14.917214393615723,64.06742023565909
2013-09-17,15.208499908447266,15.232500076293944,14.80049991607666,14.881500244140623,45930000,14.976571491786412,80.70824963896943
2013-09-18,15.601499557495115,15.63700008392334,15.145500183105469,15.20300006866455,58928000,15.064571380615234,83.79578274587226
2013-09-19,15.602999687194824,15.72700023651123,15.552000045776367,15.68850040435791,47018000,15.14814281463623,82.89597168470617
2013-09-20,15.81700038909912,16.028499603271484,15.62049961090088,15.626999855041504,106046000,15.267428534371513,90.21841234414376
2013-09-23,15.57450008392334,15.795000076293944,15.43850040435791,15.700499534606934,37698000,15.35764285496303,77.6775011912207
2013-09-24,15.706500053405762,15.904000282287598,15.564000129699709,15.621500015258787,40672000,15.4734285899571,76.41145845626129
2013-09-25,15.63249969482422,15.83549976348877,15.537500381469728,15.726499557495115,40172000,15.591928482055664,73.29816643429686
2013-09-26,15.906000137329102,15.968500137329102,15.663000106811523,15.69499969482422,39798000,15.691571371895927,75.57445081542241
2013-09-27,15.80049991607666,15.86050033569336,15.667499542236328,15.845999717712402,33150000,15.719999994550433,69.50693342768125
2013-09-30,15.631999969482422,15.76550006866455,15.553000450134276,15.670499801635742,32472000,15.724142892020089,63.79775764418055
2013-10-01,16.047500610351562,16.049999237060547,15.682499885559082,15.711000442504885,47928000,15.757071495056152,70.4549732004696
2013-10-02,16.02549934387207,16.08650016784668,15.87600040435791,15.902000427246094,44348000,15.821499960763115,70.91784476813848
2013-10-03,15.73799991607666,16.145999908447266,15.651000022888184,16.019500732421875,53496000,15.825999941144671,64.88683556042662
2013-10-04,15.95199966430664,15.960000038146973,15.630999565124512,15.756500244140623,36300000,15.871642793927874,69.48115176862962
2013-10-07,15.501500129699709,15.767000198364258,15.487000465393066,15.76200008392334,41664000,15.813857078552246,54.89311943949227
2013-10-08,15.161499977111816,15.577500343322754,15.013500213623049,15.574999809265137,63324000,15.72257137298584,42.51956554518439
2013-10-09,14.911499977111816,15.175000190734863,14.824999809265137,15.17099952697754,64948000,15.619642802647181,39.159756682442094
2013-10-10,15.258500099182127,15.335000038146973,15.12950038909912,15.231499671936035,51102000,15.506928443908691,41.595185390149396
2013-10-11,15.544500350952148,15.546500205993652,15.19200038909912,15.238499641418455,43262000,15.438214302062988,49.55437144373339
2013-10-14,15.53499984741211,15.582500457763672,15.350000381469728,15.461000442504885,38782000,15.409214292253766,47.356249920980495
2013-10-15,15.31999969482422,15.53950023651123,15.262999534606934,15.493499755859377,45222000,15.318928582327706,45.38336863057594
2013-10-16,15.524499893188477,15.539999961853027,15.27750015258789,15.418999671936035,43414000,15.322214262826103,44.24672002982261
2013-10-17,15.53849983215332,15.550000190734863,15.26200008392334,15.353500366210938,52968000,15.376071384974889,45.93672563924095
2013-10-18,16.446500778198242,16.594499588012695,15.837499618530272,15.968000411987305,119396000,15.59535721370152,60.27501218709954
2013-10-21,16.32200050354004,16.5,16.190000534057617,16.49449920654297,50446000,15.747285842895508,53.737232198827385
2013-10-22,16.62700080871582,16.855499267578125,16.284000396728516,16.38599967956543,78710000,15.901928765433174,57.603352650323906
2013-10-23,16.33799934387207,16.586000442504883,16.202999114990234,16.54199981689453,56364000,16.01664297921317,57.58148702201547
2013-10-24,16.61050033569336,16.63249969482422,16.337499618530273,16.48150062561035,117694000,16.201000213623047,58.19947550944506
2013-10-25,18.16950035095215,18.420000076293945,17.631000518798828,17.93000030517578,240736000,16.578857421875,76.03432330605264
2013-10-28,17.908000946044922,18.137500762939453,17.860000610351562,17.996000289916992,72716000,16.91735758100237,77.21730731609584
2013-10-29,18.13500022888184,18.144500732421875,17.81450080871582,17.947999954223633,43708000,17.158571788242885,82.09057022369987
2013-10-30,18.054000854492188,18.25,17.9325008392334,18.131000518798828,90044000,17.40600040980748,79.38609198294554
2013-10-31,18.201499938964844,18.299999237060547,17.950000762939453,18.08650016784668,49336000,17.63092885698591,78.76784834395698
2013-11-01,17.950000762939453,18.28849983215332,17.80500030517578,18.2814998626709,66620000,17.861214773995535,74.8456853110626
2013-11-04,17.937000274658203,18.049999237060547,17.719999313354492,18.006000518798828,38768000,18.05071476527623,78.0914560789866
2013-11-05,17.944499969482422,18.008499145507812,17.742000579833984,17.839000701904297,40142000,18.018571853637695,77.12396140152694
2013-11-06,17.80900001525879,18.14349937438965,17.725000381469727,18.022499084472656,45646000,18.00442886352539,74.77359472227421
2013-11-07,17.17799949645996,17.895000457763672,17.0939998626709,17.792999267578125,84926000,17.867714473179408,58.49493337680666
2013-11-08,17.515499114990234,17.552499771118164,17.20199966430664,17.297500610351562,53138000,17.79078565325056,63.206802884767576
2013-11-11,17.7189998626709,17.76849937438965,17.402999877929688,17.529499053955078,45234000,17.72185707092285,62.36132102358599
2013-11-12,17.476499557495117,17.77400016784668,17.36400032043457,17.649499893188477,46862000,17.65421404157366,63.02483198044862
2013-11-13,17.81100082397461,17.81100082397461,17.284000396728516,17.3700008392334,55466000,17.636214120047434,63.542027947774116
2013-11-14,18.3700008392334,18.44700050354004,17.821500778198242,17.86949920654297,83196000,17.696999958583287,52.92061982042855
2013-11-15,18.458499908447266,18.645000457763672,18.27750015258789,18.381500244140625,89832000,17.789785657610214,58.44453443001292
2013-11-18,18.30900001525879,18.67449951171875,18.23349952697754,18.513999938964844,54748000,17.95135716029576,52.73412680334997
2013-11-19,18.246999740600582,18.43899917602539,18.125,18.291000366210938,38096000,18.055857249668666,53.05088333213728
2013-11-20,18.12849998474121,18.37800025939941,18.022499084472656,18.37800025939941,35430000,18.114357267107284,48.83535519947125
2013-11-21,18.44599914550781,18.462499618530277,18.165000915527344,18.20249938964844,39292000,18.252857208251953,57.74997287989305
2013-11-22,18.61549949645996,18.725000381469727,18.31550025939941,18.5,59310000,18.367785590035574,60.10724110439244
2013-11-25,18.832000732421875,18.88949966430664,18.65900039672852,18.69099998474121,59446000,18.433785574776785,62.44566293096531
2013-11-26,19.068500518798828,19.125,18.74099922180176,18.88050079345703,54488000,18.520928519112722,67.17577822018693
2013-11-27,19.33550071716309,19.350000381469727,19.13050079345703,19.174999237060547,45394000,18.667571476527623,82.66464987392159
2013-11-29,19.68099975585937,19.70499992370605,19.43099975585937,19.45499992370605,48120000,18.87242862156459,82.70653862286073
2013-12-02,19.614999771118164,19.950000762939453,19.45499992370605,19.950000762939453,94280000,19.08478573390416,79.87708332581943
2013-12-03,19.232999801635746,19.54750061035156,19.155000686645508,19.50550079345703,74058000,19.19721439906529,76.51321123231146
2013-12-04,19.29800033569336,19.48450088500977,19.074499130249023,19.174999237060547,47106000,19.294714518955775,74.43312306319147
2013-12-05,19.22450065612793,19.332500457763672,19.068500518798828,19.332500457763672,38130000,19.350785936628068,66.70577074815837
2013-12-06,19.34749984741211,19.417499542236328,19.191499710083008,19.417499542236328,39694000,19.390642983572825,67.1489248348363
2013-12-09,19.24449920654297,19.410499572753903,19.12849998474121,19.405500411987305,55236000,19.37764276776995,68.37555026881228
2013-12-10,19.388999938964844,19.452999114990234,19.150999069213867,19.187000274658203,54736000,19.335928508213588,71.72755109668928
2013-12-11,19.10950088500977,19.448999404907227,19.100000381469727,19.367000579833984,49026000,19.263714381626674,67.58696765713421
2013-12-12,19.0625,19.25,18.975000381469727,19.0629997253418,42474000,19.239357267107284,62.2394389663896
2013-12-13,19.21199989318848,19.47100067138672,19.190000534057617,19.266000747680664,60500000,19.227071489606583,61.93716629998165
2013-12-16,19.44849967956543,19.584999084472656,19.25,19.25149917602539,45034000,19.259071350097656,62.239410368981424
2013-12-17,19.38249969482422,19.56800079345703,19.325000762939453,19.53249931335449,46878000,19.264071328299387,56.686525408033
2013-12-18,19.79800033569336,19.815000534057617,19.155000686645508,19.46150016784668,69782000,19.343142918178014,59.262960458711035
2013-12-19,19.75950050354004,19.864500045776367,19.6299991607666,19.713499069213867,48544000,19.396071570260183,51.79266313508945
2013-12-20,20.11000061035156,20.23600006103516,19.78899955749512,19.82749938964844,100678000,19.53900010245187,60.00405523445188
2013-12-23,20.145999908447266,20.25,19.959999084472656,20.184499740600582,53190000,19.69378580365862,71.45206756387327
2013-12-24,19.959999084472656,20.18600082397461,19.818500518798828,20.125999450683597,27608000,19.800642830984934,64.71762087787204
2013-12-26,20.21949958801269,20.22599983215332,19.840499877929688,20.089500427246094,37370000,19.910785675048828,70.43117804364884
2013-12-27,19.90399932861328,20.2814998626709,19.8125,20.232500076293945,39738000,19.98528562273298,60.58989465492813
2013-12-30,19.668500900268555,19.996000289916992,19.622499465942383,19.97050094604492,49742000,19.96678570338658,57.68118946673718
2013-12-31,19.93950080871582,19.941499710083008,19.690000534057617,19.72900009155273,39930000,19.992500032697404,59.53578699540164
2014-01-02,19.898500442504883,19.968000411987305,19.701000213623047,19.940000534057617,42756000,19.96228572300502,64.89802386346034
2014-01-03,19.82200050354004,20.135499954223636,19.81100082397461,19.914499282836918,44204000,19.91600009373256,64.18301715153578
2014-01-06,19.68149948120117,19.850000381469727,19.42099952697754,19.792499542236328,63412000,19.87621443612235,58.79706632224557
2014-01-07,19.901500701904297,19.92350006103516,19.714500427246094,19.75200080871582,38320000,19.83078602382115,58.540735738230296
2014-01-08,20.09600067138672,20.149999618530277,19.802000045776367,19.92350006103516,46330000,19.8582147870745,62.830433040834585
2014-01-09,20.050500869750977,20.34449958801269,19.92200088500977,20.18549919128418,42060000,19.91278621128627,55.237510454606245
2014-01-10,19.882999420166016,20.1879997253418,19.690000534057617,20.12649917602539,53590000,19.904714584350586,52.43155672355533
2014-01-13,19.548999786376957,19.98900032043457,19.42250061035156,19.89900016784668,56898000,19.854785919189453,38.882278232208066
2014-01-14,19.87700080871582,19.93149948120117,19.56450080871582,19.60650062561035,46802000,19.862643105643137,45.22204823856794
2014-01-15,19.793500900268555,19.965499877929688,19.62649917602539,19.94700050354004,53566000,19.87864330836705,46.93091293149093
2014-01-16,19.790000915527344,19.964500427246094,19.47050094604492,19.68400001525879,52024000,19.862714767456055,41.25792463011928
2014-01-17,19.980499267578125,20.17449951171875,19.683000564575195,19.71299934387207,90102000,19.84621456691197,51.64057271973154
2014-01-21,20.352500915527344,20.38999938964844,20.07999992370605,20.149999618530277,62442000,19.88935743059431,63.8573509693225
2014-01-22,20.226999282836918,20.402999877929688,20.100000381469727,20.399999618530277,41210000,19.938500268118723,56.1894023136142
2014-01-23,19.99349975585937,20.308500289916992,19.88949966430664,20.049999237060547,60508000,20.00200026375907,51.88865050239378
2014-01-24,19.3799991607666,20.01000022888184,19.363500595092773,19.90800094604492,89168000,19.931000028337753,42.758838344384515
2014-01-27,19.31399917602539,19.70499992370605,19.02449989318848,19.524999618530277,78736000,19.8624997820173,43.828720044584855
2014-01-28,19.72150039672852,19.73699951171875,19.356000900268555,19.3700008392334,57890000,19.852713993617467,47.15639753304565
2014-01-29,19.209999084472656,19.64249992370605,19.16200065612793,19.607999801635746,67646000,19.742642538888113,37.27742616842702
2014-01-30,20.15049934387207,20.3125,19.38500022888184,19.688499450683597,209478000,19.71378517150879,51.142315797546814
2014-01-31,17.934499740600586,18.772499084472656,17.88800048828125,18.58799934387207,323096000,19.3862852369036,34.837769364004856
2014-02-03,17.3075008392334,18.042499542236328,17.0049991607666,17.948999404907227,205616000,19.00257110595703,33.31846670665797
2014-02-04,17.397499084472656,17.700000762939453,17.201000213623047,17.47949981689453,96258000,18.719356809343612,30.869521837011447
2014-02-05,17.322500228881836,17.4685001373291,16.886499404907227,17.299999237060547,88708000,18.434856959751674,30.910069338840856
2014-02-06,17.72949981689453,17.740999221801758,17.3700008392334,17.3700008392334,66714000,18.150285448346818,35.015626638466784
2014-02-07,18.054000854492188,18.09000015258789,17.624500274658203,17.948999404907227,86610000,17.985142844063894,36.25795170500774
2014-02-10,18.043500900268555,18.25,17.967500686645508,18.08049964904785,68994000,17.68414306640625,32.6338766082135
2014-02-11,18.089500427246094,18.180500030517575,17.8125,18.09199905395508,64442000,17.706286021641322,33.72916718087802
2014-02-12,17.462499618530273,17.887500762939453,17.31599998474121,17.821500778198242,131754000,17.72842870439802,31.822750817581948
2014-02-13,17.860000610351562,17.860000610351562,17.325000762939453,17.385000228881836,83500000,17.79450035095215,38.73407585909145
2014-02-14,17.86750030517578,17.966999053955078,17.667499542236328,17.966999053955078,70404000,17.872357504708425,39.18505517121789
2014-02-18,17.6825008392334,17.786500930786133,17.47249984741211,17.763999938964844,99960000,17.86564336504255,34.2304709131467
2014-02-19,17.368999481201172,17.726999282836914,17.30500030517578,17.631999969482422,83362000,17.767786026000977,35.31195065179175
2014-02-20,17.489999771118164,17.523000717163086,17.2189998626709,17.440000534057617,69856000,17.68871443612235,25.580537930252106
2014-02-21,17.33799934387207,17.707000732421875,17.337499618530273,17.621999740600586,84200000,17.581357138497488,41.18515520359339
2014-02-24,17.589000701904297,17.649999618530273,17.164499282836914,17.25950050354004,72894000,17.599428721836635,54.679961973545105
2014-02-25,17.916000366210938,18.054000854492188,17.57900047302246,17.649999618530273,74728000,17.607428686959402,57.9904576809437
2014-02-26,17.989999771118164,18.237499237060547,17.85849952697754,17.993000030517578,72442000,17.624928610665457,60.289792006021656
2014-02-27,18.006500244140625,18.02949905395508,17.774999618530273,17.861000061035156,62098000,17.671214239937918,54.85453898793686
2014-02-28,18.104999542236328,18.293500900268555,17.854000091552734,18.030000686645508,77640000,17.776357105800084,50.970663018966015
2014-03-03,17.98900032043457,18.04800033569336,17.724000930786133,17.937000274658203,55966000,17.84764289855957,49.00273485325467
2014-03-04,18.19499969482422,18.28400039672852,18.12299919128418,18.19499969482422,54088000,17.97007152012416,51.82366812088858
2014-03-05,18.61849975585937,18.636499404907227,18.19499969482422,18.206499099731445,76966000,18.117142813546316,71.49497343970216
2014-03-06,18.607999801635746,18.76650047302246,18.44499969482422,18.70249938964844,58532000,18.215999875749862,66.24672407493195
2014-03-07,18.60300064086914,18.749500274658203,18.47649955749512,18.72900009155273,45596000,18.303571428571427,65.99261778367622
2014-03-10,18.526500701904297,18.636499404907227,18.350000381469727,18.63450050354004,42116000,18.377857208251953,69.26060859308015
2014-03-11,18.44099998474121,18.63999938964844,18.36400032043457,18.54949951171875,44922000,18.425857271466935,77.30516713840292
2014-03-12,18.53199958801269,18.558000564575195,18.180500030517575,18.31999969482422,44332000,18.503428595406668,76.95293690450822
2014-03-13,18.57550048828125,19.155500411987305,18.40399932861328,18.83099937438965,136580000,18.557785851614817,83.91344846079153
2014-03-14,18.687000274658203,18.92849922180176,18.57749938964844,18.63999938964844,88044000,18.56757164001465,82.58163690368399
2014-03-17,18.75200080871582,18.9424991607666,18.74399948120117,18.785999298095703,46060000,18.58814321245466,79.3746087786389
2014-03-18,18.938499450683597,18.950000762939453,18.75,18.86599922180176,49670000,18.636071613856725,80.88574150697559
2014-03-19,18.661500930786133,18.950000762939453,18.47100067138672,18.938499450683597,52934000,18.655357360839844,68.23502924218819
2014-03-20,18.44849967956543,18.649999618530277,18.31100082397461,18.53199958801269,51170000,18.656428745814733,58.98980782727717
2014-03-21,18.0310001373291,18.642000198364254,17.920000076293945,18.549999237060547,108282000,18.584857395717076,50.94936381414888
2014-03-24,17.592500686645508,18.075000762939453,17.43000030517578,18.004499435424805,97470000,18.444428852626256,37.676426962417125
2014-03-25,17.73550033569336,17.94849967956543,17.441999435424805,17.701499938964844,88914000,18.308500289916992,29.5979579712982
2014-03-26,17.170499801635742,17.8799991607666,17.170000076293945,17.85650062561035,82414000,18.082571574619838,23.560769984199595
2014-03-27,16.923500061035156,17.200000762939453,16.54400062561035,17.157499313354492,115328000,17.794714518955775,21.634837780271866
2014-03-28,16.914499282836914,17.350000381469727,16.804000854492188,17.002500534057617,79736000,17.54514285496303,22.13961951917409
2014-03-31,16.818500518798828,17.31450080871582,16.702999114990234,17.1200008392334,85950000,17.312285831996373,22.05957028619784
2014-04-01,17.149499893188477,17.221500396728516,16.899999618530273,16.904499053955078,72002000,17.186357225690568,28.010166871144932
2014-04-02,17.097999572753906,17.415000915527344,17.018999099731445,17.29949951171875,89510000,17.11571420942034,26.55874385399197
2014-04-03,16.680999755859375,17.125,16.42300033569336,17.090999603271484,127986000,16.965071269444056,20.98637102460637
2014-04-04,16.149999618530273,16.77199935913086,15.780500411987305,16.75749969482422,250692000,16.819285529000418,16.83656005989951
2014-04-07,15.887999534606934,16.246999740600586,15.656499862670898,16.04949951171875,141548000,16.671356882367814,11.854427033085116
2014-04-08,16.353500366210938,16.399999618530273,15.92199993133545,16.0939998626709,131552000,16.591214179992676,22.43849518539136
2014-04-09,16.590499877929688,16.608999252319336,16.125,16.423500061035156,101132000,16.558642659868514,27.938726573710383
2014-04-10,15.85550022125244,16.549999237060547,15.824999809265137,16.530000686645508,122534000,16.37378556387765,25.979898809617808
2014-04-11,15.58650016784668,15.824999809265137,15.475000381469728,15.699999809265137,145750000,16.15785707746233,26.990125454466693
2014-04-14,15.795499801635742,16.02400016784668,15.564000129699709,15.883500099182127,85870000,16.031357084001815,28.079086231138803
2014-04-15,15.803999900817873,15.913999557495115,15.274999618530272,15.835000038146973,107972000,15.981928552900042,32.33811136187991
2014-04-16,16.18400001525879,16.200000762939453,15.73550033569336,16.058500289916992,85698000,16.024214335850306,40.759712632117825
2014-04-17,16.245500564575195,16.433000564575195,15.98799991607666,15.98799991607666,85984000,16.008785792759486,41.74890365063988
2014-04-21,16.543500900268555,16.5575008392334,16.11549949645996,16.19849967956543,59988000,16.002071653093612,46.76927179266549
2014-04-22,16.465999603271484,16.875,16.44700050354004,16.600000381469727,74232000,16.089285850524902,41.46158809491133
2014-04-23,16.229000091552734,16.6564998626709,16.16950035095215,16.652999877929688,72092000,16.181071553911483,39.625129627242835
2014-04-24,16.857500076293945,16.8700008392334,16.147499084472656,16.48349952697754,185874000,16.332785878862655,52.00591258325002
2014-04-25,15.191499710083008,15.82450008392334,15.135499954223633,15.8125,323604000,16.245285851614817,41.34068518403004
2014-04-28,14.82900047302246,15.219499588012695,14.399999618530272,15.199999809265137,289596000,16.051714488438197,40.60338208213037
2014-04-29,15.019000053405762,15.092000007629396,14.522500038146973,14.821999549865724,130186000,15.876500129699707,37.55014152530597
2014-04-30,15.206500053405762,15.227999687194824,14.904999732971191,14.904999732971191,81772000,15.685500008719307,36.967987616243654
2014-05-01,15.39449977874756,15.52400016784668,15.199999809265137,15.206500053405762,86572000,15.53242860521589,45.160608909876125
2014-05-02,15.400500297546388,15.66450023651123,15.215499877929688,15.520999908447266,79902000,15.414071491786412,47.93333521242457
2014-05-05,15.5024995803833,15.511500358581545,15.25,15.318499565124512,50398000,15.220499992370605,46.66514704014745
2014-05-06,14.869000434875488,15.490500450134276,14.85200023651123,15.476499557495115,93646000,15.17442866734096,40.683543928507476
2014-05-07,14.635499954223633,14.81999969482422,14.333999633789062,14.777999877929688,140304000,15.146785736083984,34.1065374506327
2014-05-08,14.416000366210938,14.793999671936035,14.361499786376951,14.541000366210938,76964000,15.060642923627581,31.812301993320972
2014-05-09,14.612000465393066,14.684000015258787,14.218999862670898,14.528499603271484,81260000,14.975714411054339,30.400802654302225
2014-05-12,15.142999649047852,15.166999816894531,14.708000183105469,14.71500015258789,74592000,14.939785821097237,37.70673885364769
2014-05-13,15.232000350952148,15.279999732971191,15.037500381469728,15.130000114440918,70198000,14.915714400155204,40.47391418130499
2014-05-14,14.880999565124512,15.232000350952148,14.833000183105469,15.125,66466000,14.826928683689662,30.057501447687827
2014-05-15,14.759499549865724,14.960000038146973,14.519000053405762,14.901000022888184,85902000,14.811285700116839,43.667540752052695
2014-05-16,14.885000228881836,14.944000244140623,14.577500343322754,14.640000343322754,72736000,14.846928596496582,50.882163825273906
2014-05-19,14.838000297546388,14.949999809265137,14.690500259399414,14.788000106811523,45684000,14.907214300973077,47.014190899726096
2014-05-20,15.059499740600586,15.222999572753906,14.837499618530272,14.854999542236328,81914000,14.971142768859865,47.6019521544797
2014-05-21,15.250499725341797,15.29800033569336,15.076000213623049,15.11050033569336,68176000,14.986499922616144,47.65319327044094
2014-05-22,15.24549961090088,15.427000045776367,15.150500297546388,15.2524995803833,51536000,14.988428388323104,47.47308909067276
2014-05-23,15.612000465393066,15.61750030517578,15.244999885559082,15.27299976348877,61058000,15.09285708836147,51.64341665779262
2014-05-27,15.541000366210938,15.731499671936035,15.369000434875488,15.720499992370604,97242000,15.204500062125069,62.134334696396714
2014-05-28,15.508000373840332,15.690999984741213,15.371000289916992,15.475000381469728,54520000,15.293500082833427,66.98461980589394
2014-05-29,15.689000129699709,15.743499755859377,15.510000228881836,15.520999908447266,47310000,15.415071487426758,75.15808178147768
2014-05-30,15.6274995803833,15.732500076293944,15.378499984741213,15.721500396728516,85204000,15.496214321681432,71.19595551673544
2014-06-02,15.44200038909912,15.630000114440918,15.350000381469728,15.62950038909912,44068000,15.523571559361049,57.29269351311392
2014-06-03,15.35949993133545,15.395999908447266,15.253499984741213,15.287500381469728,47584000,15.539857319423131,53.11963456596075
2014-06-04,15.33899974822998,15.475000381469728,15.19200038909912,15.342499732971191,42142000,15.50085721697126,63.368355183018544
2014-06-05,16.178499221801758,16.39699935913086,15.345000267028809,15.404999732971191,155934000,15.591928482055664,79.18550509613438
2014-06-06,16.48349952697754,16.54400062561035,16.24650001525879,16.25,104880000,15.731285503932408,80.6167227071269
2014-06-09,16.375,16.649999618530273,16.282499313354492,16.578500747680664,64244000,15.829285485403878,78.7612227161516
2014-06-10,16.620500564575195,16.774999618530273,16.375,16.38249969482422,73268000,15.971142768859863,78.95030071150585
2014-06-11,16.760000228881836,17.035999298095703,16.694000244140625,16.799999237060547,88736000,16.159428460257395,78.54036841497893
2014-06-12,16.295499801635742,16.77750015258789,16.232999801635742,16.77750015258789,85526000,16.29314272744315,66.91365717078963
2014-06-13,16.313499450683594,16.46500015258789,16.17650032043457,16.352500915527344,55296000,16.432356970650808,62.729069607673125
2014-06-16,16.381000518798828,16.434499740600586,16.176000595092773,16.243000030517578,48996000,16.461285727364675,65.26162619443167
2014-06-17,16.2810001373291,16.566999435424805,16.261499404907227,16.37700080871582,58482000,16.432357243129186,63.71052563028236
2014-06-18,16.7189998626709,16.787500381469727,16.25,16.399999618530273,128030000,16.4815000806536,66.74251206276634
2014-06-19,16.350000381469727,16.94499969482422,16.298999786376953,16.76300048828125,106412000,16.44285719735282,60.676825475209405
2014-06-20,16.209999084472656,16.410999298095703,16.020999908447266,16.38800048828125,121080000,16.364285605294363,61.50386740678758
2014-06-23,16.36199951171875,16.377500534057617,16.070499420166016,16.166500091552734,52096000,16.37378556387765,64.71018254840087
2014-06-24,16.20800018310547,16.486499786376953,16.136999130249023,16.37700080871582,52532000,16.358714239937918,62.27054661057918
2014-06-25,16.371999740600586,16.407499313354492,16.086999893188477,16.21649932861328,46556000,16.357428414481028,53.37638150415217
2014-06-26,16.284500122070312,16.4325008392334,16.10650062561035,16.42449951171875,53990000,16.3579284123012,46.24245938421756
2014-06-27,16.228500366210938,16.326000213623047,16.16349983215332,16.29400062561035,48324000,16.287857055664062,47.17781582757075
2014-06-30,16.23900032043457,16.349000930786133,16.11199951171875,16.249000549316406,53426000,16.27199990408761,41.91908091746648
2014-07-01,16.61949920654297,16.65999984741211,16.2549991607666,16.292999267578125,63472000,16.33049992152623,47.29961471771015
2014-07-02,16.642499923706055,16.83799934387207,16.58300018310547,16.65999984741211,53626000,16.370571408952987,58.032410800539004
2014-07-03,16.874500274658203,16.915000915527344,16.65399932861328,16.741500854492188,38886000,16.46578570774623,61.81551588385583
2014-07-07,16.677499771118164,16.877500534057617,16.625999450683594,16.875,42578000,16.509428569248744,55.92169470993597
2014-07-08,16.190500259399414,16.687000274658203,16.06999969482422,16.655000686645508,85432000,16.496000017438615,48.43452853072413
2014-07-09,16.49850082397461,16.510000228881836,16.157499313354492,16.23550033569336,63322000,16.534571511404856,46.00617565019481
2014-07-10,16.395999908447266,16.499000549316406,16.13249969482422,16.216999053955078,53300000,16.557000023978098,50.92220331529741
2014-07-11,17.309999465942383,17.350000381469727,16.73550033569336,16.73550033569336,166016000,16.655642918178014,66.82987300488568
2014-07-14,17.766000747680664,17.78849983215332,17.26799964904785,17.351499557495117,112198000,16.816143035888672,69.65287007337311
2014-07-15,17.722000122070312,17.779499053955078,17.469999313354492,17.68600082397461,83418000,16.93721444266183,71.86596117208771
2014-07-16,17.795000076293945,17.965999603271484,17.649999618530273,17.7810001373291,70072000,17.09685734340123,71.10648781017734
2014-07-17,17.622499465942383,17.847999572753906,17.569000244140625,17.672000885009766,72720000,17.301428658621653,69.35761153370888
2014-07-18,17.933000564575195,17.983999252319336,17.604000091552734,17.719999313354492,68148000,17.506357192993164,72.96857723428874
2014-07-21,17.988000869750977,18.08550071716309,17.836000442504883,17.905000686645508,45568000,17.73378590175084,73.28892509996425
2014-07-22,18.04199981689453,18.146499633789062,17.762500762939453,17.762500762939453,57778000,17.838357380458287,70.74520284569219
2014-07-23,17.906999588012695,18.0314998626709,17.83099937438965,17.952499389648438,53746000,17.85850007193429,67.85762001116233
2014-07-24,17.930500030517578,18.24250030517578,17.926000595092773,17.999000549316406,141774000,17.888285773141043,65.84631324666702
2014-07-25,16.20050048828125,16.243499755859375,15.73799991607666,15.864999771118164,356930000,17.660500117710658,45.097647160757816
2014-07-28,16.02050018310547,16.240999221801758,15.824999809265137,16.212499618530273,118640000,17.431643077305385,48.13514794910003
2014-07-29,16.0,16.145000457763672,15.975000381469728,16.099000930786133,57676000,17.155500139508927,44.16344271974574
2014-07-30,16.125499725341797,16.136499404907227,15.925000190734863,16.072500228881836,79380000,16.889428547450475,46.84988929522104
2014-07-31,15.649499893188477,16.034000396728516,15.593000411987305,16.000499725341797,103840000,16.547642844063894,28.46585079405598
2014-08-01,15.352999687194824,15.791500091552734,15.229499816894531,15.684499740600586,148830000,16.182785715375626,17.356605107057376
2014-08-04,15.682499885559082,15.809000015258787,15.425000190734863,15.44200038909912,84018000,15.861642837524414,24.387800734243896
2014-08-05,15.616000175476074,15.727499961853027,15.503000259399414,15.664999961853027,57042000,15.77814279283796,22.591205422338433
2014-08-06,15.694499969482422,15.788999557495115,15.510000228881836,15.541500091552734,45938000,15.731571333748954,25.161050776454445
2014-08-07,15.572500228881836,15.793999671936035,15.482500076293944,15.760499954223633,58712000,15.670499937874931,18.036548785520992
2014-08-08,15.84000015258789,15.866000175476074,15.532999992370604,15.597000122070312,54118000,15.629714284624372,22.4967811955392
2014-08-11,15.916500091552734,16.018999099731445,15.843999862670898,15.923999786376951,49372000,15.66785717010498,22.940803956601314
2014-08-12,15.965999603271484,16.065500259399414,15.84749984741211,15.944499969482422,38316000,15.75542858668736,24.739712874953952
2014-08-13,16.31399917602539,16.586000442504883,16.30699920654297,16.3799991607666,98782000,15.84564277103969,30.601205340486942
2014-08-14,16.660499572753906,16.704500198364258,16.335500717163086,16.389999389648438,68408000,15.99485697065081,58.26444921605408
2014-08-15,16.681499481201172,16.75,16.416000366210938,16.700000762939453,77934000,16.135856900896346,62.595267534132766
2014-08-18,16.726499557495117,16.889999389648438,16.688499450683594,16.77400016784668,49708000,16.3007139478411,63.71530978498836
2014-08-19,16.756500244140625,16.79050064086914,16.65049934387207,16.743499755859375,34276000,16.431642532348633,62.35802278209976
2014-08-20,16.788999557495117,16.857999801635742,16.701000213623047,16.733999252319336,36210000,16.556285313197545,77.00877498338585
2014-08-21,16.64550018310547,16.82900047302246,16.611499786376953,16.823999404907227,39422000,16.6533568246024,83.03096653874631
2014-08-22,16.579500198364258,16.70400047302246,16.540000915527344,16.649499893188477,44224000,16.69128554207938,76.49147691266012
2014-08-25,16.701000213623047,16.838499069213867,16.635499954223633,16.660499572753906,39154000,16.69707134791783,81.03550148970844
2014-08-26,17.09149932861328,17.218000411987305,16.727500915527344,16.850000381469727,73094000,16.75564275469099,83.907791620989
2014-08-27,17.159000396728516,17.333499908447266,17.066999435424805,17.10449981689453,59232000,16.817428588867188,89.55375340360395
2014-08-28,17.000999450683594,17.089500427246094,16.940000534057617,17.0,45054000,16.852357046944753,80.61707157587647
2014-08-29,16.95199966430664,17.090999603271484,16.884000778198242,17.08799934387207,38790000,16.875642776489258,77.70938474855865
2014-09-02,17.118999481201172,17.125,16.857999801635742,16.999000549316406,46520000,16.943285533360072,79.02819341628603
2014-09-03,16.950000762939453,17.16349983215332,16.877500534057617,17.12700080871582,39874000,16.996214185442245,67.59828074664235
2014-09-04,17.297500610351562,17.4689998626709,17.179000854492188,17.184499740600586,79312000,17.08142852783203,67.61619222037488
2014-09-05,17.319000244140625,17.34149932861328,17.125,17.315000534057617,42140000,17.113928658621653,67.62514053327764
2014-09-08,17.117000579833984,17.29050064086914,16.95199966430664,17.226999282836914,59106000,17.107928684779576,59.93389533298333
2014-09-09,16.487499237060547,17.08799934387207,16.458999633789062,17.08049964904785,92936000,17.034571511404856,44.75631284401077
2014-09-10,16.566499710083008,16.749000549316406,16.44099998474121,16.71500015258789,75948000,16.97950008937291,45.739998743771814
2014-09-11,16.525999069213867,16.65049934387207,16.319499969482422,16.496999740600586,54404000,16.894785744803293,47.6180772626042
2014-09-12,16.559499740600586,16.644500732421875,16.43950080871582,16.47800064086914,68586000,16.838999884469168,49.596113818407595
2014-09-15,16.194499969482422,16.566499710083008,15.949999809265137,16.545499801635742,80008000,16.681428364345006,40.68762703376766
2014-09-16,16.38800048828125,16.474000930786133,16.0049991607666,16.053499221801758,65198000,16.54842839922224,36.05553950872502
2014-09-17,16.200000762939453,16.399999618530273,16.076000213623047,16.38800048828125,82720000,16.417428425380162,31.85775503105303
2014-09-18,16.25,16.354999542236328,16.18549919128418,16.27199935913086,51538000,16.383499962942942,35.18738666887373
2014-09-19,16.56599998474121,16.63800048828125,16.278499603271484,16.3799991607666,137724000,16.3834285736084,43.11206864276695
2014-09-22,16.225000381469727,16.47450065612793,16.05299949645996,16.42449951171875,62194000,16.34042876107352,34.97985298801947
2014-09-23,16.181499481201172,16.3799991607666,16.0625,16.12299919128418,47052000,16.286428724016464,36.519895830266506
2014-09-24,16.410499572753906,16.472000122070312,15.977999687194824,16.208499908447266,52844000,16.317285810198104,33.76646587859443
2014-09-25,16.096500396728516,16.427000045776367,16.06999969482422,16.399499893188477,58576000,16.275642939976283,29.7900624956644
2014-09-26,16.160499572753906,16.174999237060547,15.881999969482422,16.030000686645508,72760000,16.26999991280692,33.431481513296916
2014-09-29,16.090999603271484,16.1875,15.949999809265137,16.024999618530273,38492000,16.24728557041713,41.47862359357117
2014-09-30,16.121999740600586,16.171499252319336,15.92549991607666,16.06800079345703,52724000,16.183856964111328,40.24577470094342
2014-10-01,15.873000144958496,16.10849952697754,15.77750015258789,16.101999282836914,61782000,16.133571216038295,36.87174702729151
2014-10-02,15.920499801635742,15.92650032043457,15.565500259399414,15.845999717712402,71078000,16.096285547528947,37.22509862779057
2014-10-03,16.136999130249023,16.257999420166016,15.976499557495115,16.01799964904785,60748000,16.057214055742538,48.77787651230029
2014-10-06,16.110000610351562,16.206499099731445,15.979999542236328,16.174999237060547,45806000,16.059142657688685,43.64134261590048
2014-10-07,15.848999977111816,16.100000381469727,15.833499908447266,15.971500396728516,47308000,16.0146427154541,42.23104458129233
2014-10-08,16.135000228881836,16.20549964904785,15.70699977874756,15.82900047302246,69056000,16.020928519112722,47.695392619966256
2014-10-09,15.768500328063965,16.113500595092773,15.72599983215332,16.074499130249023,71758000,15.970428603036064,34.33508907527386
2014-10-10,15.569499969482422,15.888500213623049,15.569000244140623,15.701000213623049,73638000,15.927071435110909,36.363614720761824
2014-10-13,15.322500228881836,15.65999984741211,15.173500061035156,15.493499755859377,87278000,15.841642924717494,33.52511711516611
2014-10-14,15.415499687194824,15.612000465393066,15.287500381469728,15.399999618530272,67716000,15.738571575709752,29.866419763283062
2014-10-15,15.298500061035156,15.395000457763672,14.954999923706056,15.217499732971191,106878000,15.622642925807408,32.453790337259036
2014-10-16,15.142999649047852,15.340999603271484,14.691499710083008,14.691499710083008,94626000,15.521785736083984,28.492898737463733
2014-10-17,15.182000160217283,15.460000038146973,15.13599967956543,15.357500076293944,88102000,15.385642869131905,30.535328250061312
2014-10-20,15.310500144958496,15.326499938964844,15.10099983215332,15.147500038146973,64690000,15.32021427154541,33.319624457836184
2014-10-21,15.76650047302246,15.781999588012695,15.353500366210938,15.494999885559082,71186000,15.348357200622559,47.982577685924994
2014-10-22,15.648500442504885,15.949000358581545,15.631999969482422,15.771499633789062,62518000,15.394928659711566,44.98155994425756
2014-10-23,15.659000396728516,15.84000015258789,15.56999969482422,15.670000076293944,180764000,15.429714475359235,40.4552957495218
2014-10-24,14.352999687194824,14.690500259399414,14.199999809265137,14.220000267028809,396022000,15.294642993382045,26.77768912451326
2014-10-27,14.498499870300291,14.520999908447266,14.25100040435791,14.28499984741211,119012000,15.202571596418109,31.588281213026377
2014-10-28,14.779500007629396,14.899999618530272,14.48799991607666,14.48799991607666,111452000,15.145071574619838,31.49488427150115
2014-10-29,14.706000328063965,14.98050022125244,14.653499603271484,14.955499649047852,97638000,15.058714457920619,34.23357102302798
2014-10-30,14.953499794006348,14.987000465393066,14.618000030517578,14.699000358581545,81104000,14.94257150377546,40.988880403723954
2014-10-31,15.27299976348877,15.28600025177002,15.074999809265137,15.25749969482422,91014000,14.888928549630302,49.29092595603072
2014-11-03,15.28600025177002,15.400500297546388,15.161999702453612,15.312000274658203,64850000,14.83564281463623,48.101460501038815
2014-11-04,15.14050006866455,15.212499618530272,15.008500099182127,15.19950008392334,68548000,14.948142869131905,47.70282205900909
2014-11-05,14.826000213623049,15.199999809265137,14.708000183105469,15.150500297546388,93490000,14.994928632463727,45.59478453277666
2014-11-06,14.83199977874756,14.850000381469728,14.614500045776367,14.834500312805176,75162000,15.002428599766322,45.09115948053786
2014-11-07,14.993000030517578,14.999500274658203,14.814499855041504,14.890999794006348,52948000,15.043428557259697,45.58721273467076
2014-11-10,15.255499839782717,15.289999961853027,15.0,15.0,56182000,15.086571420942034,42.49411588038509
2014-11-11,15.600500106811523,15.619000434875488,15.182499885559082,15.29699993133545,76072000,15.133357184273857,49.33902053380538
2014-11-12,15.575499534606934,15.628999710083008,15.439499855041504,15.537500381469728,43660000,15.17471422467913,48.85474096717274
2014-11-13,15.824000358581545,15.89449977874756,15.575499534606934,15.600000381469728,73728000,15.2723571232387,78.41962828829547
2014-11-14,16.391000747680664,16.643999099731445,15.81999969482422,15.855999946594238,177556000,15.495928628104073,81.4420993690447
2014-11-17,16.15250015258789,16.399999618530273,15.90149974822998,16.32200050354004,95698000,15.684571538652692,73.13783718890292
2014-11-18,16.24650001525879,16.47800064086914,16.162500381469727,16.199499130249023,70990000,15.863642965044294,75.78240343635352
2014-11-19,16.32699966430664,16.420000076293945,16.201000213623047,16.362499237060547,65632000,16.016714368547714,74.34849777397281
2014-11-20,16.527000427246094,16.633499145507812,16.166500091552734,16.200000762939453,68734000,16.149071557181223,73.21361044584668
2014-11-21,16.631500244140625,16.916500091552734,16.57349967956543,16.770999908447266,89332000,16.29992880140032,74.09129515520206
2014-11-24,16.781999588012695,16.86949920654297,16.68000030517578,16.73900032043457,55084000,16.4367858341762,79.33867027022977
2014-11-25,16.75200080871582,16.816499710083008,16.56399917602539,16.763500213623047,51300000,16.488357271466935,88.32073658708376
2014-11-26,16.678499221801758,16.732500076293945,16.587499618530273,16.68899917602539,39672000,16.563499995640345,85.77790441683268
2014-11-28,16.93199920654297,17.062999725341797,16.80150032043457,16.80150032043457,61036000,16.661428451538086,86.27006264347024
2014-12-01,16.299999237060547,17.031999588012695,16.296499252319336,16.9060001373291,98898000,16.657571247645787,67.16513676634918
2014-12-02,16.315500259399414,16.396499633789062,16.162500381469727,16.375,55806000,16.627356937953405,63.177281978634625
2014-12-03,15.824999809265137,16.338499069213867,15.718000411987305,16.286500930786133,113620000,16.51214259011405,53.924807870138395
2014-12-04,15.846500396728516,15.929499626159668,15.673500061035156,15.77649974822998,65806000,16.378499848502024,50.381162405589855
2014-12-05,15.631500244140623,15.846500396728516,15.541999816894531,15.84000015258789,65304000,16.218428339276993,35.39142614800333
2014-12-08,15.33199977874756,15.82800006866455,15.241000175476074,15.578499794006348,72784000,16.026071275983536,34.57997325197809
2014-12-09,15.625,15.682000160217283,15.057000160217283,15.149499893188477,80990000,15.839357103620257,39.13272585500428
2014-12-10,15.291999816894531,15.659500122070312,15.234000205993652,15.600000381469728,64918000,15.695357186453682,33.37084284861477
2014-12-11,15.368000030517578,15.631999969482422,15.30049991607666,15.39449977874756,65258000,15.560000010899135,30.6057677454113
2014-12-12,15.366000175476074,15.531999588012695,15.150500297546388,15.19950008392334,63070000,15.494428634643555,28.071411644829595
2014-12-15,15.303500175476074,15.54300022125244,15.107500076293944,15.443499565124512,76832000,15.416857174464635,23.57466348718802
2014-12-16,14.753000259399414,15.224499702453612,14.750499725341797,15.217499732971191,130026000,15.291357176644462,19.876465144085643
2014-12-17,14.944000244140623,14.98349952697754,14.65149974822998,14.818499565124512,88670000,15.235928671700615,24.756258768493936
2014-12-18,14.886500358581545,15.225000381469728,14.662500381469728,15.200499534606934,154762000,15.130428722926549,18.428815981794926
2014-12-19,14.994999885559082,15.07699966430664,14.776000022888184,14.845499992370604,174182000,15.088000161307198,25.975733294474665
2014-12-22,15.32699966430664,15.368000030517578,15.097000122070312,15.097000122070312,80076000,15.082142966134208,33.701563113244504
2014-12-23,15.314499855041504,15.374500274658203,15.162500381469728,15.348999977111816,54274000,15.074785777500697,40.00783248487632
2014-12-24,15.15149974822998,15.350000381469728,15.144000053405762,15.319000244140623,30276000,15.053071430751256,37.11052257176517
2014-12-26,15.454500198364258,15.538999557495115,15.190500259399414,15.25,57876000,15.153285707746234,46.82112032052224
2014-12-29,15.60200023651123,15.713500022888184,15.32900047302246,15.392499923706056,60180000,15.247285706656319,55.129188086897386
2014-12-30,15.515000343322754,15.696999549865724,15.467000007629396,15.49549961090088,41860000,15.337071418762207,47.73290039290915
2014-12-31,15.517499923706056,15.64900016784668,15.500499725341797,15.577500343322754,40960000,15.411714281354632,55.380582444738806
2015-01-02,15.425999641418455,15.737500190734863,15.347999572753906,15.628999710083008,55664000,15.425857135227748,51.37374787840124
2015-01-05,15.10949993133545,15.418999671936035,15.042499542236328,15.350500106811523,55484000,15.396571431841169,44.712423131969224
2015-01-06,14.76449966430664,15.149999618530272,14.619000434875488,15.112000465393066,70380000,15.341285705566406,40.04799363841293
2015-01-07,14.92099952697754,15.064000129699709,14.76650047302246,14.875,52806000,15.265071323939733,53.630063254099525
2015-01-08,15.02299976348877,15.156999588012695,14.805500030517578,15.015999794006348,61768000,15.18235697065081,51.775270554258555
2015-01-09,14.846500396728516,15.143500328063965,14.833999633789062,15.074000358581545,51848000,15.086856978280204,49.146758095758834
2015-01-12,14.570500373840332,14.92549991607666,14.46399974822998,14.878000259399414,68428000,14.951571328299385,41.548882892639384
2015-01-13,14.737000465393066,15.074999809265137,14.661499977111816,14.87399959564209,82728000,14.853142874581474,37.42542050497591
2015-01-14,14.66349983215332,14.795499801635742,14.324999809265137,14.596500396728516,110774000,14.789428574698311,36.476944819632
2015-01-15,14.34749984741211,14.800000190734863,14.340999603271484,14.699999809265137,88384000,14.729857172284808,34.296879511092996
2015-01-16,14.536999702453612,14.53950023651123,14.262499809265137,14.314000129699709,69564000,14.675000054495674,31.248711184984742
2015-01-20,14.472000122070312,14.66800022125244,14.319499969482422,14.62950038909912,61502000,14.596285820007324,26.09982197267827
2015-01-21,14.862500190734863,15.300000190734863,14.36299991607666,14.482000350952148,201302000,14.598571504865374,37.76944208880989
2015-01-22,15.515999794006348,15.612500190734863,15.0,15.0,107252000,14.733642850603376,49.977397470298406
2015-01-23,15.619500160217283,15.846500396728516,15.38599967956543,15.404000282287598,89928000,14.859714235578265,52.90497731855561
2015-01-26,15.482999801635742,15.649999618530272,15.37600040435791,15.590999603271484,63394000,14.976785659790039,55.92762791660702
2015-01-27,15.337499618530272,15.51200008392334,15.131500244140623,15.3149995803833,58406000,15.118214198521205,59.708571886549265
2015-01-28,15.195500373840332,15.575499534606934,15.1899995803833,15.490500450134276,61276000,15.212285723005023,54.673946614366386
2015-01-29,15.58899974822998,15.640000343322754,14.966500282287598,15.236499786376951,173132000,15.37185709817069,58.7670416172054
2015-01-30,17.726499557495117,17.975000381469727,17.03700065612793,17.31599998474121,477122000,15.780999864850726,77.75100807563237
2015-02-02,18.223499298095703,18.25,17.500499725341797,17.502500534057617,204638000,16.167785508292063,83.76154964175512
2015-02-03,18.177499771118164,18.391000747680664,18.010499954223633,18.01449966430664,124252000,16.533214024135045,82.52198121281742
2015-02-04,18.237499237060547,18.375,17.911500930786133,17.91900062561035,83398000,16.926713943481445,83.87036891092363
2015-02-05,18.694499969482425,18.940000534057617,18.295000076293945,18.299999237060547,144952000,17.406285422188894,90.12370130704669
2015-02-06,18.714000701904297,18.79949951171875,18.550500869750977,18.74349975585937,77848000,17.908928326198033,89.80371607725878
2015-02-09,18.527999877929688,18.72050094604492,18.36000061035156,18.549999237060547,54492000,18.328785487583705,87.77943119225635
2015-02-10,18.649999618530277,18.71500015258789,18.425500869750977,18.559499740600582,45744000,18.460714067731583,87.13599028129237
2015-02-11,18.756999969482425,18.854999542236328,18.55500030517578,18.561500549316406,55730000,18.53692844935826,85.59191582531574
2015-02-12,18.85849952697754,18.925500869750977,18.65749931335449,18.7549991607666,55822000,18.63421412876674,85.58558143228863
2015-02-13,19.09149932861328,19.149999618530277,18.850500106811523,18.920499801635746,69502000,18.756214141845703,88.82194984215892
2015-02-17,18.771499633789062,18.999500274658203,18.63349914550781,18.88599967956543,73464000,18.76721409388951,85.60764221262002
2015-02-18,18.668500900268555,18.83699989318848,18.64249992370605,18.68899917602539,53012000,18.76071412222726,86.30568593895086
2015-02-19,18.950000762939453,19.0939998626709,18.671499252319336,18.67449951171875,59076000,18.820999962942942,85.97732863716816
2015-02-20,19.183000564575195,19.184999465942383,18.79199981689453,18.93099975585937,65160000,18.897142955235072,76.32390678151901
2015-02-23,19.006999969482425,19.226999282836918,18.899999618530277,19.17200088500977,43540000,18.932857240949357,66.01923649880756
2015-02-24,18.929500579833984,19.02400016784668,18.808000564575195,18.9325008392334,38416000,18.94300024850028,65.1796735252695
2015-02-25,19.26849937438965,19.39249992370605,18.82699966430664,18.863500595092773,63490000,18.968285969325475,68.70465632757691
2015-02-26,19.239999771118164,19.4685001373291,19.16399955749512,19.203500747680664,53742000,19.035214560372488,61.71859058461215
2015-02-27,19.007999420166016,19.29949951171875,18.989500045776367,19.200000762939453,50646000,19.08371434892927,55.78738294948524
2015-03-02,19.28300094604492,19.295000076293945,18.974000930786133,19.042499542236328,42784000,19.13128580365862,64.359104205602
2015-03-03,19.230499267578125,19.30500030517578,19.07999992370605,19.19750022888184,38930000,19.13807133265904,61.3400997827731
2015-03-04,19.13599967956543,19.395000457763672,19.10950088500977,19.285499572753903,45182000,19.1564998626709,57.44012293304953
2015-03-05,19.39150047302246,19.42099952697754,19.194499969482425,19.280500411987305,53870000,19.22249984741211,59.86673276360039
2015-03-06,19.004499435424805,19.350000381469727,18.944000244140625,19.275999069213867,52540000,19.18478557041713,48.4763599121618
2015-03-09,18.92799949645996,18.96649932861328,18.763999938964844,18.920000076293945,46228000,19.140214102608816,52.99635767127601
2015-03-10,18.475500106811523,18.888500213623047,18.458999633789062,18.872499465942383,62420000,19.064142772129603,46.74095507782053
2015-03-11,18.318500518798828,18.667499542236328,18.3129997253418,18.530500411987305,49902000,18.92635699680873,38.86832747871084
2015-03-12,18.71199989318848,18.774999618530277,18.375999450683597,18.44099998474121,56200000,18.852285657610214,42.14213526193736
2015-03-13,18.52899932861328,18.699499130249023,18.333999633789062,18.576000213623047,52234000,18.765571321759904,42.04393502827365
2015-03-16,18.667499542236328,18.69700050354004,18.336000442504883,18.518999099731445,47082000,18.662142617361887,45.72592448772328
2015-03-17,18.59600067138672,18.725000381469727,18.48200035095215,18.555500030517575,40740000,18.60378565107073,37.980373587728074
2015-03-18,18.756999969482425,18.79949951171875,18.334999084472656,18.49850082397461,53082000,18.579357147216797,41.757688789941255
2015-03-19,18.66200065612793,18.855499267578125,18.60950088500977,18.693500518798828,38314000,18.606000082833425,43.8059681617005
2015-03-20,18.92449951171875,18.9685001373291,18.79599952697754,18.81450080871582,75272000,18.69257136753627,43.55328848895111
2015-03-23,18.75550079345703,19.088499069213867,18.746999740600582,18.903499603271484,44786000,18.69878578186035,41.80187772408258
2015-03-24,18.704500198364254,18.761999130249023,18.613500595092773,18.699499130249023,44564000,18.72385733468192,42.43910981822847
2015-03-25,18.54800033569336,19.024999618530277,18.51449966430664,18.75849914550781,68590000,18.706786019461497,34.688664396817856
2015-03-26,18.36750030517578,18.56999969482422,18.28249931335449,18.47949981689453,58600000,18.67414311000279,37.4999906428932
2015-03-27,18.527999877929688,18.65850067138672,18.328500747680664,18.355499267578125,52196000,18.641428811209543,42.40120644412772
2015-03-30,18.72949981689453,18.80599975585937,18.57749938964844,18.5935001373291,36418000,18.651071548461914,55.33389889027471
2015-03-31,18.604999542236328,18.88500022888184,18.57550048828125,18.66200065612793,50122000,18.60542869567871,56.09962900637377
2015-04-01,18.51300048828125,18.65800094604492,18.41699981689453,18.604999542236328,49162000,18.570785794939315,45.13923118853159
2015-04-02,18.612499237060547,18.66399955749512,18.450000762939453,18.524999618530277,37506000,18.557642800467356,52.12630994058881
2015-04-06,18.851999282836918,19.01000022888184,18.468000411987305,18.5049991607666,61014000,18.601071221487864,54.468402764625345
2015-04-07,18.72050094604492,18.965499877929688,18.701499938964844,18.8075008392334,39098000,18.651499884469168,52.930117808027205
2015-04-08,19.059999465942383,19.07900047302246,18.732500076293945,18.732999801635746,52728000,18.72749982561384,56.57838833026471
2015-04-09,19.177000045776367,19.22100067138672,18.940000534057617,19.03300094604492,47846000,18.791428429739817,61.075288400168596
2015-04-10,19.13249969482422,19.356000900268555,19.06599998474121,19.215499877929688,51470000,18.86678559439523,54.93594478723092
2015-04-13,19.118000030517575,19.263999938964844,19.006999969482425,19.17650032043457,37890000,18.95321410042899,59.28297205153987
2015-04-14,19.25550079345703,19.390499114990234,19.06049919128418,19.175500869750977,51672000,19.04507146562849,63.511568060870616
2015-04-15,19.17250061035156,19.28899955749512,19.082000732421875,19.232500076293945,38664000,19.090857369559153,65.88658167117234
2015-04-16,19.302000045776367,19.372499465942383,19.177499771118164,19.184499740600582,41608000,19.173928669520787,74.40590108862058
2015-04-17,18.777999877929688,19.17799949645996,18.71999931335449,19.131500244140625,76794000,19.133643014090403,55.48727901762158
2015-04-20,19.475500106811523,19.597000122070312,18.850000381469727,18.927499771118164,100322000,19.176285879952566,63.44630985311182
2015-04-21,19.55900001525879,19.729999542236328,19.34000015258789,19.56550025939941,92870000,19.237214497157506,67.45338225123282
2015-04-22,19.489999771118164,19.714000701904297,19.399999618530277,19.59550094604492,69494000,19.290357317243302,68.02583580315277
2015-04-23,19.499500274658203,19.5939998626709,19.3075008392334,19.510499954223636,159600000,19.325214385986328,66.9275076184775
2015-04-24,22.2549991607666,22.63249969482422,21.950000762939453,21.950000762939453,343538000,19.765571321759904,83.12890726255968
2015-04-27,21.92799949645996,22.34950065612793,21.870500564575195,22.19300079345703,108618000,20.14071410042899,80.08064420921123
2015-04-28,21.465499877929688,21.950000762939453,21.402000427246094,21.925500869750977,82810000,20.52464267185756,72.05060339633576
2015-04-29,21.4685001373291,21.71199989318848,21.30150032043457,21.337499618530277,72434000,20.809356961931503,71.45398505692933
2015-04-30,21.089000701904297,21.587499618530277,20.96199989318848,21.355499267578125,72958000,21.027928488595144,67.23637886325962
2015-05-01,21.14349937438965,21.28199958801269,20.799999237060547,21.19099998474121,71316000,21.264142717633927,67.71936018784163
2015-05-04,21.152000427246094,21.488500595092773,21.121000289916992,21.239999771118164,45408000,21.500214168003627,66.97395707789931
2015-05-05,21.059499740600582,21.3754997253418,21.051000595092773,21.14249992370605,57128000,21.32942853655134,66.86025327932128
2015-05-06,20.95499992370605,21.13599967956543,20.727500915527344,21.07150077819824,51050000,21.190428597586497,64.8357577766152
2015-05-07,21.3439998626709,21.424999237060547,21.14249992370605,21.207500457763672,55322000,21.173071452549525,73.60191773487215
2015-05-08,21.684499740600582,21.76000022888184,21.50849914550781,21.537500381469727,58176000,21.203928538731166,71.74640930909567
2015-05-11,21.64249992370605,21.950000762939453,21.568500518798828,21.6254997253418,47874000,21.28299985613142,70.67990609973113
2015-05-12,21.551000595092773,21.662500381469727,21.33550071716309,21.554000854492188,38956000,21.341214316231863,70.36563061650362
2015-05-13,21.3435001373291,21.67650032043457,21.290000915527344,21.499000549316406,39926000,21.368571417672293,67.53519146952613
2015-05-14,21.61400032043457,21.649999618530277,21.350500106811523,21.47249984741211,37770000,21.447785786220006,38.44213639646457
2015-05-15,21.299999237060547,21.520000457763672,21.21500015258789,21.399999618530277,84806000,21.497071402413503,38.62318464999119
2015-05-18,21.261999130249023,21.363500595092773,21.072999954223636,21.299999237060547,47804000,21.48535701206752,45.643316523408
2015-05-19,21.08550071716309,21.41200065612793,21.0314998626709,21.24349975585937,49284000,21.39978572300502,42.367485202647394
2015-05-20,21.19300079345703,21.354999542236328,20.917999267578125,21.030000686645508,43924000,21.335571561540878,52.32454435076806
2015-05-21,21.581499099731445,21.84499931335449,21.399999618530277,21.399999618530277,82428000,21.339928490774973,58.518083837310776
2015-05-22,21.381500244140625,21.621999740600582,21.38050079345703,21.57749938964844,40412000,21.34535707746233,54.15384742851147
2015-05-26,21.273500442504883,21.350000381469727,21.100000381469727,21.309999465942383,44884000,21.296714237758092,53.851709956264195
2015-05-27,21.57099914550781,21.592500686645508,21.2504997253418,21.372499465942383,44622000,21.335428510393417,60.36688436542838
2015-05-28,21.328500747680664,21.5674991607666,21.273500442504883,21.48550033569336,38248000,21.344928741455078,49.725630179464744
2015-05-29,21.46150016784668,21.625,21.361499786376957,21.361499786376957,60322000,21.398642948695592,45.73939294111477
2015-06-01,21.54599952697754,21.65800094604492,21.309999465942383,21.520000457763672,45066000,21.44907133919852,48.185736620910305
2015-06-02,21.54949951171875,21.661500930786133,21.3125,21.50349998474121,33378000,21.444499969482422,49.9708130007128
2015-06-03,21.829500198364254,21.91950035095215,21.637500762939453,21.71999931335449,54558000,21.508499962942942,59.19064444595135
2015-06-04,21.53899955749512,21.83799934387207,21.46299934387207,21.71999931335449,50216000,21.546428407941544,48.592324765518775
2015-06-05,21.34749984741211,21.540000915527344,21.325000762939453,21.482999801635746,38158000,21.51449993678502,50.934502286723806
2015-06-08,21.174999237060547,21.34000015258789,21.07150077819824,21.2810001373291,43450000,21.492571149553573,48.37443718455784
2015-06-09,21.27400016784668,21.374500274658203,20.957000732421875,21.14800071716309,45774000,21.465785435267858,53.62708828797083
2015-06-10,21.53849983215332,21.61000061035156,21.28300094604492,21.322999954223636,43446000,21.46471405029297,56.269273392663976
2015-06-11,21.648500442504883,21.944499969482425,21.57349967956543,21.614500045776367,58450000,21.478857040405273,51.35247100857807
2015-06-12,21.496000289916992,21.618000030517575,21.413000106811523,21.5625,41088000,21.43121419634138,52.356454174540374
2015-06-15,21.183500289916992,21.40250015258789,21.131999969482425,21.382999420166016,41020000,21.380428586687362,48.29156812510589
2015-06-16,21.363000869750977,21.398500442504883,21.13349914550781,21.207500457763672,45928000,21.382643018450057,45.86649018390449
2015-06-17,21.390499114990234,21.5674991607666,21.237499237060547,21.417999267578125,43718000,21.413428715297155,51.347204504027324
2015-06-18,21.96949958801269,21.986499786376957,21.47050094604492,21.51499938964844,67568000,21.51278577532087,59.246434572495836
2015-06-19,21.746000289916992,22.249500274658203,21.66200065612793,22.01300048828125,89902000,21.542428697858536,53.46501477764797
2015-06-22,21.81450080871582,21.96199989318848,21.708999633789062,21.850000381469727,36472000,21.566143035888672,54.490022137120896
2015-06-23,22.29949951171875,22.351999282836918,21.684499740600582,21.77949905395508,64900000,21.68092863900321,57.44612314485281
2015-06-24,22.04199981689453,22.32349967956543,22.011499404907227,22.24850082397461,52416000,21.803571428571427,58.053160257024864
2015-06-25,22.0049991607666,22.17350006103516,21.819499969482425,21.903499603271484,44750000,21.89528547014509,61.074604731972094
2015-06-26,21.905000686645508,22.17449951171875,21.75300025939941,22.08799934387207,52490000,21.96878569466727,62.603624886965186
2015-06-29,21.493000030517575,21.850000381469727,21.450000762939453,21.749000549316406,55064000,21.900714329310826,53.41227824604631
2015-06-30,21.704500198364254,21.778499603271484,21.52300071716309,21.709999084472656,51938000,21.894785744803293,52.629918556892875
2015-07-01,21.86949920654297,22.0,21.77899932861328,21.967500686645508,39742000,21.9026426587786,53.44127991484342
2015-07-02,21.885499954223636,21.90999984741211,21.673999786376957,21.850000381469727,26868000,21.843499864850724,56.33436357342358
2015-07-06,21.802000045776367,21.986499786376957,21.676000595092773,21.761499404907227,38064000,21.809214183262416,60.868043918330116
2015-07-07,21.836000442504883,21.886499404907227,21.278499603271484,21.78400039672852,69084000,21.785071509225027,58.75926124771822
2015-07-08,21.48500061035156,21.79949951171875,21.441499710083008,21.717500686645508,47662000,21.725071498325892,51.56278387871686
2015-07-09,21.71949958801269,21.93600082397461,21.707500457763672,21.7450008392334,45428000,21.757428577968053,45.33407472486165
2015-07-10,22.175500869750977,22.23600006103516,21.950000762939453,22.02449989318848,48020000,21.824714388166154,57.37593549536702
2015-07-13,22.778499603271484,22.89349937438965,22.37700080871582,22.414499282836918,79136000,21.9545715876988,63.987225292592186
2015-07-14,23.278499603271484,23.479999542236328,22.90800094604492,23.11599922180176,94724000,22.15357153756278,64.14331849043285
2015-07-15,23.059499740600582,23.23500061035156,23.01000022888184,23.152000427246094,59748000,22.333214351109095,64.86486938348992
2015-07-16,23.77400016784668,23.79400062561035,23.239999771118164,23.274999618530277,81912000,22.610071454729354,71.57319104197084
2015-07-17,24.15049934387207,24.270999908447266,23.862499237060547,23.88500022888184,98644000,22.990856988089426,75.65405095387045
2015-07-20,24.405000686645508,24.65999984741211,24.270000457763672,24.62849998474121,95050000,23.374500002179825,84.51055642230375
2015-07-21,24.399999618530277,24.444000244140625,24.127500534057617,24.395000457763672,63636000,23.692285537719727,83.58877143479165
2015-07-22,24.41349983215332,24.625,24.2450008392334,24.29949951171875,62298000,23.92585699898856,82.94482425083116
2015-07-23,24.108999252319336,24.58300018310547,23.78499984741211,24.58300018310547,187488000,24.044499805995397,76.7923645413033
2015-07-24,26.47100067138672,29.028499603271484,26.467500686645508,28.949499130249023,438188000,24.531857081821986,86.31765884054742
2015-07-27,26.570499420166016,27.247499465942383,26.32999992370605,26.387500762939453,149820000,24.931356975010463,86.45566924612234
2015-07-28,26.30150032043457,26.819499969482425,26.1560001373291,26.799999237060547,105462000,25.238642828805105,87.5614053719902
2015-07-29,26.450000762939453,26.648500442504883,26.250999450683597,26.54599952697754,75052000,25.530785696847097,87.39229612967132
2015-07-30,26.83799934387207,26.959999084472656,26.214500427246094,26.38249969482422,74862000,25.879071371895925,87.2552832721478
2015-07-31,26.8075008392334,27.142000198364254,26.72599983215332,26.954500198364254,60512000,26.22107151576451,85.43537039975817
2015-08-03,26.75149917602539,27.02199935913086,26.468000411987305,26.872499465942383,60284000,26.598571504865372,83.13297867307375
2015-08-04,26.59499931335449,26.84749984741211,26.45800018310547,26.48450088500977,58692000,26.616285596575057,84.13632134646224
2015-08-05,26.850500106811523,26.957000732421875,26.70599937438965,26.940000534057617,57788000,26.65628569466727,82.59348409984247
2015-08-06,26.472999572753903,27.136999130249023,26.375999450683597,26.96500015258789,76410000,26.680785587855745,74.60013584370776
2015-08-07,26.131000518798828,26.472999572753903,25.910499572753903,26.45800018310547,79384000,26.63521412440708,67.9492473947517
2015-08-10,26.200000762939453,26.61400032043457,26.149999618530277,26.426000595092773,52318000,26.544071469988136,68.47291913225024
2015-08-11,26.37299919128418,26.448999404907227,26.100000381469727,26.1825008392334,53532000,26.481999805995393,69.47232590105814
2015-08-12,26.295499801635746,26.375,25.652999877929688,26.1875,79246000,26.416857038225448,72.75473016427547
2015-08-13,26.482999801635746,26.732999801635746,26.27449989318848,26.36849975585937,57904000,26.40085710797991,50.22812075061198
2015-08-14,26.576000213623047,26.70549964904785,26.412500381469727,26.412500381469727,39896000,26.361642837524414,50.10483704455501
2015-08-17,26.76099967956543,26.937000274658203,26.356000900268555,26.56450080871582,51634000,26.402785709926064,59.04705323907865
2015-08-18,26.750999450683597,26.97450065612793,26.649999618530277,26.75200080871582,41426000,26.4913569859096,56.26820165647991
2015-08-19,26.645999908447266,26.862499237060547,26.450000762939453,26.687000274658203,46480000,26.555071149553577,45.467431407882096
2015-08-20,25.78899955749512,26.662500381469727,25.78849983215332,26.519500732421875,88160000,26.47164263044085,32.70502135686371
2015-08-21,24.723499298095703,25.616500854492188,24.723499298095703,25.368000030517575,134130000,26.24707112993513,24.355075700639745
2015-08-24,23.168500900268555,23.82900047302246,22.549999237060547,23.179000854492188,201952000,25.773571286882675,17.991590200445444
2015-08-25,23.318500518798828,24.472000122070312,23.3125,24.374500274658203,113586000,25.30821418762207,16.342649795324235
2015-08-26,25.03849983215332,25.18600082397461,23.9379997253418,24.201000213623047,127172000,25.062142780848912,39.11525234652266
2015-08-27,25.918500900268555,26.13450050354004,25.363000869750977,25.68549919128418,122290000,24.943214416503906,48.50929697411811
2015-08-28,25.90049934387207,26.075000762939453,25.652000427246094,25.875,54934000,24.836714335850306,47.883830266543725
2015-08-31,25.644500732421875,25.97050094604492,25.453500747680664,25.82200050354004,60046000,24.81607164655413,44.91236370892352
2015-09-01,24.82699966430664,25.5,24.671499252319336,24.957000732421875,77290000,24.83085741315569,40.70510692331705
2015-09-02,25.52750015258789,25.542999267578125,24.88599967956543,25.254499435424805,74142000,25.167857306344168,44.320953309241204
2015-09-03,25.23600006103516,25.79199981689453,25.12849998474121,25.725000381469727,62994000,25.44178581237793,42.21925361113746
2015-09-04,24.950000762939453,25.14249992370605,24.78199958801269,24.88249969482422,53850000,25.42914308820452,39.60629626475365
2015-09-08,25.87700080871582,25.917499542236328,25.425500869750977,25.434499740600582,76214000,25.423214503696986,45.461633252244425
2015-09-09,25.84449958801269,26.497499465942383,25.75300025939941,26.200000762939453,87414000,25.41521453857422,45.806518055891786
2015-09-10,26.11199951171875,26.30649948120117,25.73900032043457,25.75749969482422,51520000,25.48200007847377,51.80104783983801
2015-09-11,26.472000122070312,26.472000122070312,26.030500411987305,26.05349922180176,64558000,25.71700014386858,60.582222031368104
2015-09-14,26.069000244140625,26.622499465942383,25.929000854492188,26.472000122070312,62604000,25.794357299804688,70.39874959321804
2015-09-15,26.11849975585937,26.395999908447266,25.86000061035156,26.162500381469727,57318000,25.920428684779576,69.97430563719404
2015-09-16,26.36949920654297,26.415000915527344,25.926000595092773,26.099000930786133,45056000,26.123214176722936,62.01262361179346
2015-09-17,26.943500518798828,27.348499298095703,26.328500747680664,26.349000930786133,83390000,26.275571278163365,59.79173689245204
2015-09-18,27.01300048828125,27.312000274658203,26.5674991607666,26.731000900268555,123202000,26.44249997820173,60.5240831792142
2015-09-21,27.41950035095215,27.48900032043457,26.97949981689453,27.21649932861328,65666000,26.62928581237793,66.32633118727477
2015-09-22,26.920000076293945,27.177499771118164,26.632999420166016,26.98550033569336,76834000,26.69328580583845,70.44743668913021
2015-09-23,26.80349922180176,27.06049919128418,26.700000762939453,26.915000915527344,44752000,26.798214231218612,64.0714426640944
2015-09-24,26.6875,26.72800064086914,26.14349937438965,26.52750015258789,70020000,26.879499980381556,66.65136470454368
2015-09-25,26.212499618530277,27.13999938964844,26.06999969482422,27.12849998474121,80620000,26.857071467808314,63.88123316784117
2015-09-28,25.202999114990234,26.013999938964844,24.71649932861328,26.000999450683597,108690000,26.608428410121373,42.72136867624736
2015-09-29,24.80349922180176,25.573999404907227,24.524999618530277,25.299999237060547,89150000,26.292785372052872,39.5837500209935
2015-09-30,25.59449958801269,25.63999938964844,25.083499908447266,25.27199935913086,80094000,26.03207097734724,45.31292701980038
2015-10-01,26.035999298095703,26.040000915527344,25.299999237060547,25.549999237060547,75370000,25.905785151890345,46.1085261393869
2015-10-02,26.62700080871582,26.6299991607666,25.405000686645508,25.64949989318848,91956000,25.880571092878068,54.81865537587103
2015-10-05,27.18400001525879,27.295499801635746,26.799999237060547,26.84950065612793,67828000,25.951499666486466,58.45970491003894
2015-10-06,26.874000549316406,27.575000762939453,26.66650009155273,27.274999618530277,90056000,26.045999799455917,53.968387805696274
2015-10-07,27.097000122070312,27.100000381469727,26.450000762939453,27.089500427246094,76242000,26.316571371895925,51.277991699199525
2015-10-08,26.65800094604492,26.96949958801269,25.99449920654297,26.83550071716309,93528000,26.58150018964495,47.21568986481308
2015-10-09,26.989999771118164,27.089500427246094,26.513500213623047,26.724000930786133,70748000,26.78085735866002,46.59153519112541
2015-10-12,27.50950050354004,27.541000366210938,26.989999771118164,26.99799919128418,55522000,26.99135753086635,54.663400690816054
2015-10-13,27.44499969482422,27.65999984741211,27.155000686645508,27.3129997253418,58760000,27.10821451459612,55.11685839551446
2015-10-14,27.241500854492188,27.612499237060547,26.983999252319336,27.566999435424805,71642000,27.116428920200892,54.35809425952789
2015-10-15,28.121999740600582,28.149999618530277,27.350000381469727,27.387500762939453,98740000,27.294714518955775,64.1203936166491
2015-10-16,28.538000106811523,28.54700088500977,28.015499114990234,28.263500213623047,86316000,27.500571659633092,77.03471481136629
2015-10-19,28.65749931335449,28.950000762939453,28.36899948120117,28.538000106811523,87508000,27.78621428353446,82.72760078859575
2015-10-20,28.04400062561035,28.649999618530277,27.763999938964844,28.600000381469727,86924000,27.9367858341762,71.44736174090099
2015-10-21,27.78849983215332,28.262500762939453,27.625999450683597,28.193500518798828,66872000,27.976642881120956,65.86117999866732
2015-10-22,28.195499420166016,28.457500457763672,27.833499908447266,28.13500022888184,155588000,28.083857127598353,64.68495766184981
2015-10-23,29.951499938964844,30.97249984741211,29.76799964904785,30.88400077819824,213854000,28.47099985395159,71.15988868857914
2015-10-26,30.430500030517575,30.49250030517578,29.81450080871582,30.114999771118164,85394000,28.800785609654017,76.50742753293542
2015-10-27,30.550500869750977,30.73550033569336,30.276500701904297,30.43000030517578,75742000,29.08828571864537,76.14111064878755
2015-10-28,30.854999542236328,30.861499786376957,30.475000381469727,30.614999771118164,78524000,29.402214322771346,82.42930485936434
2015-10-29,31.32749938964844,31.37700080871582,30.769500732421875,30.88500022888184,77920000,29.871285574776785,82.80269991682849
2015-10-30,31.295000076293945,31.535999298095703,31.263999938964844,31.300500869750977,77488000,30.37221418108259,80.90457801308004
2015-11-02,31.417499542236328,31.43149948120117,31.02050018310547,31.35650062561035,56330000,30.83249991280692,82.12699542914685
2015-11-03,31.265499114990234,31.49449920654297,31.100000381469727,31.47649955749512,64938000,31.020214080810547,82.81683594615245
2015-11-04,32.04750061035156,32.29650115966797,31.36750030517578,31.38800048828125,96810000,31.251214163643972,82.53627282692656
2015-11-05,32.782501220703125,32.849998474121094,32.15449905395508,32.35499954223633,94476000,31.570071356637136,83.41337801781674
2015-11-06,32.96849822998047,33.112998962402344,32.599998474121094,32.75,81844000,31.871999740600586,83.5852344170474
2015-11-09,32.77450180053711,33.097999572753906,32.39250183105469,32.932498931884766,80976000,32.07871437072754,89.43073299672898
2015-11-10,32.98400115966797,33.0,32.362998962402344,32.550498962402344,69790000,32.320000239780974,93.64138475099976
2015-11-11,33.662498474121094,33.79800033569336,33.162498474121094,33.162498474121094,107746000,32.64071437290737,93.9187549262004
2015-11-12,33.279998779296875,33.78200149536133,33.21099853515625,33.650001525878906,85694000,32.92850003923689,84.31095053427882
2015-11-13,32.11750030517578,33.349998474121094,32.022499084472656,33.17850112915039,125222000,32.93849999564035,65.24217241032272
2015-11-16,32.390499114990234,32.4995002746582,31.114500045776367,32.04600143432617,148718000,32.88249969482422,66.17726812178213
2015-11-17,32.165000915527344,32.662498474121094,32.04999923706055,32.532501220703125,86404000,32.76771436418806,61.67978368818446
2015-11-18,33.176998138427734,33.24399948120117,32.31850051879883,32.32550048828125,89396000,32.82521384102957,65.04272968602427
2015-11-19,33.063499450683594,33.643001556396484,32.95000076293945,33.2495002746582,94104000,32.836570739746094,64.19687039028099
2015-11-20,33.42250061035156,33.44350051879883,32.878501892089844,33.39699935913086,77922000,32.80228533063616,65.50661835295563
2015-11-23,33.949501037597656,34.13850021362305,33.50600051879883,33.57500076293945,87702000,32.89792851039341,69.6199404258974
2015-11-24,33.557498931884766,33.790000915527344,33.06050109863281,33.707000732421875,90868000,33.10364259992327,61.70543965224077
2015-11-25,33.766998291015625,33.98500061035156,33.5620002746582,33.75,53958000,33.30028533935547,58.308715394303405
2015-11-27,33.66299819946289,34.04949951171875,33.60499954223633,34.040000915527344,39336000,33.51428495134626,55.94352995253899
2015-11-30,33.2400016784668,34.06449890136719,33.22999954223633,33.79499816894531,113864000,33.52328545706613,53.833491245309766
2015-12-01,33.952999114990234,34.04999923706055,33.393001556396484,33.6875,95024000,33.650356837681365,57.368821989878114
2015-12-02,33.800498962402344,34.24100112915039,33.712501525878906,34.04999923706055,85470000,33.70435660226004,51.14069064505022
2015-12-03,33.3125,34.13949966430664,33.07400131225586,33.97200012207031,101294000,33.61335645403181,50.26404489507004
2015-12-04,33.63199996948242,33.73899841308594,33.06999969482422,33.29999923706055,90696000,33.6239994594029,64.25682736331808
2015-12-07,33.49150085449219,33.77299880981445,33.025001525878906,33.73699951171875,74656000,33.584642682756694,60.62950367586129
2015-12-08,33.86650085449219,33.9995002746582,32.989498138427734,33.15650177001953,73038000,33.61371449061802,65.96605747863737
2015-12-09,33.239498138427734,33.95000076293945,32.78400039672852,33.900001525878906,103164000,33.61364255632673,50.632143639826275
2015-12-10,33.11600112915039,33.42649841308594,32.97800064086914,33.27949905395508,69110000,33.49407141549246,50.52994580791034
2015-12-11,32.00749969482422,32.89400100708008,31.981000900268555,32.561500549316406,109488000,33.237928662981304,37.5942303910486
2015-12-14,32.89550018310547,32.929500579833984,31.763500213623047,32.087501525878906,86594000,33.1783572605678,41.309353061070425
2015-12-15,32.93199920654297,33.57500076293945,32.86750030517578,33.25149917602539,95068000,33.07835715157645,44.52132284003376
2015-12-16,33.78850173950195,33.86750030517578,32.965999603271484,33.178001403808594,79290000,33.12078584943499,50.16917208615562
2015-12-17,33.532501220703125,34.125,33.532501220703125,34.0,73632000,33.07307161603655,48.99733337397657
2015-12-18,33.207000732421875,33.84199905395508,33.20650100708008,33.432498931884766,136826000,33.068429129464285,49.74258231801484
2015-12-21,33.22549819946289,33.494998931884766,32.94649887084961,33.42499923706055,65018000,33.084071568080354,43.63571926283669
2015-12-22,33.157501220703125,33.42449951171875,32.9630012512207,33.34149932861328,53356000,33.248357500348774,44.29055125151409
2015-12-23,33.185001373291016,33.33000183105469,32.83150100708008,33.32500076293945,54458000,33.28971481323242,48.76705658414581
2015-12-24,33.13949966430664,33.23400115966797,33.029998779296875,33.16749954223633,21824000,33.31935773577009,44.97089408751095
2015-12-28,33.7599983215332,33.775001525878906,33.275001525878906,33.27799987792969,75672000,33.31528581891741,52.49695441448486
2015-12-29,34.69850158691406,34.821998596191406,33.894500732421875,33.89899826049805,114700000,33.48185729980469,57.003370290071004
2015-12-30,34.45349884033203,34.77450180053711,34.319000244140625,34.59450149536133,70380000,33.659928458077566,60.92119613149512
2015-12-31,33.79449844360352,34.38750076293945,33.79449844360352,34.30400085449219,74992000,33.74121420724051,55.567380504026666
2016-01-04,31.84950065612793,32.88600158691406,31.3754997253418,32.81449890136719,186290000,33.55435698372977,48.860036159795584
2016-01-05,31.68950080871582,32.34550094604492,31.38249969482422,32.34299850463867,116452000,33.34071404593332,40.27733740103056
2016-01-06,31.63249969482422,31.989500045776367,31.015499114990234,31.100000381469727,106584000,33.12542833600725,39.558065512827426
2016-01-07,30.39699935913086,31.5,30.260499954223636,31.09000015258789,141498000,32.64499991280692,24.312643885390955
2016-01-08,30.352500915527344,31.207000732421875,30.299999237060547,30.982999801635746,110258000,32.024142674037385,25.117366127395385
2016-01-11,30.886999130249023,30.99250030517578,29.92849922180176,30.624000549316406,97832000,31.5146427154541,32.421559205439664
2016-01-12,30.894500732421875,31.29949951171875,30.61199951171875,31.262500762939453,94482000,31.10035732814244,32.30876575342862
2016-01-13,29.090499877929688,31.04400062561035,28.95800018310547,31.04400062561035,153104000,30.706214359828405,25.57064609676604
2016-01-14,29.649999618530277,30.112499237060547,28.49399948120117,29.012500762939453,144760000,30.414857046944753,30.04178030310375
2016-01-15,28.50900077819824,29.231000900268555,28.26499938964844,28.61199951171875,155690000,29.968642915998185,26.734673029158103
2016-01-19,28.724000930786133,29.200000762939453,28.32250022888184,28.85449981689453,96144000,29.72964314052037,23.62248256942513
2016-01-20,28.588499069213867,28.92250061035156,27.358999252319336,28.218000411987305,159328000,29.4776428767613,15.057753840602643
2016-01-21,28.750999450683597,29.44050025939941,28.410999298095703,28.679000854492188,99044000,29.17250006539481,17.077537838645057
2016-01-22,29.819000244140625,30.0049991607666,29.20549964904785,29.436500549316406,102402000,29.018857138497488,28.083145637356665
2016-01-25,29.826499938964844,30.424999237060547,29.72800064086914,29.89949989318848,87922000,29.124000004359655,35.81744121706572
2016-01-26,30.0625,30.225000381469727,29.518999099731445,30.17250061035156,75314000,29.1829286302839,38.71392663113589
2016-01-27,29.167499542236328,30.16950035095215,28.93899917602539,30.09950065612793,103058000,29.276999882289342,34.68183126296992
2016-01-28,31.76749992370605,31.902999877929688,29.877500534057617,30.418500900268555,280304000,29.711785452706472,57.28176159088313
2016-01-29,29.350000381469727,29.649999618530277,28.5,28.599000930786133,293552000,29.82057135445731,45.74616915743396
2016-02-01,28.74049949645996,29.09000015258789,28.515499114990234,28.90749931335449,127102000,29.81907136099679,40.94953542325316
2016-02-02,27.604999542236328,28.577999114990234,27.504499435424805,28.5,126240000,29.502785546439036,37.334923659076935
2016-02-03,26.55349922180176,27.799999237060547,26.09499931335449,27.674999237060547,200974000,29.035214015415736,39.63135515730012
2016-02-04,26.8129997253418,26.949499130249023,25.961000442504883,26.25,123982000,28.570999690464564,38.11379678768327
2016-02-05,25.10650062561035,26.47249984741211,24.95949935913086,26.464000701904297,194178000,27.990856988089426,36.38945942069236
2016-02-08,24.405000686645508,24.674999237060547,23.760499954223636,24.32349967956543,196510000,26.93907138279506,33.37055692624675
2016-02-09,24.103500366210938,24.91900062561035,23.700000762939453,23.90049934387207,141558000,26.189571380615234,32.94936927130216
2016-02-10,24.52400016784668,25.232999801635746,24.299999237060547,24.58799934387207,135724000,25.58721433367048,34.23937833812633
2016-02-11,25.19099998474121,25.46500015258789,24.200000762939453,24.558500289916992,147948000,25.24235725402832,32.21231461852369
2016-02-12,25.35400009155273,25.837499618530277,25.074499130249023,25.53499984741211,107696000,25.071000235421316,33.01302957552819
2016-02-16,26.05500030517578,26.22249984741211,25.58300018310547,25.974000930786133,102370000,24.96271460396903,35.29843611281841
2016-02-17,26.70499992370605,26.874000549316406,25.96949958801269,26.437000274658203,96480000,25.19107164655413,40.80092821589055
2016-02-18,26.25,27.059999465942383,26.186500549316406,27.059499740600582,94700000,25.45464297703334,25.454869428202684
2016-02-19,26.7450008392334,26.79750061035156,25.76749992370605,26.035499572753903,99494000,25.832000187465123,36.02018264032531
2016-02-22,27.975000381469727,28.03249931335449,27.054000854492188,27.11000061035156,111332000,26.3250002179827,46.1484321258353
2016-02-23,27.64699935913086,27.84550094604492,27.26650047302246,27.77750015258789,81016000,26.675857271466935,50.23000992322557
2016-02-24,27.70199966430664,27.713499069213867,26.65749931335449,27.287500381469727,124634000,27.01128578186035,57.060307947593685
2016-02-25,27.75749969482422,27.96949958801269,27.26449966430664,27.775999069213867,90510000,27.254499980381556,55.95560817464619
2016-02-26,27.761499404907227,28.125,27.65850067138672,28.006000518798828,97540000,27.40542847769601,71.3184380266496
2016-02-29,27.625999450683597,28.24049949645996,27.6254997253418,27.700000762939453,82908000,27.601999827793666,78.44902029821488
2016-03-01,28.95199966430664,28.962499618530277,27.799999237060547,27.81450080871582,100770000,27.9172853742327,86.26130058588453
2016-03-02,29.010499954223636,29.25,28.684999465942383,29.087499618530277,91644000,28.065213884626115,85.4748055702349
2016-03-03,28.874500274658203,28.99349975585937,28.655500411987305,28.89800071716309,54826000,28.24057115827288,81.79541966433969
2016-03-04,28.756999969482425,29.06999969482422,28.55349922180176,29.05349922180176,68330000,28.391285487583705,79.60674179677709
2016-03-07,28.13999938964844,28.68149948120117,27.77750015258789,28.677000045776367,98538000,28.44592830113002,68.40895587940098
2016-03-08,28.01300048828125,28.5674991607666,27.73699951171875,27.89349937438965,94600000,28.48185702732631,62.72373768990457
2016-03-09,27.973499298095703,28.01749992370605,27.506500244140625,27.97800064086914,87546000,28.5314998626709,68.24000807428341
2016-03-10,27.94650077819824,28.350000381469727,27.395000457763672,28.33699989318848,78398000,28.38785716465541,64.11370691942037
2016-03-11,28.480499267578125,28.50300025939941,28.136499404907227,28.34749984741211,75426000,28.312142780848912,57.098708059614495
2016-03-14,28.668500900268555,28.84449958801269,28.15250015258789,28.350000381469727,69084000,28.28271429879325,64.93205087527258
2016-03-15,28.85099983215332,29.076000213623047,28.350000381469727,28.549999237060547,77536000,28.296142850603378,66.19223050759254
2016-03-16,28.713499069213867,29.06599998474121,28.55699920654297,28.832000732421875,70754000,28.37807137625558,63.168038504281
2016-03-17,27.972000122070312,28.56999969482422,27.7504997253418,28.475500106811523,118562000,28.37221418108259,52.40985454359652
2016-03-18,27.60400009155273,28.116500854492188,27.304500579833984,28.04700088500977,145938000,28.31942858014788,49.7608764518659
2016-03-21,27.698999404907227,27.761999130249023,26.929000854492188,27.445499420166016,103114000,28.284071241106307,31.403960199850076
2016-03-22,28.02400016784668,28.13800048828125,27.252500534057617,27.25550079345703,80012000,28.218857084001815,36.43239834463771
2016-03-23,28.48150062561035,28.624000549316406,27.905000686645508,28.049999237060547,79674000,28.192142759050643,45.03411971520391
2016-03-24,29.147499084472656,29.177499771118164,28.35400009155273,28.355499267578125,103710000,28.234499795096262,54.333585360628994
2016-03-28,28.99349975585937,29.237499237060547,28.777999877929688,29.21999931335449,62430000,28.274499893188477,60.55660195750545
2016-03-29,29.69300079345703,29.792499542236328,28.825000762939453,29.00749969482422,87852000,28.520357131958008,68.2015285246909
2016-03-30,29.934499740600582,30.16200065612793,29.75,29.83550071716309,77810000,28.85328565325056,70.35501583255218
2016-03-31,29.68199920654297,30.037500381469727,29.61050033569336,29.964000701904297,53636000,29.13657133919852,67.20871831785578
2016-04-01,29.924999237060547,29.951499938964844,29.415000915527344,29.52449989318848,58348000,29.4081426348005,65.2004653265113
2016-04-04,29.659500122070312,29.975000381469727,29.52750015258789,29.950000762939453,49416000,29.576428277151926,60.260922629686156
2016-04-05,29.30699920654297,29.67350006103516,29.262500762939453,29.53849983215332,46178000,29.599214008876256,54.56090716410108
2016-04-06,30.10400009155273,30.11949920654297,29.375,29.375999450683597,56998000,29.757856913975306,62.28683684775215
2016-04-07,29.57150077819824,29.979999542236328,29.45400047302246,29.9379997253418,63780000,29.74049976893834,64.67566667961678
2016-04-08,29.729999542236328,29.89299964904785,29.450000762939453,29.715999603271484,51838000,29.7112854548863,70.28626257067023
2016-04-11,29.796499252319336,30.200000762939453,29.745500564575195,29.80699920654297,54086000,29.727642604282924,70.12377000401855
2016-04-12,30.15850067138672,30.202999114990234,29.61549949645996,29.920000076293945,52822000,29.760999952043807,70.33439024611835
2016-04-13,30.74099922180176,30.840499877929688,30.26449966430664,30.38400077819824,84566000,29.91549982343401,71.02447058489456
2016-04-14,31.037500381469727,31.2189998626709,30.75349998474121,30.75349998474121,70242000,30.16271427699498,68.88490614006969
2016-04-15,31.29450035095215,31.338499069213867,30.905500411987305,31.09600067138672,57754000,30.332785742623464,72.52790715653447
2016-04-18,31.76749992370605,31.881999969482425,31.24799919128418,31.26749992370605,87218000,30.64649990626744,71.25294133509355
2016-04-19,31.395000457763672,31.90049934387207,31.040000915527344,31.85700035095215,81118000,30.8843571799142,64.57149446863129
2016-04-20,31.64949989318848,31.82749938964844,31.149999618530277,31.5,52188000,31.149071557181223,69.62203402146538
2016-04-21,31.549999237060547,31.891000747680664,31.424999237060547,31.549999237060547,51926000,31.347857066563197,66.68378189326522
2016-04-22,31.024999618530277,31.412500381469727,30.577999114990234,31.223499298095703,101678000,31.38842855181013,63.31026071500952
2016-04-25,31.309999465942383,31.349000930786133,30.8125,30.83049964904785,53658000,31.42735699244908,69.7846790344186
2016-04-26,30.8439998626709,31.337499618530277,30.74399948120117,31.308500289916992,50428000,31.362999779837473,57.82075910990346
2016-04-27,30.328500747680664,30.79750061035156,30.06399917602539,30.59000015258789,81376000,31.1574284689767,58.02927947976369
2016-04-28,30.100000381469727,31.34000015258789,29.959999084472656,30.777000427246094,157452000,30.972428458077566,53.86706684852401
2016-04-29,32.97949981689453,33.499000549316406,32.70000076293945,33.29999923706055,206214000,31.16242844717843,70.94906747777753
2016-05-02,34.192501068115234,34.275001525878906,33.10150146484375,33.19599914550781,131570000,31.539928708757675,73.87548135277291
2016-05-03,33.566001892089844,34.01499938964844,33.52149963378906,33.86800003051758,98468000,31.902929033551896,66.63332025381308
2016-05-04,33.54499816894531,33.70000076293945,33.10699844360352,33.12950134277344,92710000,32.22221456255232,65.25891444220073
2016-05-05,32.954498291015625,33.824501037597656,32.79999923706055,33.66550064086914,97682000,32.52371433803013,59.70758899341754
2016-05-06,33.6974983215332,33.84749984741211,32.800498962402344,32.8025016784668,87306000,33.00499970572336,60.941032013824625
2016-05-09,33.98749923706055,34.3489990234375,33.570499420166016,33.6974983215332,79644000,33.560356685093474,64.83546708905192
2016-05-10,35.153499603271484,35.227500915527344,34.67499923706055,34.70000076293945,122112000,33.87092808314732,68.15731300568487
2016-05-11,35.6614990234375,35.95000076293945,35.08250045776367,35.28950119018555,146764000,34.080784933907644,70.43996352759744
2016-05-12,35.89649963378906,36.122501373291016,35.57550048828125,35.86899948120117,100964000,34.41371318272182,74.93728257356739
2016-05-13,35.49599838256836,35.962501525878906,35.32550048828125,35.73199844360352,95268000,34.692427498953684,71.1777635263332
2016-05-16,35.53300094604492,35.662498474121094,35.013999938964844,35.506500244140625,108658000,35.06078502110073,74.7990113430051
2016-05-17,34.76350021362305,35.7234992980957,34.695499420166016,35.494998931884766,102428000,35.21307100568499,72.84196037049051
2016-05-18,34.872501373291016,35.12699890136719,34.4379997253418,34.47800064086914,85664000,35.33949988228934,74.88656077082382
2016-05-19,34.92599868774414,34.970001220703125,34.47800064086914,34.59400177001953,60512000,35.306999751499724,64.39184070408083
2016-05-20,35.13999938964844,35.36199951171875,35.0,35.0525016784668,58324000,35.23249980381557,58.21980595273316
2016-05-23,34.837501525878906,35.29999923706055,34.82099914550781,35.212501525878906,51902000,35.0812143598284,61.68763771675267
2016-05-24,35.209999084472656,35.375,34.900001525878906,34.9005012512207,60676000,35.040357317243306,64.37576247829489
2016-05-25,35.41749954223633,35.542999267578125,35.2760009765625,35.400001525878906,65354000,35.02385711669922,72.77182711129137
2016-05-26,35.74549865722656,35.75,35.364498138427734,35.416500091552734,48934000,35.16414260864258,70.50871543336504
2016-05-27,35.61199951171875,35.83000183105469,35.55500030517578,35.75,44984000,35.26978519984654,66.79417821697838
2016-05-31,36.13949966430664,36.21149826049805,35.566001892089844,35.61650085449219,72366000,35.443142482212615,61.74369366094795
2016-06-01,35.97200012207031,36.32149887084961,35.9109992980957,36.04499816894531,65262000,35.56199972970145,54.02464349993077
2016-06-02,36.4119987487793,36.41400146484375,35.775001525878906,36.04850006103516,60532000,35.78692790440151,56.344610449791965
2016-06-03,36.277000427246094,36.34999847412109,35.92150115966797,36.33700180053711,67346000,35.939356667654856,60.28448027294675
2016-06-06,36.33649826049805,36.57500076293945,36.22100067138672,36.32500076293945,54096000,36.0706421988351,60.51838890353716
2016-06-07,36.1870002746582,36.5,36.02750015258789,36.49449920654297,54650000,36.13371385846819,72.2457632170697
2016-06-08,36.33200073242188,36.47100067138672,36.08000183105469,36.31999969482422,44468000,36.2365711757115,72.55456793092843
2016-06-09,36.38249969482422,36.445499420166016,36.1150016784668,36.15499877929688,43406000,36.27128546578543,72.52911041956531
2016-06-10,35.89550018310547,36.249000549316406,35.71049880981445,36.11750030517578,68514000,36.26035690307617,60.7759793327544
2016-06-13,35.762001037597656,36.0994987487793,35.55799865722656,35.70050048828125,67044000,36.16750008719308,63.85438580444525
2016-06-14,35.96500015258789,36.04050064086914,35.61349868774414,35.61650085449219,50138000,36.122928619384766,61.919858541303554
2016-06-15,35.7130012512207,36.12799835205078,35.66749954223633,36.09999847412109,54188000,36.03385761805943,54.60069939373206
2016-06-16,35.8754997253418,35.900001525878906,35.26499938964844,35.602500915527344,61960000,35.98935753958566,52.13397337714954
2016-06-17,35.31949996948242,35.90999984741211,34.95899963378906,35.90950012207031,117956000,35.84471457345145,45.78347042539783
2016-06-20,35.70050048828125,36.06549835205078,35.54050064086914,35.67499923706055,73544000,35.74728611537388,43.392521464932095
2016-06-21,35.79100036621094,35.91999816894531,35.63600158691406,35.7859992980957,42750000,35.73235757010324,47.211086998944346
2016-06-22,35.529998779296875,35.849998474121094,35.378501892089844,35.82899856567383,45210000,35.69921439034598,35.61639404228529
2016-06-23,36.104000091552734,36.10599899291992,35.625,35.775001525878906,56500000,35.719071524483816,47.532087595626095
2016-06-24,34.948001861572266,35.62649917602539,34.61000061035156,34.650001525878906,152650000,35.609785897391184,34.912547440257185
2016-06-27,34.56800079345703,34.840999603271484,34.10599899291992,34.60049819946289,111360000,35.42300033569336,33.247097330894405
2016-06-28,35.397499084472656,35.400001525878906,34.90850067138672,35.0,80740000,35.43414306640625,41.529932591852855
2016-06-29,35.779998779296875,35.974998474121094,35.676998138427734,35.787498474121094,61402000,35.44549996512277,44.84909480363279
2016-06-30,35.78099822998047,35.96849822998047,35.62699890136719,35.86000061035156,57102000,35.44407108851841,48.932381810085175
2016-07-01,36.28400039672852,36.400001525878906,35.82699966430664,35.86600112915039,58408000,35.55178560529436,54.553380154118656
2016-07-05,36.40499877929688,36.47800064086914,35.980499267578125,36.13999938964844,48628000,35.59478541782924,53.893794734095295
2016-07-06,36.88050079345703,36.88850021362305,36.12900161743164,36.28549957275391,78764000,35.870856693812776,59.938702464046635
2016-07-07,36.82849884033203,36.977500915527344,36.58150100708008,36.96649932861328,58916000,36.19378498622349,58.26824920552022
2016-07-08,37.29050064086914,37.30500030517578,36.900001525878906,37.00699996948242,68584000,36.46421377999442,67.38400480184322
2016-07-11,37.68899917602539,37.79499816894531,37.34999847412109,37.5,63906000,36.73692812238421,67.48436790384005
2016-07-12,37.41049957275391,37.867000579833984,37.01649856567383,37.84299850463867,112474000,36.9697140284947,63.78413549390059
2016-07-13,37.13150024414063,37.84349822998047,37.0625,37.3380012512207,82846000,37.090785435267854,63.58931664987798
2016-07-14,37.060001373291016,37.45199966430664,36.95100021362305,37.44300079345703,47810000,37.18435723440988,58.868287476750865
2016-07-15,36.77199935913086,37.32749938964844,36.70249938964844,37.32749938964844,62428000,37.168857029506135,70.16802540205295
2016-07-18,36.80350112915039,37.08000183105469,36.43600082397461,36.77450180053711,59098000,37.16528592790876,76.78205654356849
2016-07-19,36.997501373291016,37.166500091552734,36.615501403808594,36.625,44336000,37.12342888968332,72.61164009069864
2016-07-20,37.2859992980957,37.3125,37.03499984741211,37.20000076293945,44280000,37.065857478550505,71.86409326281395
2016-07-21,37.22150039672852,37.46799850463867,37.13949966430664,37.375,46342000,37.03885759626116,70.53457912212579
2016-07-22,37.24300003051758,37.56399917602539,37.17649841308594,37.38949966430664,45554000,37.05478613717215,65.84599015692444
2016-07-25,36.980499267578125,37.42499923706055,36.76750183105469,37.32749938964844,53586000,37.04342869349888,59.08444954006898
2016-07-26,36.77949905395508,37.15650177001953,36.63750076293945,37.135501861572266,50594000,37.044500078473774,48.25437806490915
2016-07-27,36.83349990844727,37.047000885009766,36.69300079345703,36.89849853515625,58262000,37.04878561837332,50.086374219766185
2016-07-28,37.63050079345703,37.667999267578125,36.98500061035156,37.29899978637695,152352000,37.139214106968474,55.26316100268684
2016-07-29,37.94049835205078,38.29999923706055,37.75,38.25,135542000,37.232713971819194,54.00285358671566
2016-08-01,38.387001037597656,38.525001525878906,37.85300064086914,37.993499755859375,71564000,37.39921406337193,64.75299861912515
2016-08-02,38.02899932861328,38.2504997253418,37.85100173950195,38.19049835205078,72066000,37.5114996773856,63.243293751041264
2016-08-03,37.73199844360352,37.94449996948242,37.61249923706055,37.85300064086914,71630000,37.618856702532085,59.29712156556449
2016-08-04,38.03850173950195,38.25,37.51750183105469,37.685001373291016,63564000,37.79871422903879,67.43289506847026
2016-08-05,38.29899978637695,38.42350006103516,38.15449905395508,38.240501403808594,54088000,38.00807135445731,69.36420125065462
2016-08-08,38.32799911499024,38.34999847412109,38.05099868774414,38.34049987792969,39726000,38.107713971819194,67.9967100646431
2016-08-09,38.41550064086914,38.630001068115234,38.345001220703125,38.36949920654297,37522000,38.17557144165039,66.15647706165723
2016-08-10,38.428001403808594,38.60499954223633,38.30950164794922,38.4900016784668,32086000,38.181428636823384,67.51848631043708
2016-08-11,38.5620002746582,38.6875,38.45600128173828,38.49700164794922,40394000,38.25757162911551,68.54608415058806
2016-08-12,38.62799835205078,38.657501220703125,38.42100143432617,38.42300033569336,31266000,38.38557161603655,74.51996993212028
2016-08-15,38.42449951171875,38.60200119018555,38.385501861572266,38.595001220703125,42370000,38.44071415492466,74.46458700439915
2016-08-16,38.20199966430664,38.436500549316406,38.19100189208984,38.430999755859375,32092000,38.426856994628906,69.38109130199894
2016-08-17,38.23149871826172,38.26100158691406,37.959999084472656,38.22050094604492,37822000,38.41307122366769,60.87582009763861
2016-08-18,38.22299957275391,38.25849914550781,38.02999877929688,38.20000076293945,29176000,38.3855710710798,55.73839087015027
2016-08-19,37.865501403808594,38.1245002746582,37.84450149536133,38.095001220703125,46864000,38.305213928222656,39.0094800751202
2016-08-22,37.9739990234375,37.99250030517578,37.60499954223633,37.875,33586000,38.22121374947684,48.70465204032127
2016-08-23,38.122501373291016,38.23500061035156,38.04999923706055,38.16550064086914,30482000,38.148999895368306,59.88867894637178
2016-08-24,37.86249923706055,38.170501708984375,37.76800155639648,38.150001525878906,34882000,38.0687141418457,45.435605011357076
2016-08-25,37.96099853515625,38.02799987792969,37.73699951171875,37.79999923706055,32460000,38.034285409109934,40.43028869520137
2016-08-26,38.45000076293945,38.5,37.9900016784668,38.00249862670898,55536000,38.06549998692104,52.74038099024546
2016-08-29,38.56449890136719,38.749000549316406,38.43000030517578,38.43600082397461,43972000,38.11428560529436,53.30667158814038
2016-08-30,38.37900161743164,38.59199905395508,38.27799987792969,38.5525016784668,34184000,38.18764277866909,48.990107852864725
2016-08-31,38.45800018310547,38.48199844360352,38.20000076293945,38.33000183105469,32676000,38.25678580147879,47.80682207609796
2016-09-01,38.53099822998047,38.60200119018555,38.337501525878906,38.54499816894531,35846000,38.315142495291575,47.96046046046047
2016-09-02,38.62200164794922,38.79999923706055,38.584999084472656,38.70550155639648,43636000,38.42364283970424,54.35891736797971
2016-09-06,39.44350051879883,39.4739990234375,38.51100158691406,38.70199966430664,74396000,38.63542883736746,71.67050645217137
2016-09-07,39.2239990234375,39.53950119018555,39.21649932861328,39.47650146484375,48492000,38.74600001743862,66.24654372700502
2016-09-08,39.20299911499024,39.32500076293945,39.071998596191406,39.19449996948242,40610000,38.83721433367048,65.97652970478673
2016-09-09,38.00699996948242,39.04999923706055,38.00550079345703,38.96799850463867,85146000,38.784071241106304,51.811530147889776
2016-09-12,38.574501037597656,38.632999420166016,37.79999923706055,37.86750030517578,62494000,38.80071422031948,56.87938762096549
2016-09-13,38.05049896240234,38.49449920654297,37.95249938964844,38.4384994506836,62344000,38.73207146780832,49.24048116674962
2016-09-14,38.054500579833984,38.375,37.942501068115234,38.11000061035156,50460000,38.650999886649,52.14096000353905
2016-09-15,38.484500885009766,38.54349899291992,37.87900161743164,38.09999847412109,60680000,38.513999938964844,55.43559458314022
2016-09-16,38.92599868774414,39.02299880981445,38.58300018310547,38.66400146484375,109984000,38.471428462437224,54.9915913407611
2016-09-19,38.755001068115234,39.09700012207031,38.54999923706055,38.99850082397461,45944000,38.40742874145508,51.97432144684209
2016-09-20,39.01100158691406,39.06850051879883,38.79999923706055,38.79999923706055,38744000,38.55085754394531,56.455565989580684
2016-09-21,39.48699951171875,39.53450012207031,38.95050048828125,39.16249847412109,54372000,38.68121446881975,59.72221621520312
2016-09-22,40.23500061035156,40.29449844360352,39.7135009765625,39.7135009765625,81578000,38.9932861328125,64.2785450072688
2016-09-23,40.28749847412109,40.38750076293945,40.10599899291992,40.15650177001953,47070000,39.31228583199637,64.04653437315
2016-09-26,39.95800018310547,40.29650115966797,39.85749816894531,40.09000015258789,53028000,39.52278573172433,54.7319044728782
2016-09-27,40.80550003051758,40.83200073242188,40.05550003051758,40.09249877929688,76392000,39.791285923549104,63.03901631115424
2016-09-28,41.43600082397461,41.50699996948242,40.85150146484375,40.900001525878906,88442000,40.174285888671875,66.72912089293914
2016-09-29,41.45249938964844,41.875,41.23149871826172,41.41299819946289,98444000,40.5230712890625,81.35410237379969
2016-09-30,41.865501403808594,41.997501373291016,41.619998931884766,41.63050079345703,88612000,40.86285727364676,80.81463130282717
2016-10-03,41.83700180053711,41.99300003051758,41.5625,41.79999923706055,55388000,41.091714586530415,89.08047922957913
2016-10-04,41.70149993896485,42.118499755859375,41.51300048828125,42.045501708984375,59006000,41.293714795793804,86.64593725827532
2016-10-05,42.21799850463867,42.28350067138672,41.805999755859375,41.900001525878906,69382000,41.616571698869976,86.87410613502223
2016-10-06,42.08300018310547,42.36050033569336,42.02999877929688,42.185001373291016,53680000,41.799071720668245,83.18972051445573
2016-10-07,41.97150039672852,42.29750061035156,41.872501373291016,42.28950119018555,48524000,41.87557165963309,84.2436145482549
2016-10-10,42.08549880981445,42.2599983215332,42.01350021362305,42.16249847412109,36542000,41.96600014822824,83.75235461286385
2016-10-11,41.54999923706055,42.06449890136719,41.41749954223633,42.05099868774414,71764000,41.92092841012137,72.35589662439429
2016-10-12,41.704498291015625,41.88349914550781,41.505001068115234,41.70000076293945,47608000,41.90199933733259,68.27509516598562
2016-10-13,41.4640007019043,41.59000015258789,41.06050109863281,41.45000076293945,61828000,41.868070874895366,63.97771636221265
2016-10-14,41.14799880981445,41.7869987487793,41.14799880981445,41.75400161743164,59996000,41.715213775634766,64.18354940878964
2016-10-17,40.647499084472656,41.09999847412109,40.58399963378906,41.07500076293945,67230000,41.51014219011579,47.94697089109165
2016-10-18,40.88249969482422,41.16299819946289,40.7509994506836,41.105499267578125,50250000,41.35457066127232,41.984042888190764
2016-10-19,40.884498596191406,41.03350067138672,40.75849914550781,41.02000045776367,41814000,41.18299920218332,41.739361997226005
2016-10-20,40.51599884033203,40.78549957275391,40.15499877929688,40.699501037597656,63040000,41.03528485979353,30.116324034604773
2016-10-21,40.949501037597656,40.97100067138672,40.45000076293945,40.46799850463867,55860000,40.92742810930525,38.317735422338586
2016-10-24,41.90449905395508,41.915000915527344,41.11050033569336,41.247501373291016,81218000,40.9903564453125,52.197915212472644
2016-10-25,41.75899887084961,42.15449905395508,41.6609992980957,41.96500015258789,64968000,41.077642168317524,44.59618224344394
2016-10-26,41.12950134277344,41.672000885009766,41.0,41.63800048828125,79962000,41.14649963378906,39.945162894202
2016-10-27,40.917999267578125,41.58599853515625,40.77149963378906,41.5620002746582,148128000,41.15157100132534,39.12008566235063
2016-10-28,38.81600189208984,39.4744987487793,38.730499267578125,39.09999847412109,216822000,40.85607147216797,26.063404626347022
2016-10-31,39.49100112915039,39.685001373291016,39.00550079345703,39.05149841308594,108266000,40.70964322771345,35.22743694167109
2016-11-01,39.27050018310547,40.04199981689453,38.83549880981445,39.95000076293945,106108000,40.46978596278599,32.70078549730995
2016-11-02,38.27799987792969,39.23749923706055,38.1775016784668,39.19649887084961,100530000,39.95171465192522,29.54281921212555
2016-11-03,38.35150146484375,38.84999847412109,38.20000076293945,38.25249862670898,77450000,39.4649293082101,31.46664509327546
2016-11-04,37.75249862670898,38.29999923706055,37.6614990234375,38.13949966430664,102442000,38.98250034877232,31.061102523649083
2016-11-07,39.24649810791016,39.38650131225586,38.547000885009766,38.58200073242188,119688000,38.74371446881975,40.81104522357252
2016-11-08,39.38750076293945,39.58700180053711,38.95500183105469,39.24850082397461,68252000,38.825357164655415,41.721064367976155
2016-11-09,38.59400177001953,38.875,38.00450134277344,38.20000076293945,171258000,38.69721439906529,39.84789575152656
2016-11-10,37.11899948120117,38.94150161743164,35.8849983215332,38.94049835205078,254940000,38.389857155936106,31.772542103243538
2016-11-11,36.95050048828125,37.16299819946289,36.44499969482422,36.7864990234375,132456000,38.20021438598633,24.519101535414038
2016-11-14,35.95349884033203,37.29999923706055,35.505001068115234,37.2755012512207,146426000,37.85764258248465,22.544352032225007
2016-11-15,37.1619987487793,37.3390007019043,36.29949951171875,36.5,135116000,37.77328545706613,32.21091498959571
2016-11-16,37.324501037597656,37.493499755859375,36.78049850463867,36.99399948120117,72976000,37.498714447021484,33.81672837520996
2016-11-17,37.81999969482422,37.875,37.400001525878906,37.46599960327149,73802000,37.274785723005024,44.75568046239101
2016-11-18,38.007999420166016,38.387001037597656,37.88199996948242,38.04999923706055,87468000,37.19107110159738,41.769341708240574
2016-11-21,39.0,39.01750183105469,38.25550079345703,38.29999923706055,92292000,37.45978546142578,48.6171468332253
2016-11-22,39.26649856567383,39.619998931884766,39.04999923706055,39.40850067138672,106226000,37.790642329624724,55.45859954457075
2016-11-23,39.00600051879883,39.087501525878906,38.65599822998047,39.08649826049805,70806000,38.22671399797712,53.54108490653656
2016-11-25,39.01850128173828,39.337501525878906,38.89500045776367,39.32500076293945,36742000,38.49192864554269,57.3137046539293
2016-11-28,38.3385009765625,38.84999847412109,38.21200180053711,38.8494987487793,88776000,38.63678577968052,44.209943020386504
2016-11-29,38.1259994506836,38.49449920654297,38.06600189208984,38.400001525878906,65446000,38.68050003051758,42.028430032566575
2016-11-30,37.52849960327149,38.40449905395508,37.51250076293945,38.09999847412109,92518000,38.612000056675505,43.095951968400826
2016-12-01,37.182498931884766,37.66849899291992,36.9015007019043,37.62049865722656,93320000,38.35235704694475,50.48196915351091
2016-12-02,37.016998291015625,37.42449951171875,36.834999084472656,37.16999816894531,71226000,38.03099986485073,50.504956873577704
2016-12-05,37.96799850463867,38.074501037597656,37.09999847412109,37.25,86294000,37.88271386282785,65.40490271751528
2016-12-06,38.23600006103516,38.4119987487793,37.86249923706055,38.199501037597656,75894000,37.770927974155974,59.59271759877292
2016-12-07,38.52099990844727,38.52099990844727,37.79100036621094,38.227500915527344,73698000,37.796999250139514,60.45799032405421
2016-12-08,38.36650085449219,38.68949890136719,38.259498596191406,38.59349822998047,63792000,37.83135659354075,55.07947786277729
2016-12-09,38.43299865722656,38.51250076293945,38.266998291015625,38.5,49418000,37.960570744105745,54.041453822061534
2016-12-12,38.00600051879883,38.34450149536133,37.86000061035156,38.31999969482422,59278000,38.07821382795061,39.409757925479674
2016-12-13,38.71699905395508,39.12300109863281,38.09999847412109,38.24800109863281,105706000,38.321071079799104,44.65206970189284
2016-12-14,38.44100189208984,39.042999267578125,38.14049911499024,38.91249847412109,109096000,38.388642992292134,44.517765783479256
2016-12-15,38.04999923706055,38.45500183105469,38.01549911499024,38.31399917602539,76038000,38.36207144601004,41.24557170137011
2016-12-16,37.88850021362305,38.25650024414063,37.70000076293945,38.25,96964000,38.27171434674944,45.511659071003045
2016-12-19,38.29999923706055,38.525001525878906,37.80799865722656,37.94449996948242,62264000,38.262214115687776,51.66922468313889
2016-12-20,38.56100082397461,38.71950149536133,38.385501861572266,38.432498931884766,54072000,38.28050013950893,60.58867897364946
2016-12-21,38.52999877929688,38.56100082397461,38.28499984741211,38.5,40892000,38.35535703386579,64.77360651171433
2016-12-22,38.31700134277344,38.56050109863281,38.1510009765625,38.40599822998047,50872000,38.29821450369699,64.10595401495743
2016-12-23,38.02949905395508,38.32500076293945,37.89950180053711,38.227500915527344,39632000,38.23942838396345,50.779574207998635
2016-12-27,38.56999969482422,38.73249816894531,38.060001373291016,38.16999816894531,52774000,38.31371416364397,53.960161380782566
2016-12-28,38.60649871826172,39.0,38.525001525878906,38.8125,66020000,38.416285378592356,51.077219732062346
2016-12-29,38.25749969482422,38.66999816894531,38.04249954223633,38.619998931884766,63166000,38.41021401541574,48.69083225205809
2016-12-30,37.493499755859375,38.369998931884766,37.41400146484375,38.32350158691406,82788000,38.25771386282785,40.33536082878782
2017-01-03,37.68349838256836,37.9379997253418,37.3849983215332,37.89599990844727,70422000,38.136785234723774,46.512357036423424
2017-01-04,37.85900115966797,37.98400115966797,37.709999084472656,37.91949844360352,50210000,38.07135663713728,39.50589980823874
2017-01-05,39.022499084472656,39.119998931884766,38.01300048828125,38.07749938964844,116602000,38.213213784354075,55.84360322564329
2017-01-06,39.79949951171875,39.97200012207031,38.92399978637695,39.11800003051758,119724000,38.38885661533901,66.31540002205645
2017-01-09,39.84600067138672,40.0885009765625,39.5885009765625,39.900001525878906,68922000,38.56592832292829,68.65529153176053
2017-01-10,39.79499816894531,39.900001525878906,39.47700119018555,39.83000183105469,51168000,38.78557096208845,65.29878509131137
2017-01-11,39.95100021362305,39.97499847412109,39.47549819946289,39.68299865722656,59856000,39.13664245605469,64.53668360312517
2017-01-12,40.68199920654297,40.70650100708008,39.97499847412109,40.01549911499024,97478000,39.56499971662249,69.63144795561276
2017-01-13,40.85699844360352,41.08250045776367,40.56999969482422,40.71599960327149,75838000,39.993285042899,73.3326745399485
2017-01-17,40.48600006103516,40.79999923706055,40.172000885009766,40.78499984741211,73410000,40.20235661097935,72.224741654639
2017-01-18,40.374000549316406,40.58649826049805,40.2135009765625,40.47499847412109,47084000,40.28442818777902,67.69322288818546
2017-01-19,40.45199966430664,40.67549896240234,40.36600112915039,40.5,50816000,40.37099947248186,67.95409151265982
2017-01-20,40.416500091552734,40.80099868774414,40.3129997253418,40.76399993896485,67524000,40.45978546142578,72.36842417281693
2017-01-23,40.89400100708008,40.92499923706055,40.25400161743164,40.34000015258789,55950000,40.59449986049107,87.4545694422618
2017-01-24,41.12200164794922,41.199501037597656,40.72499847412109,41.09999847412109,59434000,40.657357352120535,87.55872046268004
2017-01-25,41.82600021362305,41.87099838256836,41.26449966430664,41.28950119018555,78452000,40.79578617640904,88.84645354861786
2017-01-26,41.95750045776367,42.19200134277344,41.650001525878906,41.7765007019043,71726000,41.00600051879883,86.02111472646818
2017-01-27,41.78850173950195,41.98500061035156,41.47200012207031,41.95000076293945,59974000,41.20807211739676,78.69305331001506
2017-01-30,41.51900100708008,41.67499923706055,40.81900024414063,41.650001525878906,74946000,41.360500880650115,72.67553143635939
2017-01-31,41.17399978637695,41.3494987487793,40.97800064086914,41.1875,62744000,41.468715122767854,67.31110151237544
2017-02-01,41.61750030517578,41.68899917602539,41.24700164794922,41.46049880981445,77004000,41.57207216535296,69.51178443659354
2017-02-02,41.997501373291016,42.1245002746582,41.41299819946289,41.829498291015625,147010000,41.6971435546875,66.78151153363635
2017-02-03,40.5099983215332,40.915000915527344,40.20000076293945,40.33599853515625,217376000,41.50914328438895,46.68386876630463
2017-02-06,40.38199996948242,40.5359992980957,40.150001525878906,40.4900016784668,77946000,41.28407178606306,48.95770650318037
2017-02-07,40.625,40.80799865722656,40.375,40.46549987792969,69322000,41.11785725184849,52.4511651956745
2017-02-08,40.98550033569336,41.07400131225586,40.625,40.634498596191406,57160000,41.04164287022182,54.937531509623405
2017-02-09,41.06800079345703,41.25,40.98550033569336,41.08000183105469,49698000,41.02650015694754,55.97761374255804
2017-02-10,41.37300109863281,41.400001525878906,41.14250183105469,41.19100189208984,48592000,40.991571698869976,54.5385607969147
2017-02-13,41.82649993896485,42.150001525878906,41.4275016784668,41.58100128173828,83452000,40.96714292253767,56.40161725067391
2017-02-14,41.81949996948242,41.91550064086914,41.5724983215332,41.84999847412109,55848000,41.154214586530415,49.93236667423441
2017-02-15,42.1349983215332,42.14049911499024,41.64099884033203,41.70000076293945,59378000,41.40464292253767,51.7787132406909
2017-02-16,42.20700073242188,42.25,41.96900177001953,42.09199905395508,54294000,41.63064302716936,54.27693929472826
2017-02-17,42.25350189208984,42.36349868774414,42.0364990234375,42.09999847412109,62246000,41.81178610665457,57.86486700656727
2017-02-21,42.821998596191406,42.89899826049805,42.36249923706055,42.44200134277344,70154000,42.06235722133091,66.8403667035428
2017-02-22,42.78049850463867,42.92150115966797,42.60900115966797,42.84749984741211,52340000,42.263428279331755,62.948095157603575
2017-02-23,42.609500885009766,43.042999267578125,42.400001525878906,42.87850189208984,69240000,42.37528555733817,57.14619153674831
2017-02-24,42.262001037597656,42.29050064086914,41.88750076293945,42.234500885009766,73760000,42.43849999564035,77.88042323545646
2017-02-27,42.43199920654297,42.625,41.98350143432617,42.11899948120117,54272000,42.48092869349888,82.19225677367552
2017-02-28,42.25199890136719,42.704498291015625,42.102500915527344,42.5724983215332,55874000,42.487357003348215,76.0653914318889
2017-03-01,42.65399932861328,42.74150085449219,42.45050048828125,42.65250015258789,55202000,42.54457092285156,76.37947526564199
2017-03-02,42.445499420166016,42.74100112915039,42.36399841308594,42.65399932861328,42642000,42.49078532627651,70.9442161151382
2017-03-03,42.49399948120117,42.5994987487793,42.3134994506836,42.36000061035156,38822000,42.44985689435686,68.48615848388114
2017-03-06,42.33050155639648,42.42449951171875,42.055999755859375,42.26150131225586,52208000,42.40999984741211,59.19042511307056
2017-03-07,42.30099868774414,42.42300033569336,42.1875,42.27399826049805,44952000,42.41557094029018,58.70861713049334
2017-03-08,42.525001525878906,42.65349960327149,42.339500427246094,42.400001525878906,45730000,42.4288569859096,57.2952329847826
2017-03-09,42.650001525878906,42.81999969482422,42.51549911499024,42.54999923706055,40964000,42.48571450369699,58.12547928642986
2017-03-10,42.62300109863281,42.86750030517578,42.58599853515625,42.84999847412109,48728000,42.48128618512835,56.82615166908165
2017-03-13,42.72949981689453,42.78450012207031,42.58549880981445,42.5885009765625,38194000,42.521857670375276,47.939433905184046
2017-03-14,42.62649917602539,42.6875,42.37749862670898,42.6775016784668,42612000,42.54078619820731,46.66089885261305
2017-03-15,42.64849853515625,42.72249984741211,42.355499267578125,42.71649932861328,51244000,42.58621433803013,50.903978282591595
2017-03-16,42.67100143432617,42.775001525878906,42.5255012512207,42.76499938964844,36846000,42.639071873256135,61.162646876932584
2017-03-17,42.615501403808594,42.69150161743164,42.53200149536133,42.67449951171875,67688000,42.652000427246094,55.34211099117348
2017-03-20,42.8484992980957,42.88999938964844,42.55049896240234,42.57550048828125,45654000,42.68035725184849,66.84549702990776
2017-03-21,42.15999984741211,43.13999938964844,42.06549835205078,42.94200134277344,87658000,42.61421421595982,37.992251929136124
2017-03-22,42.40299987792969,42.46849822998047,41.95249938964844,42.02149963378906,53174000,42.567571367536274,48.983995257854176
2017-03-23,42.36899948120117,42.54449844360352,42.2400016784668,42.40999984741211,39060000,42.5307856968471,46.990857231015625
2017-03-24,42.28049850463867,42.59000015258789,42.17649841308594,42.58399963378906,42766000,42.478214263916016,48.75117660733154
2017-03-27,42.34099960327149,42.51499938964844,41.67499923706055,41.90349960327149,55116000,42.43107114519392,50.983788043682395
2017-03-28,42.79999923706055,42.92300033569336,42.505001068115234,42.587501525878906,60832000,42.457427978515625,56.06255560993907
2017-03-29,43.71599960327149,43.821998596191406,42.95100021362305,42.95249938964844,89716000,42.58135659354074,67.42395239300717
2017-03-30,43.81700134277344,43.85300064086914,43.58300018310547,43.747501373291016,55254000,42.81807109287807,69.05520286181142
2017-03-31,44.32699966430664,44.51750183105469,43.83250045776367,43.84999847412109,79152000,43.09292820521763,72.58586972115464
2017-04-03,44.57550048828125,44.67449951171875,44.27099990844727,44.400001525878906,68446000,43.408142634800505,76.46659034515626
2017-04-04,45.34149932861328,45.42699813842773,44.51399993896485,44.57500076293945,99694000,43.845428466796875,80.42249515190692
2017-04-05,45.4640007019043,46.18600082397461,45.28099822998047,45.54100036621094,150168000,44.29157148088728,80.85504490654584
2017-04-06,44.91400146484375,45.859500885009766,44.7244987487793,45.68999862670898,126882000,44.59357179914202,72.89114607315283
2017-04-07,44.74399948120117,45.00450134277344,44.46549987792969,44.98249816894531,74218000,44.74042892456055,69.11748411025101
2017-04-10,45.35200119018555,45.42549896240234,44.95000076293945,44.98149871826172,63686000,44.95971461704799,82.72500582724146
2017-04-11,45.11800003051758,45.5620002746582,44.875,45.35200119018555,60254000,45.07271466936384,77.8861532505981
2017-04-12,44.811500549316406,45.204498291015625,44.76250076293945,45.15449905395508,49122000,45.106428963797434,73.75739581300327
2017-04-13,44.23350143432617,44.74850082397461,44.2244987487793,44.5724983215332,63492000,44.94814355032785,67.34459356909
2017-04-17,45.0994987487793,45.11899948120117,44.375,44.375,57094000,44.89607184273856,71.43189087555153
2017-04-18,45.18899917602539,45.480499267578125,45.03900146484375,45.04949951171875,59984000,44.93535723005022,69.69171772003678
2017-04-19,44.959999084472656,45.525001525878906,44.868499755859375,45.391998291015625,57404000,44.96621431623186,61.56347933759453
2017-04-20,45.10300064086914,45.26599884033203,44.81449890136719,44.98500061035156,56288000,44.930642809186665,61.86127059432841
2017-04-21,44.92649841308594,45.182498931884766,44.8385009765625,45.13349914550781,48410000,44.903285435267854,55.891873409919626
2017-04-24,45.37049865722656,45.4995002746582,45.19100189208984,45.43399810791016,62458000,44.98314230782645,57.52410990477346
2017-04-25,45.38100051879883,45.4739990234375,45.150001525878906,45.35200119018555,67612000,45.1470707484654,50.43623547531762
2017-04-26,45.464500427246094,45.78749847412109,45.37799835205078,45.51499938964844,52178000,45.19921384538923,50.005566722050595
2017-04-27,45.91899871826172,46.09299850463867,45.605499267578125,45.71950149536133,106110000,45.30349949428013,61.43860715526224
2017-04-28,46.2495002746582,47.47949981689453,46.21649932861328,47.44150161743164,147294000,45.487713950020925,66.5312304699608
2017-05-01,47.4114990234375,47.720001220703125,46.38999938964844,46.38999938964844,109330000,45.817499433244976,70.16149812420784
2017-05-02,47.34700012207031,47.505001068115234,47.070499420166016,47.33250045776367,76976000,46.163285391671316,72.56986852503772
2017-05-03,47.05149841308594,47.29999923706055,46.79499816894531,47.29999923706055,71654000,46.40342821393694,72.73185483870968
2017-05-04,46.87649917602539,47.25,46.71099853515625,47.23749923706055,48368000,46.617070879255024,79.21083697320269
2017-05-05,46.70750045776367,47.03950119018555,46.51499938964844,47.0260009765625,57328000,46.794642312186106,71.00862617196923
2017-05-08,47.45199966430664,47.45249938964844,46.96049880981445,47.04750061035156,68314000,47.01364244733538,75.24541887601815
2017-05-09,47.64099884033203,47.89450073242188,47.5099983215332,47.63999938964844,65242000,47.212427956717356,80.1778359457389
2017-05-10,47.4474983215332,47.6875,47.25,47.67499923706055,41930000,47.21757071358817,76.09346156262896
2017-05-11,47.38100051879883,47.51449966430664,47.03900146484375,47.25550079345703,43882000,47.22242791312082,78.003473053371
2017-05-12,48.067501068115234,48.13949966430664,47.57649993896485,47.72499847412109,72518000,47.36757114955357,79.15680686893515
2017-05-15,47.89849853515625,48.157501220703125,47.803001403808594,47.936500549316406,85412000,47.513571058000835,76.31441068929357
2017-05-16,48.30350112915039,48.50299835205078,48.045501708984375,48.04999923706055,62522000,47.74157115391323,77.8060818459998
2017-05-17,47.23799896240234,48.02000045776367,47.20600128173828,47.73500061035156,102912000,47.71099962506975,61.537783899798114
2017-05-18,47.92449951171875,48.13750076293945,47.23799896240234,47.2400016784668,78786000,47.751499720982146,63.79280774046495
2017-05-19,47.992000579833984,48.44599914550781,47.98600006103516,48.141998291015625,79442000,47.82928575788225,55.831250675378946
2017-05-22,48.53350067138672,48.56900024414063,48.14500045776367,48.20000076293945,52844000,47.993928636823384,60.87633386625038
2017-05-23,48.57699966430664,48.7599983215332,48.34249877929688,48.7509994506836,48312000,48.06671415056501,64.66122356201944
2017-05-24,49.01750183105469,49.04999923706055,48.51150131225586,48.79999923706055,48920000,48.22657176426479,69.57754437859498
2017-05-25,49.66899871826172,49.95000076293945,49.105499267578125,49.24250030517578,96440000,48.42164284842355,74.88443087937662
2017-05-26,49.78900146484375,49.932498931884766,49.462501525878906,49.75,69384000,48.78607177734375,71.93952646540808
2017-05-30,49.834999084472656,50.060001373291016,49.7760009765625,49.82550048828125,65262000,49.05900028773716,71.16532493703507
2017-05-31,49.73099899291992,50.00600051879883,49.108001708984375,50.0,78262000,49.307428632463726,72.41580489383112
2017-06-01,49.79750061035156,49.949501037597656,49.56850051879883,49.929500579833984,49096000,49.48800005231585,73.72136548452585
2017-06-02,50.33649826049805,50.42399978637695,49.78350067138672,49.949501037597656,75046000,49.739356994628906,72.93766765440395
2017-06-05,50.56700134277344,50.66049957275391,50.17549896240234,50.36149978637695,54398000,49.96071406773159,76.6450215131089
2017-06-06,50.150001525878906,50.82500076293945,50.0625,50.59999847412109,66928000,50.02942875453404,68.39325355117248
2017-06-07,50.50350189208984,50.51250076293945,50.09999847412109,50.29750061035156,56460000,50.131500244140625,87.90482701698392
2017-06-08,50.51350021362305,50.68050003051758,50.30550003051758,50.60300064086914,55358000,50.228428976876394,85.65134029174918
2017-06-09,48.91550064086914,50.64950180053711,46.34999847412109,50.625,152954000,50.11192921229771,58.94604510086796
2017-06-12,48.24549865722656,48.79750061035156,47.25,48.34999847412109,188944000,49.89021464756557,47.27786423141435
2017-06-13,49.03950119018555,49.22499847412109,48.30500030517578,48.89950180053711,91600000,49.70492935180664,53.82833527630879
2017-06-14,48.82350158691406,49.516998291015625,48.33549880981445,49.429500579833984,79498000,49.455857958112446,48.33218551386238
2017-06-15,48.20849990844727,48.2864990234375,47.542999267578125,47.935001373291016,107478000,49.178500584193635,37.36484885447012
2017-06-16,49.385501861572266,49.98749923706055,49.09999847412109,49.79999923706055,229454000,49.0187862941197,47.04893398930557
2017-06-19,49.75849914550781,50.84999847412109,49.494998931884766,50.84999847412109,100868000,48.91092899867466,49.466043975355056
2017-06-20,49.62950134277344,50.24399948120117,49.60100173950195,49.900001525878906,81536000,49.01292909894671,49.294027933218814
2017-06-21,50.11149978637695,50.13600158691406,49.63249969482422,49.935001373291016,58450000,49.27950068882534,52.06469734511322
2017-06-22,50.06499862670898,50.34799957275391,49.86000061035156,50.11149978637695,45068000,49.4260003226144,48.09112355825807
2017-06-23,50.1870002746582,50.23099899291992,49.9010009765625,50.12699890136719,57582000,49.62078584943499,47.28687026601555
2017-06-26,49.69900131225586,50.4900016784668,49.59999847412109,50.42499923706055,67724000,49.833714621407644,46.81226936697284
2017-06-27,48.8390007019043,49.93999862670898,48.79999923706055,49.53450012207031,75648000,49.75564302716936,39.02116714967878
2017-06-28,49.51649856567383,49.53400039672852,48.46049880981445,48.9275016784668,74752000,49.72107151576451,43.95610138731382
2017-06-29,48.79650115966797,49.37799835205078,48.26250076293945,48.95000076293945,86060000,49.60207148960659,49.19267640130621
2017-06-30,48.400001525878906,49.17350006103516,48.38050079345703,49.00600051879883,67806000,49.35757173810686,51.08858552150616
2017-07-03,47.68299865722656,48.7244987487793,47.54999923706055,48.63949966430664,58182000,49.017286028180806,40.337608600313345
2017-07-05,48.56999969482422,48.75,47.76250076293945,48.07649993896485,73060000,48.78628594534738,48.35185003308502
2017-07-06,48.25699996948242,48.720001220703125,47.95100021362305,48.233001708984375,65192000,48.5802857535226,50.32821333608689
2017-07-07,48.9379997253418,49.00550079345703,48.45700073242188,48.477500915527344,52868000,48.594428471156526,46.753699581476035
2017-07-10,49.82350158691406,49.97200012207031,49.17499923706055,49.25,70926000,48.63828604561942,50.43890919731132
2017-07-11,49.70650100708008,49.79949951171875,49.18600082397461,49.650001525878906,59654000,48.76828602382115,50.52076050383095
2017-07-12,50.32550048828125,50.4275016784668,49.90499877929688,50.032501220703125,72172000,49.04335730416434,51.420986906930025
2017-07-13,50.03150177001953,50.34400177001953,49.79499816894531,50.23099899291992,57616000,49.37885774884905,49.784655377484626
2017-07-14,50.09049987792969,50.22249984741211,49.84450149536133,50.119998931884766,42050000,49.59607206072126,49.37455156457297
2017-07-17,50.50199890136719,50.73749923706055,50.19049835205078,50.234500885009766,74252000,49.916786193847656,55.2565981855458
2017-07-18,51.22249984741211,51.30149841308594,50.20000076293945,50.29999923706055,80152000,50.24314335414341,65.89317927685298
2017-07-19,51.34349822998047,51.579498291015625,51.125,51.25,59280000,50.46028573172433,63.15903424711356
2017-07-20,51.435001373291016,51.74850082397461,51.1259994506836,51.579498291015625,61950000,50.70721435546875,70.89569057555465
2017-07-21,51.28350067138672,51.30500030517578,50.54999923706055,51.06399917602539,54692000,50.844071524483816,73.75790628995576
2017-07-24,51.9474983215332,52.1505012512207,51.37149810791016,51.41699981689453,65760000,51.1177853175572,85.44593376865258
2017-07-25,51.993499755859375,52.166500091552734,51.624000549316406,51.90250015258789,48952000,51.38964244297573,83.08049458002571
2017-07-26,52.63999938964844,52.65999984741211,52.15999984741211,52.15999984741211,58426000,51.69507108415876,89.78758062427237
2017-07-27,52.29999923706055,54.16550064086914,52.00899887084961,53.477500915527344,219834000,51.848999568394255,82.53338137081045
2017-07-28,51.00199890136719,51.64250183105469,50.04999923706055,50.60699844360352,154188000,51.800213950020925,60.56096133545554
2017-07-31,49.38899993896485,50.95249938964844,49.35100173950195,50.95249938964844,147042000,51.50792803083147,47.75633370516163
2017-08-01,49.80950164794922,50.31999969482422,49.57899856567383,49.80550003051758,91452000,51.29735674176897,46.24837194441424
2017-08-02,49.79449844360352,50.16049957275391,49.08649826049805,50.0885009765625,81400000,50.98978533063616,48.20397692681722
2017-08-03,49.34600067138672,49.97499847412109,49.22949981689453,49.9734992980957,65116000,50.6115711757115,44.67263770027492
2017-08-04,49.37900161743164,49.58349990844727,49.09999847412109,49.48400115966797,54606000,50.1457143511091,41.50403662660726
2017-08-07,49.61349868774414,49.75,49.35699844360352,49.532501220703125,53532000,49.76192855834961,36.86100872963062
2017-08-08,49.492000579833984,49.81399917602539,49.28950119018555,49.71749877929688,58056000,49.54621451241629,34.88203314272825
2017-08-09,49.10049819946289,49.400001525878906,48.76350021362305,49.130001068115234,71394000,49.50499997820173,31.828417905767708
2017-08-10,47.84600067138672,48.99300003051758,47.73400115966797,48.81499862670898,113682000,49.2244998386928,27.164011016580588
2017-08-11,48.39950180053711,48.51950073242188,47.56900024414063,48.0,69360000,49.025214603969026,26.078773288890204
2017-08-14,49.165000915527344,49.275001525878906,48.80950164794922,48.920501708984375,63458000,48.999357495989116,32.61631418239652
2017-08-15,49.137001037597656,49.58700180053711,49.09999847412109,49.44499969482422,50986000,48.96478598458426,26.699486840128728
2017-08-16,48.90900039672852,49.323001861572266,48.6609992980957,49.08250045776367,62642000,48.86414337158203,27.10331263110608
2017-08-17,48.02849960327149,48.891998291015625,48.01599884033203,48.891998291015625,70248000,48.65507180350168,28.72272184070694
2017-08-18,47.92350006103516,48.27149963378906,47.73249816894531,48.06999969482422,65696000,48.48692921229771,36.62743017700972
2017-08-21,47.66450119018555,48.060001373291016,47.27299880981445,47.87850189208984,63290000,48.46100071498326,29.832628089759496
2017-08-22,48.345001220703125,48.39649963378906,47.775001525878906,47.7760009765625,55000000,48.453214917864116,37.887534689969016
2017-08-23,47.900001525878906,48.09999847412109,47.709999084472656,47.96900177001953,53366000,48.272500719342915,37.90969750322145
2017-08-24,47.622501373291016,47.95000076293945,47.05699920654297,47.87099838256836,103914000,48.056143624441965,35.89041952204859
2017-08-25,47.26300048828125,47.88100051879883,47.20500183105469,47.79999923706055,66496000,47.82100078037807,31.49067908774076
2017-08-28,47.30099868774414,47.650001525878906,47.11249923706055,47.32699966430664,51934000,47.71707207815988,32.516738768070496
2017-08-29,47.70299911499024,47.79999923706055,46.81650161743164,47.0,57486000,47.68557194301061,38.867204831081196
2017-08-30,48.37950134277344,48.47050094604492,47.84550094604492,47.922000885009766,58092000,47.78771482195173,54.681061005684725
2017-08-31,49.02999877929688,49.04999923706055,48.63800048828125,48.73500061035156,66630000,47.88557161603655,55.43954109086367
2017-09-01,48.91249847412109,49.22499847412109,48.84400177001953,49.209999084472656,50718000,48.03021403721401,47.547328933307384
2017-09-05,48.26350021362305,48.8385009765625,48.01850128173828,48.77000045776367,57664000,48.12178530011858,42.42869716970964
2017-09-06,48.38999938964844,48.59199905395508,48.02999877929688,48.41600036621094,42598000,48.28278514317104,45.42084548075514
2017-09-07,48.9734992980957,49.02949905395508,48.62749862670898,48.70000076293945,51336000,48.52171380179269,58.79888784069458
2017-09-08,48.29499816894531,48.99399948120117,48.17350006103516,48.95500183105469,52106000,48.606285095214844,53.12524870800197
2017-09-11,48.89799880981445,49.09700012207031,48.71099853515625,48.72299957275391,43734000,48.68035616193499,59.80912858035588
2017-09-12,49.12900161743164,49.23350143432617,48.7760009765625,49.16350173950195,49622000,48.69449942452567,56.7146302560708
2017-09-13,49.97999954223633,50.0,48.97100067138672,49.19850158691406,67494000,48.84699957711356,66.6559752496751
2017-09-14,49.61050033569336,49.928001403808594,49.387001037597656,49.84000015258789,78266000,49.039428165980745,65.68812675201568
2017-09-15,49.339500427246094,49.8125,49.20149993896485,49.6505012512207,75204000,49.17507117135184,66.61865346476613
2017-09-18,48.70949935913086,49.63949966430664,48.40850067138672,49.52000045776367,68226000,49.13735689435686,60.296809586967484
2017-09-19,48.49300003051758,48.9119987487793,48.37300109863281,48.86249923706055,53422000,49.16564287458147,55.93628640846267
2017-09-20,48.66049957275391,48.740501403808594,48.108001708984375,48.589500427246094,57776000,49.131714412144255,52.28639856376109
2017-09-21,48.23249816894531,48.584999084472656,48.10100173950195,48.56549835205078,46752000,49.00364249093192,43.26719689181908
2017-09-22,47.755001068115234,48.28049850463867,47.72100067138672,48.05049896240234,52836000,48.685785566057476,40.787919745901355
2017-09-25,46.98949813842773,47.47100067138672,46.64450073242188,47.46549987792969,102480000,48.311356680733816,40.045306594494036
2017-09-26,46.93000030517578,47.43149948120117,46.587501525878906,47.27450180053711,71296000,47.96714237758091,38.47126566965644
2017-09-27,47.54349899291992,47.76499938964844,47.165000915527344,47.400001525878906,62978000,47.800570896693635,38.76139252650265
2017-09-28,47.81999969482422,47.98500061035156,47.505001068115234,47.59299850463867,50452000,47.704427991594585,46.01511286001212
2017-09-29,48.067501068115234,48.24150085449219,47.91899871826172,48.00550079345703,50876000,47.61971391950335,42.590795175015295
2017-10-02,47.95949935913086,48.365501403808594,47.60599899291992,48.20000076293945,48858000,47.580714089529856,39.33227645931432
2017-10-03,47.85499954223633,48.18450164794922,47.51850128173828,47.900001525878906,53332000,47.594999585832866,27.560720949493003
2017-10-04,48.272499084472656,48.38949966430664,47.70249938964844,47.71049880981445,50548000,47.778285435267854,36.012952262458825
2017-10-05,49.04249954223633,49.07550048828125,48.48199844360352,48.5,64584000,48.080071040562224,47.18855735585656
2017-10-06,49.479000091552734,49.78749847412109,48.78200149536133,48.78200149536133,75642000,48.356571197509766,57.56117308384309
2017-10-09,49.54949951171875,49.92499923706055,49.375,49.6619987487793,58772000,48.60364259992327,60.68790341813778
2017-10-10,49.36000061035156,49.897499084472656,49.005001068115234,49.83349990844727,61698000,48.788285391671316,57.04502948331576
2017-10-11,49.75,49.775001525878906,49.334999084472656,49.5634994506836,46742000,49.044071197509766,65.40142413345598
2017-10-12,50.04650115966797,50.422000885009766,49.619998931884766,49.84049987792969,81346000,49.357142857142854,74.14391421256346
2017-10-13,50.14699935913086,50.38850021362305,50.05149841308594,50.34999847412109,48630000,49.62492861066546,88.69014787627694
2017-10-16,50.31700134277344,50.47850036621094,50.05199813842773,50.422000885009766,40178000,49.80700029645647,90.40801131574683
2017-10-17,50.45650100708008,50.57350158691406,50.21900177001953,50.27949905395508,46394000,49.94664328438895,89.18482332536253
2017-10-18,49.84999847412109,51.115501403808594,49.82749938964844,50.4635009765625,49994000,49.989571707589285,75.08026219297224
2017-10-19,49.33050155639648,49.5525016784668,49.012001037597656,49.5,62164000,49.985357557024265,64.62144497438605
2017-10-20,49.14550018310547,49.73099899291992,49.09999847412109,49.67649841308594,47302000,49.89900044032505,63.489545594571254
2017-10-23,48.31499862670898,49.3390007019043,48.125,49.33649826049805,69882000,49.65164293561662,54.490423042491855
2017-10-24,48.79499816894531,48.99250030517578,48.25,48.45000076293945,54478000,49.45849990844726,55.03904830157913
2017-10-25,48.64550018310547,49.22200012207031,48.3120002746582,48.900001525878906,60662000,49.21971402849469,45.650751196272246
2017-10-26,48.62149810791016,49.14500045776367,48.4275016784668,49.01649856567383,112374000,48.957570757184705,39.67238541897352
2017-10-27,55.04750061035156,55.27899932861328,52.52750015258789,52.90700149536133,331300000,49.70007106236049,76.16350584602962
2017-10-30,55.54249954223633,56.13949966430664,54.678001403808594,54.7504997253418,132262000,50.5874993460519,78.58958034993242
2017-10-31,55.26399993896485,55.527000427246094,55.055999755859375,55.45000076293945,69540000,51.461570739746094,75.76393731079813
2017-11-01,55.18399810791016,55.44850158691406,54.83700180053711,55.27000045776367,75110000,52.4428563799177,74.50042751368959
2017-11-02,54.71099853515625,55.09700012207031,54.34349822998047,54.89049911499024,73698000,53.2879992893764,71.0186820627111
2017-11-03,55.58000183105469,55.63399887084961,54.42599868774414,54.557498931884766,75030000,54.27864238194058,72.77170787809085
2017-11-06,56.03300094604492,56.27050018310547,55.4384994506836,55.45750045776367,67622000,55.33742850167412,73.49086620044223
2017-11-07,56.15850067138672,56.52999877929688,55.875,56.23699951171875,53780000,55.49614279610771,77.6967992529045
2017-11-08,56.64400100708008,56.777000427246094,55.95550155639648,56.14099884033203,51630000,55.65350014822825,82.20526951644142
2017-11-09,56.45650100708008,56.48099899291992,55.78850173950195,56.29800033569336,74654000,55.82385744367327,82.18718373919403
2017-11-10,56.26750183105469,56.587501525878906,56.20299911499024,56.30500030517578,43598000,55.97864368983677,87.10746331886207
2017-11-13,56.45849990844727,56.994998931884766,56.117000579833984,56.150001525878906,58368000,56.22828674316406,86.75010838764918
2017-11-14,56.84199905395508,56.900001525878906,56.19449996948242,56.50550079345703,62768000,56.40857206072126,88.44330128208574
2017-11-15,56.33449935913086,56.587501525878906,56.08150100708008,56.35049819946289,78574000,56.45164326259068,84.60606853104386
2017-11-16,56.86449813842773,56.90800094604492,56.50249862670898,56.507999420166016,44266000,56.55250004359654,67.31134211557341
2017-11-17,56.49399948120117,56.93999862670898,56.29050064086914,56.91400146484375,48268000,56.53107125418527,59.28564940354139
2017-11-20,56.31549835205078,56.67100143432617,56.12749862670898,56.48849868774414,43278000,56.51092801775251,60.46579794666175
2017-11-21,56.9744987487793,57.0,56.40999984741211,56.64300155639648,49588000,56.61192757742746,65.97948743787705
2017-11-22,57.80799865722656,58.01350021362305,57.04999923706055,57.04999923706055,71106000,56.804713112967356,75.96848443285548
2017-11-24,59.29999923706055,59.34199905395508,58.03499984741211,58.03499984741211,70560000,57.15585599626814,78.2417278171354
2017-11-27,59.791500091552734,60.670501708984375,59.557498931884766,60.132999420166016,134880000,57.64971324375698,78.36818744054384
2017-11-28,59.68000030517578,60.266998291015625,59.42599868774414,60.24399948120117,91188000,58.051927839006694,76.6356666447382
2017-11-29,58.0634994506836,59.7400016784668,57.259498596191406,59.7400016784668,185150000,58.27614212036133,59.16811332683226
2017-11-30,58.837501525878906,58.92850112915039,58.0,58.35499954223633,90184000,58.63642828805106,64.29515352921376
2017-12-01,58.11750030517578,58.98249816894531,57.59999847412109,58.602500915527344,82142000,58.79971422467913,60.44134909104378
2017-12-04,56.6974983215332,58.7599983215332,56.400001525878906,58.692501068115234,118638000,58.64107131958008,51.18456727333228
2017-12-05,57.07849884033203,57.9635009765625,56.23699951171875,56.41299819946289,81596000,58.323714120047434,51.17247352823812
2017-12-06,57.61750030517578,57.79449844360352,56.80400085449219,56.89950180053711,57066000,58.01314272199358,56.34081202422372
2017-12-07,57.98949813842773,58.15950012207031,57.54999923706055,57.829498291015625,50232000,57.77164241245815,55.64815332628031
2017-12-08,58.09999847412109,58.63949966430664,57.85499954223633,58.52000045776367,61002000,57.7768565586635,58.27919121727627
2017-12-11,58.44599914550781,58.494998931884766,57.84999847412109,58.22999954223633,47270000,57.72092764718192,60.796629815584794
2017-12-12,58.25400161743164,58.68000030517578,58.08050155639648,58.32550048828125,44718000,57.74042783464704,56.80622429002317
2017-12-13,58.20650100708008,58.54349899291992,58.01350021362305,58.5,52336000,57.95599964686802,52.313241177176586
2017-12-14,58.7130012512207,58.89649963378906,58.122501373291016,58.18550109863281,64286000,58.18949999128069,46.152349727650424
2017-12-15,58.95700073242188,59.13750076293945,58.46649932861328,58.95149993896485,95572000,58.38085719517299,44.3465968559327
2017-12-18,59.52899932861328,59.73899841308594,59.045501708984375,59.368499755859375,58952000,58.60078593662807,49.0371068056388
2017-12-19,59.36899948120117,59.64849853515625,58.95700073242188,59.45750045776367,51756000,58.78207179478237,60.2239763297063
2017-12-20,58.88100051879883,59.54999923706055,58.79999923706055,59.525001525878906,47424000,58.84421484810965,50.35663686092007
2017-12-21,58.73799896240234,58.95849990844727,58.38199996948242,58.79499816894531,42462000,58.913357325962615,55.61893234067594
2017-12-22,58.417999267578125,58.73099899291992,58.39149856567383,58.604000091552734,31702000,58.943571363176616,69.45608932686493
2017-12-26,58.8380012512207,58.91600036621094,58.02750015258789,58.417999267578125,40104000,58.96142850603376,69.72315749773581
2017-12-27,59.11299896240234,59.36449813842773,58.78049850463867,58.99549865722656,37344000,58.983713967459536,67.81842510494629
2017-12-28,59.30500030517578,59.505001068115234,59.21900177001953,59.45000076293945,36834000,58.95171410696846,66.37623100367466
2017-12-29,58.4734992980957,59.20000076293945,58.375,59.11750030517578,53768000,58.82378550938197,53.94196183772222
2018-01-02,59.45050048828125,59.5,58.5255012512207,58.59999847412109,53890000,58.90514264787946,59.355512605519706
2018-01-03,60.209999084472656,60.27450180053711,59.415000915527344,59.415000915527344,62176000,59.11542837960379,66.47571761733116
2018-01-04,60.47949981689453,60.79349899291992,60.233001708984375,60.25,60442000,59.409928458077566,68.45565492543749
2018-01-05,61.45700073242188,61.45700073242188,60.5,60.8754997253418,70894000,59.784071241106304,70.69692873498136
2018-01-08,62.34349822998047,62.65399932861328,61.60150146484375,61.79999923706055,85590000,60.24557113647461,73.28610099780711
2018-01-09,62.6349983215332,62.96649932861328,62.0880012512207,62.845001220703125,73226000,60.72128513881138,72.21426470644406
2018-01-10,62.71649932861328,62.71649932861328,61.86149978637695,62.25749969482422,53720000,61.327428000313894,74.21337243408233
2018-01-11,63.83399963378906,63.8385009765625,62.823001861572266,62.98699951171875,62500000,61.953642163957866,82.83609606234614
2018-01-12,65.26000213623047,65.28800201416016,63.66949844360352,63.66949844360352,108874000,62.67507117135184,86.95184017442566
2018-01-16,65.24299621582031,66.99700164794922,64.61499786376953,66.1500015258789,144414000,63.35557065691267,90.04334837067601
2018-01-17,64.75,65.69999694824219,64.04399871826172,65.61199951171875,105076000,63.82599912370954,84.39206099606369
2018-01-18,64.66600036621094,65.2300033569336,64.20099639892578,64.69750213623047,80538000,64.15778514317104,83.03782012291995
2018-01-19,64.72899627685547,65.6500015258789,64.64949798583984,65.5999984741211,91570000,64.45692770821708,82.77338351368819
2018-01-22,66.3655014038086,66.37249755859375,64.83300018310547,64.8584976196289,82802000,64.97821371895927,93.4581343537222
2018-01-23,68.12699890136719,68.24500274658203,66.86699676513672,66.90450286865234,103386000,65.59149932861328,93.9783906694716
2018-01-24,67.87550354003906,69.40799713134766,66.9000015258789,68.74099731445312,136150000,65.96514238630023,90.96353073081235
2018-01-25,68.89749908447266,68.91699981689453,67.88099670410156,68.4000015258789,95060000,66.48721422467914,91.63618881725819
2018-01-26,70.10250091552734,70.12650299072266,69.04550170898438,69.60050201416016,97146000,67.25185721261161,91.82027199084752
2018-01-29,70.88400268554688,71.56950378417969,70.02200317382812,70.45899963378906,114038000,68.14014325823102,91.73633155191068
2018-01-30,71.89099884033203,71.9625015258789,69.5999984741211,70.15850067138672,117438000,69.16328648158482,92.27644528727677
2018-01-31,72.54450225830078,73.62899780273438,72.50199890136719,72.56500244140625,128494000,70.04600088936942,92.65997623554627
2018-02-01,69.5,72.99400329589844,69.25700378417969,72.25,182276000,70.24214390345982,71.06946573808126
2018-02-02,71.49749755859375,74.9000015258789,70.69999694824219,73.86949920654297,222514000,70.7595716203962,72.24896737116019
2018-02-05,69.5,72.9489974975586,66.03600311279297,70.13099670410156,229900000,70.84564317975726,63.30481170191255
2018-02-06,72.14199829101562,72.19950103759766,67.5895004272461,68.072998046875,221336000,71.13699994768415,70.36701166503123
2018-02-07,70.83899688720703,73.04949951171875,70.75749969482422,72.44999694824219,143254000,71.13057054792132,65.93772541807851
2018-02-08,67.5250015258789,71.6875,67.49700164794922,71.48400115966797,171572000,70.50685664585659,56.181205712755194
2018-02-09,66.9800033569336,69.17500305175781,63.29650115966797,68.67449951171875,282830000,69.71192823137555,51.427382550716175
2018-02-12,69.3115005493164,69.69049835205078,67.20050048828125,68.2334976196289,134778000,69.68499973842076,52.680415966443135
2018-02-13,70.72550201416016,70.98600006103516,69.17649841308594,69.29650115966797,118358000,69.57471466064453,56.12692395630465
2018-02-14,72.55249786376953,72.60299682617188,70.16799926757812,70.3125,119184000,70.01078578404018,57.59464854609281
2018-02-15,73.08799743652344,73.4469985961914,71.84200286865234,73.34449768066406,113054000,70.14592851911273,56.38104239374007
2018-02-16,72.43450164794922,73.29000091552734,72.3280029296875,72.86849975585938,89452000,70.37385777064732,53.33218777269236
2018-02-20,73.4175033569336,74.4384994506836,72.32450103759766,72.32450103759766,129984000,71.21564374651227,53.28400805171374
2018-02-21,74.14600372314453,75.17449951171875,73.94599914550781,74.25,126088000,72.23935808454242,53.43426900225056
2018-02-22,74.26699829101562,75.12699890136719,73.78800201416016,74.76799774169922,97162000,72.94728633335659,61.687844282791886
2018-02-23,75.0,75.0,74.32499694824219,74.76699829101562,88362000,73.55792890276227,59.15520371664418
2018-02-26,76.09750366210938,76.14199829101562,75.3499984741211,75.45999908447266,99100000,74.06435830252511,68.09668665067277
2018-02-27,75.5989990234375,76.33899688720703,75.3604965209961,76.2249984741211,96176000,74.4230728149414,60.74604466553969
2018-02-28,75.62249755859375,76.43499755859375,75.5999984741211,75.97550201416016,90300000,74.87850080217633,66.15448434363864
2018-03-01,74.67250061035156,75.92449951171875,73.25,75.68000030517578,136704000,75.0577861240932,78.72444934204353
2018-03-02,75.01249694824219,75.05249786376953,72.75050354003906,73.45500183105469,131752000,75.18157087053571,82.82189042566657
2018-03-05,76.18049621582031,76.26899719238281,74.05000305175781,74.71199798583984,104678000,75.45492771693638,81.01689519960257
2018-03-06,76.88200378417969,77.10649871826172,76.4000015258789,76.66000366210938,91234000,75.72378540039062,79.71142240887323
2018-03-07,77.25,77.29499816894531,76.12550354003906,76.32599639892578,83482000,75.888427734375,76.38602358543528
2018-03-08,77.59300231933594,77.74400329589844,77.26249694824219,77.5,77252000,76.17328534807477,75.86407780598613
2018-03-09,78.94450378417969,78.9469985961914,77.9540023803711,78.17500305175781,90686000,76.64785766601562,84.60188403034887
2018-03-12,79.91950225830078,80.2665023803711,79.33499908447266,79.62999725341797,103484000,77.39742933000836,84.58877255983623
2018-03-13,79.40899658203125,80.87699890136719,78.90049743652344,80.7979965209961,130638000,78.02550070626395,78.66239312332917
2018-03-14,79.55000305175781,80.3219985961914,79.54450225830078,79.8499984741211,85188000,78.5068588256836,78.70880168756779
2018-03-15,79.11599731445312,79.84549713134766,78.90550231933594,79.75,81394000,78.8260007585798,73.11832472578989
2018-03-16,78.58399963378906,79.47200012207031,78.375,79.17250061035156,108500000,79.01657213483539,64.91327776374506
2018-03-19,77.24649810791016,78.08300018310547,76.26750183105469,77.72650146484375,131616000,78.96707153320312,58.97769348265876
2018-03-20,79.32550048828125,79.3499984741211,77.27050018310547,77.51699829101562,91632000,79.02149963378906,66.48560668228184
2018-03-21,79.09300231933594,79.5,78.15850067138672,79.32250213623047,95016000,78.90342821393695,71.02294002734342
2018-03-22,77.24600219726562,78.69249725341797,77.12000274658203,78.27349853515625,126412000,78.59442901611328,59.29038293831884
2018-03-23,74.77799987792969,77.45099639892578,74.76799774169922,76.95050048828125,160120000,77.91271427699498,44.73558204482608
2018-03-26,77.79299926757812,77.84950256347656,74.9625015258789,76.5,112494000,77.72371455601284,52.91350402258071
2018-03-27,74.85250091552734,78.79850006103516,74.11599731445312,78.62000274658203,139992000,77.19064331054688,43.415822810006006
2018-03-28,71.57099914550781,72.79499816894531,69.30850219726562,72.3499984741211,274106000,76.3798577444894,35.7602326521187
2018-03-29,72.36699676513672,72.77349853515625,68.26000213623047,70.30000305175781,251622000,75.38578578404018,34.02704774764527
2018-04-02,68.59950256347656,71.06800079345703,67.75,70.88099670410156,209272000,73.88671439034599,25.793357777054865
2018-04-03,69.60250091552734,70.69999694824219,67.7665023803711,69.56900024414062,204624000,72.79478563581195,29.46240971163006
2018-04-04,70.52850341796875,70.76950073242188,67.64399719238281,67.91200256347656,139646000,72.18771471296039,31.707861900828235
2018-04-05,72.5875015258789,72.97799682617188,71.35350036621094,72.09950256347656,128270000,71.44407217843192,37.581088372938154
2018-04-06,70.2614974975586,72.625,70.01300048828125,71.49849700927734,117646000,70.78821454729352,35.17993753235126
2018-04-09,70.30400085449219,71.92400360107422,70.12850189208984,71.25150299072266,84164000,70.60721479143415,37.039600725466855
2018-04-10,71.81099700927734,71.91899871826172,70.78500366210938,71.59950256347656,85082000,70.52778625488281,35.66563326913287
2018-04-11,71.35250091552734,72.43900299072266,71.24449920654297,71.97200012207031,71650000,70.92107173374721,35.360749621596355
2018-04-12,72.42500305175781,72.60600280761719,71.75299835205078,71.9749984741211,62700000,71.32428632463727,40.6070993251479
2018-04-13,71.53949737548828,72.98899841308594,71.22599792480469,72.45700073242188,73706000,71.46871403285435,43.27567366509741
2018-04-16,72.07499694824219,72.3499984741211,71.3740005493164,72.25,56172000,71.39549909319196,36.76449500333065
2018-04-17,75.19149780273438,75.3594970703125,72.85099792480469,73.11499786376953,102288000,72.09978485107422,50.77833696229096
2018-04-18,76.39199829101562,76.69000244140625,75.20549774169922,75.73249816894531,104550000,72.96949877057757,62.23852395070643
2018-04-19,77.84549713134766,78.4260025024414,76.9530029296875,77.16100311279297,130474000,73.83157021658761,63.458373910233774
2018-04-20,76.37449645996094,78.05999755859375,75.80449676513672,78.05999755859375,110832000,74.5489981515067,71.5290218559656
2018-04-23,75.89299774169922,77.4000015258789,75.17050170898438,77.33450317382812,89308000,75.04442596435547,67.93645531222835
2018-04-24,73.00450134277344,76.9749984741211,72.42250061035156,76.79000091552734,149894000,75.2537122453962,56.34936348674814
2018-04-25,73.00849914550781,73.49949645996094,70.7509994506836,72.9000015258789,131746000,75.38706970214844,51.20678094501614
2018-04-26,75.89800262451172,76.47100067138672,73.92500305175781,74.25050354003906,176022000,75.48799896240234,65.6513066129751
2018-04-27,78.63099670410156,81.90499877929688,78.36949920654297,81.70050048828125,261064000,75.80785587855748,70.11644074969146
2018-04-30,78.30650329589844,79.80000305175781,78.0469970703125,79.125,109282000,75.87371390206474,66.6427789786782
2018-05-01,79.11299896240234,79.25,77.60900115966797,78.16100311279297,91442000,76.26492854527065,69.53556404354893
2018-05-02,78.48400115966797,79.42500305175781,78.31800079345703,79.04900360107422,87206000,76.63507189069476,65.6007087614943
2018-05-03,78.60399627685547,78.73999786376953,77.3010025024414,78.00050354003906,85038000,77.43499973842076,68.93614915327443
2018-05-04,79.04750061035156,79.24500274658203,78.1094970703125,78.12249755859375,68872000,78.29771423339844,68.78218908376458
2018-05-07,80.00700378417969,80.34750366210938,79.3915023803711,79.46700286865234,76038000,78.88471439906529,64.67741125344624
2018-05-08,79.61949920654297,79.84400177001953,79.12550354003906,79.75,61358000,79.0259290422712,60.350204320106556
2018-05-09,80.4000015258789,80.4000015258789,79.5999984741211,80.0,72746000,79.3250002179827,58.56153945287809
2018-05-10,80.4540023803711,80.77999877929688,80.1719970703125,80.42400360107422,56350000,79.51657213483539,65.10761629165262
2018-05-11,80.14550018310547,80.55500030517578,79.89450073242188,80.54949951171875,45278000,79.7539291381836,65.95267751655416
2018-05-14,80.0770034790039,80.55899810791016,80.00250244140625,80.19999694824219,50190000,79.96435873849052,83.65136720806117
2018-05-15,78.80599975585938,79.38999938964844,78.26100158691406,79.38999938964844,101550000,79.9298586164202,74.61679704659339
2018-05-16,79.36399841308594,79.72149658203125,78.83350372314453,78.875,51412000,79.83800070626395,68.35026736023875
2018-05-17,79.08799743652344,79.7020034790039,78.6500015258789,79.02799987792969,42952000,79.76207188197544,53.27036470845163
2018-05-18,78.71849822998047,79.17949676513672,78.6050033569336,79.06649780273438,52852000,79.52185712541852,52.9294270689238
2018-05-21,79.27300262451172,79.60250091552734,78.75,79.25,58504000,79.35314287458148,51.17996556652076
2018-05-22,79.06999969482422,79.49449920654297,78.76249694824219,79.49449920654297,42312000,79.19949994768415,54.611243056839655
2018-05-23,80.09300231933594,80.09300231933594,78.31700134277344,78.55249786376953,67238000,79.20178549630302,60.25906414365959
2018-05-24,80.15350341796875,80.41200256347656,79.41899871826172,79.90149688720703,68600000,79.39428601946149,58.04479950987356
2018-05-25,80.50749969482422,80.70600128173828,80.02249908447266,80.1500015258789,53968000,79.55764334542411,53.99213998566259
2018-05-29,80.64350128173828,81.0895004272461,80.00749969482422,80.0354995727539,76930000,79.7798581804548,58.50922194805886
2018-05-30,81.24449920654297,81.30000305175781,80.64649963378906,80.90499877929688,58148000,80.14071546282086,57.23337350058944
2018-05-31,81.48100280761719,81.75,81.06749725341797,81.1500015258789,63326000,80.45614406040737,58.52988701674788
2018-06-01,82.0770034790039,82.33650207519531,81.75450134277344,81.85150146484375,66268000,80.88571602957589,65.31113847434133
2018-06-04,83.26349639892578,83.28399658203125,82.27449798583984,82.44499969482422,63754000,81.33864375523159,71.45640085648881
2018-06-05,84.81749725341797,84.94999694824219,83.50299835205078,83.64949798583984,95644000,82.00492858886719,88.9926353639116
2018-06-06,84.7874984741211,85.7249984741211,84.32350158691406,85.22550201416016,109464000,82.6163569859096,87.76545614309104
2018-06-07,84.46499633789062,84.99500274658203,83.80549621582031,84.9280014038086,75314000,83.16228485107422,87.20074150864917
2018-06-08,84.19950103759766,84.47200012207031,83.65049743652344,84.05599975585938,59102000,83.58442796979632,88.47397137611848
2018-06-11,84.45600128173828,84.71199798583984,84.02950286865234,84.07550048828125,46710000,84.00942775181362,87.97070311190006
2018-06-12,84.9375,84.97550201416016,84.57599639892578,84.6500015258789,45184000,84.41807011195591,91.3001077256358
2018-06-13,85.24299621582031,85.6875,85.00599670410156,85.1405029296875,66550000,84.7008558000837,90.3226191841572
2018-06-14,86.19300079345703,86.23999786376953,85.44349670410156,85.67400360107422,63488000,84.89735630580357,91.50577854957933
2018-06-15,85.79850006103516,86.04350280761719,85.4260025024414,85.69999694824219,95552000,85.04178510393415,86.1605010626516
2018-06-18,86.18949890136719,86.33699798583984,85.12799835205078,85.31300354003906,62154000,85.28814261300224,86.62662682837119
2018-06-19,86.73899841308594,86.80549621582031,85.01950073242188,85.4520034790039,85802000,85.6509279523577,86.53503721102481
2018-06-20,87.50399780273438,88.14649963378906,87.06800079345703,87.125,86652000,86.08635602678571,87.41925514709925
2018-06-21,86.51100158691406,88.15499877929688,85.87799835205078,88.0,98822000,86.31114196777344,76.2522574286228
2018-06-22,85.78350067138672,87.1500015258789,85.59500122070312,87.13099670410156,81502000,86.38835688999721,65.77765252116095
2018-06-25,83.15750122070312,85.25,82.31549835205078,85.12550354003906,150224000,85.9547140938895,40.83684214516079
2018-06-26,84.55449676513672,85.07849884033203,83.16699981689453,83.61849975585938,87732000,85.77699933733258,48.88248449968677
2018-06-27,83.02549743652344,85.59750366210938,83.0,85.40550231933594,97444000,85.3249991280692,43.81205880771002
2018-06-28,85.07250213623047,85.2750015258789,83.05850219726562,83.62699890136719,90594000,85.08692823137555,53.25431098228282
2018-06-29,84.98999786376953,86.17050170898438,84.71600341796875,85.8499984741211,90870000,84.727785382952,52.01675597114442
2018-07-02,85.68900299072266,85.69450378417969,83.90299987792969,84.13500213623047,63714000,84.61035701206752,52.79234095582704
2018-07-03,84.697998046875,86.25,84.6240005493164,86.197998046875,43546000,84.45528520856585,48.07312386236244
2018-07-05,84.98650360107422,85.53450012207031,84.10749816894531,85.26899719238281,59662000,84.71657126290458,45.52503285381665
2018-07-06,85.53150177001953,85.76349639892578,84.58350372314453,84.80000305175781,53006000,84.85614340645927,49.020621903412206
2018-07-09,86.95099639892578,86.97799682617188,85.8115005493164,86.20249938964844,60240000,85.41692897251674,52.59728194994304
2018-07-10,87.15350341796875,87.5,86.55000305175781,86.92649841308594,60058000,85.71421486990792,51.44805087501399
2018-07-11,87.75,87.8479995727539,86.69999694824219,86.89949798583984,64196000,86.10850088936942,50.86963369876432
2018-07-12,89.83100128173828,89.9000015258789,88.10900115966797,88.22550201416016,90654000,86.70021493094308,60.8980957089213
2018-07-13,90.65149688720705,90.76499938964844,89.7614974975586,90.19650268554688,87664000,87.55071476527623,65.88251986379117
2018-07-16,91.12449645996094,92.09750366210938,90.72250366210938,91.09750366210938,109324000,88.42757088797433,80.24213400429312
2018-07-17,92.19650268554688,92.58450317382812,89.86900329589844,90.5780029296875,113658000,89.3797138759068,79.74232207068772
2018-07-18,92.14600372314452,92.94400024414062,91.5634994506836,92.4000015258789,97238000,90.12185777936664,90.1129793737982
2018-07-19,90.64849853515624,92.0500030517578,90.5634994506836,91.4729995727539,93538000,90.6211427961077,75.76940787873093
2018-07-20,90.68499755859376,91.74199676513672,90.50299835205078,91.25050354003906,77688000,91.0404281616211,76.43177499803471
2018-07-23,90.0999984741211,90.9499969482422,88.49949645996094,90.6104965209961,77770000,91.07885633196149,70.69139029617095
2018-07-24,91.46199798583984,92.0,90.46900177001952,91.45050048828124,85574000,91.19464220319476,80.66181327707537
2018-07-25,93.18049621582033,93.19200134277344,91.13200378417967,91.46499633789062,74764000,91.4883564540318,82.88119268386309
2018-07-26,90.4000015258789,92.23400115966795,90.2249984741211,91.9499969482422,198488000,91.2317134312221,66.56459872659073
2018-07-27,90.8635025024414,94.00250244140624,90.32649993896484,93.80249786376952,193620000,91.04849897112165,64.23816568047329
2018-07-30,88.96099853515625,91.4749984741211,88.3010025024414,91.3665008544922,131246000,90.80742754255023,55.853477268706676
2018-07-31,88.87200164794922,90.09149932861328,86.96600341796875,89.32450103759766,114774000,90.54842812674386,53.75703759566759
2018-08-01,89.8584976196289,89.9219970703125,88.8010025024414,89.19999694824219,83062000,90.51392800467355,50.099354471612855
2018-08-02,91.71649932861328,91.8280029296875,89.30000305175781,89.4384994506836,87094000,90.55028533935547,53.579840139180604
2018-08-03,91.16449737548828,92.0500030517578,91.0749969482422,91.88700103759766,69210000,90.26228550502232,50.13374651986097
2018-08-06,92.3874969482422,92.38849639892578,90.9459991455078,91.29049682617188,67836000,90.54621342250279,50.63222216722348
2018-08-07,93.1240005493164,93.48600006103516,92.3134994506836,92.72650146484376,67550000,90.86914171491351,53.09669053097032
2018-08-08,94.32599639892578,94.57550048828124,92.7249984741211,93.0500030517578,79260000,91.6355699811663,61.86634827242401
2018-08-09,94.9260025024414,95.72850036621094,93.8740005493164,94.0999984741211,97208000,92.50042724609375,63.20445059943884
2018-08-10,94.31500244140624,94.9749984741211,93.9104995727539,94.42549896240234,72798000,93.13707079206195,63.10228227290981
2018-08-13,94.80999755859376,96.25,94.68350219726562,94.9250030517578,110630000,93.57899911063058,61.00013385786901
2018-08-14,95.98249816894533,96.05049896240234,95.0,95.96949768066406,79722000,94.26728493826731,59.54880899886013
2018-08-15,94.13099670410156,95.8105010986328,93.489501953125,95.47750091552734,154014000,94.51635633196149,63.5741618799071
2018-08-16,94.32599639892578,95.25,94.17749786376952,95.1969985961914,79142000,94.68807002476284,62.848318073980906
2018-08-17,94.11100006103516,94.4000015258789,92.77749633789062,94.29000091552734,82086000,94.65735626220703,71.84611749932834
2018-08-20,93.83550262451172,94.5875015258789,93.3030014038086,94.52850341796876,57240000,94.50157056535993,70.72703407056235
2018-08-21,94.1709976196289,94.8874969482422,93.72049713134766,94.0,62112000,94.48099844796319,69.04394829865589
2018-08-22,95.24500274658205,95.29000091552734,93.83200073242188,93.83200073242188,61610000,94.54314204624721,66.74101680877891
2018-08-23,95.1449966430664,95.9749984741211,95.03800201416016,95.3584976196289,71260000,94.42349897112165,69.7318120687593
2018-08-24,95.26950073242188,95.80049896240234,95.1269989013672,95.52549743652344,56018000,94.58614240373883,66.0324970545192
2018-08-27,96.38400268554688,96.38500213623048,95.46399688720705,95.75,71380000,94.88014330182757,67.40337612341253
2018-08-28,96.64099884033205,97.08899688720705,96.44100189208984,96.8864974975586,62014000,95.24157169886998,63.74540433682014
2018-08-29,99.90499877929688,99.93450164794922,97.4469985961914,97.67250061035156,130636000,96.108642578125,72.45826201208159
2018-08-30,100.11900329589844,101.27850341796876,99.34500122070312,99.87100219726562,145546000,96.95835767473493,77.15194111205801
2018-08-31,100.635498046875,101.11900329589844,100.23699951171876,100.3499984741211,84088000,97.72842843191964,77.19780924346503
2018-09-04,101.97550201416016,102.5250015258789,100.6500015258789,101.3249969482422,114422000,98.70421491350446,77.54895764871401
2018-09-05,99.74099731445312,102.0189971923828,99.49449920654295,101.90550231933594,164412000,99.34300013950893,74.91117115847439
2018-09-06,97.91549682617188,100.375,96.760498046875,100.32550048828124,149774000,99.56178501674107,63.92303435459
2018-09-07,97.60350036621094,98.76000213623048,96.86750030517578,96.9355010986328,97852000,99.69928523472377,63.44561090619212
2018-09-10,96.95050048828124,98.6520004272461,96.57599639892578,98.5500030517578,90896000,99.27721405029297,61.653553330642644
2018-09-11,99.35749816894533,99.44400024414062,95.8499984741211,96.41349792480467,100672000,99.16842760358539,66.79945336690889
2018-09-12,99.5,100.0,98.12200164794922,99.6999969482422,88280000,99.00621359688895,64.66733396416257
2018-09-13,99.49349975585938,100.43800354003906,99.10150146484376,100.0,72430000,98.65164184570312,65.08691359462554
2018-09-14,98.5094985961914,99.68250274658205,97.96099853515624,99.64649963378906,72840000,98.47571345738002,60.608333029409934
2018-09-17,95.40149688720705,97.84100341796876,94.37049865722656,97.73650360107422,141004000,98.11657060895648,47.154549508085495
2018-09-18,97.05249786376952,97.91000366210938,95.77200317382812,95.93250274658205,85374000,98.03785596575055,51.10271147297515
2018-09-19,96.3209991455078,97.04149627685548,95.24500274658205,97.0250015258789,81136000,97.94792720249721,38.88751686641416
2018-09-20,97.21499633789062,97.75,96.6125030517578,96.9290008544922,63098000,97.64185551234654,41.36020766335149
2018-09-21,95.75050354003906,97.8655014038086,95.5250015258789,97.71099853515624,137118000,97.10621316092355,36.24255066066422
2018-09-24,96.71800231933594,96.84400177001952,93.25,95.1894989013672,84274000,96.70971352713448,34.87615588789002
2018-09-25,98.72750091552734,98.79550170898438,96.94249725341795,97.1449966430664,90768000,96.74085671561105,47.04631715164303
2018-09-26,98.74250030517578,99.7624969482422,98.07599639892578,98.4250030517578,86270000,97.21814291817802,52.69452712474565
2018-09-27,100.64900207519533,100.80799865722656,99.4290008544922,99.66200256347656,86588000,97.73192923409599,58.988823756183535
2018-09-28,100.1500015258789,101.32599639892578,99.822998046875,100.22049713134766,81702000,98.27892957414899,59.529987424093505
2018-10-01,100.21800231933594,101.65950012207033,100.18000030517578,101.09950256347656,69210000,98.70793042864118,52.97803937555906
2018-10-02,98.56549835205078,100.66950225830078,98.28849792480467,99.99949645996094,108014000,99.11007254464286,47.07190398076862
2018-10-03,97.63800048828124,99.48500061035156,97.4905014038086,99.08499908447266,105062000,99.24150085449219,44.50336256688742
2018-10-04,95.47100067138672,97.8000030517578,94.82849884033205,97.4499969482422,145140000,98.77628653390067,41.58846409243054
2018-10-05,94.48249816894533,96.4540023803711,93.1415023803711,95.89949798583984,136446000,98.16771480015346,47.11767946097459
2018-10-08,93.22100067138672,95.0999984741211,91.53299713134766,93.6999969482422,147864000,97.10657174246651,37.68204597899636
2018-10-09,93.51599884033205,94.83399963378906,92.61599731445312,92.99949645996094,95458000,96.15885707310268,40.72174444539233
2018-10-10,87.76249694824219,92.9280014038086,87.72049713134766,92.89450073242188,219778000,94.37949916294643,26.339761090325283
2018-10-11,85.96800231933594,87.7699966430664,84.25499725341797,86.19999694824219,278718000,92.5798568725586,25.911691305821407
2018-10-12,89.43049621582031,90.44750213623048,87.12650299072266,90.4000015258789,188892000,91.40735626220703,34.018971352240925
2018-10-15,88.04750061035156,89.75250244140625,86.71150207519531,89.75,128744000,90.34685625348773,25.917728149948346
2018-10-16,90.9980010986328,91.19400024414062,88.07749938964844,89.17500305175781,117198000,89.8490709577288,34.5785410635975
2018-10-17,91.58650207519533,92.25,90.3499984741211,92.1395034790039,105904000,89.61557115827289,30.954323341664576
2018-10-18,88.53600311279297,91.50749969482422,88.39350128173828,91.07450103759766,117480000,88.90414319719586,27.956185480423642
2018-10-19,88.20149993896484,90.45500183105467,87.6500015258789,89.25800323486328,118144000,88.96685791015625,27.420644603024513
2018-10-22,89.46499633789062,90.4749984741211,87.80000305175781,89.19999694824219,90000000,89.4664284842355,32.64619609511374
2018-10-23,88.43499755859375,88.81700134277344,85.69999694824219,87.11199951171875,134478000,89.32421439034599,32.519072774205426
2018-10-24,83.20999908447266,88.885498046875,82.8280029296875,88.68499755859375,138568000,88.63314274379185,29.13445878291077
2018-10-25,89.1084976196289,89.7405014038086,84.60050201416016,85.16699981689453,205714000,88.36321367536273,42.164118749954106
2018-10-26,82.1405029296875,84.9229965209961,80.1500015258789,82.47949981689453,299276000,87.01378522600446,36.14850333301608
2018-10-29,76.94400024414062,83.28700256347656,74.75,83.0,277322000,85.35778481619698,31.545239005138328
2018-10-30,76.52100372314453,77.04949951171875,73.81800079345703,74.30799865722656,249202000,83.68914249965123,35.79488650813806
2018-10-31,79.90049743652344,81.19550323486328,78.25450134277344,78.49949645996094,187804000,82.32278551374164,42.6281982355432
2018-11-01,83.27649688720703,83.52249908447266,79.9219970703125,81.17649841308594,162710000,81.58585684640067,42.50736289812736
2018-11-02,83.27649688720703,84.87200164794922,82.59149932861328,83.92949676513672,139110000,81.59535653250558,43.98875392462
2018-11-05,81.38999938964844,82.90450286865234,79.81800079345703,82.87850189208984,112494000,80.49271392822266,37.56084060088529
2018-11-06,82.1405029296875,83.25,80.72750091552734,80.9175033569336,85148000,80.49271392822266,37.821665428609194
2018-11-07,87.77449798583984,87.96150207519531,83.2040023803711,83.6500015258789,163844000,82.03992789132255,49.07954029026223
2018-11-08,87.74549865722656,89.19999694824219,86.25550079345703,87.75,130698000,83.64342716761998,49.444713147781236
2018-11-09,85.62149810791016,87.19599914550781,85.09349822998047,86.625,118044000,84.46071297781808,45.41572718383009
2018-11-12,81.84249877929688,85.42749786376953,81.50050354003906,84.91200256347656,136124000,84.25585610525948,42.62080186263924
2018-11-13,81.55850219726562,83.85299682617188,80.6875,82.4645004272461,118666000,84.01042829241071,47.92152003796215
2018-11-14,79.95050048828125,83.6500015258789,79.85350036621094,82.81600189208984,129738000,83.8047855922154,37.07883891393773
2018-11-15,80.97200012207031,81.24099731445312,77.32550048828125,79.05049896240234,168546000,83.63785661969867,48.01891497831592
2018-11-16,79.67050170898438,80.7239990234375,78.65599822998047,79.375,121322000,82.48014286586216,55.325930213634535
2018-11-19,75.614501953125,79.05950164794922,75.16799926757812,78.85050201416016,155800000,80.7471433367048,48.44933671646264
2018-11-20,74.77300262451172,76.73750305175781,71.0,71.875,217576000,79.19735826764789,40.39488844812944
2018-11-21,75.83650207519531,77.5,75.75,77.14949798583984,114336000,78.33935873849052,34.74097007482311
2018-11-23,75.10299682617188,76.80999755859375,75.09049987792969,75.8499984741211,54152000,77.41714368547711,33.72622886820626
2018-11-26,79.06649780273438,79.2405014038086,76.21099853515625,76.94999694824219,125154000,77.29085758754185,45.72720778094732
2018-11-27,79.07099914550781,79.88249969482422,77.90049743652344,78.79949951171875,115664000,77.01928601946149,44.19610836923926
2018-11-28,83.88749694824219,84.07250213623047,80.06099700927734,80.69599914550781,169174000,77.62171391078404,42.41590353367862
2018-11-29,83.67849731445312,84.49949645996094,82.61650085449219,83.74949645996094,132264000,78.77371324811664,42.12004692464975
2018-11-30,84.50849914550781,84.80000305175781,83.32499694824219,83.9749984741211,115236000,80.16449846540179,47.72968563297796
2018-12-03,88.61799621582031,88.91699981689453,86.5,88.4729995727539,137246000,81.99042619977679,63.636908059687556
2018-12-04,83.41999816894531,88.51699829101562,83.25,87.80000305175781,173890000,83.17856924874442,53.127881229994834
2018-12-06,84.95950317382812,85.05249786376953,80.49250030517578,80.74349975585938,175788000,84.02042715890067,58.43607196218403
2018-12-07,81.45649719238281,85.94650268554688,81.27300262451172,85.25350189208984,151522000,84.36121259416852,50.7530376931509
2018-12-10,82.05149841308594,82.89949798583984,79.54350280761719,81.19200134277344,149896000,84.0989270891462,53.78380278957885
2018-12-11,82.16200256347656,83.97350311279297,80.9800033569336,83.9000015258789,124894000,83.88228498186383,61.89696837286263
2018-12-12,83.177001953125,85.24949645996094,83.01349639892578,83.44999694824219,131960000,83.69207109723773,65.17459485656082
2018-12-13,82.91899871826172,84.60600280761719,82.07499694824219,84.0,105426000,82.87792859758649,63.17158157391488
2018-12-14,79.59549713134766,82.12850189208984,79.25,81.9000015258789,127344000,82.33157130650112,57.62073191722867
2018-12-17,76.04550170898438,78.80650329589844,75.25050354003906,78.30000305175781,176596000,81.05814252580915,44.802500042003395
2018-12-18,77.5739974975586,78.37750244140625,76.15049743652344,77.0,130460000,80.50349971226284,47.552799734794654
2018-12-19,74.75399780273438,79.22650146484375,74.15899658203125,77.15249633789062,175844000,79.46099962506976,34.02648424832492
2018-12-20,73.04149627685547,75.4749984741211,71.6344985961914,74.19999694824219,199836000,78.15807015555245,32.32645877610791
2018-12-21,68.87249755859375,74.0,68.197998046875,73.24949645996094,272806000,76.11456952776227,26.615221360109544
2018-12-24,67.197998046875,69.80149841308594,65.3499984741211,67.30000305175781,144400000,73.86871228899274,15.448282482204576
2018-12-26,73.54499816894531,73.65799713134766,68.15049743652344,68.44450378417969,208236000,73.00435529436383,34.64039614168179
2018-12-27,73.08200073242188,73.44999694824219,69.5155029296875,72.70999908447266,194440000,72.58099801199776,30.88559359700143
2018-12-28,73.9010009765625,75.67350006103516,72.44999694824219,73.6675033569336,176580000,72.05628422328404,36.69127417925981
2018-12-31,75.09850311279297,76.03800201416016,74.3499984741211,75.54000091552734,139090000,72.10549926757812,38.0071140658742
2019-01-02,76.95649719238281,77.66799926757812,73.04650115966797,73.26000213623047,159662000,72.66478511265346,41.5317674147748
2019-01-03,75.01399993896484,76.9000015258789,74.85549926757812,76.00050354003906,139512000,73.54214259556362,37.10955148162793
2019-01-04,78.76950073242188,79.69999694824219,75.91549682617188,76.5,183652000,75.1952144077846,44.09920246150907
2019-01-07,81.47550201416016,81.72799682617188,79.45950317382812,80.1155014038086,159864000,76.32814352852958,52.721254310765616
2019-01-08,82.8290023803711,83.83049774169922,80.83049774169922,83.2344970703125,177628000,77.72057233537946,60.48568313135847
2019-01-09,82.97100067138672,83.38999938964844,82.06999969482422,82.64900207519531,126976000,79.01628657749721,58.716092802640134
2019-01-10,82.81099700927734,83.1624984741211,81.08100128173828,82.05049896240234,130154000,80.11807141985211,64.23498323285267
2019-01-11,82.02799987792969,83.0145034790039,81.81099700927734,82.02749633789062,93724000,80.84257180350167,66.41640917573633
2019-01-14,80.8604965209961,82.41000366210938,79.75749969482422,80.75,120118000,81.67778560093471,74.59682607863954
2019-01-15,83.72799682617188,83.75800323486328,81.30049896240234,81.5999984741211,119970000,82.38614218575614,82.33315286070996
2019-01-16,84.18900299072266,85.25,83.79399871826172,84.21099853515625,127338000,82.77378518240792,77.04818933738352
2019-01-17,84.66100311279297,85.00849914550781,83.875,84.0,84178000,83.0354995727539,79.41071711638806
2019-01-18,84.80999755859375,85.80999755859375,84.5770034790039,85.5999984741211,120410000,83.29821341378349,78.68524042122765
2019-01-22,81.6084976196289,84.09349822998047,80.51000213623047,84.05000305175781,128336000,83.12642778669085,65.48597786861862
2019-01-23,82.0009994506836,82.87149810791016,80.5999984741211,82.80000305175781,104504000,83.12257058279855,62.899227715919004
2019-01-24,82.74649810791016,82.86299896240234,81.58899688720703,82.05349731445312,81798000,83.39199938092914,71.06200935651515
2019-01-25,83.52850341796875,84.17400360107422,83.08049774169922,83.5250015258789,98918000,83.3635003226144,65.46837198368085
2019-01-28,81.89450073242188,82.25,80.70449829101562,82.17949676513672,96754000,83.03571428571429,51.46390314819544
2019-01-29,79.69400024414062,81.61900329589844,79.53600311279297,81.5634994506836,92656000,82.32614244733539,39.658927385920315
2019-01-30,83.52149963378906,83.84750366210938,80.98400115966797,81.1500015258789,115676000,82.14207131522042,51.460712097906885
2019-01-31,85.9365005493164,86.82050323486328,83.9540023803711,84.64250183105469,218206000,82.76035744803292,57.40692928100718
2019-02-01,81.3115005493164,83.65299987792969,81.10050201416016,81.94400024414062,230124000,82.66185760498047,48.56358345342602
2019-02-04,81.66549682617188,82.48149871826172,80.67500305175781,81.1500015258789,98582000,82.50742885044643,51.66825566227914
2019-02-05,82.94049835205078,83.26300048828125,82.125,82.16699981689453,89062000,82.42342812674386,48.252683211884445
2019-02-06,82.01300048828125,83.61299896240234,81.66699981689453,83.5374984741211,78798000,82.4403566632952,45.26976532670467
2019-02-07,80.71849822998047,81.2770004272461,79.64550018310547,81.25,92532000,82.58671351841518,41.72559737192859
2019-02-08,79.41100311279297,79.42949676513672,78.33799743652344,79.30000305175781,113150000,81.99949972970145,39.19423193149609
2019-02-11,79.55000305175781,80.4645004272461,79.30000305175781,80.04900360107422,66346000,81.08714294433594,45.30442219076495
2019-02-12,81.90049743652344,81.97000122070312,79.94400024414062,80.19999694824219,97172000,81.17128535679409,49.78954656895246
2019-02-13,82.0,82.81900024414062,81.85549926757812,82.3499984741211,71206000,81.21907152448382,48.39334922605887
2019-02-14,81.13249969482422,81.8949966430664,80.3030014038086,81.2249984741211,82410000,80.96078600202289,44.862108399142066
2019-02-15,80.39749908447266,81.44550323486328,80.2249984741211,81.39299774169922,86878000,80.73000008719308,46.66116021428199
2019-02-19,81.37899780273438,81.69999694824219,80.02799987792969,80.05000305175781,73634000,80.82435716901507,53.97424020925692
2019-02-20,81.1050033569336,81.74649810791016,80.50599670410156,81.5,66752000,81.0663572038923,43.15264985003215
2019-02-21,80.97200012207031,81.1780014038086,80.04550170898438,80.99250030517578,69668000,81.26949964250836,33.84318498621708
2019-02-22,81.5780029296875,81.74700164794922,81.05850219726562,81.17500305175781,61924000,81.22342899867466,51.174589510708195
2019-02-25,81.6500015258789,82.7300033569336,81.51950073242188,82.07250213623047,63690000,81.17342921665737,49.92996469613782
2019-02-26,81.81999969482422,81.99949645996094,80.80650329589844,81.29900360107422,53316000,81.27164350237165,44.37358828270817
2019-02-27,82.05449676513672,82.09049987792969,80.75499725341797,81.40899658203125,62976000,81.50835745675224,50.22395342229982
2019-02-28,81.99150085449219,82.5885009765625,81.69149780273438,81.76249694824219,60518000,81.59585789271763,57.9235995095446
2019-03-01,83.58650207519531,83.71299743652344,82.55000305175781,82.75650024414062,99498000,81.95035770961216,75.0916711520352
2019-03-04,84.80850219726562,85.47149658203125,83.71800231933594,84.25,123348000,82.49842943464007,77.96036458223465
2019-03-05,84.62149810791016,85.38999938964844,84.45050048828125,85.14749908447266,73630000,82.93321446010044,68.79144664533105
2019-03-06,83.44750213623047,84.88749694824219,83.41400146484375,84.79850006103516,79920000,83.19000026157924,58.704694544029756
2019-03-07,81.29750061035156,83.48750305175781,81.02549743652344,83.36849975585938,99140000,83.11535753522601,50.859649080966086
2019-03-08,81.04000091552734,81.13600158691406,79.32849884033203,80.20050048828125,93340000,82.97042955671039,53.52268449188914
2019-03-11,83.53099822998047,83.614501953125,81.30049896240234,81.30599975585938,77528000,83.1903577532087,60.12325908741475
2019-03-12,83.65499877929688,84.2135009765625,83.04900360107422,83.44999694824219,72290000,83.20014299665179,62.1671740069006
2019-03-13,84.54049682617188,85.0,83.96749877929688,84.1500015258789,71040000,83.16185651506696,65.88612177967495
2019-03-14,84.31099700927734,85.0999984741211,84.21700286865234,84.55999755859375,58932000,83.11749921526227,62.58865534848906
2019-03-15,85.61799621582031,85.94000244140625,84.65650177001953,85.1500015258789,151018000,83.42756979806083,66.4102497761348
2019-03-18,87.10749816894531,87.5,85.63150024414062,85.63500213623047,108582000,84.25756944928851,69.7155055532829
2019-03-19,88.09249877929688,89.20800018310547,87.67549896240234,87.67549896240234,127284000,85.26506914411273,71.32063455459357
2019-03-20,89.8635025024414,89.9749984741211,88.35150146484375,88.49700164794922,125312000,86.16971261160714,74.80463744758639
2019-03-21,90.96299743652344,91.1875,89.36399841308594,89.81300354003906,115356000,87.21371241978237,73.99250783163863
2019-03-22,88.2385025024414,90.9489974975586,88.15550231933594,90.5084991455078,127260000,87.74199894496373,60.162968461990225
2019-03-25,88.71299743652344,89.13400268554688,87.375,87.8895034790039,102076000,88.37085614885602,61.91989316836784
2019-03-26,89.18800354003906,90.28849792480467,88.66799926757812,89.6500015258789,97318000,88.880857195173,67.43403202090178
2019-03-27,88.28500366210938,89.375,87.28399658203125,89.20649719238281,86496000,89.049072265625,72.96029594034664
2019-03-28,88.6709976196289,88.89649963378906,87.67350006103516,88.5,60860000,89.13171495710101,74.86478880802348
2019-03-29,89.0374984741211,89.64299774169922,88.83149719238281,89.3290023803711,66416000,89.01371438162667,70.8256291997627
2019-04-01,90.70950317382812,90.78350067138672,89.9365005493164,90.00550079345703,84776000,88.97750091552734,73.88362875929363
2019-04-02,90.6989974975586,91.0,90.25599670410156,90.5510025024414,68962000,89.32900020054409,72.16324217525174
2019-04-03,91.03500366210938,91.5,90.4810028076172,91.33599853515624,78522000,89.66071537562779,74.01429638764715
2019-04-04,90.94300079345705,91.4375,90.20999908447266,91.03250122070312,72478000,89.91142926897321,70.82518527447604
2019-04-05,91.86399841308594,91.9290008544922,91.2594985961914,91.4499969482422,72810000,90.42271423339844,69.46751334276772
2019-04-08,92.49299621582033,92.51000213623048,91.25550079345705,91.6614990234375,75056000,90.96871403285435,68.5510555905776
2019-04-09,91.79199981689452,92.65450286865234,91.58899688720705,92.27449798583984,74288000,91.36221422467914,58.93609138448391
2019-04-10,92.3665008544922,92.4000015258789,91.44049835205078,92.0500030517578,59280000,91.59892817905971,56.83601878827521
2019-04-11,92.20349884033205,92.49749755859376,92.0155029296875,92.43499755859376,53096000,91.81385694231305,75.73332805165477
2019-04-12,92.15299987792967,92.5749969482422,92.06500244140624,92.41999816894533,62288000,91.97357068743024,73.62634483539162
2019-04-15,92.24349975585938,92.34249877929688,90.94499969482422,92.0999984741211,74488000,92.15935625348773,72.15570121087637
2019-04-16,93.1520004272461,93.4885025024414,92.4000015258789,92.56749725341795,60892000,92.34335654122489,85.26293794892105
2019-04-17,93.24099731445312,93.82350158691406,93.02200317382812,93.64949798583984,57870000,92.45021384102958,84.6001795284428
2019-04-18,93.08450317382812,93.54100036621094,92.9739990234375,93.4394989013672,54998000,92.63485717773438,81.64686931360517
2019-04-22,94.3655014038086,94.4209976196289,92.28199768066406,92.7699966430664,67476000,92.92042868477958,80.4514345629583
2019-04-23,96.1884994506836,96.46299743652344,94.47899627685548,94.55999755859376,92808000,93.48971448625836,85.1193683667967
2019-04-24,95.0875015258789,96.4844970703125,94.90799713134766,96.25,73516000,93.90892900739398,73.61462698537579
2019-04-25,95.1125030517578,96.12249755859376,95.0155029296875,95.8499984741211,121982000,94.31878662109375,74.48764606198301
2019-04-26,97.53150177001952,97.5500030517578,94.9000015258789,96.4499969482422,168652000,94.94442967006138,78.3050162891269
2019-04-29,96.92150115966795,97.81700134277344,96.70449829101562,97.4499969482422,80426000,95.47021593366351,72.15917723814326
2019-04-30,96.32599639892578,96.7854995727539,95.34750366210938,96.50499725341795,70120000,95.93328639439174,72.9290968186013
2019-05-01,95.57599639892578,97.18199920654295,95.52749633789062,96.65450286865234,62340000,96.10621425083706,65.94781603914129
2019-05-02,95.04100036621094,96.07749938964844,94.09349822998048,95.66649627685548,79258000,95.9422858101981,63.59674745863209
2019-05-03,98.1230010986328,98.22000122070312,96.8000030517578,97.4499969482422,127632000,96.3759286063058,72.1669629815968
2019-05-06,97.52749633789062,97.9499969482422,95.5250015258789,95.89900207519533,108356000,96.72092764718192,68.91059771538546
2019-05-07,96.0500030517578,97.45500183105467,95.16899871826172,96.99949645996094,118042000,96.50928497314453,59.965630960470335
2019-05-08,95.88849639892578,96.76850128173828,95.5,95.94349670410156,81572000,96.36171286446708,59.05902451274981
2019-05-09,94.99349975585938,95.47000122070312,93.8000030517578,95.0,106166000,96.17135620117188,56.2178256794193
2019-05-10,94.4990005493164,95.1894989013672,92.8000030517578,94.9000015258789,114360000,96.01749965122768,50.45830325647277
2019-05-13,91.13400268554688,92.3270034790039,90.9000015258789,91.8280029296875,115668000,95.45935712541852,34.30913864784935
2019-05-14,92.00599670410156,92.62200164794922,90.7874984741211,91.9749984741211,92582000,94.5854993547712,40.29599802027295
2019-05-15,93.55750274658205,93.72149658203124,91.1500015258789,91.39749908447266,93852000,94.0183574131557,45.5326351265159
2019-05-16,95.37850189208984,95.87550354003906,94.114501953125,94.2969970703125,94156000,93.92242867606026,43.59454983575422
2019-05-17,93.4499969482422,95.52649688720705,93.3665008544922,94.65249633789062,94732000,93.5740716116769,40.4231746305694
2019-05-20,92.94850158691406,93.38899993896484,91.7770004272461,92.6344985961914,75964000,93.28192901611328,40.633937476224894
2019-05-21,92.8759994506836,93.9499969482422,92.3000030517578,93.739501953125,80102000,93.0500717163086,42.2203727249865
2019-05-22,92.98400115966795,93.57450103759766,92.5500030517578,92.58899688720705,58732000,93.31435721261161,43.92355281098923
2019-05-23,90.77400207519533,92.1999969482422,90.20999908447266,91.82949829101562,88486000,93.13835797991071,27.111627531210956
2019-05-24,91.16400146484376,92.08799743652344,90.89250183105467,91.79450225830078,67394000,92.79642922537667,29.923978021406683
2019-05-28,91.82150268554688,92.4635009765625,91.36750030517578,91.6374969482422,64000000,92.28828648158482,35.93173169473695
2019-05-29,90.95950317382812,91.5,90.37650299072266,91.15599822998048,85580000,91.93250165666852,34.33150743270734
2019-05-30,90.81600189208984,91.47350311279295,90.3915023803711,91.27449798583984,62938000,91.62785884312221,36.05408910561746
2019-05-31,88.75350189208984,89.77950286865234,88.63500213623047,89.50050354003906,92376000,91.03893062046596,32.63727882574054
2019-06-03,84.6344985961914,88.31449890136719,83.5999984741211,88.00050354003906,181974000,89.8461445399693,31.214770928620737
2019-06-04,86.47799682617188,86.54100036621094,84.04450225830078,84.96199798583984,113582000,89.23242950439453,34.87221158351069
2019-06-05,86.92500305175781,87.5999984741211,85.76249694824219,87.4800033569336,84796000,88.62685830252511,30.681865150492172
2019-06-06,87.71800231933594,88.0,86.30650329589844,86.885498046875,73786000,88.04064396449498,26.26640010173456
2019-06-07,90.20149993896484,90.3125,87.97450256347656,88.18499755859375,96164000,87.93235778808594,40.27017651782332
2019-06-10,93.03150177001952,94.24349975585938,90.9000015258789,91.0999984741211,107420000,88.24885777064732,50.218168793941054
2019-06-11,93.18499755859376,94.68499755859376,92.9000015258789,94.1624984741211,80854000,88.88192858014789,50.80876835010143
2019-06-12,92.76599884033205,93.25,92.21900177001952,92.6989974975586,53566000,90.04357147216797,49.43854356936492
2019-06-13,93.51499938964844,94.15450286865234,93.11100006103516,93.33599853515624,55916000,91.04885755266461,57.63381292029016
2019-06-14,93.4834976196289,93.8000030517578,92.9499969482422,93.1999969482422,57024000,91.98578534807477,56.591535578607925
2019-06-17,94.30149841308594,94.78450012207033,93.77249908447266,93.8249969482422,52686000,92.92628479003906,56.983934231242564
2019-06-18,95.06849670410156,96.08350372314452,94.989501953125,95.06749725341795,77914000,93.62157004220145,61.63361460419608
2019-06-19,95.4394989013672,95.97899627685548,94.62349700927734,95.39199829101562,57906000,93.96556963239398,62.92381782268762
2019-06-20,95.90950012207033,96.76000213623048,95.29000091552734,96.66649627685548,64344000,94.3547842843192,71.95764247813136
2019-06-21,95.56500244140624,96.29750061035156,95.37899780273438,95.80500030517578,78672000,94.75464194161552,93.65042803946388
2019-06-24,95.69499969482422,95.84300231933594,95.06500244140624,95.63300323486328,45660000,95.06607055664062,92.64367329217518
2019-06-25,93.91349792480467,95.81950378417967,93.62100219726562,95.59200286865234,60246000,95.12749917166573,78.77938431956544
2019-06-26,94.8915023803711,95.19000244140624,94.36599731445312,94.6240005493164,48838000,95.21178545270648,79.09787894599026
2019-06-27,95.21399688720705,95.56199645996094,94.9020004272461,95.0999984741211,42834000,95.23257119315011,74.65446123271164
2019-06-28,94.68150329589844,95.64700317382812,94.1999969482422,95.45500183105467,60748000,95.12428610665458,60.485535837746085
2019-07-01,96.1094970703125,96.49099731445312,95.73300170898438,96.14900207519533,63842000,95.1528570992606,65.99400496026091
2019-07-02,96.71549987792967,96.739501953125,95.3314971923828,95.96900177001952,52918000,95.3172138759068,71.16675594008969
2019-07-03,96.9499969482422,97.07949829101562,96.5250015258789,96.79450225830078,33806000,95.49649919782367,69.48384885554569
2019-07-05,97.14550018310548,97.29499816894533,96.26499938964844,96.43000030517578,52568000,95.95821380615234,70.39206589548401
2019-07-08,97.61599731445312,97.8000030517578,96.4124984741211,96.70600128173828,57668000,96.34742736816406,69.20005020568395
2019-07-09,99.41500091552734,99.50050354003906,97.17400360107422,97.38999938964844,86914000,96.94757080078125,72.48930809963238
2019-07-10,100.87049865722656,101.24700164794922,99.7699966430664,99.82550048828124,98638000,97.8317129952567,75.26519776257103
2019-07-11,100.05349731445312,101.79000091552734,99.76499938964844,101.28099822998048,86356000,98.3951416015625,68.67508984061777
2019-07-12,100.5500030517578,100.8499984741211,100.19349670410156,100.41349792480467,50186000,98.94292776925224,72.16147977907497
2019-07-15,101.04949951171876,101.1449966430664,100.07749938964844,101.06999969482422,59626000,99.52857099260602,73.04697172002827
2019-07-16,100.49500274658205,101.31600189208984,100.06099700927734,100.52899932861328,52364000,100.00707135881696,81.67386440157702
2019-07-17,99.60150146484376,100.5999984741211,99.60150146484376,100.35250091552734,51176000,100.29071480887278,72.85301270827239
2019-07-18,98.8949966430664,99.375,97.57749938964844,99.00050354003906,69738000,100.21642848423551,67.21864231121705
2019-07-19,98.22599792480467,99.8000030517578,98.11150360107422,99.5605010986328,63712000,99.83864266531808,66.37104276491966
2019-07-22,99.28150177001952,99.4499969482422,97.91300201416016,98.55699920654295,58000000,99.72835758754185,65.17268485370002
2019-07-23,99.72450256347656,99.8895034790039,98.65650177001952,99.79949951171876,54070000,99.61042894635882,64.62099216152649
2019-07-24,100.04049682617188,100.06500244140624,98.2935028076172,98.46499633789062,52626000,99.4662857055664,64.8989932426765
2019-07-25,98.69100189208984,100.05999755859376,98.63600158691406,100.0500030517578,82730000,99.2085712977818,56.704707182905516
2019-07-26,97.15249633789062,97.54499816894533,96.22550201416016,97.0999984741211,98542000,98.85871342250277,48.1597619370723
2019-07-29,95.62249755859376,96.61150360107422,94.5270004272461,96.5,89864000,98.39121355329242,34.613967959579085
2019-07-30,94.92649841308594,95.49449920654295,94.17400360107422,94.55599975585938,58218000,97.91985648018974,24.301776959167526
2019-07-31,93.33899688720705,94.97750091552734,92.47200012207033,94.90550231933594,89414000,97.07092721121653,22.783839330941575
2019-08-01,92.76599884033205,94.89600372314452,92.20050048828124,93.58599853515624,94266000,96.07685525076731,18.64321870591624
2019-08-02,91.16200256347656,92.31800079345705,90.4010009765625,92.25350189208984,99124000,94.80849892752512,13.424330307501492
2019-08-05,88.25650024414062,89.43350219726562,87.43900299072266,88.51100158691406,121164000,93.31785583496095,11.435316631286454
2019-08-06,89.3915023803711,89.6884994506836,87.66999816894531,89.61150360107422,101406000,92.20914241245816,18.3096456966079
2019-08-07,89.66999816894531,89.94650268554688,87.8499984741211,88.69950103759766,90538000,91.35878535679409,20.58541194420974
2019-08-08,91.64450073242188,91.71299743652344,89.90550231933594,90.3000030517578,74024000,90.88992854527065,30.62726649641094
2019-08-09,90.37899780273438,91.55449676513672,90.11100006103516,91.44750213623048,57596000,90.46707153320312,24.11535333736478
2019-08-12,89.24600219726562,90.04900360107422,88.8499984741211,89.79949951171875,58110000,89.96421486990792,20.708337847602266
2019-08-13,91.21700286865234,91.58699798583984,89.0,89.1500015258789,79880000,89.97207205636161,27.423699207798407
2019-08-14,88.14800262451172,89.78250122070312,87.86100006103516,89.65049743652344,97872000,89.95657239641461,25.20577940677255
2019-08-15,88.80599975585938,89.4000015258789,88.0979995727539,89.09950256347656,75182000,89.87292916434151,29.523320375905172
2019-08-16,89.62850189208984,90.14550018310548,89.22750091552734,89.64450073242188,60360000,89.86700112479073,34.76593115820765
2019-08-19,90.80599975585938,91.3000030517578,90.63050079345705,90.90399932861328,56326000,89.7472152709961,39.77771805170175
2019-08-20,90.06900024414062,90.84100341796876,89.99400329589844,90.7249984741211,38590000,89.7029299054827,41.53025851973724
2019-08-21,91.177001953125,91.47899627685548,90.75,90.96949768066406,40636000,89.97878701346261,45.99526907473913
2019-08-22,90.23300170898438,91.47049713134766,90.00499725341797,91.4000015258789,53070000,89.83821541922433,47.57807807210512
2019-08-23,87.48100280761719,90.24500274658205,87.2614974975586,89.65149688720703,105416000,89.74292973109654,47.96195227191614
2019-08-26,88.44349670410156,88.5,87.17549896240234,88.34549713134766,61600000,89.69114358084542,47.48579478199781
2019-08-27,88.09149932861328,88.97000122070312,87.33399963378906,88.7864990234375,60394000,89.47157178606305,45.82992204320256
2019-08-28,88.2125015258789,88.39299774169922,87.20249938964844,87.75,48394000,89.101072038923,39.94903903000771
2019-08-29,89.31999969482422,89.92749786376953,88.86250305175781,89.1500015258789,60302000,88.99407196044922,46.86964526780934
2019-08-30,88.81449890136719,89.98699951171875,88.22850036621094,89.87449645996094,61174000,88.65657152448382,48.67535368089509
2019-09-03,89.49199676513672,90.04000091552734,88.4000015258789,88.5,70860000,88.55071367536273,44.24767413697303
2019-09-04,90.03099822998047,90.38150024414062,89.8115005493164,90.25,46482000,88.91499873570034,57.55374369521571
2019-09-05,92.03600311279295,92.0999984741211,90.77899932861328,91.09750366210938,66216000,89.42821393694196,61.6935922684071
2019-09-06,91.67549896240234,92.03250122070312,91.31999969482422,91.91100311279295,49938000,89.94021388462612,57.66723057930595
2019-09-09,91.56749725341795,92.5,91.23049926757812,92.0500030517578,59990000,90.41949898856026,53.10068536855252
2019-09-10,91.02749633789062,91.29049682617188,90.26699829101562,91.1374969482422,52278000,90.6634270804269,53.96646287944899
2019-09-11,91.14949798583984,91.6709976196289,90.4540023803711,90.60700225830078,48656000,90.9969983782087,49.87606922522124
2019-09-12,92.17749786376952,92.68299865722656,91.71399688720705,91.88150024414062,56470000,91.3806413922991,58.69592364398397
2019-09-13,91.96700286865234,92.30599975585938,91.7584991455078,92.10050201416016,39426000,91.65721348353793,75.96365373729077
2019-09-16,90.39199829101562,91.28450012207033,90.01000213623047,91.20099639892578,73510000,91.42235565185545,60.53072123528186
2019-09-17,91.12750244140624,91.19950103759766,90.20500183105467,90.35399627685548,39648000,91.3440704345703,65.75504738767948
2019-09-18,90.8730010986328,91.10299682617188,89.7750015258789,90.85199737548828,50112000,91.24485669817243,63.61772568903429
2019-09-19,91.0749969482422,91.62850189208984,90.8949966430664,91.0510025024414,40630000,91.25164249965123,59.90067943940451
2019-09-20,89.70800018310547,91.53150177001952,89.0459976196289,91.08550262451172,106838000,91.04571424211774,54.59406830789944
2019-09-23,89.26499938964844,89.63500213623047,88.36599731445312,88.8499984741211,58446000,90.62964303152901,48.80401969651291
2019-09-24,87.08049774169922,89.7854995727539,86.77749633789062,89.53050231933594,92320000,89.93157087053571,36.751843371331205
2019-09-25,88.41649627685547,88.6500015258789,86.1500015258789,87.36799621582031,69864000,89.64935629708427,32.709098410486206
2019-09-26,86.99199676513672,88.16850280761719,86.57499694824219,88.1395034790039,70736000,89.0585697719029,29.690814556224126
2019-09-27,86.27249908447266,87.45600128173828,85.69100189208984,87.4000015258789,78144000,88.40135519845145,28.195524154935455
2019-09-30,86.79550170898438,86.87300109863281,85.46099853515625,86.34950256347656,52894000,87.78999873570034,32.54847575708763
2019-10-01,86.78250122070312,87.77999877929688,86.42050170898438,87.30000305175781,61690000,87.3720703125,31.82840717960636
2019-10-02,85.6614990234375,86.44450378417969,85.25,86.38700103759766,66022000,86.85728454589844,23.094399965724833
2019-10-03,86.22100067138672,86.25,84.25299835205078,85.6500015258789,69364000,86.7344992501395,26.938519048365663
2019-10-04,86.98249816894531,87.02899932861328,85.96150207519531,86.3010025024414,49438000,86.52964237758091,35.36004161785483
2019-10-07,86.63300323486328,87.3915023803711,86.18499755859375,86.58149719238281,43094000,86.47835758754185,30.039514174210822
2019-10-08,85.27549743652344,86.3499984741211,85.25,86.12449645996094,50840000,86.33592878069196,27.35911707234594
2019-10-09,86.09950256347656,86.49749755859375,85.71800231933594,85.98049926757812,40870000,86.2365003313337,30.83917135882905
2019-10-10,86.01300048828125,86.91449737548828,85.6875,86.26200103759766,51504000,86.12657165527344,34.2134650901569
2019-10-11,86.59600067138672,87.27249908447266,86.49299621582031,87.14600372314453,65100000,86.26007189069476,38.73175514579456
2019-10-14,86.82150268554688,87.09449768066406,86.0999984741211,86.44550323486328,38204000,86.34585789271763,48.6898280763587
2019-10-15,88.36900329589844,88.82250213623047,87.03099822998047,87.10700225830078,62234000,86.54393005371094,49.76478172121589
2019-10-16,88.87149810791016,89.31199645996094,88.5260009765625,88.66649627685547,55268000,86.86371503557477,60.244180340821195
2019-10-17,89.3740005493164,89.94249725341797,89.10099792480469,89.82450103759766,52948000,87.44921548025948,67.31422516159148
2019-10-18,87.87550354003906,89.6989974975586,87.45999908447266,89.38999938964844,67250000,87.7029299054827,55.43697688138343
2019-10-21,89.28299713134766,89.29399871826172,88.25,88.48300170898438,42608000,88.17007228306362,61.03825508373709
2019-10-22,88.2864990234375,89.48899841308594,88.0999984741211,89.40750122070312,42234000,88.4115720476423,61.71666208076455
2019-10-23,88.1084976196289,88.50250244140625,87.0999984741211,88.06500244140625,42764000,88.59542846679688,58.72185996401234
2019-10-24,89.03900146484375,89.41699981689453,88.01349639892578,88.55449676513672,88922000,88.69114249093192,59.35667196143336
2019-10-25,88.06649780273438,88.21050262451172,84.75,84.87750244140625,192528000,88.57614244733539,56.17219913604782
2019-10-28,88.85399627685547,88.93499755859375,87.125,87.40299987792969,74178000,88.5018561226981,66.20329523416032
2019-10-29,88.135498046875,88.8499984741211,87.79049682617188,88.7405014038086,45538000,88.53899819510323,59.30783643778243
2019-10-30,88.99949645996094,89.11900329589844,87.95600128173828,88.01200103759766,48988000,88.49849809919085,62.74701356352112
2019-10-31,88.83300018310547,89.5999984741211,88.5739974975586,88.79949951171875,55624000,88.57656969342914,59.899989870682376
2019-11-01,89.5719985961914,89.87249755859375,89.260498046875,89.40049743652344,55808000,88.78564126150948,61.64331090879143
2019-11-04,90.23300170898438,90.75299835205078,90.05049896240234,90.05049896240234,55438000,88.95621272495815,58.53089471772954
2019-11-05,90.08550262451172,90.5124969482422,89.69999694824219,90.45800018310548,37710000,89.24464198521206,55.74269360415178
2019-11-06,89.78849792480469,90.125,89.42900085449219,90.05000305175781,40596000,89.37814222063336,51.99960250129739
2019-11-07,89.41000366210938,90.29499816894533,89.17400360107422,90.18800354003906,53022000,89.56021445138114,58.29953767205252
2019-11-08,89.29399871826172,89.49400329589844,88.7020034790039,89.39450073242188,42466000,89.60228620256696,50.069166244570305
2019-11-11,88.5824966430664,89.0,88.35649871826172,88.9000015258789,38920000,89.56649998256138,51.93008185572816
2019-11-12,88.9000015258789,89.31099700927734,88.59549713134766,88.73300170898438,40752000,89.47050040108817,55.068862339814686
2019-11-13,87.65550231933594,88.75,87.36599731445312,88.66950225830078,59790000,89.10228620256696,41.48249604040199
2019-11-14,87.7300033569336,88.32949829101562,87.47799682617188,87.57150268554688,45296000,88.76578630719867,47.67083615424181
2019-11-15,86.97450256347656,88.08399963378906,86.64299774169922,88.00250244140625,78552000,88.36378696986607,36.93254332408591
2019-11-18,87.62650299072266,87.68499755859375,86.135498046875,86.91500091552734,56790000,88.10900115966797,46.42810869385977
2019-11-19,87.6395034790039,88.03399658203125,87.15149688720703,87.84950256347656,45416000,87.87264469691685,39.1616920837554
2019-11-20,87.27649688720703,88.1259994506836,86.70600128173828,87.45700073242188,55800000,87.68607330322266,37.972347730938665
2019-11-21,86.7354965209961,87.34349822998047,86.51799774169922,87.1500015258789,53258000,87.37685830252511,27.38946082962761
2019-11-22,87.28600311279297,87.32150268554688,86.55000305175781,86.95099639892578,49582000,87.3240727015904,26.08741947505723
2019-11-25,88.69200134277344,88.87100219726562,87.66200256347656,87.6624984741211,69724000,87.4615009852818,40.61049348000201
2019-11-26,89.84700012207031,89.85150146484375,88.9175033569336,88.99600219726562,63624000,87.87185777936664,50.353337351462834
2019-11-27,90.92549896240234,91.2249984741211,89.8655014038086,90.05000305175781,60512000,88.34314291817802,58.43955769425228
2019-11-29,90.04000091552734,91.2344970703125,90.03949737548828,90.88899993896484,38468000,88.68607112339565,53.826430783005605
2019-12-02,89.08000183105469,90.27749633789062,88.13400268554688,90.22000122070312,78512000,88.94371468680245,52.48839355152363
2019-12-03,88.49800109863281,88.64350128173828,87.36150360107422,88.0,67618000,89.19550105503627,48.04112627339247
2019-12-04,88.03450012207031,89.45449829101562,88.01100158691406,88.70050048828125,53402000,89.30242919921875,51.99893124217345
2019-12-05,87.02400207519531,88.17500305175781,87.0,88.17500305175781,56476000,89.06414358956474,46.610979551685524
2019-12-06,87.58000183105469,87.72000122070312,87.00650024414062,87.55999755859375,62348000,88.74028669084821,52.96333800812188
2019-12-09,87.47550201416016,88.34449768066406,87.28050231933594,87.53299713134766,48856000,88.24742998395648,49.21914945996957
2019-12-10,86.96050262451172,87.53350067138672,86.75,87.37000274658203,50286000,87.80750165666852,46.66207598035906
2019-12-11,87.43599700927734,87.5,86.7854995727539,87.08350372314453,41952000,87.57264382498605,50.77551529144329
2019-12-12,88.0165023803711,88.19999694824219,87.27200317382812,87.5,61918000,87.5038582938058,56.20462124257976
2019-12-13,88.0469970703125,88.44950103759766,87.75,88.25,54914000,87.50564357212612,53.881439523946284
2019-12-16,88.46050262451172,88.4749984741211,87.85250091552734,88.3499984741211,62904000,87.71085793631417,48.686232961468086
2019-12-17,89.53299713134766,89.5999984741211,88.86949920654297,88.90049743652344,72888000,87.98985726492745,48.201172207920486
2019-12-18,89.20149993896484,89.91000366210938,89.11799621582031,89.7509994506836,67028000,88.23642839704242,39.19933772048899
2019-12-19,89.61399841308594,89.64949798583984,88.7030029296875,89.0250015258789,53056000,88.61549922398159,47.16300489692477
2019-12-20,89.32499694824219,90.14849853515624,89.12249755859375,89.98100280761719,103016000,88.88535635811942,51.79168833371646
2019-12-23,89.6500015258789,89.6500015258789,89.22550201416016,89.41300201416016,42728000,89.11871337890625,58.75381035256413
2019-12-24,89.46050262451172,89.77850341796875,89.37899780273438,89.69049835205078,17626000,89.32064274379185,61.306725998410236
2019-12-26,93.4384994506836,93.52300262451172,89.9749984741211,90.05049896240234,120108000,90.0317851475307,84.58512786971563
2019-12-27,93.48999786376952,95.06999969482422,93.30049896240234,94.14600372314452,123732000,90.5970709664481,83.69827270441431
2019-12-30,92.34449768066406,94.1999969482422,92.03099822998048,93.6999969482422,73494000,91.0460706438337,74.81651715060106
2019-12-31,92.39199829101562,92.66300201416016,91.61150360107422,92.0999984741211,50130000,91.44292776925224,79.06877608634768
2020-01-02,94.90049743652344,94.90049743652344,93.2074966430664,93.75,80580000,92.2394278390067,82.80956050567107
2020-01-03,93.74849700927734,94.30999755859376,93.2249984741211,93.2249984741211,75288000,92.8249271937779,73.98928167283563
2020-01-06,95.1439971923828,95.18450164794922,93.0,93.0,81236000,93.63685498918805,76.65640778757819
2020-01-07,95.34300231933594,95.69450378417967,94.60199737548828,95.2249984741211,80898000,93.90892682756696,76.27410490384257
2020-01-08,94.59850311279295,95.5500030517578,94.3219985961914,94.9020004272461,70160000,94.0672847202846,69.83439324524231
2020-01-09,95.05249786376952,95.89099884033205,94.79000091552734,95.49449920654295,63346000,94.45414188929966,72.69236231935515
2020-01-10,94.15799713134766,95.34700012207033,94.0,95.26850128173828,57074000,94.70642743791852,66.98818054293406
2020-01-13,94.56500244140624,94.9000015258789,94.04000091552734,94.56549835205078,55616000,94.65849958147321,69.41892894464225
2020-01-14,93.47200012207033,94.35549926757812,92.92749786376952,94.29399871826172,68818000,94.61900002615792,63.401115089880896
2020-01-15,93.10099792480467,93.94300079345705,92.75450134277344,93.6125030517578,57932000,94.32714298793248,62.604279094732505
2020-01-16,93.89700317382812,94.27950286865234,93.3010025024414,94.14949798583984,53190000,94.12057168143136,52.03607246747034
2020-01-17,93.23600006103516,94.33200073242188,92.8625030517578,94.29450225830078,79946000,93.9259283883231,48.92999660602077
2020-01-21,94.5999984741211,94.7135009765625,93.0,93.25,74156000,93.86128561837333,59.32987657282078
2020-01-22,94.3730010986328,95.125,94.16699981689452,94.80449676513672,64326000,93.89200047084263,58.07451136975679
2020-01-23,94.22899627685548,94.4990005493164,93.63800048828124,94.25550079345705,49692000,93.84399959019252,46.60944278754929
2020-01-24,93.08200073242188,94.74949645996094,92.37200164794922,94.56849670410156,75324000,93.78828539167132,46.633011816197964
2020-01-27,91.41699981689452,92.0500030517578,90.76699829101562,91.0,70570000,93.54771423339844,31.67113283621407
2020-01-28,92.6624984741211,92.90550231933594,91.5009994506836,92.0250015258789,56160000,93.37135641915458,38.047880732927545
2020-01-29,92.9000015258789,93.7375030517578,92.7509994506836,93.1999969482422,41760000,93.32335662841797,42.06790448962614
2020-01-30,93.53399658203124,93.64350128173828,92.53050231933594,92.9000015258789,126548000,93.17107064383369,43.02576814208535
2020-01-31,100.43599700927734,102.78600311279295,100.1135025024414,102.57350158691406,311346000,94.03721291678292,68.5805470904995
2020-02-03,100.20999908447266,102.4250030517578,100.0124969482422,100.52999877929688,117834000,94.89164188929965,66.88803605575988
2020-02-04,102.4834976196289,102.98999786376952,100.76850128173828,101.49400329589844,105786000,96.23471287318637,75.18092282686867
2020-02-05,101.99349975585938,103.5510025024414,101.5999984741211,103.5510025024414,87524000,97.74564143589565,74.684256315509
2020-02-06,102.5114974975586,102.81500244140624,101.23999786376952,102.0510025024414,63660000,99.15264129638672,74.28740436094718
2020-02-07,103.96399688720705,104.92649841308594,101.90499877929688,102.09950256347656,101906000,100.73321206229073,78.95391637887222
2020-02-10,106.69550323486328,106.77999877929688,104.2480010986328,104.25050354003906,101124000,102.6134272984096,80.40065503858128
2020-02-11,107.54000091552734,109.29750061035156,106.8000030517578,107.54499816894533,114920000,103.62828499930245,82.09742015468584
2020-02-12,108.0,109.0124969482422,107.7645034790039,108.16000366210938,66686000,104.74114227294922,83.06047801423885
2020-02-13,107.49349975585938,108.51399993896484,107.0999984741211,107.24949645996094,60636000,105.45685686383929,85.69589596520477
2020-02-14,106.74349975585938,107.9520034790039,106.29450225830078,107.78399658203124,52124000,106.13542829241071,89.76469475085246
2020-02-18,107.78350067138672,108.30349731445312,106.20549774169922,106.2509994506836,58912000,106.88857160295758,89.65437623898667
2020-02-19,108.51100158691406,109.25499725341795,108.05599975585938,108.38999938964844,51224000,107.53814370291573,89.91359773536882
2020-02-20,107.65499877929688,108.8395004272461,106.37249755859376,108.65350341796876,62626000,107.67521449497768,85.6987619689069
2020-02-21,104.79850006103516,107.22750091552734,104.4000015258789,107.10749816894533,92926000,107.2835715157645,63.86462278562041
2020-02-24,100.4645004272461,101.96499633789062,99.39849853515624,100.15899658203124,130940000,106.20707157679966,50.641368272823975
2020-02-25,98.63700103759766,101.7300033569336,97.9209976196289,101.3209991455078,124382000,104.94185747419085,40.08353802167992
2020-02-26,98.97949981689452,100.7334976196289,98.02249908447266,98.51399993896484,104492000,103.8327146257673,42.17020917311034
2020-02-27,94.21499633789062,98.75,94.13800048828124,96.71900177001952,162880000,101.89435686383929,32.34299156865055
2020-02-28,94.1875,94.48799896240234,90.55650329589844,90.73149871826172,189620000,99.848142351423,27.84966135569036
2020-03-02,97.69750213623048,97.72550201416016,93.5,95.32450103759766,135234000,98.42564283098493,30.30813443656288
2020-03-03,95.44950103759766,99.81649780273438,94.40450286865234,98.76850128173828,150690000,97.09007154192243,25.07165189793372
2020-03-04,98.79149627685548,98.9000015258789,96.0999984741211,97.32849884033205,95458000,96.8510709490095,33.03049142777449
2020-03-05,96.20149993896484,98.03600311279295,95.5,96.6500015258789,94964000,96.50314222063336,30.674970145445812
2020-03-06,95.05449676513672,95.5435028076172,93.4749984741211,93.75,105472000,95.9424274989537,30.263729780351866
2020-03-09,90.03050231933594,93.13849639892578,88.06449890136719,88.69300079345703,156264000,95.34464263916017,23.579482812455666
2020-03-10,94.59100341796876,94.7135009765625,90.90850067138672,93.54399871826172,142666000,95.40228598458428,31.405288681832815
2020-03-11,91.04299926757812,93.56600189208984,90.0749969482422,92.89250183105467,112496000,94.45164271763393,29.29813819318602
2020-03-12,83.83049774169922,88.25,83.75,86.0989990234375,226924000,92.79178510393415,26.428791969563406
2020-03-13,89.25,89.31549835205078,84.03099822998047,87.75,176194000,91.42871420724052,37.69354794687766
2020-03-16,84.4574966430664,87.97250366210938,81.30149841308594,82.07550048828125,178346000,89.7509994506836,35.39054020231647
2020-03-17,90.39199829101562,92.88899993896484,84.46199798583984,88.77349853515625,218342000,89.08492824009487,42.066314494177455
2020-03-18,91.5,92.08300018310548,87.25,87.5,192904000,89.29485648018974,47.3099674075633
2020-03-19,94.04650115966795,97.25,91.63249969482422,93.0,207998000,89.21707044328961,49.866939569785906
2020-03-20,92.30449676513672,97.8499984741211,91.0364990234375,96.31549835205078,196358000,89.39728437151227,44.734936883775504
2020-03-23,95.1415023803711,95.97000122070312,90.5999984741211,91.3874969482422,156170000,91.01314217703683,49.70272704672833
2020-03-24,97.00499725341795,97.75,95.01699829101562,97.5749969482422,142942000,92.12099892752511,48.225056418282676
2020-03-25,94.29199981689452,97.51300048828124,94.28900146484376,96.03450012207033,129582000,93.52592795235769,48.10747645177505
2020-03-26,97.77449798583984,97.82450103759766,94.4645004272461,95.0999984741211,124426000,94.580570765904,52.57653892328777
2020-03-27,95.00499725341795,96.989501953125,94.99600219726562,96.54299926757812,107758000,95.08128465924942,54.92236530094721
2020-03-30,98.19750213623048,98.68150329589844,95.61699676513672,96.1415023803711,122522000,95.67428479875835,53.66800963235558
2020-03-31,97.48600006103516,99.6510009765625,97.20050048828124,98.21749877929688,102472000,96.41449955531527,56.95412631900358
2020-04-01,95.38500213623048,97.2480010986328,94.6500015258789,96.64849853515624,82438000,96.44928523472377,64.01785803539397
2020-04-02,95.94149780273438,96.37650299072266,94.5,95.08200073242188,86720000,96.29735674176898,59.204132030540656
2020-04-03,95.32949829101562,96.31649780273438,94.4574966430664,95.55750274658205,72198000,96.44557080950055,66.89773032075468
2020-04-06,99.87950134277344,99.9260025024414,96.5009994506836,96.8000030517578,115464000,96.74628557477679,65.40904132171599
2020-04-07,100.58000183105467,101.78600311279295,99.88099670410156,100.85549926757812,102280000,97.54271480015346,64.94502607676205
2020-04-08,102.1500015258789,102.1999969482422,100.55750274658205,101.0500030517578,79546000,98.10735757010323,63.78075799086286
2020-04-09,102.13800048828124,102.6500015258789,100.88300323486328,102.21499633789062,92930000,98.77192905970982,67.76828742756668
2020-04-13,108.44349670410156,109.0,101.9000015258789,102.0,134334000,100.6374282836914,71.35837804027406
2020-04-14,114.16600036621094,114.5999984741211,109.3105010986328,110.02349853515624,161744000,103.24092864990234,74.51641881689123
2020-04-15,115.38400268554688,116.6685028076172,112.25,112.88400268554688,137332000,106.1058578491211,81.47683776403937
2020-04-16,120.40950012207033,123.0500030517578,116.75,117.3000030517578,240764000,109.03871481759208,82.29234898984056
2020-04-17,118.75,120.0,115.8010025024414,118.6165008544922,158600000,111.63442884172711,84.98394066261987
2020-04-20,119.68049621582033,122.2490005493164,119.30249786376952,119.49749755859376,115414000,114.13878522600446,83.91159776525542
2020-04-21,116.40599822998048,121.41549682617188,113.98300170898438,120.83049774169922,149534000,116.1770706176758,77.63012290196053
2020-04-22,118.17449951171876,119.6999969482422,117.5500030517578,118.4499969482422,84244000,117.56721387590683,83.60738072677215
2020-04-23,119.97250366210938,121.21099853515624,119.10399627685548,119.9990005493164,101332000,118.39671434674946,84.1864222968367
2020-04-24,120.51100158691406,121.02149963378906,119.0999984741211,120.8499984741211,76498000,119.12914276123048,85.89818831390023
2020-04-27,118.8000030517578,122.24400329589844,118.1500015258789,122.16000366210938,112912000,118.8992146083287,79.3482191884573
2020-04-28,115.7040023803711,118.6750030517578,115.3000030517578,118.6050033569336,105388000,118.46407209123886,71.83656042280462
2020-04-29,118.635498046875,119.59449768066406,115.5,116.50050354003906,91832000,118.31478663853237,72.90193465702109
2020-04-30,123.6999969482422,123.75,119.80049896240234,120.99199676513672,190692000,119.3567864554269,76.26693443782742
2020-05-01,114.302001953125,118.12200164794922,112.90950012207033,116.83999633789062,195452000,118.80357251848493,56.63680467853562
2020-05-04,115.79949951171876,116.3489990234375,112.81900024414062,112.81900024414062,97318000,118.20742906842914,52.046402427857984
2020-05-05,115.88999938964844,117.5500030517578,115.35649871826172,117.0,64850000,117.54728589739118,50.65232692317527
2020-05-06,117.56300354003906,117.87249755859376,116.0,116.47200012207033,62356000,117.37057168143136,45.98309760649911
2020-05-07,118.38050079345705,118.8000030517578,117.15550231933594,118.73899841308594,67928000,117.75292859758649,49.46587929143289
2020-05-08,118.98049926757812,119.36199951171876,117.8499984741211,118.60700225830078,64132000,117.80221448625836,48.978374726137595
2020-05-11,120.4499969482422,120.9834976196289,118.60549926757812,118.73500061035156,65184000,117.33792877197266,56.23035731035409
2020-05-12,117.84750366210938,120.9499969482422,117.75,120.59249877929688,61498000,117.84442901611328,49.508837937605215
2020-05-13,118.39600372314452,120.38500213623048,116.88999938964844,118.33999633789062,95658000,118.21535818917411,47.53967700216246
2020-05-14,119.44249725341795,119.56849670410156,117.6604995727539,118.05049896240234,72962000,118.72285788399833,48.35849431226148
2020-05-15,120.48899841308594,120.5500030517578,117.81849670410156,118.4260025024414,84700000,119.14085715157645,52.64882500716709
2020-05-18,121.31300354003906,121.6500015258789,119.20050048828124,120.21749877929688,87144000,119.55978611537388,59.47147142814074
2020-05-19,122.46649932861328,124.25,121.44850158691406,121.4915008544922,86410000,120.0577861240932,56.882373403677015
2020-05-20,124.89700317382812,125.00050354003906,123.3635025024414,123.89350128173828,79962000,120.69307272774833,52.37520248277948
2020-05-21,122.33699798583984,126.27249908447266,122.1269989013672,125.0,102288000,121.33442905970982,71.8818058401458
2020-05-22,121.84400177001952,123.49250030517578,121.50650024414062,122.75050354003906,57342000,121.82700020926339,67.41380303224113
2020-05-26,121.09300231933594,123.0999984741211,120.7030029296875,122.9000015258789,71364000,122.06278664725167,64.43995744882677
2020-05-27,120.51950073242188,120.6790008544922,116.5,120.24949645996094,101138000,122.06714412144252,58.738507304902654
2020-05-28,120.05500030517578,121.84850311279295,118.9114990234375,119.21649932861328,63804000,121.88742937360492,55.054790166788685
2020-05-29,122.11849975585938,122.11849975585938,119.91000366210938,120.7969970703125,70198000,121.83771514892578,58.70361608136668
2020-06-01,123.552001953125,123.84649658203124,122.20850372314452,122.4000015258789,58578000,121.64557211739677,58.62099235152125
2020-06-02,123.62049865722656,123.67649841308594,122.2655029296875,123.3499984741211,50598000,121.8289293561663,68.6743699345502
2020-06-03,123.91999816894533,124.4000015258789,123.05850219726562,123.40049743652344,53420000,122.12550027029855,68.16147547110563
2020-06-04,123.02999877929688,125.3769989013672,122.50050354003906,123.87149810791016,58974000,122.40221405029297,61.91741715331928
2020-06-05,124.1500015258789,124.43250274658205,121.85649871826172,122.22550201416016,66128000,122.92085702078683,62.102483524299274
2020-06-08,126.2030029296875,126.5,124.36699676513672,125.01000213623048,79414000,123.79914311000279,64.9504653957543
2020-06-09,130.04299926757812,131.32150268554688,126.25,126.47200012207033,103520000,124.93121446881976,69.89574372004066
2020-06-10,132.37249755859375,136.11749267578125,131.31300354003906,132.25,98920000,126.19128526960101,69.73519580348025
2020-06-11,127.89800262451172,133.56900024414062,126.8115005493164,130.1750030517578,116002000,126.80235726492745,63.33319187202335
2020-06-12,127.2509994506836,131.07400512695312,125.1675033569336,130.0605010986328,108722000,127.27821459089007,62.86890425485556
2020-06-15,128.63400268554688,129.1999969482422,125.4000015258789,126.33000183105467,77302000,128.0787865774972,67.42375364811284
2020-06-16,130.7635040283203,131.0,128.8000030517578,131.0,71712000,129.02357264927454,72.08140126156691
2020-06-17,132.0489959716797,132.75,131.59100341796875,132.375,59186000,129.8587145124163,74.9698137362192
2020-06-18,132.69900512695312,132.98199462890625,131.8054962158203,132.35049438476562,49756000,130.23814392089844,73.40457274243707
2020-06-19,133.75050354003906,134.8715057373047,132.9499969482422,133.9040069580078,115540000,130.43500191824776,72.94737788984196
2020-06-22,135.6909942626953,135.75,133.4499969482422,134.22500610351562,64176000,131.54828643798828,75.0492878046803
2020-06-23,138.2205047607422,139.15550231933594,135.90199279785156,136.30099487304688,84634000,133.11535862513952,77.16300212678757
2020-06-24,136.72000122070312,139.8000030517578,136.0500030517578,139.0,90532000,134.27050127301897,75.41397402029406
2020-06-25,137.72900390625,137.81149291992188,135.60699462890625,136.9774932861328,59374000,135.26557268415178,75.31223112028887
2020-06-26,134.64349365234375,139.1284942626953,134.39999389648438,138.7530059814453,130016000,135.63621520996094,65.15048432271236
2020-06-29,134.0189971923828,134.83999633789062,131.50399780273438,134.50050354003906,84468000,135.82478550502233,58.06817281063755
2020-06-30,137.9409942626953,138.48150634765625,133.75149536132812,134.2534942626953,75394000,136.42342703683036,60.61373078001412
2020-07-01,143.93499755859375,144.75,137.6999969482422,137.89950561523438,127268000,137.60114179338728,78.89338127451366
2020-07-02,144.51499938964844,147.7779998779297,143.55499267578125,145.60049438476562,131868000,138.50035531180245,81.17931585449568
2020-07-06,152.8520050048828,152.99400329589844,146.5,146.74850463867188,137612000,140.804927280971,84.95768694195814
2020-07-07,150.00599670410156,153.4774932861328,149.5,152.92750549316406,105150000,142.55878339494978,77.21284731513211
2020-07-08,154.0554962158203,154.19850158691406,150.6215057373047,151.1304931640625,100752000,145.33192661830358,78.86511979415596
2020-07-09,159.13150024414062,159.69400024414062,153.6999969482422,155.79949951171875,127774000,148.91942705426897,81.06377301432002
2020-07-10,160.0,160.75,156.78500366210938,159.58799743652344,109720000,152.07071358816964,80.98197186081617
2020-07-13,155.1999969482422,167.21449279785156,153.41949462890625,162.55299377441406,154408000,153.67999921526228,71.57023449288586
2020-07-14,154.1999969482422,156.36900329589844,147.5,154.4499969482422,144638000,155.0635702950614,68.2862954061452
2020-07-15,150.44349670410156,154.91749572753906,148.65899658203125,154.01150512695312,115778000,154.71949768066406,64.93355157917739
2020-07-16,149.9949951171875,151.60000610351562,145.9114990234375,148.55299377441406,127884000,154.71792602539062,63.51236321460389
2020-07-17,148.09849548339844,151.1999969482422,147.42250061035156,150.4499969482422,95226000,153.86692592075892,65.2209276513683
2020-07-20,159.8419952392578,160.0679931640625,149.7010040283203,150.00999450683594,151964000,153.96842520577567,73.34049223765503
2020-07-21,156.9145050048828,162.0290069580078,155.28599548339844,161.62449645996094,122426000,153.52764020647322,67.463441106067
2020-07-22,154.99549865722656,157.5,153.26300048828125,156.25,82084000,153.49842616489954,61.00579790330471
2020-07-23,149.32749938964844,154.9134979248047,148.5,154.9134979248047,113138000,152.80235508510046,54.34839436222023
2020-07-24,150.44549560546875,151.57899475097656,144.39999389648438,146.5,112648000,152.8026406424386,47.49934119334858
2020-07-27,152.760498046875,154.89999389648438,150.7884979248047,153.10000610351562,83410000,153.19771248953683,52.894204472542256
2020-07-28,150.01649475097656,153.85450744628906,149.78799438476562,152.7135009765625,62534000,153.47171238490515,45.63643724909926
2020-07-29,151.67649841308594,151.95799255371094,149.8385009765625,151.54949951171875,59482000,152.30521283830916,41.30409322793207
2020-07-30,152.593994140625,154.60000610351562,150.25,150.6999969482422,122566000,151.68799700055803,41.371107789328164
2020-07-31,158.23399353027344,162.34100341796875,157.5500030517578,162.1999969482422,161710000,152.150639125279,53.467107846590466
2020-08-03,155.59449768066406,159.1999969482422,155.1999969482422,159.02549743652344,101494000,153.0459245954241,51.536013886815994
2020-08-04,156.94149780273438,158.36199951171875,155.0605010986328,155.0605010986328,93886000,153.9739249093192,57.55862888130241
2020-08-05,160.25149536132812,160.67950439453125,156.36500549316406,157.18850708007812,78330000,155.0440673828125,61.18594256006763
2020-08-06,161.25,162.37350463867188,158.27149963378906,159.71800231933594,78812000,156.6488538469587,64.62985274362889
2020-08-07,158.3730010986328,162.04049682617188,157.0334930419922,161.20050048828125,78722000,157.6054970877511,47.96431030312053
2020-08-10,157.4080047607422,158.62550354003906,155.0760040283203,158.5155029296875,63346000,158.293212890625,50.72321432564546
2020-08-11,154.0334930419922,157.96099853515625,153.64999389648438,155.66000366210938,74362000,157.6931413922991,48.64788121016841
2020-08-12,158.11199951171875,158.71949768066406,155.0709991455078,155.39999389648438,70442000,158.0527845110212,62.92426979237242
2020-08-13,158.05099487304688,160.87600708007812,157.75,159.14950561523438,62980000,158.21128409249442,61.54884894746744
2020-08-14,157.4010009765625,158.91200256347656,156.0,158.90899658203125,55034000,157.80407060895647,57.42183305512441
2020-08-17,159.12049865722656,159.74850463867188,157.70899963378906,158.656005859375,53824000,157.4998561314174,65.05390885905783
2020-08-18,165.62449645996094,166.0,160.29100036621094,160.60000610351562,106920000,158.53578404017858,69.8791371011868
2020-08-19,163.0240020751953,165.7949981689453,162.8000030517578,165.15049743652344,83702000,159.33806937081474,64.18469754892337
2020-08-20,164.86849975585938,165.63099670410156,161.89999389648438,162.60000610351562,66650000,160.88592747279577,60.06158220826782
2020-08-21,164.23599243164062,165.72000122070312,163.76950073242188,164.75,71518000,161.76078360421317,63.95477141022463
2020-08-24,165.3730010986328,169.01600646972656,162.8780059814453,165.50750732421875,93326000,162.8067844935826,63.7086390423326
2020-08-25,167.32449340820312,167.8699951171875,163.35000610351562,164.74949645996094,79856000,164.22442626953125,62.0313585268843
2020-08-26,172.09249877929688,172.58700561523438,167.22850036621094,167.5554962158203,130174000,166.07756914411272,66.34702982050277
2020-08-27,170.0,172.64999389648438,168.89999389648438,172.50250244140625,85296000,166.702641078404,67.95452949611945
2020-08-28,170.08999633789062,171.6685028076172,169.3249969482422,171.14999389648438,57940000,167.71206883021765,70.12758113130235
2020-08-31,172.54800415039062,174.75,170.25,170.44949340820312,83718000,168.80914088657923,80.26482315773404
2020-09-01,174.95599365234375,175.69349670410156,173.35000610351562,174.47900390625,68644000,170.34056963239397,79.1247340515349
2020-09-02,176.57249450683594,177.6125030517578,174.33450317382812,177.35000610351562,78630000,171.94049726213728,80.39052700364789
2020-09-03,168.39999389648438,174.42050170898438,165.14999389648438,174.25,163222000,172.0941401890346,64.47426547364701
2020-09-04,164.7310028076172,169.0749969482422,155.55650329589844,165.89999389648438,175636000,171.04249790736608,57.02287644367298
2020-09-08,157.49200439453125,162.54249572753906,156.5,157.1999969482422,121884000,169.2556413922991,40.004186092046766
2020-09-09,163.4304962158203,165.15899658203125,159.25,160.14950561523438,103774000,168.30428423200334,50.46174165346497
2020-09-10,158.7554931640625,167.4945068359375,158.52749633789062,165.36099243164062,106614000,166.33392551967077,43.475700517550806
2020-09-11,155.81100463867188,160.86700439453125,154.19900512695312,160.4344940185547,101880000,163.5989270891462,41.43104923165934
2020-09-14,155.14849853515625,159.3695068359375,154.8000030517578,158.64700317382812,90592000,160.5383562360491,39.49943130727868
2020-09-15,157.80650329589844,158.75100708007812,155.4459991455078,156.80799865722656,80430000,159.0250004359654,40.36484311017182
2020-09-16,153.90499877929688,159.36199951171875,153.70750427246094,158.99949645996094,90244000,157.47842843191964,31.259846184130012
2020-09-17,150.43649291992188,151.47149658203125,148.62750244140625,150.46249389648438,128982000,156.47049822126115,30.39787251738656
2020-09-18,147.74549865722656,151.88999938964844,145.27699279785156,151.58700561523438,177852000,154.2297842843192,28.7205341311316
2020-09-21,148.02349853515625,148.10000610351562,143.5500030517578,145.3249969482422,122358000,152.69664219447546,25.632653655288436
2020-09-22,156.44949340820312,156.69949340820312,150.00999450683594,151.69200134277344,138976000,152.78785487583704,33.576197143808926
2020-09-23,149.9929962158203,156.35000610351562,149.61900329589844,156.02149963378906,113054000,152.05135454450334,28.277795568750804
2020-09-24,150.989501953125,153.46499633789062,148.25,148.88949584960938,110588000,151.07749720982142,33.88051326302441
2020-09-25,154.75650024414062,155.07699584960938,149.9499969482422,152.7429962158203,92304000,151.19914027622767,40.78184575457157
2020-09-28,158.70249938964844,158.7519989013672,155.85850524902344,157.4425048828125,84484000,152.37999834333147,51.191209456519225
2020-09-29,157.24400329589844,159.41299438476562,156.6269989013672,158.76950073242188,69916000,153.73692757742745,43.323375874845624
2020-09-30,157.43649291992188,160.6439971923828,156.69949340820312,157.0570068359375,97922000,155.0816410609654,48.4240199760509
2020-10-01,161.06300354003906,161.1999969482422,158.60000610351562,160.39999389648438,99438000,155.74071393694197,56.17460796410424
2020-10-02,156.25,159.7899932861328,156.14999389648438,157.68150329589844,112262000,156.6345716203962,51.17985556951714
2020-10-05,159.9600067138672,160.12649536132812,157.04249572753906,157.29200744628906,75506000,157.91607230050224,52.255851095797745
2020-10-06,154.9980010986328,159.10000610351562,154.5,158.25,101738000,157.95057242257255,51.12006287150527
2020-10-07,159.7845001220703,160.0,156.6195068359375,156.75,86188000,158.10514395577567,59.32748661772851
2020-10-08,159.52749633789062,161.6645050048828,158.74949645996094,161.24949645996094,63482000,158.43135724748885,62.35631678079177
2020-10-09,164.33250427246094,164.44949340820312,159.89149475097656,160.5,98158000,159.41650172642298,65.62074981797201
2020-10-12,172.14649963378906,174.81199645996094,166.9774932861328,167.4969940185547,167284000,160.99985831124442,65.21292526121177
2020-10-13,172.18150329589844,174.61900329589844,171.21099853515625,173.39950561523438,114894000,163.27578735351562,74.56136854230921
2020-10-14,168.1855010986328,173.24400329589844,167.0,172.35000610351562,116254000,164.45085797991072,67.84964544848351
2020-10-15,166.9324951171875,167.79400634765625,164.0,164.60049438476562,104468000,166.1557856968471,63.33477938856596
2020-10-16,163.635498046875,169.98300170898438,158.0,168.1614990234375,129488000,166.7059282575335,55.48037558717281
2020-10-19,160.36050415039062,166.4499969482422,159.63699340820312,164.98049926757812,104472000,166.8249293736049,53.32799315379423
2020-10-20,160.85049438476562,163.3000030517578,159.60049438476562,161.11399841308594,90194000,166.32749938964844,53.622665118336506
2020-10-21,159.2469940185547,161.69400024414062,158.0,160.625,91854000,164.4847128731864,47.98655242908254
2020-10-22,158.82000732421875,159.9375,156.0970001220703,159.49349975585938,84240000,162.575927734375,53.15640418645025
2020-10-23,160.22000122070312,160.26649475097656,157.0,159.5500030517578,69334000,161.43799918038505,50.338525824241536
2020-10-26,160.3520050048828,164.1490020751953,157.6649932861328,159.93699645996094,118024000,160.4979291643415,57.97415399607655
2020-10-27,164.31649780273438,164.58299255371094,160.56500244140625,161.2469940185547,85820000,160.59521484375,56.91929642439302
2020-10-28,158.13900756835938,163.2010040283203,158.12350463867188,162.46499633789062,111766000,160.2778581891741,48.204670272215516
2020-10-29,160.55050659179688,162.8625030517578,158.1999969482422,160.06350708007812,131930000,160.23500279017858,44.787183880076434
2020-10-30,151.8074951171875,158.35000610351562,150.9499969482422,157.8874969482422,167728000,159.1722172328404,22.666281146635015
2020-11-02,150.2239990234375,153.98550415039062,147.50599670410156,153.08700561523438,145148000,157.94421604701452,21.67026873149176
2020-11-03,152.42050170898438,153.7449951171875,149.0489959716797,150.92649841308594,97958000,156.8300018310547,28.669407035632375
2020-11-04,162.05799865722656,162.24249267578125,156.9864959716797,157.99949645996094,136780000,157.07371520996094,44.62432449623919
2020-11-05,166.10000610351562,168.33999633789062,164.44400024414062,165.99850463867188,115786000,157.32850211007255,52.673961285058965
2020-11-06,165.56849670410156,166.10000610351562,161.60000610351562,165.23199462890625,92946000,158.38985770089286,56.00830044688485
2020-11-09,157.18699645996094,164.4499969482422,155.60549926757812,161.55149841308594,143808000,157.90935625348772,46.42456441639585
2020-11-10,151.75100708007812,155.6999969482422,150.9739990234375,154.75100708007812,131820000,157.90128653390067,43.19338438256944
2020-11-11,156.8695068359375,156.95750427246094,152.5,153.08900451660156,87338000,158.85064479282923,48.36793206364641
2020-11-12,155.51400756835938,158.79400634765625,154.30250549316406,157.99749755859375,87240000,159.2925742013114,46.059357766749635
2020-11-13,156.4405059814453,157.08599853515625,154.26950073242188,156.10000610351562,75124000,158.49007524762834,46.76764966378231
2020-11-16,156.55299377441406,157.13499450683594,153.63450622558594,154.66000366210938,76174000,157.126216343471,43.1482559321792
2020-11-17,156.7830047607422,159.46249389648438,156.76300048828125,159.177001953125,68894000,155.87114606584822,48.662877598990576
2020-11-18,155.2729949951172,157.0,155.2550048828125,156.6999969482422,58336000,155.59771728515625,44.701774423872145
2020-11-19,155.8509979248047,156.25,154.04600524902344,155.2655029296875,60206000,156.18343026297433,54.855367774480946
2020-11-20,154.97000122070312,156.64450073242188,154.90249633789062,155.8509979248047,67488000,155.91207231794084,55.79671304524148
2020-11-23,154.91949462890625,156.9875030517578,153.2729949951172,155.8350067138672,94178000,155.82714189801897,53.221097565580784
2020-11-24,155.9029998779297,156.71249389648438,154.31300354003906,155.02499389648438,72042000,155.75035531180245,39.78831022855002
2020-11-25,159.2534942626953,159.89999389648438,157.01300048828125,157.093505859375,75808000,156.13614109584265,38.374268878569715
2020-11-27,159.76699829101562,160.8094940185547,159.50250244140625,160.56300354003906,47858000,156.5624258858817,40.14272817919683
2020-11-30,158.40199279785156,161.41949462890625,156.27749633789062,160.4239959716797,81278000,157.0094255719866,52.71071294344493
2020-12-01,161.00399780273438,162.44749450683594,157.85899353027344,159.4250030517578,90740000,157.74556841169084,73.63226812159002
2020-12-02,160.17649841308594,161.60000610351562,158.66299438476562,161.08250427246094,62586000,158.4893537248884,60.81704158077831
2020-12-03,159.3365020751953,161.4320068359375,159.0655059814453,160.2729949951172,57840000,159.12035478864397,62.93960440123512
2020-12-04,158.12899780273438,159.91050720214844,157.93800354003906,159.91050720214844,58272000,159.4383544921875,55.60903755713861
2020-12-07,157.89999389648438,159.03799438476562,157.08450317382812,157.82400512695312,55026000,159.24499729701452,54.44025620364307
2020-12-08,158.864501953125,159.2064971923828,156.00100708007812,157.94500732421875,65726000,159.11606924874442,56.54454230470673
2020-12-09,155.2100067138672,158.72149658203125,154.39999389648438,158.39450073242188,82016000,158.66007123674666,49.82548848849695
2020-12-10,155.07449340820312,157.10499572753906,153.8000030517578,154.44949340820312,60604000,157.81299918038505,47.794589900072026
2020-12-11,155.8209991455078,155.93350219726562,153.64100646972656,154.83299255371094,61294000,157.19078499930245,52.43559140094872
2020-12-14,157.84849548339844,159.52349853515625,156.3000030517578,157.14999389648438,83116000,156.97821262904577,57.53071250179485
2020-12-15,158.25599670410156,159.4250030517578,156.52450561523438,159.05050659179688,66390000,156.99635532924108,56.23441457001194
2020-12-16,162.04800415039062,162.35000610351562,158.1840057373047,158.80050659179688,88552000,157.58892822265625,57.23495990651569
2020-12-17,161.8040008544922,163.17550659179688,161.0500030517578,162.5,69486000,158.00885663713728,55.348416072050995
2020-12-18,160.08250427246094,162.4709930419922,158.5800018310547,162.19949340820312,119914000,158.7049277169364,54.33131870552035
2020-12-21,160.3090057373047,161.34849548339844,158.3000030517578,160.00050354003906,76736000,159.45271519252233,47.95879130974906
2020-12-22,160.3260040283203,161.10000610351562,159.00399780273438,160.14199829101562,47388000,160.0962873186384,50.46105197775206
2020-12-23,159.2635040283203,160.50650024414062,159.20849609375,160.25,41876000,160.29843139648438,49.777932919402275
2020-12-24,158.63450622558594,160.10000610351562,158.4499969482422,159.69500732421875,29038000,160.35250418526786,51.593906695187535
2020-12-28,164.197998046875,165.1999969482422,158.63450622558594,159.6999969482422,113736000,160.6596461704799,64.85937905014256
2020-12-29,166.10000610351562,167.53250122070312,164.06100463867188,165.4969940185547,97458000,161.2733612060547,66.34808450781918
2020-12-30,164.29249572753906,167.10499572753906,164.12350463867188,167.0500030517578,64186000,161.87478855678015,72.38992925259322
2020-12-31,162.84649658203125,164.14599609375,162.05999755859375,163.75,59144000,162.23728724888392,67.996565662276
2021-01-04,159.3314971923828,163.60000610351562,157.2010040283203,163.5,88228000,162.09521484375,57.20500878140197
2021-01-05,160.92550659179688,161.16900634765625,158.2530059814453,158.30050659179688,53110000,162.33264378138952,56.429722468620604
2021-01-06,156.91900634765625,159.87550354003906,156.55799865722656,157.32400512695312,87896000,162.0875723702567,47.57149485230412
2021-01-07,158.10800170898438,160.427001953125,157.75,157.85000610351562,70290000,161.21757289341517,42.0959704178962
2021-01-08,159.13499450683594,159.53199768066406,157.11000061035156,159.0,70754000,160.22257123674666,44.80879474148441
2021-01-11,155.7104949951172,157.81900024414062,155.5,157.40049743652344,73668000,158.99657113211495,42.024792606307706
2021-01-12,156.04150390625,157.10699462890625,154.3000030517578,156.0,70292000,158.02442932128906,42.24499789539766
2021-01-13,158.29449462890625,159.49749755859375,156.10400390625,156.4219970703125,66424000,157.87628609793526,46.58575627689797
2021-01-14,156.37350463867188,158.89999389648438,156.0294952392578,158.37600708007812,61418000,157.2260001046317,45.27916625747574
2021-01-15,155.21249389648438,157.12750244140625,154.7584991455078,156.1510009765625,84880000,156.98221261160714,44.50561700305313
2021-01-19,156.03799438476562,157.25,154.8000030517578,155.35000610351562,66102000,156.6864972795759,34.54721246824339
2021-01-20,163.16900634765625,163.99000549316406,158.75,159.09950256347656,106196000,157.26278468540735,45.367036558940605
2021-01-21,165.34950256347656,167.42750549316406,164.47850036621094,164.64999389648438,98722000,158.63978576660156,51.6513149112268
2021-01-22,164.6114959716797,166.0955047607422,164.1580047607422,165.2154998779297,56438000,159.86407034737724,52.819756996432616
2021-01-25,164.6999969482422,168.1945037841797,162.15750122070312,166.4250030517578,74996000,160.77914210728235,59.631145970319544
2021-01-26,166.30650329589844,166.89999389648438,164.14349365234375,164.8179931640625,59104000,162.1981419154576,59.64923897619546
2021-01-27,161.62899780273438,167.3260040283203,160.35400390625,167.07449340820312,93204000,163.11478533063615,58.24751137702024
2021-01-28,161.88099670410156,165.08399963378906,161.4344940185547,161.7519989013672,62984000,163.94949994768416,56.830923543669876
2021-01-29,160.30999755859375,161.84950256347656,159.2274932861328,161.5,85872000,163.54107012067522,52.08622202137995
2021-02-01,167.1439971923828,167.51300048828125,161.75149536132812,162.1179962158203,83204000,163.79742649623327,68.1078740225983
2021-02-02,169.0,171.38699340820312,168.05650329589844,169.0,141972000,164.42435564313615,69.57741725481662
2021-02-03,165.62649536132812,171.6999969482422,165.43099975585938,171.25050354003906,141776000,164.5567125592913,60.71427615812114
2021-02-04,166.5500030517578,167.35000610351562,163.8874969482422,166.5,73414000,164.59149823869978,65.3174926539186
2021-02-05,167.6074981689453,168.85000610351562,165.135498046875,165.9499969482422,72416000,165.44556971958704,68.71506989821802
2021-02-08,166.14700317382812,168.25,165.1999969482422,167.9250030517578,65148000,166.05499921526228,64.97629577519552
2021-02-09,165.25,166.89999389648438,164.89199829101562,165.62449645996094,44070000,166.7607138497489,53.78142173471821
2021-02-10,164.32899475097656,165.8975067138672,162.6999969482422,165.6999969482422,63032000,166.3585706438337,48.05665908081834
2021-02-11,163.10650634765625,164.60000610351562,162.4029998779297,164.60000610351562,46028000,165.51664297921317,47.18598983508692
2021-02-12,163.885498046875,164.0124969482422,161.66549682617188,162.5,46706000,165.26792907714844,48.51539506861629
2021-02-16,163.44749450683594,165.4149932861328,162.67950439453125,162.70249938964844,51494000,164.82471357073103,44.55696467290892
2021-02-17,165.4320068359375,166.04550170898438,162.97500610351562,163.17999267578125,65950000,164.51392909458704,58.06747528944432
2021-02-18,166.4114990234375,166.89999389648438,163.69700622558594,164.12100219726562,60548000,164.55171421595983,59.32298015336975
2021-02-19,162.4949951171875,166.6750030517578,162.28750610351562,166.4114990234375,86104000,164.15814208984375,54.10050879801337
2021-02-22,159.03700256347656,161.61599731445312,158.61300659179688,160.406494140625,70314000,163.40214320591517,32.57834008601637
2021-02-23,159.72500610351562,160.2364959716797,154.67999267578125,156.35150146484375,93544000,162.9190717424665,29.01490043361781
2021-02-24,157.97650146484375,158.56149291992188,156.2689971923828,158.33749389648438,60226000,162.0749293736049,31.31778289203031
2021-02-25,152.85800170898438,158.91299438476562,152.38800048828125,156.83700561523438,90676000,160.56214468819755,22.24855833493639
2021-02-26,154.64649963378906,156.1219940185547,151.8350067138672,154.75999450683594,85518000,159.0213579450335,24.48621722513448
2021-03-01,157.3070068359375,157.47799682617188,154.89950561523438,156.39450073242188,54582000,157.72071620396204,33.383469343034704
2021-03-02,154.72650146484375,158.17599487304688,154.3560028076172,157.17349243164062,51916000,156.61093139648438,31.39640524215737
2021-03-03,150.25,155.38900756835938,149.75,154.0590057373047,79774000,155.35564531598772,27.89033456803672
2021-03-04,148.8784942626953,152.906494140625,147.27149963378906,150.60000610351562,109632000,153.80614362444197,27.76040645554906
2021-03-05,150.0229949951172,150.4499969482422,144.0500030517578,150.25,107772000,152.66992841448103,28.576522139808077
2021-03-08,147.59750366210938,153.22950744628906,147.5655059814453,150.75,83700000,151.9184286934989,26.922654808353258
2021-03-09,153.1425018310547,154.54800415039062,150.25750732421875,150.89950561523438,80600000,151.70357186453683,33.78757629594918
2021-03-10,152.8820037841797,155.822998046875,151.50250244140625,154.92250061035156,60250000,151.07142857142858,31.806640941598232
2021-03-11,155.67950439453125,156.58900451660156,154.14649963378906,155.20050048828125,55528000,151.20757184709822,40.550710018963734
2021-03-12,154.47450256347656,154.94900512695312,152.27499389648438,153.75,48438000,151.81107221330916,43.25283892181898
2021-03-15,154.08399963378906,154.11199951171875,151.60450744628906,153.72850036621094,58272000,152.5547158377511,41.58385728055569
2021-03-16,154.59300231933594,156.44549560546875,153.79299926757812,155.24850463867188,50776000,153.20757402692522,44.758086821425415
2021-03-17,156.7864990234375,158.65249633789062,153.51100158691406,153.66099548339844,62372000,154.5202876499721,56.692839287422586
2021-03-18,151.39950561523438,155.8314971923828,151.25,155.0500030517578,72992000,154.2712881905692,45.07239899685765
2021-03-19,153.7480010986328,153.864501953125,150.8314971923828,151.4615020751953,92508000,154.39500209263392,44.54725549814449
2021-03-22,155.5435028076172,156.32899475097656,153.00250244140625,153.3925018310547,58044000,154.37557329450334,51.28257704492984
2021-03-23,156.875,159.10000610351562,156.04249572753906,156.35000610351562,76346000,154.718501499721,61.539806826457436
2021-03-24,154.35350036621094,158.0155029296875,154.25750732421875,157.552001953125,59180000,154.75700160435267,59.169334592676186
2021-03-25,152.31300354003906,155.48899841308594,151.85699462890625,153.64950561523438,71270000,154.43128749302454,53.72347287941821
2021-03-26,152.60150146484375,152.83299255371094,149.8000030517578,152.2030029296875,66258000,153.83343069893974,58.74397279076985
2021-03-29,153.7864990234375,154.5625,151.42250061035156,152.77200317382812,54920000,154.17442975725447,51.32761123088953
2021-03-30,152.76449584960938,153.64999389648438,151.6999969482422,153.50050354003906,46752000,154.03392900739397,49.76512963465626
2021-03-31,154.70399475097656,155.9665069580078,153.125,153.2030029296875,61878000,153.91399928501673,47.98093716148144
2021-04-01,158.0500030517578,158.1219940185547,155.77749633789062,155.89700317382812,58806000,154.08185686383928,56.797919115658964
2021-04-05,161.3365020751953,161.79800415039062,158.06199645996094,158.64999389648438,66698000,155.07942853655135,62.42101301945863
2021-04-06,161.1909942626953,162.36549377441406,160.8520050048828,161.1875,50756000,156.34771292550224,61.44253303046149
2021-04-07,163.96949768066406,165.1804962158203,161.1824951171875,161.69000244140625,66924000,157.97171238490515,62.20933942038804
2021-04-08,164.96499633789062,166.22500610351562,164.60000610351562,165.5449981689453,56242000,159.56864057268416,77.10441303263525
2021-04-09,168.61000061035156,168.61000061035156,164.44500732421875,165.23500061035156,86830000,161.83228410993303,78.23219364465783
2021-04-12,168.96949768066406,169.7519989013672,167.5574951171875,167.760498046875,65636000,163.8702130998884,76.97606912654886
2021-04-13,170.0,171.60000610351562,169.781494140625,170.04249572753906,66316000,165.57735552106584,76.69417517307642
2021-04-14,166.64999389648438,170.2064971923828,166.3000030517578,170.20199584960938,62904000,166.33642578125,74.19376919543544
2021-04-15,168.95449829101562,169.85000610351562,167.60000610351562,168.5500030517578,64672000,167.44549778529577,82.40604443831685
2021-04-16,169.9720001220703,170.33999633789062,167.7794952392578,169.0,63720000,168.30299813406808,82.89177833393913
2021-04-19,168.60049438476562,171.79649353027344,168.00799560546875,169.51649475097656,54508000,168.82235499790735,77.8541901928921
2021-04-20,166.7344970703125,169.14950561523438,165.8000030517578,168.67999267578125,52460000,168.55442592075892,75.4592202210397
2021-04-21,168.1009979248047,168.14300537109375,165.1905059814453,165.8000030517578,44224000,168.43035452706474,74.935756741282
2021-04-22,165.45199584960938,168.64349365234375,165.07249450683594,168.58399963378906,51612000,167.7806396484375,64.14427895221473
2021-04-23,167.04400634765625,168.75,165.4250030517578,165.9550018310547,63856000,167.83692714146204,61.6615131749188
2021-04-26,170.4499969482422,171.42250061035156,166.5469970703125,167.39999389648438,97614000,168.05056980678015,66.69370094077073
2021-04-27,170.8715057373047,173.0,169.90049743652344,172.17349243164062,76542000,168.17907060895647,63.59999951893531
2021-04-28,172.9250030517578,174.49400329589844,171.25,171.74000549316406,92638000,168.79685756138392,65.05693248629723
2021-04-29,173.5655059814453,175.72250366210938,171.75,175.2550048828125,153648000,169.77271597726005,60.5757933375537
2021-04-30,173.37100219726562,177.6999969482422,173.125,176.25599670410156,140186000,170.52557373046875,59.460094096873995
2021-05-03,169.32449340820312,174.33250427246094,168.63499450683594,174.2364959716797,117510000,171.07878766741072,48.71476714263152
2021-05-04,165.593505859375,168.3990020751953,163.60650634765625,167.8094940185547,108788000,170.87157331194197,48.01862840711895
2021-05-05,163.52699279785156,167.73500061035156,163.21800231933594,166.9429931640625,74226000,169.882572719029,39.72939899874512
2021-05-06,165.31849670410156,165.72000122070312,162.36000061035156,163.5,88954000,169.08928571428572,41.44467535032362
2021-05-07,164.58050537109375,166.54449462890625,164.45350646972656,165.95449829101562,94206000,167.89721461704798,42.433109647444844
2021-05-10,159.52450561523438,164.14999389648438,159.5,164.11599731445312,116772000,165.891357421875,37.88359777505854
2021-05-11,161.19549560546875,161.89999389648438,156.36849975585938,156.81399536132812,92396000,164.1519993373326,38.512850477371614
2021-05-12,157.5970001220703,160.39700317382812,156.65499877929688,159.25,98728000,162.47664315359933,37.33351377286764
2021-05-13,158.07350158691406,160.19200134277344,156.64999389648438,159.27349853515625,67018000,161.40235682896204,34.994887616904606
2021-05-14,161.14500427246094,161.4429931640625,159.14999389648438,159.2779998779297,66500000,161.06207275390625,34.25924396297873
2021-05-17,163.51950073242188,164.6374969482422,161.72950744628906,162.29649353027344,74478000,160.80507332938058,38.33385229044101
2021-05-18,161.61399841308594,165.60000610351562,161.51849365234375,164.62899780273438,56568000,160.38128662109375,31.967022487763586
2021-05-19,161.58999633789062,161.7375030517578,159.1999969482422,159.75,53594000,160.67635672433036,30.52477571259051
2021-05-20,162.38400268554688,162.98399353027344,161.8090057373047,162.22000122070312,52664000,160.8461434500558,32.47408026186018
2021-05-21,160.1540069580078,162.83450317382812,159.85049438476562,162.5,82098000,161.211430140904,34.471798216082334
2021-05-24,162.24949645996094,162.8975067138672,160.52499389648438,160.77499389648438,48456000,161.80800083705358,44.00564552966502
2021-05-25,162.95249938964844,163.99099731445312,160.68800354003906,163.33349609375,65222000,162.06621442522322,48.91725467550424
2021-05-26,163.25799560546875,164.7864990234375,162.92550659179688,163.72950744628906,47680000,162.0288565499442,45.88615133962001
2021-05-27,161.5054931640625,163.01800537109375,161.5019989013672,162.8000030517578,51224000,162.0133558000837,44.09967348583154
2021-05-28,161.15350341796875,162.39950561523438,160.98500061035156,162.10000610351562,46596000,161.9509996686663,53.81427328086526
2021-06-01,160.9324951171875,162.5489959716797,160.4530029296875,162.1750030517578,48600000,161.74364144461495,49.33932727601677
2021-06-02,161.69949340820312,161.75,160.39999389648438,161.15499877929688,40290000,161.96442522321428,62.01492050411892
2021-06-03,159.35049438476562,160.7220001220703,159.20150756835938,160.2115020751953,47966000,161.55028206961495,53.370264799904
2021-06-04,160.31100463867188,161.0500030517578,159.9405059814453,160.60000610351562,44994000,161.1729256766183,47.52287141519516
2021-06-07,159.90049743652344,160.39999389648438,158.61000061035156,159.8665008544922,44316000,160.6932830810547,37.83120117473097
2021-06-08,163.20550537109375,163.97650146484375,160.90049743652344,161.1304931640625,68334000,160.93614196777344,54.8910703885339
2021-06-09,164.0574951171875,164.87899780273438,163.53500366210938,163.64349365234375,49110000,161.3509979248047,57.215962131259026
2021-06-10,167.4824981689453,167.5500030517578,164.0574951171875,164.10049438476562,69530000,162.28671264648438,62.92164986886344
2021-06-11,167.3415069580078,168.32899475097656,166.67250061035156,167.4824981689453,56348000,163.09271458217077,70.37331469470304
2021-06-14,169.19349670410156,169.25,166.77499389648438,167.3415069580078,51394000,164.49885777064733,69.95861635837989
2021-06-15,169.156494140625,169.84950256347656,168.15550231933594,169.1999969482422,48524000,165.7624991280692,68.54153118749527
2021-06-16,170.7624969482422,171.3175048828125,168.02650451660156,169.60000610351562,84056000,167.314213344029,70.81057202362466
2021-06-17,174.46200561523438,174.86000061035156,170.0500030517578,170.15899658203125,102730000,168.92228480747767,82.42774849035246
2021-06-18,174.34500122070312,175.35000610351562,173.6855010986328,173.99949645996094,104954000,170.39192853655135,83.40884463838819
2021-06-21,172.697998046875,174.10000610351562,171.6999969482422,173.8209991455078,65542000,171.13699994768416,77.7900958696749
2021-06-22,175.27200317382812,176.18899536132812,172.80450439453125,172.9029998779297,66902000,172.26992797851562,79.53688723829865
2021-06-23,175.1909942626953,176.0500030517578,174.16000366210938,175.25,56266000,173.126713344029,88.24815468992821
2021-06-24,172.45399475097656,176.2429962158203,171.54249572753906,175.3820037841797,76640000,173.59778485979353,77.00359616779764
2021-06-25,170.072998046875,173.24099731445312,169.70899963378906,173.1999969482422,78820000,173.49928501674108,70.79882020477322
2021-06-28,172.1945037841797,172.39999389648438,170.67550659179688,170.8000030517578,44856000,173.17535618373327,69.3137252973433
2021-06-29,172.40699768066406,172.80149841308594,171.15150451660156,171.9409942626953,41968000,172.89849853515625,68.44662714345336
2021-06-30,172.00799560546875,173.5800018310547,171.75,172.05299377441406,48080000,172.7999267578125,61.541389108756
2021-07-01,171.64849853515625,172.85000610351562,170.4709930419922,171.73049926757812,40742000,172.28228323800224,60.863062823134776
2021-07-02,175.5489959716797,175.58599853515625,171.8459930419922,172.58200073242188,63388000,172.33342633928572,64.5284972213657
2021-07-06,183.78700256347656,184.2740020751953,176.4499969482422,176.5054931640625,134896000,173.95242745535714,74.32455950304912
2021-07-07,184.82899475097656,186.7100067138672,183.94549560546875,185.86900329589844,106562000,176.06042698451452,73.83382904087829
2021-07-08,186.57049560546875,187.9994964599609,181.05599975585935,182.1779937744141,103612000,178.1141401018415,71.97427359970226
2021-07-09,185.9669952392578,187.3999938964844,184.6699981689453,186.12600708007807,74964000,180.05128261021204,70.72542624512994
2021-07-12,185.9275054931641,187.864501953125,184.8394927978516,187.1999969482422,51432000,182.03978402273995,75.02697516206754
2021-07-13,183.8679962158203,188.6540069580078,183.5659942626953,185.10499572753903,76918000,183.7854265485491,66.58433577813877
2021-07-14,184.08399963378903,185.88299560546875,183.04150390625,185.4425048828125,65932000,185.0047127859933,67.06845633810073
2021-07-15,181.55999755859372,184.7700042724609,181.04600524902344,184.7100067138672,63706000,184.6865692138672,67.62134010189453
2021-07-16,178.68150329589844,182.3029937744141,178.5229949951172,181.66549682617188,80874000,183.80835614885603,66.34392148433045
2021-07-19,177.47950744628906,177.510498046875,174.95799255371094,176.62899780273438,75692000,182.5096435546875,60.39700731601012
2021-07-20,178.6595001220703,179.60000610351562,175.89999389648438,178.36599731445312,65114000,181.46571568080358,61.849273712774774
2021-07-21,179.25999450683594,179.32249450683594,177.1820068359375,178.81900024414062,46380000,180.51321411132812,63.63928041127886
2021-07-22,181.9015045166016,182.00100708007807,179.11349487304688,179.3614959716797,65308000,180.23228672572546,67.75904984969563
2021-07-23,182.83200073242188,183.3054962158203,181.1020050048828,182.0,48726000,180.05342973981584,64.06149005559209
2021-07-26,184.99099731445312,185.60400390625,182.3625030517578,183.6584930419922,58002000,180.54357256208147,53.03763269071006
2021-07-27,181.3195037841797,184.9250030517578,179.3074951171875,184.9250030517578,82638000,180.92042977469308,42.18288403785418
2021-07-28,181.51600646972656,182.92100524902344,180.0500030517578,181.68899536132807,59988000,181.49707249232702,37.909356031433724
2021-07-29,179.99600219726562,181.8975067138672,179.00050354003906,181.3874969482422,110400000,181.68800136021204,36.31697797582953
2021-07-30,166.37950134277344,168.40699768066406,165.3489990234375,167.3975067138672,199312000,179.84793090820312,22.386701452594053
2021-08-02,166.57400512695312,167.9459991455078,165.85000610351562,167.65499877929688,67078000,177.65828813825334,24.211929353848234
2021-08-03,168.31199645996094,169.5500030517578,164.98849487304688,167.03599548339844,83146000,175.58400181361608,27.5026205450734
2021-08-04,167.73599243164062,169.44400024414062,167.2779998779297,168.96749877929688,43678000,173.11900111607142,29.12095864245788
2021-08-05,168.79949951171875,169.4499969482422,167.04600524902344,167.81100463867188,48670000,171.33042907714844,34.20900302883858
2021-08-06,167.2469940185547,168.75,166.45199584960938,168.75,52752000,169.29199872698103,33.830039853548826
2021-08-09,167.093505859375,167.74400329589844,166.42599487304688,167.1804962158203,42964000,167.44878496442522,31.109958087422783
2021-08-10,166.03399658203125,167.89999389648438,165.75,167.25050354003906,48252000,167.39942714146204,28.71787039978865
2021-08-11,164.60549926757812,166.88499450683594,163.88949584960938,166.57249450683594,58944000,167.1182120186942,21.03816996737187
2021-08-12,165.1750030517578,165.72549438476562,163.48350524902344,164.5,46282000,166.6700701032366,20.07187907184131
2021-08-13,164.69850158691406,165.30349731445312,164.14999389648438,165.2834930419922,41134000,166.23614283970423,13.524371867428286
2021-08-16,164.94949340820312,165.0,160.55650329589844,164.14999389648438,66394000,165.68614196777344,16.44941228420764
2021-08-17,162.09800720214844,164.02450561523438,161.28399658203125,163.875,67758000,164.95057242257255,14.10853028010834
2021-08-18,160.06100463867188,162.7050018310547,160.0,162.09950256347656,56086000,163.94592939104353,13.843944969159168
2021-08-19,159.3874969482422,161.64999389648438,159.1230010986328,159.7010040283203,75658000,162.99642944335938,26.095711471688034
2021-08-20,159.99749755859375,160.3905029296875,158.78799438476562,160.19349670410156,67168000,162.33814348493303,28.13733268133923
2021-08-23,163.2935028076172,164.0449981689453,160.50050354003906,160.59500122070312,65362000,162.0693577357701,34.882699025556164
2021-08-24,165.28900146484375,165.77450561523438,163.72900390625,164.0,51036000,162.1537148611886,43.209595300924434
2021-08-25,164.95899963378906,166.0500030517578,164.3074951171875,165.49349975585938,33606000,162.15507289341517,38.89033570306783
2021-08-26,165.8000030517578,166.60000610351562,164.8000030517578,164.9499969482422,41976000,162.68392944335938,45.63449243551405
2021-08-27,167.48150634765625,167.61599731445312,165.6875,166.6614990234375,48048000,163.74400111607142,51.07176455910469
2021-08-30,171.07850646972656,172.25,167.76100158691406,167.8715057373047,63844000,165.41414533342635,62.22111321821872
2021-08-31,173.5395050048828,173.62899780273438,169.7794952392578,171.24000549316406,87128000,167.34871782575334,70.61280876139163
2021-09-01,173.9499969482422,176.35000610351562,173.76199340820312,174.82000732421875,72598000,168.87107413155692,70.3955852207035
2021-09-02,173.156005859375,175.59800720214844,172.75,174.73800659179688,58474000,169.99493190220423,69.37174659604912
2021-09-03,173.90249633789062,174.1334991455078,171.82200622558594,172.60000610351562,51514000,171.27257428850447,70.05153476546214
2021-09-07,175.46449279785156,176.4044952392578,173.8470001220703,173.89999389648438,54758000,172.65321568080358,81.77126931876377
2021-09-08,176.27499389648438,177.281494140625,174.7834930419922,175.58250427246094,61068000,173.909428187779,90.92583434627277
2021-09-09,174.20799255371094,177.49949645996094,174.01849365234375,176.30099487304688,54384000,174.35649762834822,84.94990378013797
2021-09-10,173.45750427246094,175.42250061035156,173.14549255371094,175.0915069580078,47946000,174.34478323800224,81.53264418584533
2021-09-13,172.85850524902344,174.8979949951172,171.89999389648438,174.13999938964844,51380000,174.18885585239954,75.64898664628447
2021-09-14,172.5,174.3404998779297,171.885498046875,173.77749633789062,38738000,174.0951407296317,71.19763164977124
2021-09-15,173.7895050048828,174.27099609375,170.10049438476562,172.12600708007812,59150000,174.07899911063058,74.57221662695252
2021-09-16,174.41200256347656,174.62750244140625,172.3070068359375,172.9980010986328,51672000,173.92864336286272,74.25919526297601
2021-09-17,173.12600708007812,174.87049865722656,172.60650634765625,174.42050170898438,92332000,173.4787881033761,66.26239073207532
2021-09-20,167.7864990234375,170.9499969482422,165.25050354003906,169.8000030517578,93382000,172.56143188476562,41.38081194433413
2021-09-21,167.18150329589844,168.98500061035156,166.6195068359375,168.75,55618000,171.66486031668526,31.56135388493182
2021-09-22,169.00250244140625,169.4499969482422,167.05250549316406,167.5500030517578,48228000,171.11400277273995,36.73698789946848
2021-09-23,170.8000030517578,171.447998046875,169.00250244140625,169.00250244140625,47588000,170.87114606584822,44.0066019257687
2021-09-24,171.2760009765625,171.46299743652344,169.6699981689453,170.10049438476562,42324000,170.51207406180245,43.22526610106251
2021-09-27,170.2899932861328,170.77850341796875,166.98049926757812,168.5749969482422,72690000,169.92321559361048,36.24425417439402
2021-09-28,165.79800415039062,168.45950317382812,164.5050048828125,167.885498046875,88616000,168.87635803222656,26.707438204930583
2021-09-29,165.05599975585938,167.56500244140625,164.89349365234375,166.10549926757812,51246000,168.48628670828683,28.379410108653573
2021-09-30,164.2519989013672,166.3925018310547,163.69949340820312,165.8000030517578,56848000,168.06778608049666,28.307837903142286
2021-10-01,164.16299438476562,165.45849609375,162.7969970703125,164.45050048828125,56712000,167.37642778669084,29.00498322591484
2021-10-04,159.48899841308594,163.99949645996094,158.8125,163.96949768066406,90462000,165.7605699811663,24.002956146229238
2021-10-05,161.0500030517578,163.0364990234375,160.1230010986328,160.22500610351562,65384000,164.29971313476562,24.818641472921996
2021-10-06,163.10049438476562,163.2169952392578,159.93099975585938,160.67649841308594,50660000,163.27264186314173,28.836024303523388
2021-10-07,165.1215057373047,166.28750610351562,164.1529998779297,164.57699584960938,48182000,163.1759992327009,35.42437126324171
2021-10-08,164.43099975585938,166.07150268554688,164.41000366210938,165.85000610351562,39964000,163.08671351841517,42.64451675224973
2021-10-11,162.31500244140625,164.62950134277344,161.90499877929688,163.75,40684000,162.80999973842077,39.99506860350506
2021-10-12,162.3665008544922,163.37649536132812,161.81399536132812,162.85000610351562,36392000,162.55335780552454,35.28668660933769
2021-10-13,164.21400451660156,164.41900634765625,163.05450439453125,163.48550415039062,48402000,163.22835867745536,35.42985997650523
2021-10-14,164.9929962158203,165.6300048828125,164.53900146484375,165.12249755859375,42190000,163.79164341517858,36.284048960818424
2021-10-15,170.4510040283203,170.52099609375,165.1999969482422,165.5709991455078,103598000,164.84171622140067,50.29407272893472
2021-10-18,172.33700561523438,172.45849609375,169.2550048828125,169.41799926757812,63482000,165.87250191824776,63.19942734924796
2021-10-19,172.20750427246094,172.7344970703125,171.10000610351562,171.71449279785156,47722000,166.98343113490515,64.80182063142257
2021-10-20,170.7530059814453,173.14300537109375,170.01849365234375,172.63299560546875,42796000,168.18886021205358,63.102635104298265
2021-10-21,171.75050354003906,172.01400756835938,170.14999389648438,170.71249389648438,37628000,169.52943202427454,64.75221570266714
2021-10-22,166.77749633789062,171.49200439453125,166.56500244140625,171.0500030517578,62782000,169.89564514160156,64.00798145168811
2021-10-25,166.01849365234375,167.38999938964844,164.88499450683594,166.75,44520000,170.04214477539062,59.852831620564835
2021-10-26,168.80349731445312,170.80599975585938,167.19900512695312,167.47549438476562,53966000,169.8067866734096,60.98927981276425
2021-10-27,169.62449645996094,171.85000610351562,168.57249450683594,169.39999389648438,54044000,169.4192853655134,59.09768010821969
2021-10-28,172.32850646972656,173.9499969482422,169.3000030517578,170.10499572753906,114174000,169.4365713936942,64.7553401302169
2021-10-29,168.6215057373047,168.74099731445312,163.66600036621094,165.00100708007812,129722000,169.13207135881697,61.12159069076066
2021-11-01,165.90550231933594,168.79299926757812,164.6009979248047,168.08999633789062,72178000,168.2970711844308,55.704933065450824
2021-11-02,165.6374969482422,166.55599975585938,164.17750549316406,165.75050354003906,52552000,168.13421412876673,52.41781903341146
2021-11-03,169.1999969482422,169.74600219726562,164.87600708007812,165.4499969482422,67944000,168.58871459960938,56.52834434690037
2021-11-04,173.85000610351562,174.93150329589844,168.25,168.5,107060000,169.3096444266183,55.41017688475896
2021-11-05,175.94949340820312,178.3125,173.8489990234375,173.85000610351562,99940000,170.21321541922433,55.71116759204043
2021-11-08,174.44900512695312,178.9499969482422,174.39300537109375,176.16200256347656,61480000,170.51614379882812,53.39646940497798
2021-11-09,178.81149291992188,179.68850708007812,175.07150268554688,175.7624969482422,85898000,171.97185625348772,61.2217994707414
2021-11-10,174.1024932861328,180.2725067138672,173.1544952392578,178.19349670410156,80548000,173.14285496303015,52.96840937627583
2021-11-11,173.625,177.16200256347656,173.37350463867188,175.64999389648438,45288000,174.28392682756697,59.748310178205706
2021-11-12,176.25750732421875,177.0364990234375,172.3524932861328,174.25,53788000,175.2921425955636,63.83837683913906
2021-11-15,177.28399658203125,179.69400024414062,176.29049682617188,176.85000610351562,58594000,175.78271266392298,62.03369220762687
2021-11-16,177.03500366210938,178.8249969482422,176.25750732421875,176.9499969482422,44342000,175.93778555733817,60.68890746470485
2021-11-17,177.4499969482422,179.3625030517578,177.2675018310547,178.23599243164062,51206000,176.36649867466517,57.90952596856003
2021-11-18,184.8029937744141,185.2100067138672,178.0500030517578,178.3175048828125,114070000,177.22242736816406,72.46090357868128
2021-11-19,183.82850646972656,188.1074981689453,183.78599548339844,185.63450622558597,98734000,178.61185782296317,76.14211887455095
2021-11-22,178.6284942626953,185.67300415039065,178.375,183.81900024414065,96844000,179.32664271763392,66.56510210546057
2021-11-23,179.0019989013672,181.0525054931641,176.385498046875,179.2519989013672,73804000,179.71871294294084,63.60521856997626
2021-11-24,179.02049255371094,180.6820068359375,176.84249877929688,178.1334991455078,46560000,179.96678379603796,58.23550542004958
2021-11-26,175.22799682617188,181.6750030517578,175.20750427246094,180.10499572753906,59826000,179.7086399623326,48.90961349898672
2021-11-29,178.07850646972656,179.8000030517578,176.5749969482422,177.3820037841797,65312000,179.79842703683036,55.27015811161179
2021-11-30,175.35350036621094,179.2884979248047,174.60049438476562,178.1750030517578,80022000,178.44849940708704,44.728184786052566
2021-12-01,172.18600463867188,177.99400329589844,172.0800018310547,177.25,74916000,176.78528485979353,46.934155585031725
2021-12-02,171.8679962158203,174.63499450683594,171.1875,173.0,64726000,175.81949942452567,47.174871080966895
2021-12-03,169.489501953125,173.49349975585938,166.92999267578125,172.75,80712000,174.4605712890625,39.0279330714505
2021-12-06,171.36849975585938,173.69549560546875,166.9344940185547,169.64999389648438,68860000,173.36742946079798,40.66794086070686
2021-12-07,176.1645050048828,177.49949645996094,173.33450317382812,174.60000610351562,66410000,173.501216343471,48.799030618624805
2021-12-08,176.1580047607422,177.17999267578125,174.75050354003906,176.15049743652344,45254000,173.22685895647322,48.19720382634291
2021-12-09,174.17100524902344,176.96949768066406,174.13949584960938,175.75,46062000,173.05793108258928,32.55163806427247
2021-12-10,172.21200561523438,175.927001953125,170.5,175.41700744628906,60690000,173.0616455078125,31.53268934173036
2021-12-13,169.5675048828125,172.10000610351562,169.1300048828125,172.0,62170000,172.7330038888114,34.321383893893994
2021-12-14,169.0915069580078,169.49899291992188,166.44000244140625,167.5500030517578,55976000,172.6761474609375,32.91206379976069
2021-12-15,173.31500244140625,173.60000610351562,165.19500732421875,168.59800720214844,75794000,172.9542192731585,41.40830183476753
2021-12-16,168.87100219726562,174.16600036621094,168.16050720214844,173.36849975585938,60876000,171.91229030064173,40.61144208242403
2021-12-17,170.0175018310547,170.89849853515625,165.61349487304688,167.7104949951172,85542000,171.03507559640067,37.46383566012734
2021-12-20,167.07899475097656,167.87449645996094,165.60000610351562,166.85000610351562,57372000,170.02193123953683,37.21669558329876
2021-12-21,170.41700744628906,170.7165069580078,165.6475067138672,167.85049438476562,55956000,169.7655029296875,47.281395168873686
2021-12-22,171.03700256347656,172.0500030517578,168.50050354003906,169.27000427246094,55036000,169.97543116978235,48.73466895538395
2021-12-23,171.06849670410156,171.97500610351562,170.14999389648438,170.42799377441406,36788000,170.2578582763672,52.58936449081745
2021-12-27,169.66949462890625,172.9429931640625,169.2154998779297,171.03700256347656,58688000,169.73707144601005,47.169269286777684
2021-12-28,170.66099548339844,172.17599487304688,169.135498046875,170.1824951171875,54638000,169.99278477260046,39.499325726503486
2021-12-29,169.2010040283203,171.21200561523438,168.60049438476562,170.83999633789062,35754000,169.87614222935267,37.42362053556651
2021-12-30,168.64450073242188,170.88800048828125,168.5240020751953,169.6999969482422,37584000,170.09978594098772,39.46469596157102
2021-12-31,166.7169952392578,169.35000610351562,166.55850219726562,168.95599365234375,47830000,169.5712127685547,39.51214056931107
2022-01-03,170.4044952392578,170.70350646972656,166.16050720214844,167.5500030517578,63520000,169.48085457938058,51.536325601430875
2022-01-04,167.52200317382812,171.39999389648438,166.34950256347656,170.43800354003906,70726000,168.97421264648438,47.35296948448027
2022-01-05,164.35699462890625,167.12649536132812,164.35699462890625,166.88299560546875,64302000,168.2152840750558,34.33258039309459
2022-01-06,163.25399780273438,164.8000030517578,161.93699645996094,163.45050048828125,51958000,167.15714154924666,38.875901432864254
2022-01-07,162.5540008544922,165.24349975585938,162.031005859375,163.83900451660156,46606000,166.2075696672712,34.95292636677196
2022-01-10,161.48599243164062,161.6614990234375,156.30450439453125,160.5854949951172,87798000,165.18492562430245,37.804185817782304
2022-01-11,165.36199951171875,166.35000610351562,160.70150756835938,161.5,62806000,164.9913548060826,39.22999949934948
2022-01-12,165.20700073242188,166.8780059814453,164.41700744628906,166.5749969482422,50030000,164.2488555908203,37.327739175138056
2022-01-13,161.21400451660156,166.22149658203125,161.09100341796875,165.25050354003906,52188000,163.34771292550224,31.726920129972285
2022-01-14,162.13800048828125,162.25,159.80050659179688,160.14999389648438,45974000,163.0307137625558,35.78400199076506
2022-01-18,158.91749572753906,159.7344970703125,157.6645050048828,159.10499572753906,67292000,162.41121346609933,29.554124763030146
2022-01-19,156.2989959716797,159.25,156.25,158.76199340820312,53242000,161.51764133998327,28.408136791248296
2022-01-20,151.66749572753906,158.0,151.3509979248047,156.76600646972656,71974000,160.11499895368303,24.998528142146867
2022-01-21,142.64300537109375,150.89999389648438,142.07049560546875,149.9499969482422,163972000,156.86942836216517,20.676518026442025
2022-01-24,144.54400634765625,144.94500732421875,135.3520050048828,139.0,155624000,153.91757202148438,17.067187645130957
2022-01-25,139.98599243164062,143.60000610351562,138.14500427246094,142.24249267578125,90824000,150.88499886648995,16.36865736285249
2022-01-26,138.87249755859375,145.18499755859375,137.31849670410156,144.75,95602000,147.5613555908203,17.232209493868083
2022-01-27,139.6374969482422,144.24349975585938,139.35000610351562,140.8000030517578,77516000,144.80707005092077,19.367814385775333
2022-01-28,143.97799682617188,143.9980010986328,137.92950439453125,140.86050415039062,74392000,143.04692731584822,27.984783530971654
2022-01-31,149.57350158691406,150.36050415039062,144.30050659179688,144.75,78308000,142.74778529575892,37.25023378199661
2022-02-01,151.19349670410156,151.70799255371094,147.62750244140625,150.0,59220000,143.9692840576172,34.06618863648143
2022-02-02,150.6125030517578,155.0749969482422,148.86349487304688,155.05050659179688,87330000,144.83621215820312,33.74288374572225
2022-02-03,138.8455047607422,144.24749755859375,138.33299255371094,141.7375030517578,225532000,144.67328534807478,28.761592485768546
2022-02-04,157.63949584960938,161.1999969482422,150.60800170898438,155.60650634765625,253456000,147.35428510393416,46.81095025275372
2022-02-07,157.9355010986328,162.6909942626953,157.25,158.52000427246094,102624000,149.9682856968471,49.273736939204525
2022-02-08,161.4134979248047,161.79249572753906,155.55050659179688,156.75050354003906,76040000,152.45907156808036,53.73509512243718
2022-02-09,161.1894989013672,163.83450317382812,160.25,162.87350463867188,68786000,154.11849975585938,57.43233135720316
2022-02-10,159.0034942626953,160.7165069580078,157.75,158.35000610351562,68268000,155.23421369280135,64.29625351039232
2022-02-11,153.2935028076172,159.0,152.73399353027344,158.13450622558594,77100000,155.6172136579241,57.16837064449291
2022-02-14,155.16700744628906,158.44850158691406,151.64999389648438,151.75100708007812,83230000,157.9488568987165,63.009924336318015
2022-02-15,156.510498046875,158.0070037841797,154.6374969482422,157.60549926757812,56440000,157.7875714983259,65.05617520913307
2022-02-16,158.10049438476562,158.83399963378906,154.7344970703125,155.79049682617188,52704000,157.81114196777344,65.54151271677681
2022-02-17,154.65249633789062,160.3489990234375,154.5,158.14599609375,64032000,156.84528459821428,59.12249496646046
2022-02-18,152.60150146484375,155.49949645996094,150.89300537109375,155.49949645996094,63604000,155.61842782156808,52.75463237374261
2022-02-22,150.19749450683594,152.9824981689453,148.48550415039062,150.47850036621094,66128000,154.3604278564453,49.106659936803524
2022-02-23,144.82699584960938,151.76300048828125,144.6510009765625,151.65049743652344,64244000,153.1509268624442,45.221391224608055
2022-02-24,151.35800170898438,151.74899291992188,139.5,139.83749389648438,100786000,152.6067831856864,61.313393892619615
2022-02-25,153.7884979248047,153.99000549316406,149.2135009765625,150.5500030517578,62396000,152.21792602539062,45.054706473191104
2022-02-28,153.56300354003906,154.4499969482422,150.85000610351562,152.4250030517578,57684000,151.56971304757255,44.37483117976293
2022-03-01,151.14199829101562,154.0989990234375,149.9770050048828,152.7324981689453,44874000,151.0682133265904,36.416410090010686
2022-03-02,152.05250549316406,152.99949645996094,148.75,150.8489990234375,47334000,150.98978533063615,38.13223202082759
2022-03-03,147.89849853515625,153.9290008544922,146.8560028076172,153.531494140625,65198000,150.66135733468192,36.277591341372954
2022-03-04,145.64100646972656,147.85000610351562,143.8070068359375,147.15899658203125,60934000,150.77764456612724,39.661722022494146
2022-03-07,137.4530029296875,146.09449768066406,137.41650390625,145.44349670410156,86934000,148.79121616908483,29.556831200976845
2022-03-08,136.01449584960938,140.69949340820312,133.57249450683594,136.68350219726562,91662000,146.25207301548548,26.397978052934135
2022-03-09,139.2790069580078,140.25,136.8280029296875,139.5,82656000,144.2115020751953,29.131074014106787
2022-03-10,146.8175048828125,148.67449951171875,143.97799682617188,145.68499755859375,135062000,143.59371730259485,42.03518655825079
2022-03-11,145.52450561523438,149.6750030517578,145.36900329589844,149.57449340820312,68900000,142.66114589146204,42.693134920159785
2022-03-14,141.85299682617188,147.4499969482422,140.88400268554688,145.9810028076172,74086000,141.79750279017858,41.60420980102746
2022-03-15,147.3665008544922,147.98500061035156,142.0,142.85000610351562,75584000,142.04400198800224,52.54778327898295
2022-03-16,153.10400390625,153.14999389648438,147.35350036621094,148.5,84958000,144.2798592703683,51.78003515703996
2022-03-17,157.23899841308594,157.49850463867188,152.13999938964844,152.6405029296875,72934000,147.31193106515067,53.39960599617061
2022-03-18,161.25050354003906,161.593994140625,156.01100158691406,156.81300354003906,102962000,150.45071629115515,57.04828459956082
2022-03-21,161.4915008544922,163.08399963378906,159.55299377441406,161.12100219726562,66538000,152.5470014299665,59.88405491288963
2022-03-22,164.88900756835938,166.16700744628906,161.69900512695312,161.8054962158203,64086000,155.3133588518415,61.70326605167643
2022-03-23,163.4080047607422,166.3699951171875,162.68699645996094,163.7050018310547,55812000,158.39264569963728,64.86480952886542
2022-03-24,163.64950561523438,164.11849975585938,160.0500030517578,163.74949645996094,56798000,160.71878923688615,67.9537251616087
2022-03-25,164.77349853515625,165.36849975585938,162.25,164.0,49032000,162.3858598981585,81.70274625068612
2022-03-28,168.99049377441406,169.03750610351562,164.89999389648438,164.97500610351562,59854000,164.06464494977678,85.94739550776279
2022-03-29,169.31500244140625,170.8314971923828,167.86849975585938,170.38400268554688,66154000,165.21671622140067,84.98495520329581
2022-03-30,166.30099487304688,168.95050048828125,165.5,168.50950622558594,56168000,165.9037867954799,75.3674583232012
2022-03-31,162.99749755859375,166.4949951171875,162.95350646972656,166.44500732421875,59966000,165.6335710797991,71.61802040998177
2022-04-01,163.55999755859375,165.82699584960938,162.3195037841797,164.14950561523438,57090000,165.65528433663505,79.09472356341492
2022-04-04,168.34649658203125,168.39450073242188,163.20550537109375,164.125,49882000,166.32628304617745,78.67921009915686
2022-04-05,164.05499267578125,168.11050415039062,163.26600646972656,167.7415008544922,53728000,166.22363935198103,65.58592843994778
2022-04-06,158.75599670410156,162.1999969482422,157.25450134277344,161.65049743652344,79056000,164.7615683419364,52.08981640692331
2022-04-07,157.7845001220703,160.07899475097656,154.51150512695312,158.39999389648438,68136000,163.1143537248884,44.7887491970267
2022-04-08,154.4604949951172,157.36849975585938,154.2310028076172,156.75,46002000,161.42285374232702,40.325549833546646
2022-04-11,151.1219940185547,154.13650512695312,150.5345001220703,152.71299743652344,52112000,159.72635323660714,31.026198476518772
2022-04-12,150.78750610351562,155.0989990234375,150.38299560546875,153.6925048828125,55178000,157.9017116001674,32.03870845011147
2022-04-13,155.54100036621094,156.02499389648438,149.60000610351562,150.01849365234375,53390000,156.07235499790735,39.773476497233986
2022-04-14,151.7064971923828,155.89700317382812,151.4720001220703,155.38999938964844,51598000,154.30828421456474,34.574427268472945
2022-04-18,152.78500366210938,154.0395050048828,150.25050354003906,151.52349853515625,46514000,153.45528520856584,29.338432500302517
2022-04-19,158.11549377441406,158.6490020751953,151.55050659179688,152.0294952392578,54926000,153.50257001604353,37.337315163215344
2022-04-20,153.9980010986328,157.6024932861328,153.60350036621094,157.6024932861328,59630000,153.4364994594029,36.42831822299606
2022-04-21,148.29600524902344,156.73800659179688,147.58949279785156,154.71400451660156,63970000,153.0327867780413,34.59753279676795
2022-04-22,144.35000610351562,149.61500549316406,143.69749450683594,148.25,73078000,152.11314392089844,31.206462507449075
2022-04-25,146.07400512695312,146.22149658203125,142.30650329589844,144.0229949951172,61874000,150.7607160295759,26.821445494469486
2022-04-26,139.39100646972656,144.8560028076172,138.92950439453125,144.8000030517578,77530000,149.00136021205358,25.549692824277088
2022-04-27,138.16700744628906,141.94850158691406,135.7834930419922,140.19149780273438,71336000,146.91307503836495,27.79538951374714
2022-04-28,144.59649658203125,145.9375,140.3000030517578,142.17799377441406,117316000,144.9817897251674,37.27517046895046
2022-04-29,124.28150177001952,130.76100158691406,121.625,129.8489990234375,272662000,140.73657553536552,28.071082666080073
2022-05-02,124.5,124.66799926757812,118.375,122.4010009765625,148788000,137.33714621407645,29.73693892995368
2022-05-03,124.25350189208984,126.22049713134766,122.8249969482422,124.05349731445312,79134000,134.46621704101562,29.77682352622388
2022-05-04,125.92849731445312,126.0,119.18299865722656,123.5999984741211,110746000,131.58828735351562,26.319265189917147
2022-05-05,116.40699768066406,123.4990005493164,115.07250213623048,123.0,144392000,128.3048575265067,24.124948046062187
2022-05-06,114.77249908447266,119.05049896240234,113.0814971923828,114.8499984741211,124260000,124.96278490339007,22.3615566317453
2022-05-09,108.78900146484376,114.0,107.95700073242188,111.3125,128124000,119.84742845807757,14.472653163320516
2022-05-10,108.85900115966795,112.64250183105467,107.1709976196289,111.25,105434000,117.6442140851702,15.475788536353505
2022-05-11,105.37200164794922,110.15599822998048,104.42849731445312,108.10350036621094,109704000,114.91164289202008,16.018535821800768
2022-05-12,106.93049621582033,110.78050231933594,102.40550231933594,102.75,132026000,112.43692779541016,19.21241946009357
2022-05-13,113.05500030517578,113.18399810791016,107.8000030517578,109.06900024414062,93684000,110.59785679408482,24.667396932998457
2022-05-16,110.8105010986328,113.99250030517578,110.35399627685548,113.0999984741211,74566000,109.79835728236607,26.47015963919064
2022-05-17,115.36849975585938,115.8000030517578,111.27649688720705,113.2750015258789,76448000,109.88350023542132,32.20714466043928
2022-05-18,107.1125030517578,112.85299682617188,106.2490005493164,111.4394989013672,108380000,109.64400046212333,21.556912088426117
2022-05-19,107.31900024414062,110.03399658203124,106.19300079345705,106.28050231933594,88142000,109.4240003313337,31.475706887263172
2022-05-20,107.59100341796876,109.89800262451172,105.0094985961914,109.56849670410156,99500000,109.74100058419364,31.555692704286713
2022-05-23,107.55699920654295,108.81900024414062,103.9499969482422,108.46099853515624,107798000,109.83050101143974,31.70265862950953
2022-05-24,104.0999984741211,105.4000015258789,101.26000213623048,104.0250015258789,102934000,108.55121503557477,26.977796982359422
2022-05-25,106.7750015258789,108.1750030517578,103.6500015258789,103.65550231933594,93120000,107.97471509660993,38.12652934470267
2022-05-26,111.07749938964844,112.66549682617188,107.45349884033205,107.97000122070312,93002000,107.36171504429409,45.72624856802135
2022-05-27,115.14649963378906,115.18699645996094,112.62799835205078,113.5500030517578,93660000,108.50942884172711,57.694027929665765
2022-05-31,120.20950317382812,121.99449920654295,115.6750030517578,116.27999877929688,144634000,110.3509292602539,62.25557559892164
2022-06-01,121.68399810791016,125.1790008544922,120.62249755859376,122.25599670410156,127528000,112.36421421595982,68.41291018654681
2022-06-02,125.51100158691406,125.61000061035156,120.04499816894533,121.68399810791016,100560000,114.92907169886998,69.95178900414403
2022-06-03,122.3499984741211,124.4000015258789,121.04650115966795,124.1999969482422,97604000,117.53621455601284,60.6594000776938
2022-06-06,124.79000091552734,128.99000549316406,123.80999755859376,125.25,135269000,120.10978589739118,65.9599694444517
2022-06-07,123.0,124.0999984741211,120.62999725341795,122.01000213623048,85156700,121.81300027029855,59.30046686618721
2022-06-08,121.18000030517578,123.75,120.75,122.61000061035156,64926600,122.6749289376395,70.33373996659446
2022-06-09,116.1500015258789,121.3000030517578,116.0999984741211,119.98999786376952,67029800,122.09500013078961,61.20258487613248
2022-06-10,109.6500015258789,114.5,109.0500030517578,113.41999816894533,87266000,120.37585776192802,52.2555457807837
2022-06-13,103.66999816894533,106.54000091552734,101.86000061035156,104.19000244140624,99277700,117.2557144165039,46.23272391163696
2022-06-14,102.30999755859376,104.87999725341795,101.43000030517578,104.19000244140624,69728800,114.39285714285714,48.191626444018894
2022-06-15,107.66999816894533,109.05999755859376,103.52999877929688,103.86000061035156,85011100,111.94714246477399,50.85765421420996
2022-06-16,103.66000366210938,104.58000183105467,102.01000213623048,104.47000122070312,82186300,109.18428584507534,42.85191643215325
2022-06-17,106.22000122070312,106.9800033569336,102.51000213623048,102.8000030517578,99772100,107.0471431187221,41.140040509976195
2022-06-21,108.68000030517578,111.62999725341795,103.55999755859376,108.1999969482422,70901200,105.98000008719308,37.9329079600111
2022-06-22,108.9499969482422,112.12999725341795,107.0199966430664,107.43000030517578,60040100,105.87999943324498,36.327520032321075
2022-06-23,112.44000244140624,113.0,107.93000030517578,110.38999938964844,64345300,107.13285718645368,35.86338349624313
2022-06-24,116.45999908447266,116.70999908447266,111.43000030517578,112.37999725341795,69867600,109.15428597586495,43.746018424608486
2022-06-27,113.22000122070312,117.9800033569336,112.6999969482422,117.08999633789062,62133200,109.9471435546875,37.92023210951281
2022-06-28,107.4000015258789,114.8499984741211,107.04000091552734,113.5,74942900,110.48142896379743,34.976886251320124
2022-06-29,108.91999816894533,110.98999786376952,106.91000366210938,107.37999725341795,66375300,110.86714281354632,38.124752898158214
2022-06-30,106.20999908447266,108.18000030517578,102.5199966430664,108.11000061035156,97679400,110.51428549630302,39.918859125129536
2022-07-01,109.55999755859376,109.75,105.8499984741211,106.29000091552734,73021200,110.60142844063897,49.902487547055536
2022-07-05,113.5,114.08000183105467,106.31999969482422,107.5999984741211,76583700,110.75285666329522,61.142603826217844
2022-07-06,114.33000183105467,115.4800033569336,112.01000213623048,113.20999908447266,66958900,110.44857134137835,63.790738843538854
2022-07-07,116.33000183105467,116.98999786376952,113.48999786376952,113.8499984741211,57872300,110.89285714285714,60.76579647530192
2022-07-08,115.54000091552734,116.58000183105467,113.69000244140624,114.5999984741211,45719700,112.0557141985212,66.0540536528002
2022-07-11,111.75,114.3000030517578,110.87000274658205,114.08000183105467,53487600,112.46000017438617,57.232539101898624
2022-07-12,109.22000122070312,113.2300033569336,108.33999633789062,112.16000366210938,54280300,112.89000047956195,50.704962114972
2022-07-13,110.4000015258789,111.77999877929688,106.01000213623048,107.02999877929688,61353800,113.01000104631694,51.849023988132295
2022-07-14,110.62999725341795,111.18000030517578,107.58000183105467,110.23999786376952,51163100,112.60000065394809,47.48260677919125
2022-07-15,113.5500030517578,115.58999633789062,111.58999633789062,112.5,84317800,112.4885722569057,45.824969641138196
2022-07-18,113.76000213623048,117.23999786376952,113.1500015258789,115.0,59115400,112.12142944335938,50.84852438828777
2022-07-19,118.20999908447266,118.9499969482422,114.02999877929688,115.6999969482422,60990000,112.5028577532087,67.75040827913415
2022-07-20,122.7699966430664,123.4800033569336,118.31999969482422,118.62000274658205,71268300,114.07714298793248,70.67781331378409
2022-07-21,124.62999725341795,124.8499984741211,121.26000213623048,123.1999969482422,60239900,116.27857099260602,78.21690948742344
2022-07-22,122.41999816894533,125.5,121.3499984741211,125.01000213623048,51463800,117.99571337018695,70.41269938151046
2022-07-25,121.13999938964844,123.63999938964844,120.02999877929688,122.6999969482422,50221300,119.4971422467913,63.24549299545307
2022-07-26,114.80999755859376,118.1500015258789,114.52999877929688,115.79000091552734,67075100,119.67714146205357,50.69888727246232
2022-07-27,120.97000122070312,121.9000015258789,117.16000366210938,117.30999755859376,61582000,120.70714133126395,56.02597323330969
2022-07-28,122.27999877929688,122.83999633789062,118.08000183105467,121.56999969482422,82245500,121.28856985909599,58.63659462278195
2022-07-29,134.9499969482422,137.64999389648438,132.41000366210938,134.89999389648438,148892900,123.02856990269252,74.21711889815604
2022-08-01,135.38999938964844,138.8300018310547,133.50999450683594,134.9600067138672,76846900,124.56571306501117,78.56363191841731
2022-08-02,134.16000366210938,137.44000244140625,134.08999633789062,134.72000122070312,61922400,126.24285670689174,75.90493433579093
2022-08-03,139.52000427246094,140.49000549316406,136.0500030517578,136.2100067138672,71827800,128.86857169015067,78.329092203758
2022-08-04,142.57000732421875,143.55999755859375,139.5500030517578,140.5800018310547,70585000,132.83428737095423,78.38420094322731
2022-08-05,140.8000030517578,142.86000061035156,139.60000610351562,140.10000610351562,50686900,135.66714477539062,75.66438948261614
2022-08-08,139.41000366210938,144.22999572753906,138.2899932861328,142.0500030517578,52229000,138.11428833007812,71.36235731979787
2022-08-09,137.8300018310547,138.9499969482422,136.2100067138672,138.0500030517578,40434700,138.52571759905135,66.14494309771368
2022-08-10,142.69000244140625,144.60000610351562,141.00999450683594,142.89999389648438,54773800,139.5685751778739,68.19097767357296
2022-08-11,140.63999938964844,144.49000549316406,139.75999450683594,143.86000061035156,44867300,140.4942888532366,68.41147653113649
2022-08-12,143.5500030517578,143.57000732421875,140.1199951171875,142.0500030517578,47643500,141.07000296456474,71.92329945610541
2022-08-15,143.17999267578125,143.75999450683594,141.49000549316406,142.8000030517578,39014600,141.15714372907365,81.41747483568506
2022-08-16,144.77999877929688,146.57000732421875,142.0,143.91000366210938,59102900,141.72571454729353,79.32986179508501
2022-08-17,142.10000610351562,143.3800048828125,140.77999877929688,142.69000244140625,48149800,142.11000061035156,73.61772753257219
2022-08-18,142.3000030517578,142.77000427246094,140.3800048828125,141.32000732421875,37458700,142.74857221330916,62.46185305418755
2022-08-19,138.22999572753906,141.11000061035156,137.91000366210938,140.47000122070312,47792800,142.1114283970424,54.2874307665232
2022-08-22,133.22000122070312,136.32000732421875,132.85000610351562,135.72000122070312,50461500,141.05142865862166,48.72628479745935
2022-08-23,133.6199951171875,134.99000549316406,132.9499969482422,133.41000366210938,36252100,139.63285609654017,40.76392315957082
2022-08-24,133.8000030517578,135.47000122070312,132.10000610351562,132.75,38627000,138.29285757882255,34.915725043868335
2022-08-25,137.27999877929688,137.4199981689453,134.27999877929688,135.25999450683594,37496300,137.22142900739397,44.28199696708158
2022-08-26,130.75,137.8300018310547,130.5,136.5500030517578,53322700,135.5999995640346,37.94543370712822
2022-08-29,129.7899932861328,131.9499969482422,128.77000427246094,129.89999389648438,48101600,133.81285531180245,38.61189182086105
2022-08-30,128.72999572753906,132.07000732421875,126.8499984741211,131.25,49203000,132.4557124546596,27.84126991815964
2022-08-31,126.7699966430664,130.58999633789062,126.73999786376952,129.4499969482422,53648700,131.53428322928292,27.921047818385006
2022-09-01,127.81999969482422,128.02000427246094,123.66000366210938,126.0,56636100,130.7057124546596,23.38409869515455
2022-09-02,127.51000213623048,131.3800048828125,126.38999938964844,129.5,57429800,129.80714089529857,23.431685868647648
2022-09-06,126.11000061035156,128.6199951171875,124.73999786376952,127.91999816894533,43888600,128.2114268711635,18.129050104998626
2022-09-07,129.47999572753906,129.82000732421875,125.4000015258789,126.12000274658205,47900300,128.02999768938338,28.952614785758527
2022-09-08,129.82000732421875,130.27999877929688,127.0999984741211,127.72000122070312,43988500,128.03428540910994,29.28288275509196
2022-09-09,133.27000427246094,133.69000244140625,130.75999450683594,130.91000366210938,49387600,128.68285805838448,41.593234821901476
2022-09-12,136.4499969482422,136.49000549316406,134.0,134.10000610351562,53826900,130.06571524483817,55.83663885305956
2022-09-13,126.81999969482422,131.39999389648438,126.2699966430664,131.00999450683594,72694000,129.92285810198103,40.785914442856765
2022-09-14,128.5500030517578,128.83999633789062,126.33000183105467,127.36000061035156,45316800,130.07142966134208,43.17295134370613
2022-09-15,126.27999877929688,130.3699951171875,125.5,127.37999725341795,52887200,130.09571511404855,35.23093665759636
2022-09-16,123.52999877929688,123.87000274658205,120.6999969482422,122.77999877929688,115667800,129.24571555001395,39.21099854754233
2022-09-19,124.66000366210938,124.70999908447266,121.8000030517578,122.16000366210938,47279700,128.5085721697126,42.37289788999517
2022-09-20,122.19000244140624,124.4000015258789,121.13999938964844,123.3499984741211,47698400,126.92571476527621,40.667820075231376
2022-09-21,118.54000091552734,123.76000213623048,118.4499969482422,122.48999786376952,58498900,124.36714390345982,38.79663318015004
2022-09-22,117.30999755859376,118.79000091552734,116.26000213623048,117.08000183105467,55229200,123.00857216971261,35.7626674058351
2022-09-23,113.77999877929688,116.0500030517578,112.05999755859376,116.0,65126700,120.89857155936105,32.89309858456048
2022-09-26,115.1500015258789,117.33999633789062,113.12999725341795,113.3000030517578,62723300,119.30857195172992,36.33417041017399
2022-09-27,114.41000366210938,118.31999969482422,113.0500030517578,117.1999969482422,60094700,118.00571550641742,29.890598562082715
2022-09-28,118.01000213623048,118.6999969482422,113.8000030517578,114.37999725341795,55763800,117.05571528843473,35.502081739973875
2022-09-29,114.8000030517578,116.06999969482422,113.05999755859376,115.5999984741211,58969700,116.00000108991351,27.191900821276235
2022-09-30,113.0,116.91999816894533,112.83999633789062,114.08000183105467,59479600,115.20857238769531,20.02047119246356
2022-10-03,115.87999725341795,116.91000366210938,112.4499969482422,113.58000183105467,50941900,115.00428662981305,33.096419844715
2022-10-04,121.08999633789062,123.0,119.79000091552734,119.88999938964844,62812600,116.04857199532645,39.59262792962057
2022-10-05,120.9499969482422,121.75,117.69000244140624,118.58000183105467,48217500,116.87714276994977,42.09433288415501
2022-10-06,120.3000030517578,121.52999877929688,119.5,120.7699966430664,42253800,117.71857125418526,44.890864180367466
2022-10-07,114.55999755859376,118.16999816894533,113.87999725341795,118.0,54678000,117.22571345738002,36.057418880286356
2022-10-10,113.66999816894533,116.25,112.43000030517578,115.0999984741211,42339700,117.0642841884068,37.70207213830529
2022-10-11,112.20999908447266,115.4800033569336,110.38999938964844,112.70999908447266,56432200,116.95142691476005,40.246529389276915
2022-10-12,112.9000015258789,113.83000183105467,111.4000015258789,112.48999786376952,45728700,116.52571323939733,43.0899458147948
2022-10-13,112.52999877929688,113.44000244140624,105.3499984741211,107.87999725341795,86868100,115.30285644531251,47.82608695652174
2022-10-14,106.9000015258789,114.95999908447266,106.5999984741211,114.0999984741211,67737300,113.29571424211774,37.50378465180974
2022-10-17,113.79000091552734,114.19000244140624,110.08999633789062,110.11000061035156,62782000,112.36571393694199,49.2083723066978
2022-10-18,116.36000061035156,119.5199966430664,114.79000091552734,119.05999755859376,65607400,112.62285723005023,47.83634717449263
2022-10-19,115.06999969482422,116.58999633789062,113.22000122070312,114.70999908447266,47198100,112.82285744803292,50.372820560470814
2022-10-20,115.25,118.23999786376952,113.51000213623048,113.83000183105467,48795100,113.25714329310826,53.252385426730015
2022-10-21,119.31999969482422,119.58999633789062,114.5,114.79000091552734,55660500,114.17428588867188,54.807158410800064
2022-10-24,119.81999969482422,120.38999938964844,116.56999969482422,119.9800033569336,49531500,115.21571459089007,47.956233254682054
2022-10-25,120.5999984741211,121.31999969482422,118.9499969482422,119.6500015258789,50934600,117.17285701206752,49.44812601036547
2022-10-26,115.66000366210938,119.3499984741211,114.76000213623048,116.0,68802300,117.44000026157924,43.55555640326608
2022-10-27,110.95999908447266,114.12000274658205,109.7699966430664,113.91999816894533,129605400,116.66857147216797,44.85126062872234
2022-10-28,103.41000366210938,103.95999908447266,97.66000366210938,97.91000366210938,223133400,115.0028577532087,37.674200251649054
2022-10-31,102.44000244140624,104.87000274658205,100.73999786376952,103.55999755859376,99251400,113.17285810198102,38.12302784404573
2022-11-01,96.79000091552734,104.58000183105467,96.05999755859376,103.98999786376952,153370000,109.95428684779576,32.523321880688115
2022-11-02,92.12000274658205,97.73999786376952,92.01000213623048,97.31999969482422,135761800,105.9971444266183,29.747966491221362
2022-11-03,89.30000305175781,93.5,89.0199966430664,92.47000122070312,136683300,101.52571650913784,31.50483331342336
2022-11-04,90.9800033569336,92.44000244140624,88.04000091552734,91.48999786376952,129101300,98.000002179827,23.08236938014089
2022-11-07,90.52999877929688,92.0999984741211,89.04000091552734,91.9499969482422,77495700,95.08143070765904,17.91304120365878
2022-11-08,89.9800033569336,91.72000122070312,88.2300033569336,90.79000091552734,88703400,93.16285923549107,18.24854489216696
2022-11-09,86.13999938964844,89.4800033569336,85.87000274658203,89.47000122070312,90796200,90.83428737095424,16.284454661742288
2022-11-10,96.62999725341795,98.69000244140624,91.6500015258789,92.94000244140624,173414900,90.81142970493862,27.12239955937511
2022-11-11,100.79000091552734,101.19000244140624,96.66000366210938,97.87999725341795,111590500,92.0500008719308,32.13145654526116
2022-11-14,98.48999786376952,100.12000274658205,97.29000091552734,98.7699966430664,99533100,93.36285727364675,29.81559349497006
2022-11-15,98.94000244140624,103.79000091552734,97.33999633789062,103.20999908447266,111336300,94.49999999999999,33.37311400903933
2022-11-16,97.12000274658205,98.48999786376952,95.54000091552734,96.8499984741211,87958800,95.44142913818358,35.40085056465557
2022-11-17,94.8499984741211,96.97000122070312,94.02999877929688,95.37000274658205,82617900,96.13714272635322,39.83855469043636
2022-11-18,94.13999938964844,95.98999786376952,92.4800033569336,95.9499969482422,72428200,97.27999986921036,40.08600106877098
2022-11-21,92.45999908447266,95.0199966430664,90.58999633789062,93.97000122070312,84330300,96.68428584507534,44.286091109715045
2022-11-22,93.1999969482422,93.3499984741211,90.87000274658205,92.62000274658205,62192000,95.5999995640346,51.590096798463875
2022-11-23,94.12999725341795,94.58000183105467,92.83000183105467,93.23999786376952,59414700,94.97714233398438,57.53038969368481
2022-11-25,93.41000366210938,94.43000030517578,93.06999969482422,93.79000091552734,35088600,94.18714250837054,53.90549608095446
2022-11-28,93.9499969482422,96.4000015258789,93.43000030517578,93.93000030517578,74943100,93.73428453717914,55.480766832475624
2022-11-29,92.41999816894533,94.41000366210938,91.44000244140624,94.04000091552734,65567300,93.38714163643975,53.79116654579287
2022-11-30,96.54000091552734,96.54000091552734,91.52999877929688,92.47000122070312,102805800,93.7299989972796,66.0197193764768
2022-12-01,95.5,97.2300033569336,94.91999816894533,96.98999786376952,68488000,94.16428484235493,47.54455204582812
2022-12-02,94.12999725341795,95.36000061035156,93.77999877929688,94.4800033569336,72496400,94.2971420288086,33.53114920861067
2022-12-05,91.01000213623048,94.05999755859376,90.81999969482422,93.0500030517578,71535500,93.85142844063897,32.22433908173103
2022-12-06,88.25,91.04000091552734,87.9000015258789,90.5,75503600,93.11428506033762,27.109193505699977
2022-12-07,88.45999908447266,89.88999938964844,87.4800033569336,88.33999633789062,68086900,92.32999965122768,30.082779318786663
2022-12-08,90.3499984741211,90.86000061035156,87.87999725341797,89.23999786376953,73305900,92.03428540910993,39.466284910933176
2022-12-09,89.08999633789062,90.3000030517578,88.62999725341797,88.9000015258789,67398500,90.96999904087612,38.47556886202521
2022-12-12,90.5500030517578,90.58000183105467,87.87000274658203,89.20999908447266,61999800,90.26285661969867,45.5970574237825
2022-12-13,92.48999786376952,96.25,90.5199966430664,95.2300033569336,100212000,90.028570992606,48.4491058539708
2022-12-14,91.58000183105467,93.45999908447266,89.87000274658203,92.5,70298000,90.10999952043804,44.42501788922193
2022-12-15,88.44999694824219,89.97000122070312,87.47000122070312,89.88999938964844,84802900,90.13857051304407,40.18985966500677
2022-12-16,87.86000061035156,89.3499984741211,86.7300033569336,88.2699966430664,146144100,90.05285644531249,37.978689503242975
2022-12-19,84.91999816894531,87.62999725341797,84.51000213623047,87.51000213623047,83531500,89.27714211600166,35.97606869991601
2022-12-20,85.19000244140625,86.61000061035156,84.33000183105469,85.33000183105469,74348300,88.7200001307896,25.20752513383097
2022-12-21,86.7699966430664,87.2300033569336,85.20999908447266,86.18000030517578,59267200,88.17999921526227,31.370031491196542
2022-12-22,83.79000091552734,85.68000030517578,82.25,85.5199966430664,81431300,86.93714250837054,29.35303692030753
2022-12-23,85.25,85.77999877929688,82.93000030517578,83.25,57433700,86.03285653250558,37.681773282953614
2022-12-27,83.04000091552734,85.3499984741211,83.0,84.97000122070312,57284000,85.25999995640346,38.58957422754448
2022-12-28,81.81999969482422,83.4800033569336,81.69000244140625,82.80000305175781,58228600,84.3971426827567,36.07382464422821
2022-12-29,84.18000030517578,84.55000305175781,82.55000305175781,82.87000274658203,54995900,84.2914287022182,37.309751566050274
2022-12-30,84.0,84.05000305175781,82.47000122070312,83.12000274658203,62401200,84.12142835344586,39.04434508385109
2023-01-03,85.81999969482422,86.95999908447266,84.20999908447266,85.45999908447266,76706000,83.98571450369698,39.974553579947155
2023-01-04,85.13999938964844,86.9800033569336,83.36000061035156,86.55000305175781,68885100,84.17857142857143,33.54231889237427
2023-01-05,83.12000274658203,85.41999816894531,83.06999969482422,85.33000183105469,67930800,83.87428610665458,31.953922873444156
2023-01-06,86.08000183105469,86.4000015258789,81.43000030517578,83.02999877929688,83303400,84.30857195172992,44.90761444752928
2023-01-09,87.36000061035156,89.4800033569336,87.08000183105469,87.45999908447266,65266100,85.1000006539481,48.956593951760304
2023-01-10,89.87000274658203,90.19000244140624,87.29000091552734,87.56999969482422,67756600,85.91285814557757,60.518500721274734
2023-01-11,95.08999633789062,95.26000213623048,90.93000030517578,90.93000030517578,103126200,87.4971433367048,67.38061918151114
2023-01-12,95.2699966430664,97.19000244140624,93.5,96.93000030517578,85254800,88.8471429007394,65.69424707304952
2023-01-13,98.12000274658205,98.37000274658205,94.12000274658205,94.18000030517578,85549400,90.70142909458706,76.58627727968883
2023-01-17,96.0500030517578,98.88999938964844,95.7300033569336,98.68000030517578,72755000,92.54857199532645,69.59362120551083
2023-01-18,95.45999908447266,99.31999969482422,95.37999725341795,97.25,79570400,93.88857160295758,73.93985543563424
2023-01-19,93.68000030517578,95.44000244140624,92.86000061035156,94.73999786376952,69002700,94.7914287022182,72.37735964217273
2023-01-20,97.25,97.3499984741211,93.1999969482422,93.86000061035156,67481500,95.84571402413505,73.5835440755175
2023-01-23,97.5199966430664,97.77999877929688,95.86000061035156,97.55999755859376,76501100,96.19285692487445,74.31654472897941
2023-01-24,96.31999969482422,98.08999633789062,96.0,96.93000030517578,66929500,96.34285736083984,69.31567849419625
2023-01-25,97.18000030517578,97.23999786376952,91.5199966430664,92.55999755859376,94261600,96.2085712977818,72.0029312944403
2023-01-26,99.22000122070312,99.48999786376952,96.91999816894533,98.23999786376952,68523600,96.66142817905971,79.40102280709915
2023-01-27,102.23999786376952,103.48999786376952,99.52999877929688,99.52999877929688,87775600,97.62999943324498,79.44606247819127
2023-01-30,100.5500030517578,101.73999786376952,99.01000213623048,101.08999633789062,70691900,98.61142839704242,73.68044304744139
2023-01-31,103.12999725341795,103.3499984741211,101.13999938964844,101.16000366210938,66527300,99.45142800467355,73.74642303597619
2023-02-01,105.1500015258789,106.23999786376952,101.23999786376952,102.52999877929688,80450100,100.5414287022182,70.34791220885532
2023-02-02,112.91000366210938,114.0,108.87999725341795,110.25,158154200,102.91142926897321,77.30651628332691
2023-02-03,103.38999938964844,108.77999877929688,102.5199966430664,105.26000213623048,144374800,103.79857199532645,56.76160830090789
2023-02-06,102.18000030517578,103.9499969482422,100.6500015258789,102.93000030517578,81945200,104.22142900739398,58.042506405709716
2023-02-07,102.11000061035156,102.41000366210938,98.08000183105467,101.16999816894533,119501300,104.2028579711914,58.84544230306708
2023-02-08,100.0500030517578,102.66999816894533,98.77999877929688,102.04000091552734,75878300,104.13142939976284,58.410357606581364
2023-02-09,98.23999786376952,101.77999877929688,97.56999969482422,101.31999969482422,64622500,103.43285805838448,51.37080871809031
2023-02-10,97.61000061035156,98.81999969482422,96.2300033569336,97.55999755859376,52740100,102.355715070452,50.12339454771196
2023-02-13,99.54000091552734,99.68000030517578,96.91000366210938,97.8499984741211,52841500,100.44571467808315,54.32795898502792
2023-02-14,99.6999969482422,100.91999816894533,97.5199966430664,98.41000366210938,56202900,99.91857147216797,53.452050917544646
2023-02-15,101.16000366210938,101.16999816894533,98.4499969482422,99.08999633789062,47957600,99.77285766601562,52.70044897035029
2023-02-16,98.1500015258789,100.62999725341795,98.0999984741211,99.20999908447266,56339200,99.20714351109096,44.30521314286834
2023-02-17,97.1999969482422,97.94000244140624,95.6500015258789,97.8000030517578,60029400,98.7999997820173,45.23741139536523
2023-02-21,94.58000183105467,95.61000061035156,94.2699966430664,95.33999633789062,56580400,98.27714320591518,37.858574354714065
2023-02-22,95.79000091552734,97.01000213623048,94.8000030517578,95.0999984741211,59534100,98.01714324951172,36.39535157083426
2023-02-23,95.81999969482422,96.43000030517578,93.66999816894533,96.12000274658205,48467000,97.48571450369698,17.960254496178337
2023-02-24,93.5,94.13999938964844,92.31999969482422,93.52999877929688,57053800,96.6000006539481,24.601954880382735
2023-02-27,93.76000213623048,94.77999877929688,93.13999938964844,94.27999877929688,47470300,95.54285757882255,27.267828762151723
2023-02-28,94.2300033569336,94.69000244140624,92.91999816894533,93.13999938964844,43959300,94.98285784040179,29.175489327520722
2023-03-01,92.16999816894533,94.68000030517578,91.58999633789062,93.87000274658205,52299500,94.26428658621651,29.175477562660262
2023-03-02,92.12999725341795,92.2300033569336,90.38999938964844,91.41000366210938,55509400,93.91428593226841,32.186596651253694
2023-03-03,94.9000015258789,94.94000244140624,92.66000366210938,92.73999786376952,55759600,93.78714316231864,42.975643306922514
2023-03-06,93.75,96.5500030517578,93.73999786376952,95.19000244140624,52112400,93.49142892020089,34.35981773554347
2023-03-07,93.5500030517578,95.08999633789062,92.77999877929688,94.05999755859376,49100700,93.49857221330915,33.42321340732123
2023-03-08,93.91999816894533,94.16999816894533,92.18000030517578,93.5999984741211,44899100,93.52142878941127,29.266888003502856
2023-03-09,92.25,96.20999908447266,92.18000030517578,93.68000030517578,56218700,93.23857116699219,31.699750246227907
2023-03-10,90.7300033569336,93.56999969482422,90.25,92.66999816894533,69827500,93.03285762241909,30.617149183736927
2023-03-13,92.43000030517578,94.0199966430664,88.12000274658203,89.97000122070312,72397100,93.07571520124164,43.18325306421618
2023-03-14,94.87999725341795,95.06999969482422,92.70999908447266,93.83000183105467,60912700,93.07285744803292,47.32509125225268
2023-03-15,96.1999969482422,96.66999816894533,93.06999969482422,93.22000122070312,70731800,93.42285701206752,51.03824412150838
2023-03-16,100.04000091552734,100.98999786376952,95.61000061035156,95.75,84446900,94.3499995640346,66.49848894103457
2023-03-17,98.9499969482422,100.66000366210938,97.45999908447266,99.79000091552734,87300200,95.06857081821987,62.56657246612675
2023-03-20,97.70999908447266,98.4800033569336,95.6999969482422,98.41000366210938,62388900,95.84857068743024,58.123240021057384
2023-03-21,100.61000061035156,100.8499984741211,98.0,98.13999938964844,58597300,97.25999886648995,68.95778195006812
2023-03-22,98.6999969482422,102.0999984741211,98.61000061035156,100.4499969482422,57475400,98.1557126726423,63.613759723685014
2023-03-23,98.70999908447266,101.05999755859376,97.62000274658205,100.43000030517578,57559300,98.7028557913644,58.91436225815848
2023-03-24,98.12999725341795,98.3000030517578,96.4000015258789,98.06999969482422,56095400,98.97857012067523,60.52884186865916
2023-03-27,98.04000091552734,99.33999633789062,97.08000183105467,99.06999969482422,46721300,98.69285583496094,60.85065004743946
2023-03-28,97.23999786376952,98.44000244140624,96.29000091552734,98.11000061035156,38720100,98.44857025146484,57.85984674022233
2023-03-29,100.25,100.41999816894533,98.55999755859376,98.69000244140624,49783300,98.81142752511161,67.80943367897719
2023-03-30,102.0,103.04000091552734,101.01000213623048,101.5500030517578,53633400,99.00999886648995,74.83471053538555
2023-03-31,103.29000091552734,103.48999786376952,101.9499969482422,102.16000366210938,56750300,99.66571371895927,74.37161976600922
2023-04-03,102.41000366210938,103.29000091552734,101.43000030517578,102.3000030517578,41135700,100.1942858014788,68.17962625202479
2023-04-04,103.9499969482422,104.1999969482422,102.11000061035156,102.75,48662500,101.02571432931083,68.51408758235405
2023-04-05,101.0999984741211,103.91000366210938,100.75,103.91000366210938,45175400,101.46285683768136,52.65796747444879
2023-04-06,102.05999755859376,102.37999725341795,99.8000030517578,100.75,43808000,102.15142822265625,57.84957343167972
2023-04-10,102.16999816894533,102.1999969482422,99.56999969482422,100.95999908447266,37261200,102.42571367536273,61.93789885334451
2023-04-11,99.91999816894533,101.0,99.01000213623048,100.8000030517578,60417800,102.12857055664062,48.08651556261186
2023-04-12,97.83000183105467,100.51000213623048,97.70999908447266,100.4000015258789,56735000,101.34857068743024,47.611214921946285
2023-04-13,102.4000015258789,102.56999969482422,98.70999908447266,98.9499969482422,67925100,101.34714181082589,58.10277606895337
2023-04-14,102.51000213623048,103.1999969482422,101.11000061035156,102.06999969482422,51450500,101.14142826625279,59.82064412652624
2023-04-17,102.73999786376952,103.7300033569336,101.58999633789062,103.16000366210938,39919500,101.37571389334542,60.47236994832809
2023-04-18,102.3000030517578,104.1999969482422,101.5199966430664,103.9499969482422,39790500,101.41000039236886,61.45835600903499
2023-04-19,104.3000030517578,105.12000274658205,101.38999938964844,101.58000183105467,58398900,101.71428680419922,59.61083889395015
2023-04-20,103.80999755859376,105.25,103.20999908447266,103.52999877929688,57696900,102.27000100272042,54.56839771788086
2023-04-21,106.95999908447266,108.1500015258789,105.08000183105467,106.0999984741211,86774200,103.57428632463727,58.4679304643689
2023-04-24,106.20999908447266,109.2300033569336,105.06999969482422,107.66000366210938,69575600,104.11857169015067,58.82079376216886
2023-04-25,102.56999969482422,105.4499969482422,102.4499969482422,104.91000366210938,65026800,104.12714276994977,47.08122306595262
2023-04-26,104.9800033569336,106.62000274658205,104.0999984741211,105.04000091552734,73803800,104.4471435546875,58.36208058877887
2023-04-27,109.81999969482422,110.86000061035156,106.8000030517578,108.16000366210938,149961200,105.52142878941127,64.32792429430197
2023-04-28,105.4499969482422,109.4800033569336,104.33000183105467,107.7300033569336,130715900,105.68571363176618,55.2329278279642
2023-05-01,102.0500030517578,105.2300033569336,101.81999969482422,104.9499969482422,74728100,105.43428584507534,53.2779401708759
2023-05-02,103.62999725341795,103.9000015258789,101.1500015258789,101.47000122070312,73469400,104.9585712977818,59.06816382258097
2023-05-03,103.6500015258789,105.95999908447266,103.27999877929688,103.73999786376952,65051900,104.59285736083984,52.27852776844462
2023-05-04,104.0,105.38999938964844,103.30999755859376,104.04000091552734,45345500,104.7971431187221,52.69244375353102
2023-05-05,105.66000366210938,105.76000213623048,103.5500030517578,104.2699966430664,56951700,104.89428601946149,55.01719235644746
2023-05-08,105.83000183105467,106.0999984741211,104.6999969482422,105.04000091552734,49430900,104.32428632463727,56.12209253399091
2023-05-09,106.62000274658205,106.79000091552734,105.16000366210938,105.4800033569336,44089400,104.4914300101144,54.19985420731239
2023-05-10,110.19000244140624,110.66999816894533,108.0500030517578,108.0999984741211,78627600,105.65428706577846,60.39088846420517
2023-05-11,112.18000030517578,113.27999877929688,110.48999786376952,111.02999877929688,74924800,106.87571607317243,58.83548139320936
2023-05-12,110.26000213623048,112.63999938964844,109.31999969482422,112.16000366210938,49852700,107.82000187465123,56.59395014433995
2023-05-15,111.1999969482422,112.29000091552734,109.25,111.1500015258789,53011100,108.84857286725726,65.4052147385481
2023-05-16,113.4000015258789,114.79000091552734,111.0500030517578,111.0500030517578,71472900,109.95428684779576,65.14388824853175
2023-05-17,115.5,115.83000183105467,114.22000122070312,114.88999938964844,65655200,111.33571515764508,61.332806440112726
2023-05-18,118.1500015258789,118.5999984741211,116.33999633789062,116.69000244140624,73174100,112.98285784040179,77.20653539351052
2023-05-19,116.25,118.30999755859376,115.6999969482422,118.16000366210938,55056300,113.84857177734375,82.50915597363532
2023-05-22,115.01000213623048,116.7699966430664,114.25,116.7699966430664,70741100,114.2528577532087,76.46512763444777
2023-05-23,114.98999786376952,117.13999938964844,113.77999877929688,114.2699966430664,67576300,114.92857142857143,76.37208450672236
2023-05-24,116.75,117.33999633789062,115.0199966430664,115.3499984741211,63487900,115.72142900739398,77.82627228708631
2023-05-25,115.0,116.87000274658205,114.30999755859376,116.62999725341795,66496700,115.9500002179827,70.30433986497962
2023-05-26,120.11000061035156,121.5,116.0199966430664,116.04000091552734,96779900,116.60857173374721,75.55475578293857
2023-05-30,121.66000366210938,122.91999816894533,119.86000061035156,122.37000274658205,64314800,117.11000061035156,76.20208800810894
2023-05-31,120.58000183105467,122.04000091552734,119.16999816894533,121.4499969482422,72800800,117.72857230050224,69.82067288855612
2023-06-01,122.7699966430664,123.48999786376952,119.93000030517578,120.69000244140624,54375100,118.83714294433594,70.0492140655856
2023-06-02,124.25,126.38999938964844,124.0199966430664,124.91999816894533,61264400,120.16000039236886,76.93491162155858
2023-06-05,125.3000030517578,125.8000030517578,123.02999877929688,123.36000061035156,47950100,121.38142939976284,77.03220257667411
2023-06-06,126.61000061035156,127.4000015258789,125.0,125.06999969482422,45695200,123.04000091552734,76.2207102088163
2023-06-07,121.2300033569336,127.37000274658205,120.62999725341795,127.01000213623048,95663300,123.2000013078962,60.06322721412489
2023-06-08,124.25,125.62999725341795,122.26000213623048,123.01000213623048,62159300,123.57000078473773,60.57558535886586
2023-06-09,123.43000030517578,125.8000030517578,123.19000244140624,124.08000183105467,51396000,123.97714342389789,62.93227621154416
2023-06-12,126.56999969482422,126.77999877929688,123.52999877929688,124.0199966430664,51338000,124.52000100272042,69.48751876480986
2023-06-13,126.66000366210938,128.41000366210938,125.18000030517578,128.1199951171875,50564800,124.86428724016461,69.6266472933616
2023-06-14,126.41999816894533,126.9499969482422,124.12000274658205,126.6999969482422,52422500,125.02428654261998,67.13930497611659
2023-06-15,127.11000061035156,127.69000244140624,124.31999969482422,125.20999908447266,60458500,125.09571511404855,72.30201938624282
2023-06-16,125.48999786376952,127.9000015258789,125.3000030517578,127.70999908447266,84247100,125.70428575788226,61.3693886007355
2023-06-20,125.77999877929688,127.25,124.5,124.97000122070312,56930100,125.92285701206752,59.19641391355762
2023-06-21,124.83000183105467,126.7300033569336,123.8499984741211,125.63999938964844,52137700,126.12285723005023,59.541982902211515
2023-06-22,130.14999389648438,130.3300018310547,125.13999938964844,125.30999755859376,90354600,126.63428497314453,64.52755277573274
2023-06-23,129.3300018310547,130.83999633789062,128.27999877929688,129.11000061035156,71927800,127.01571328299386,60.26678220752947
2023-06-26,127.33000183105467,131.49000549316406,127.0999984741211,129.3300018310547,59989300,127.14571380615234,53.95095327387015
2023-06-27,129.17999267578125,130.08999633789062,127.5500030517578,128.6300048828125,46801000,127.44142695835659,54.89895916714755
2023-06-28,129.0399932861328,131.47999572753906,128.44000244140625,128.94000244140625,52149500,127.94856916155133,68.60408861736278
2023-06-29,127.9000015258789,129.25999450683594,127.26000213623048,128.77000427246094,40761000,128.25142669677734,59.54998896111955
2023-06-30,130.36000061035156,131.25,128.9499969482422,129.47000122070312,54350700,129.0414265223912,66.69881433562972
2023-07-03,130.22000122070312,131.85000610351562,130.07000732421875,130.82000732421875,28264800,129.05142756870814,60.28170769710187
2023-07-05,130.3800048828125,131.39999389648438,129.63999938964844,130.24000549316406,35895400,129.20142800467355,60.437727447874266
2023-07-06,128.36000061035156,128.72999572753906,127.37000274658205,128.25,40639900,129.34857068743025,54.94899198445464
2023-07-07,129.77999877929688,130.97000122070312,128.1300048828125,128.58999633789062,41992300,129.43428584507532,56.56665503304322
2023-07-10,127.12999725341795,129.27999877929688,125.91999816894533,129.07000732421875,61889300,129.1614292689732,53.838955257253104
2023-07-11,128.77999877929688,129.77000427246094,127.3499984741211,127.75,49951500,129.28714316231864,56.602121189327406
2023-07-12,130.8000030517578,131.25999450683594,128.8300018310547,130.30999755859375,54022800,129.35000065394811,62.547302931178244
2023-07-13,134.3000030517578,134.6699981689453,132.7100067138672,134.0399932861328,61170900,129.93285805838448,59.444724185230825
2023-07-14,134.67999267578125,136.64999389648438,134.05999755859375,134.05999755859375,54487100,130.5471420288086,62.42451216841518
2023-07-17,133.55999755859375,135.6199951171875,133.2100067138672,134.55999755859375,48450200,131.28999873570032,65.08475102285718
2023-07-18,132.8300018310547,133.86000061035156,131.35000610351562,132.7100067138672,54882900,131.72571345738,59.34462937831123
2023-07-19,135.36000061035156,135.99000549316406,132.52999877929688,133.38999938964844,54531000,132.90142822265625,64.41608634031022
2023-07-20,129.9600067138672,134.7899932861328,129.3300018310547,134.07000732421875,59820600,133.07000078473772,53.93431314864825
2023-07-21,130.0,131.3699951171875,128.4199981689453,131.33999633789062,133307300,132.9557146344866,49.242422296347
2023-07-24,128.8000030517578,131.66000366210938,128.35000610351562,130.30999755859375,45591100,132.17000034877233,47.13940472223691
2023-07-25,129.1300048828125,129.5800018310547,128.52999877929688,129.30999755859375,39236700,131.37714494977678,47.49899709539287
2023-07-26,128.14999389648438,129.0800018310547,126.11000061035156,126.51000213623048,53910100,130.60428728376115,49.56157228721459
2023-07-27,128.25,132.6300048828125,127.79000091552734,131.0,52610700,129.9500013078962,46.61953274235561
2023-07-28,132.2100067138672,133.00999450683594,129.3300018310547,129.69000244140625,46317400,129.50000217982702,60.609880036190255
2023-07-31,133.67999267578125,133.8699951171875,132.3800048828125,133.1999969482422,41901500,130.03142874581474,60.31144397335104
2023-08-01,131.69000244140625,133.69000244140625,131.6199951171875,133.5500030517578,42098500,130.27285766601562,51.87526484293971
2023-08-02,128.2100067138672,130.22999572753906,126.81999969482422,130.14999389648438,51027600,130.1885724748884,37.15730415173607
2023-08-03,128.91000366210938,129.83999633789062,126.41000366210938,127.4800033569336,88585200,130.15714372907365,37.99418095182458
2023-08-04,139.57000732421875,143.6300048828125,139.32000732421875,141.05999755859375,153128500,131.78857421875,58.951465472022804
2023-08-07,142.22000122070312,142.5399932861328,138.9499969482422,140.99000549316406,71213100,133.78428867885046,63.2290870817857
2023-08-08,139.94000244140625,140.83999633789062,138.4199981689453,140.6199951171875,51710500,134.8885737827846,56.498304601844474
2023-08-09,137.85000610351562,140.32000732421875,137.10000610351562,139.97000122070312,50017300,135.48428998674666,62.35515967739083
2023-08-10,138.55999755859375,140.41000366210938,137.49000549316406,139.07000732421875,58928400,136.46571786063058,63.1288404434975
2023-08-11,138.41000366210938,139.3300018310547,137.0,137.39999389648438,42905800,137.92286028180803,65.22980820338364
2023-08-14,140.57000732421875,140.58999633789062,137.75,138.3000030517578,47148700,139.5885750906808,67.13602640348512
2023-08-15,137.6699981689453,141.27999877929688,137.22999572753906,140.0500030517578,42781500,139.31714521135603,63.48443580691609
2023-08-16,135.07000732421875,137.27000427246094,135.00999450683594,137.19000244140625,41675900,138.29571751185827,59.021183905753865
2023-08-17,133.97999572753906,136.08999633789062,133.52999877929688,135.4600067138672,48354100,137.4442879813058,52.5336257246076
2023-08-18,133.22000122070312,134.07000732421875,131.14999389648438,131.6199951171875,48497700,136.7828587123326,49.327890343523705
2023-08-21,134.67999267578125,135.19000244140625,132.7100067138672,133.74000549316406,41442500,136.22857230050224,54.43750775621788
2023-08-22,134.25,135.64999389648438,133.72999572753906,135.0800018310547,32905400,135.63428606305803,59.85639592414621
2023-08-23,135.52000427246094,135.9499969482422,133.22000122070312,134.5,42801000,134.91285705566406,60.58956368434768
2023-08-24,131.83999633789062,136.77999877929688,131.8300018310547,136.39999389648438,43646300,134.07999965122767,34.048664429800695
2023-08-25,133.25999450683594,133.8699951171875,130.5800018310547,132.47000122070312,44147500,133.82142639160156,30.521711612675958
2023-08-28,133.13999938964844,133.9499969482422,131.85000610351562,133.77999877929688,34108400,133.70142691476005,33.685198595077196
2023-08-29,134.91000366210938,135.13999938964844,133.25,133.3800048828125,38646100,133.94285583496094,42.83624752565069
2023-08-30,135.07000732421875,135.67999267578125,133.9199981689453,134.92999267578125,36137000,133.99857221330916,41.2619178241289
2023-08-31,138.00999450683594,138.7899932861328,135.0,135.05999755859375,58781300,134.53571428571428,49.121245053127545
2023-09-01,138.1199951171875,139.9600067138672,136.8800048828125,139.4600067138672,40991500,134.90714154924666,44.0849511880641
2023-09-05,137.27000427246094,137.8000030517578,135.82000732421875,137.72999572753906,40636700,135.682856968471,48.92820345081365
2023-09-06,135.36000061035156,137.4499969482422,134.61000061035156,136.32000732421875,41785500,135.98285784040178,50.806882339105414
2023-09-07,137.85000610351562,138.02999877929688,133.16000366210938,133.89999389648438,48498900,136.6557159423828,59.9897119260519
2023-09-08,138.22999572753906,138.85000610351562,136.75,136.86000061035156,38348200,137.1300005231585,63.191156158122716
2023-09-11,143.10000610351562,143.6199951171875,138.63999938964844,138.75,56764500,138.27714320591517,68.79467795090756
2023-09-12,141.22999572753906,143.0,140.61000061035156,142.32000732421875,42668500,138.73714338030135,64.63924566318416
2023-09-13,144.85000610351562,144.97999572753906,140.8699951171875,140.9499969482422,60465200,139.69857352120536,67.81213349654419
2023-09-14,144.72000122070312,145.86000061035156,142.9499969482422,145.0800018310547,64033600,140.76285879952567,78.44522206106747
2023-09-15,140.38999938964844,143.57000732421875,140.08999633789062,142.69000244140625,102909300,141.48143005371094,63.95303282399074
2023-09-18,139.97999572753906,141.75,139.22000122070312,140.47999572753906,42823500,141.78571428571428,63.23527327612474
2023-09-19,137.6300048828125,138.83999633789062,135.55999755859375,138.6999969482422,61482500,141.7000013078962,55.147615136803466
2023-09-20,135.2899932861328,139.3699951171875,135.1999969482422,138.5500030517578,46263700,140.58428519112724,50.38459055524344
2023-09-21,129.3300018310547,132.24000549316406,129.30999755859375,131.94000244140625,70343300,138.88428606305803,36.274532512968996
2023-09-22,129.1199951171875,132.02999877929688,128.52000427246094,131.11000061035156,59904300,136.63714163643974,35.813381155702984
2023-09-25,131.27000427246094,131.77999877929688,128.77000427246094,129.36000061035156,46017800,134.71571350097656,40.91461098464789
2023-09-26,125.9800033569336,130.38999938964844,125.27999877929688,130.1199951171875,73048200,132.65714263916016,37.11540513185107
2023-09-27,125.9800033569336,127.4800033569336,124.12999725341795,125.76000213623048,66553400,130.65714372907365,32.49780579243797
2023-09-28,125.9800033569336,126.58000183105467,123.04000091552734,124.04000091552734,54555000,128.99285779680525,31.73281642540327
2023-09-29,127.12000274658205,129.14999389648438,126.31999969482422,128.1999969482422,62411700,127.82571629115515,23.18795089851362
2023-10-02,129.4600067138672,130.47000122070312,126.54000091552734,127.27999877929688,48029700,127.8442884172712,30.55834904830533
2023-10-03,124.72000122070312,128.52000427246094,124.25,128.05999755859375,51565000,127.21571786063058,17.935671067681582
2023-10-04,127.0,127.36000061035156,125.68000030517578,126.05999755859376,44203900,126.60571725027901,23.583797488625294
2023-10-05,125.95999908447266,126.7300033569336,124.33000183105467,126.70999908447266,39660600,126.60285949707031,26.148777872805354
2023-10-06,127.95999908447266,128.4499969482422,124.12999725341795,124.16000366210938,46836700,126.88571602957589,31.12438852859883
2023-10-09,128.25999450683594,128.7899932861328,124.76000213623048,126.22000122070312,38773700,127.21142905099052,34.273241206995365
2023-10-10,129.47999572753906,130.74000549316406,128.0500030517578,128.82000732421875,42178600,127.54857090541294,39.867466275803416
2023-10-11,131.8300018310547,132.0500030517578,129.61000061035156,129.74000549316406,40741800,127.88714163643974,54.98802314267378
2023-10-12,132.3300018310547,134.47999572753906,131.22999572753906,132.1699981689453,55528600,128.97428458077567,56.33136885367766
2023-10-13,129.7899932861328,133.30999755859375,128.9499969482422,132.97999572753906,45786600,129.37285505022322,47.12507810193622
2023-10-16,132.5500030517578,133.07000732421875,130.42999267578125,130.69000244140625,42832900,130.31428418840682,64.1533634542278
2023-10-17,131.47000122070312,132.5800018310547,128.7100067138672,130.38999938964844,49344600,130.81571306501115,61.30092787012017
2023-10-18,128.1300048828125,130.6699981689453,127.51000213623048,129.89999389648438,42699500,130.7971431187221,53.89069736682605
2023-10-19,128.39999389648438,132.24000549316406,127.47000122070312,130.57000732421875,60961400,130.64285714285714,52.39161120676356
2023-10-20,125.16999816894533,128.1699981689453,124.97000122070312,128.0500030517578,56406400,129.6914280482701,42.24230176411412
2023-10-23,126.55999755859376,127.87999725341795,123.9800033569336,124.62999725341795,48260000,128.8671417236328,53.7860002197768
2023-10-24,128.55999755859375,128.8000030517578,126.33999633789062,127.73999786376952,46477400,128.6914280482701,53.247288262105556
2023-10-25,121.38999938964844,126.33999633789062,120.79000091552734,126.04000091552734,74577500,127.09714181082589,42.4212280870009
2023-10-26,119.56999969482422,121.63999938964844,118.3499984741211,120.62999725341795,100419500,125.3971415928432,36.00267092439643
2023-10-27,127.73999786376952,130.02000427246094,125.5199966430664,126.1999969482422,125309300,125.34142630440849,49.312900913652136
2023-10-30,132.7100067138672,133.0,128.55999755859375,129.72000122070312,72485500,125.95714242117745,53.88315711191818
2023-10-31,133.08999633789062,133.57000732421875,131.7100067138672,132.75,51589400,127.08857073102679,51.590099270720685
2023-11-01,137.0,137.35000610351562,133.7100067138672,133.9600067138672,61529400,128.57999965122767,55.42644469140933
2023-11-02,138.07000732421875,138.80999755859375,136.47000122070312,138.72999572753906,52236700,129.9385724748884,59.96151891781548
2023-11-03,138.60000610351562,139.49000549316406,137.4499969482422,138.99000549316406,44059800,132.3971448625837,57.691336279306164
2023-11-06,139.74000549316406,140.72999572753906,138.36000061035156,138.75999450683594,44970400,135.27857426234655,60.49759787283331
2023-11-07,142.7100067138672,143.3699951171875,140.5,140.5500030517578,53553500,137.41714695521765,68.68273441331075
2023-11-08,142.0800018310547,143.1199951171875,141.22000122070312,142.97000122070312,44521700,138.75571768624442,67.3692308765317
2023-11-09,140.60000610351562,142.64999389648438,139.83999633789062,142.02000427246094,36235400,139.82857622419084,70.50226671857004
2023-11-10,143.55999755859375,143.64999389648438,139.91000366210938,140.4600067138672,49287800,140.7657187325614,71.68367515748277
2023-11-13,142.58999633789062,143.22999572753906,140.6699981689453,142.0800018310547,35680600,141.41143144880022,68.37830685398293
2023-11-14,145.8000030517578,147.25999450683594,144.67999267578125,145.0,56674600,142.44000244140625,85.6767010691855
2023-11-15,143.1999969482422,147.2899932861328,142.58999633789062,147.05999755859375,63875700,142.93428693498885,83.76677392296168
2023-11-16,142.8300018310547,143.32000732421875,139.52000427246094,140.91000366210938,49653500,142.95142909458704,77.74916950746231
2023-11-17,145.17999267578125,145.22999572753906,142.5399932861328,142.66000366210938,49636700,143.39428492954798,75.37645500394667
2023-11-20,146.1300048828125,146.6300048828125,144.72999572753906,145.1300048828125,41951200,144.18428475516183,75.93476719738574
2023-11-21,143.89999389648438,144.0500030517578,141.5,143.91000366210938,71226000,144.23285566057478,64.70585557107884
2023-11-22,146.7100067138672,147.74000549316406,144.57000732421875,144.57000732421875,45669100,144.82142857142858,67.14283724763231
2023-11-24,146.74000549316406,147.1999969482422,145.32000732421875,146.6999969482422,22378400,144.9557146344866,66.47771323516238
2023-11-27,147.72999572753906,149.25999450683594,146.8800048828125,147.52999877929688,53762400,145.6028573172433,66.2728803972876
2023-11-28,147.02999877929688,147.60000610351562,145.52999877929688,146.97999572753906,42711700,146.2028568812779,59.694769621879495
2023-11-29,146.32000732421875,148.5399932861328,145.97000122070312,147.85000610351562,40610900,146.36571611676897,59.48122848261719
2023-11-30,146.08999633789062,146.92999267578125,144.3300018310547,144.75999450683594,65814000,146.36000061035156,63.00328305863678
2023-12-01,147.02999877929688,147.25,145.5500030517578,146.0,39951800,146.80714416503906,59.088518436811604
2023-12-04,144.83999633789062,145.35000610351562,142.80999755859375,145.25,48294200,146.53999982561385,55.53913562197322
2023-12-05,146.8800048828125,148.57000732421875,143.1300048828125,143.5500030517578,46822400,146.55999973842077,52.82131698928777
2023-12-06,144.52000427246094,147.85000610351562,144.27999877929688,147.5800018310547,39679000,146.10142953055245,53.49207835741367
2023-12-07,146.8800048828125,147.9199981689453,145.33999633789062,146.14999389648438,52352800,146.0800018310547,59.693626743819976
2023-12-08,147.4199981689453,147.83999633789062,145.39999389648438,145.47999572753906,41906000,146.23714338030135,55.87002540728022
2023-12-11,145.88999938964844,146.19000244140625,143.63999938964844,145.66000366210938,50907300,146.2085723876953,49.38961021825635
2023-12-12,147.47999572753906,147.5,145.3000030517578,145.52000427246094,44944300,146.27285766601562,59.41114886140738
2023-12-13,148.83999633789062,149.4600067138672,146.82000732421875,148.1199951171875,52766200,146.8442862374442,56.061441621861505
2023-12-14,147.4199981689453,150.5399932861328,145.52000427246094,149.92999267578125,58400800,146.92142813546317,51.79323043840066
2023-12-15,149.97000122070312,150.57000732421875,147.8800048828125,148.3800048828125,110089300,147.6999991280692,55.45810191708948
2023-12-18,154.07000732421875,154.85000610351562,150.0500030517578,150.55999755859375,62512800,148.72714233398438,64.71572866418052
2023-12-19,153.7899932861328,155.1199951171875,152.69000244140625,154.39999389648438,43171300,149.63714163643974,65.90032888518769
2023-12-20,152.1199951171875,155.6300048828125,151.55999755859375,152.89999389648438,50322100,150.52714102608817,62.09384911623967
2023-12-21,153.83999633789062,153.97000122070312,152.10000610351562,153.3000030517578,36305700,151.43571254185267,63.24385791236679
2023-12-22,153.4199981689453,154.35000610351562,152.7100067138672,153.77000427246094,29514100,152.08999851771765,67.91979007389098
2023-12-26,153.41000366210938,153.97999572753906,153.02999877929688,153.55999755859375,25067200,152.94571358816964,64.9018660151794
2023-12-27,153.33999633789062,154.77999877929688,153.1199951171875,153.55999755859375,31434700,153.42714146205358,72.47703211265679
2023-12-28,153.3800048828125,154.0800018310547,152.9499969482422,153.72000122070312,27057000,153.32856968470983,68.78610728416774
2023-12-29,151.94000244140625,153.88999938964844,151.02999877929688,153.10000610351562,39823200,153.0642852783203,62.41757541561274
