Date,Close,High,Low,Open,Volume,SMA_7,RSI_14
2009-01-02,7.9486083984375,7.960976836711725,7.557263547564956,7.633948717338306,144961322,,
2009-01-05,8.115089416503906,8.194002852895906,7.7922677928148865,7.940691887124179,196293007,,
2009-01-06,8.263762474060059,8.430492023874702,8.074026566992478,8.2370459640071,257971329,,
2009-01-07,7.965677261352539,8.185838885129215,7.885033769950457,8.121769840773442,180453860,,
2009-01-08,8.044340133666992,8.044340133666992,7.850151982850583,7.873406026816343,144567852,,
2009-01-09,7.793999671936035,8.10148581277446,7.752688346424151,8.10148581277446,174270770,,
2009-01-12,7.735124588012695,7.889981083795515,7.674271261032066,7.82467405785366,132667413,7.980943134852818,
2009-01-13,7.775446891784668,7.930797818976785,7.6782289536756,7.712366242968258,177964564,7.956205776759556,
2009-01-14,7.44520378112793,7.762583827395909,7.365549156019397,7.668582077809623,219535801,7.860507828848703,
2009-01-15,7.396223068237305,7.509768240716158,7.0944271785603386,7.361096435010513,238269759,7.73657362801688,
2009-01-16,7.413044929504394,7.625291339529532,7.314837648573157,7.54538902624121,209759293,7.657626152038574,
2009-01-20,6.994489669799805,7.408839986183645,6.994489669799805,7.399934008486031,202684876,7.507647514343262,
2009-01-21,7.49739933013916,7.5077881366383155,7.133017720055051,7.133017720055051,197718329,7.465276036943708,
2009-01-22,7.582000732421875,7.652502637521116,7.3012320398033665,7.372722813863392,331919470,7.443401200430734,42.49846814323349
2009-01-23,8.032219886779785,8.21181324716327,7.525598881669856,7.650523138853792,430921167,7.480083056858608,51.44468037355088
2009-01-26,8.011688232421875,8.113853346868167,7.929807715823039,8.035930673518642,185119281,7.561009407043457,48.11848818241766
2009-01-27,8.199939727783203,8.259062533095433,8.021583390124913,8.075510844868605,197830749,7.675826072692871,48.85515640647448
2009-01-28,8.625176429748535,8.71571572759617,8.319422662549892,8.360733520054854,308809170,7.848987715584891,61.31390396151472
2009-01-29,8.492830276489258,8.535625376900805,8.413423347738197,8.523009721152118,292444059,8.063036373683385,57.554828718489155
2009-01-30,8.374340057373047,8.628392267896475,8.311754306298035,8.52672156135632,187580472,8.188313620431083,60.230283121481165
2009-02-02,8.424802780151367,8.534388204587772,8.212803124920528,8.26945186064176,209056670,8.308713912963867,62.19386351128234
2009-02-03,8.421833992004395,8.484914161954155,8.258072009588462,8.474276244499828,263243015,8.364373070853096,61.58142914165109
2009-02-04,8.484914779663086,8.767910304813645,8.390169962044912,8.412433720211357,273718132,8.431976863316127,70.60092908788846
2009-02-05,8.750097274780273,8.791161850522485,8.336489646980663,8.43321219050412,291665150,8.510570798601423,74.70881458120124
2009-02-06,9.184488296508787,9.24707404249275,8.792647063079102,8.8178802719026,282579221,8.590472493852888,78.05378069729502
2009-02-09,9.369770050048828,9.42493453984274,9.086031913558532,9.18448783546149,199838246,8.715749604361397,90.61760841855872
2009-02-10,8.86859130859375,9.338353297680582,8.853254368471935,9.300752599063015,285213056,8.786356925964355,73.46145273129162
2009-02-11,8.856965065002441,9.029137194079778,8.732288009772555,8.879476042109086,210048373,8.848094395228795,72.37369935531335
2009-02-12,8.980897903442383,8.994997808552338,8.69468574254154,8.736244753464847,222844155,8.927960668291364,68.80088088642032
2009-02-13,8.848057746887207,8.979413429546943,8.787450699600553,8.959622793376417,166489714,8.979838235037667,65.86876253265592
2009-02-17,8.476503372192383,8.586089743684207,8.403033446774609,8.57174167326381,228067661,8.940753391810826,54.90609334228392
2009-02-18,8.735007286071777,8.741686886091445,8.423563831212592,8.589799866642515,241883252,8.876541818891253,52.07084227606723
2009-02-19,8.476008415222168,8.900501233659721,8.44558175234879,8.842863626259794,200295955,8.748861585344587,49.69728443250141
2009-02-20,8.570257186889648,8.631357718368445,8.287014494930167,8.36246309484868,249616129,8.706242425101143,53.55663110162525
2009-02-23,8.164812088012695,8.653127621553422,8.152195486184006,8.583862288075451,209626799,8.607363428388323,45.81905536600058
2009-02-24,8.54552173614502,8.648676685630054,8.185345146918248,8.188561812744291,244749957,8.545166833060128,51.773568124346696
2009-02-25,8.451271057128906,8.714972260086062,8.38398629851185,8.463886712571508,258529413,8.488483020237513,49.521854183281185
2009-02-26,8.340943336486816,8.719672587189434,8.340448901985194,8.558137425616232,225064447,8.469117300851005,43.91735534846661
2009-02-27,8.360980987548828,8.505199571685191,8.19078754325463,8.236304879245758,217612620,8.415684972490583,36.03721512044565
2009-03-02,8.093073844909668,8.428018110748576,8.064378652545056,8.245703473641848,232407869,8.360980033874512,28.943259816605078
2009-03-03,8.051515579223633,8.25460974101087,7.974088280263495,8.165060273180945,261970262,8.286874089922224,34.11558410546128
2009-03-04,7.889238834381103,8.138591982316344,7.801668050973166,7.994125242933499,313908211,8.247506482260567,32.22784988814627
2009-03-05,7.560727596282959,7.893197858509887,7.486515534921192,7.828880643943768,262175027,8.106821605137416,25.7415836295541
2009-03-06,7.633206844329834,7.673281608630339,7.278968243766891,7.599811681008958,290452622,7.989955289023263,28.81179481166008
2009-03-09,7.195850849151611,7.583732786153391,7.160228835640822,7.420713388649801,259822241,7.826370647975376,28.16531875499888
2009-03-10,7.623311996459961,7.68095055345749,7.2789686938661475,7.3779185774292575,270217058,7.72098936353411,32.07849690827524
2009-03-11,7.864253520965576,7.915955071773137,7.562458126347082,7.671054683976382,237832124,7.688300745827811,40.080221557231624
2009-03-12,8.003277778625488,8.039641443061784,7.758872769686882,7.855101363443463,201717262,7.681409631456647,40.93785953858339
2009-03-13,8.025293350219727,8.100495692696253,7.891960387914517,8.066853312192679,156841686,7.700845990862165,47.458542535919264
2009-03-16,7.908287048339844,8.15665038562588,7.881076103091557,8.06413241402773,198613673,7.750497341156006,37.15849924548695
2009-03-17,8.295426368713379,8.295426368713379,7.893444516548036,7.920407770877548,189206544,7.845100130353655,47.191017995774196
2009-03-18,8.24001407623291,8.410701935212005,8.11508981798729,8.282314741557473,201239478,7.994266305650983,48.14408684590513
2009-03-19,8.161845207214355,8.311753578185822,8.098517809880686,8.204888476786193,165064391,8.07119962147304,46.41488500312139
2009-03-20,8.167285919189453,8.237291955053161,8.072788331967617,8.170747907054015,190226352,8.114489964076451,51.475511481067144
2009-03-23,8.623444557189941,8.644471284450344,8.238283864689997,8.251394903869171,171500425,8.203085218157087,59.76190631216041
2009-03-24,8.5880708694458,8.75306897201515,8.50965279731071,8.57149594681877,153372732,8.283482006617955,62.46806114089171
2009-03-25,8.511384010314941,8.691224614929085,8.31793793216049,8.667971985442799,174102141,8.36963871547154,68.6354662093712
2009-03-26,8.739461898803711,8.884670296359262,8.62097001263372,8.735504528578621,241032074,8.433072362627302,70.43879378621412
2009-03-27,8.601178169250488,8.707549753715048,8.546013692400424,8.658074113540145,133410187,8.484667233058385,79.19019381983243
2009-03-30,8.477246284484863,8.504951663103471,8.312989856185128,8.473782401763213,124227898,8.529724529811315,70.29638021460218
2009-03-31,8.610085487365723,8.744904125226752,8.563579285094049,8.631606647100437,146760038,8.592981610979352,68.6872922785258
2009-04-01,8.75925064086914,8.787698617039792,8.425791560797288,8.504208671378366,132542948,8.61238248007638,68.84561051652085
2009-04-02,8.967292785644531,9.14688710888696,8.913366276574923,8.987330642412443,180192885,8.666557039533343,71.48989292452502
2009-04-03,9.147380828857422,9.19537127894974,8.855974245700045,9.016767732984842,152160204,8.757413727896553,77.4766974941823
2009-04-06,9.10928726196289,9.148371268637884,8.940082677119143,9.078611483658444,131703815,8.81024592263358,71.3526297116052
2009-04-07,8.872055053710938,8.998215416172535,8.789432396105019,8.969767435586535,147755757,8.848942620413643,65.1381071353031
2009-04-08,8.954923629760742,9.029136154087745,8.811694878598225,8.992029891924243,111022586,8.91718224116734,68.95247176625188
2009-04-09,9.214667320251465,9.260430924911836,9.060058038970132,9.140454789461026,135811153,9.003551074436732,72.31713913791626
2009-04-13,9.35344409942627,9.37793471019264,9.160245233475758,9.185724713272142,122461301,9.088435854230609,67.98734264071278
2009-04-14,9.125859260559082,9.325737706770177,9.043979208798042,9.32450067342412,137658049,9.11108820778983,62.10463817368315
2009-04-15,9.38782787322998,9.426418387431433,9.008356062236436,9.081084339000707,197967259,9.145437785557338,68.20844316303192
2009-04-16,9.616400718688965,9.719307485166652,9.42542779558938,9.437302746174142,408931050,9.217882565089635,68.21498001484079
2009-04-17,9.702982902526855,9.890491019652693,9.519183991140832,9.549116220605548,430840867,9.336586543491908,73.3880181868975
2009-04-20,9.382880210876465,9.663648872699373,9.298525151249905,9.552330087384052,177820024,9.397723197937012,67.74597194658415
2009-04-21,9.436558723449709,9.506565707048688,9.303719737996598,9.30545120553846,148370051,9.429421969822474,66.71331217571216
2009-04-22,9.495681762695312,9.647568789372,9.375705645742284,9.4434857819523,140597024,9.449741636003766,65.45528198838518
2009-04-23,9.516215324401855,9.641385860863798,9.427655670922965,9.585975101924843,104751167,9.505506787981306,62.504219943681946
2009-04-24,9.634953498840332,9.726234427492782,9.412565043973432,9.5498567891686,135923572,9.540810448782784,61.426060044492296
2009-04-27,9.54738426208496,9.634955052345523,9.468225488614594,9.507557658101469,91967429,9.530950954982213,60.033943174669695
2009-04-28,9.491971969604492,9.624070272226689,9.43829267827844,9.492962732921953,118185333,9.500806535993304,65.48820377532562
2009-04-29,9.683934211730955,9.770514228661176,9.544414663624275,9.54787854628002,144941247,9.543814250401088,67.27227783398953
2009-04-30,9.795251846313477,9.987708079959964,9.76630943554058,9.790056496035648,174881049,9.595056125095912,64.79631542490492
2009-05-01,9.738851547241213,9.83532688397356,9.685912962895271,9.771998545974188,97471985,9.629794665745326,60.252673089286034
2009-05-04,9.943924903869627,9.954313710868242,9.766062996449358,9.849674517254297,128600225,9.690896034240723,72.02612720966374
2009-05-05,9.96890926361084,10.018631186388626,9.82691658403422,9.894449514468375,96391952,9.73860400063651,67.93405253051372
2009-05-06,9.980782508850098,10.099769768074657,9.919681020101738,10.062910722170988,105710750,9.800518035888672,62.98256224855934
2009-05-07,9.811084747314451,10.018383498023514,9.709414056986748,9.996367903921772,120441759,9.846105575561523,53.63620207702315
2009-05-08,10.07626724243164,10.145532577252087,9.771256151349812,9.965443843349744,155183494,9.902153151375908,74.21811556307604
2009-05-11,10.092348098754885,10.19179098544128,9.92462779635128,9.964208124448708,102755715,9.944595473153251,73.52272517362097
2009-05-12,9.870452880859377,10.16680663737971,9.773977550323885,10.142564196142985,152200354,9.96339566367013,62.037198132742
2009-05-13,9.636191368103027,9.80564220333019,9.606753573896134,9.748746247140488,114138220,9.919433729989189,53.38829486385305
2009-05-14,9.585726737976074,9.702239932923904,9.516215126324598,9.617885815725415,117920344,9.864693369184222,48.55400423562632
2009-05-15,9.64756965637207,9.74924034342012,9.625058681345434,9.674780600181087,120799094,9.817091533115931,52.98802423823192
2009-05-18,9.816773414611816,9.828400200604545,9.533777917145008,9.76457743343746,134570520,9.817904199872698,59.07144831965428
2009-05-19,9.867237091064451,9.935511662998517,9.721781497509228,9.798468084722575,113925426,9.788042749677386,55.55887186196915
2009-05-20,9.82518482208252,10.035204860289138,9.77125736624564,9.946645206332262,91702440,9.749876567295619,50.94756010894814
2009-05-21,9.808363914489746,9.96519815309164,9.74256245200274,9.803416728098934,109199779,9.7410067149571,52.257046050068716
2009-05-22,9.734149932861328,9.861548251384324,9.69704367247562,9.81231982327899,69001669,9.755000795636859,42.55609032388198
2009-05-26,10.002798080444336,10.01863040174086,9.64756966567919,9.695808281233449,124645457,9.814582415989467,51.025255296791705
2009-05-27,10.032483100891112,10.18832845864174,10.013929495754065,10.034462733050416,121826932,9.869570050920759,51.547446422250836
2009-05-28,10.152213096618652,10.182392541937208,10.008983392775663,10.109664265310046,107152133,9.917490005493164,60.525109385528495
2009-05-29,10.321167945861816,10.321167945861816,10.159633757647606,10.194513169790213,106325044,9.982337270464216,58.03312514116005
2009-06-01,10.551966667175291,10.627168053137243,10.353326232671291,10.358273418086805,133394127,10.086163248334612,63.214754394133
2009-06-02,10.597484588623049,10.636076050372976,10.4737983048877,10.544299732886884,105337356,10.198894773210798,73.26265771412321
2009-06-03,10.677882194519045,10.697919105092357,10.488641653706315,10.538116360616394,141841672,10.33371366773333,86.97100244512029
2009-06-04,10.891365051269531,10.915114009047477,10.748383500459736,10.768173193550096,146069460,10.460651806422643,91.53288657385647
2009-06-05,10.991304397583008,11.066011365950803,10.87108103990156,11.009858004647471,147783862,10.597626277378627,91.73324992654526
2009-06-08,10.854011535644531,10.907196390227126,10.738982593343207,10.8720697591996,124412588,10.697883197239467,82.86563148361807
2009-06-09,10.776086807250977,10.89680646928677,10.680601295990355,10.84931045725756,130684007,10.762871606009346,78.30497681541323
2009-06-10,10.701382637023926,10.83224296255765,10.55468998903373,10.791178379382188,134859599,10.784216744559151,76.74415084497498
2009-06-11,10.612326622009276,10.729335193807238,10.596742465419958,10.680849361943704,115037579,10.7863370350429,73.50292289403302
2009-06-12,10.509419441223145,10.58016808054565,10.419621816247169,10.559388574441234,117173555,10.7622709274292,72.29016487388368
2009-06-15,10.309788703918455,10.426796329330427,10.241266910704182,10.426796329330427,150036273,10.67918859209333,59.19121489082851
2009-06-16,10.290741920471191,10.416655052684751,10.27639384943713,10.372622917870885,122445241,10.579108238220215,57.78176886074062
2009-06-17,10.269962310791016,10.382765351365192,10.18090727875877,10.295441787090391,140127270,10.495672634669713,53.77296509726916
2009-06-18,10.242751121520996,10.357284679918235,10.216529046986231,10.28282588497611,123870563,10.419481822422572,47.23629406750722
2009-06-19,10.39191722869873,10.401069949217217,10.255614342633232,10.345411027235722,171002566,10.375272478376116,44.01486156264674
2009-06-22,10.076765060424805,10.327602493012655,9.941699187735612,10.314243288908695,165594371,10.298763683864049,33.795284489338925
2009-06-23,10.035451889038086,10.117332887382087,9.958023642391272,10.059448062511086,116418737,10.231054033551898,29.509203013831055
2009-06-24,10.124753952026367,10.197482228395344,10.057221026137103,10.1111484799588,98680498,10.204620497567314,23.44474087934131
2009-06-25,10.285052299499512,10.28826801787404,10.055984224101104,10.068105445909303,122236461,10.203807694571358,26.517519610510433
2009-06-26,10.521294593811035,10.593280274224322,10.21925101787938,10.233350924965425,130756276,10.239712306431361,39.620335489521835
2009-06-29,10.492103576660156,10.582641912160009,10.445101993957945,10.538115343274264,87097243,10.275334085736956,40.8628354427894
2009-06-30,10.429022789001465,10.568046002369128,10.345658493861215,10.488640024156016,104144903,10.280634880065918,41.1707784579237
2009-07-01,10.364706039428713,10.548009557077457,10.34392653223743,10.49358766970476,92778458,10.321769305637904,41.84190996500485
2009-07-02,10.10496425628662,10.276146555356368,10.0634052412363,10.276146555356368,101081463,10.331699643816266,37.922909742045235
2009-07-06,10.13266944885254,10.158148924746683,9.936007677031048,10.055736586730816,90843231,10.332830429077148,44.10603382343153
2009-07-07,9.811579704284668,10.122281576857713,9.795500164407098,10.098779836551264,130860666,10.2651914869036,36.72379442462682
2009-07-08,9.956541061401367,10.043368305007505,9.846954676007822,9.89494513205081,138163938,10.184512410845075,41.875108778203256
2009-07-09,10.151966094970703,10.252399752412634,10.038420452392366,10.046336139727838,131515110,10.135921342032296,47.83534476446542
2009-07-10,10.251161575317385,10.32463150377144,10.110158720595152,10.13192804434086,117502785,10.110512597220284,46.5619294360785
2009-07-13,10.496061325073242,10.50150294528187,10.270456203027738,10.29494680913988,162434571,10.129277638026647,60.6056293317303
2009-07-14,10.505709648132324,10.55617321749134,10.411212051408192,10.481466258719555,116266167,10.18652697971889,62.08827981013761
2009-07-15,10.8391695022583,10.851785158696856,10.59971166961933,10.62865502976596,151646285,10.287455558776855,66.31640254556427
2009-07-16,10.948756217956545,11.02667795565844,10.738488009046646,10.802310786477072,263162715,10.449909346444267,65.51765810778146
2009-07-17,10.643248558044434,10.772625578438836,10.555431501950824,10.711277816107009,275191634,10.548010417393275,52.76187703450801
2009-07-20,10.64126968383789,10.70756557258875,10.544298970004215,10.634095648785328,126612804,10.617910930088588,53.42030385012695
2009-07-21,10.585116386413574,10.684065794491731,10.531188930595205,10.660317785002182,119173022,10.665618760245186,53.59055446991958
2009-07-22,10.579920768737791,10.642012074847443,10.476272341455129,10.58759018593563,103855823,10.677598680768694,55.08890457387806
2009-07-23,10.81863498687744,10.914368656803434,10.525745140325554,10.604409458353018,139649486,10.722302300589424,67.04474639397664
2009-07-24,11.050673484802246,11.143933105110095,10.760751140054197,10.780788048899424,145619780,10.75251715523856,69.97524356965718
2009-07-27,11.003178596496582,11.051416270765928,10.825316676514078,11.033852479575076,100551484,10.76029178074428,79.43295690642083
2009-07-28,10.88072681427002,10.95394952266386,10.787961632302908,10.909175737969766,101679697,10.794217245919365,73.08444502038357
2009-07-29,10.791426658630373,10.830017175434708,10.683818960368374,10.815916320698411,79777911,10.81566824231829,66.86674645709856
2009-07-30,11.02395725250244,11.16817582963657,10.949003071374529,10.949003071374529,128423566,10.8783597946167,69.04413074571829
2009-07-31,10.959887504577637,11.19860272242148,10.94454961801705,11.131317015782535,114844859,10.932640756879534,62.548525340509464
2009-08-03,11.186481475830078,11.228288657500835,11.073432158988163,11.10064310454613,104000363,10.985190255301339,66.48297372896971
2009-08-04,11.224081993103027,11.23076159436149,11.092974453767752,11.116228028767074,95950302,11.009962899344307,60.87804920120012
2009-08-05,11.160012245178224,11.302746563029029,11.079368283841074,11.280236535531056,94031136,11.032367706298828,56.12798282644418
2009-08-06,11.140716552734377,11.252528822965438,11.095447387907502,11.238181700172714,84752487,11.069509097508021,67.3033838315151
2009-08-07,11.30744743347168,11.364837825849849,11.255252391847668,11.272072635911895,102105287,11.14322635105678,70.78895522210394
2009-08-10,11.295326232910156,11.339852800565405,11.22556645964884,11.258961622188377,69941178,11.181993348257881,72.78932173898153
2009-08-11,11.229276657104492,11.310663217432898,11.190687091274926,11.222598003446892,68756755,11.220477512904576,70.05346617117556
2009-08-12,11.344058990478516,11.422476106832098,11.253519705055457,11.265641874124931,94007046,11.242988586425781,67.57118609580456
2009-08-13,11.435585975646973,11.49594486662902,11.35222167470679,11.43237025731661,80107140,11.273203441074916,64.2074175243943
2009-08-14,11.37918472290039,11.457849050264617,11.30225091601894,11.447954678637322,67255147,11.304513795035225,63.78802301646651
2009-08-17,11.005404472351074,11.181039527141165,10.961618606874191,11.1689183053334,105200846,11.285183497837611,53.86034101539249
2009-08-18,11.01505184173584,11.074916300249251,10.941830075005026,11.01059908993255,94396500,11.243412699018206,57.283258395277834
2009-08-19,10.982645988464355,11.008124517554975,10.848816223278185,10.884191018844836,90538092,11.198744092668806,48.45284900366311
2009-08-20,11.389327049255373,11.433111963521403,11.162237679738624,11.181285718199444,160555554,11.221608434404645,62.79856205895702
2009-08-21,11.50881004333496,11.529836769035294,11.44474005010004,11.516231296358164,142953825,11.245144299098424,60.26147815125436
2009-08-24,11.595142364501951,11.62878474534137,11.488525437037971,11.561004602020017,98503838,11.26793806893485,61.4573781469251
2009-08-25,11.660449981689451,11.734167130932468,11.59489573725038,11.60503827434026,93990986,11.30811882019043,65.44041100122692
2009-08-26,11.577083587646484,11.70077081123068,11.544925458886178,11.69483380934356,79810030,11.38978726523263,62.951527585301115
2009-08-27,11.529094696044922,11.591433224283458,11.397244550645276,11.591433224283458,80255695,11.463221958705358,57.07742923301612
2009-08-28,11.496688842773438,11.685186775530576,11.462798296038647,11.608253908373138,71129616,11.536656652178083,56.34749231605429
2009-08-31,11.420495986938477,11.42519595571128,11.32971043535306,11.373990733652086,78609548,11.541109357561384,55.989447045244376
2009-09-01,11.274299621582031,11.547894278420364,11.24115167314301,11.371270347303303,104185053,11.507607868739537,47.85713950915874
2009-09-02,11.206271171569824,11.337873136427246,11.195881418134713,11.27578278022536,72462593,11.452054841177803,42.85275220195178
2009-09-03,11.31783676147461,11.335894983919015,11.255498243144883,11.275782367647745,66094814,11.403110095432826,48.15148150447015
2009-09-04,11.411344528198242,11.44350265883139,11.27479347684196,11.319073776360945,60192775,11.379433086940221,64.71747132461707
2009-09-08,11.345047950744627,11.552100434823888,11.276278936208197,11.485309158154374,106666319,11.353140694754464,61.49204717097681
2009-09-09,11.477394104003906,11.534290064130865,11.349501328745497,11.355933713130227,88145156,11.350384303501674,66.10823966013723
2009-09-10,11.649810791015623,11.649810791015623,11.428658438220204,11.54368736562438,101764012,11.383143561226982,60.007562362006944
2009-09-11,11.67949676513672,11.708191958268872,11.567930763543584,11.636453501842295,76401301,11.441028867449079,57.0436381439032
2009-09-14,11.753214836120604,11.79477385224391,11.627796136059006,11.639175706204538,79324216,11.519163676670619,56.5917183859912
2009-09-15,11.81307888031006,11.846969425137909,11.6935971867321,11.752224608830048,96283547,11.58991255078997,56.39374572033772
2009-09-16,12.079005241394045,12.10572175125442,11.836331697617611,11.868985209669182,103799614,11.685292652675084,68.23658147994402
2009-09-17,12.163854598999023,12.303620418907206,12.050805288641865,12.135406621694354,179996150,11.80226503099714,72.46142445050674
2009-09-18,12.15742301940918,12.293974077257907,12.151734181325889,12.288778726460896,131832295,11.899412018912178,73.81838033776074
2009-09-21,12.29446792602539,12.341469509428755,12.027799154411,12.065399852818226,84973311,11.991505895342145,80.18113436217644
2009-09-22,12.345426559448242,12.417906670495372,12.314504515757692,12.39143832555606,122103967,12.086638723100934,89.59393547131648
2009-09-23,12.330584526062012,12.541841595179603,12.312031867453245,12.387974916887824,108573440,12.169120107378278,93.26099975340813
2009-09-24,12.288776397705078,12.40355716165697,12.195515843003784,12.38030453767401,101482963,12.237076895577568,89.47883948721517
2009-09-25,12.182655334472656,12.366948683312122,12.170782276581829,12.227430070775595,82291296,12.251884051731654,81.04342205463291
2009-09-28,12.332316398620604,12.405786330967468,12.202939376996984,12.24103640596487,73847766,12.275950023106166,87.23647010582201
2009-09-29,12.332316398620604,12.362495845600412,12.195766288302677,12.357054224769987,84282733,12.300934791564941,85.82092951702035
2009-09-30,12.266019821166992,12.372143261374507,12.053031289076822,12.368680325838998,126139035,12.29687077658517,78.33906422694352
2009-10-01,12.052041053771973,12.28135633385556,12.047093867865833,12.195517022589245,112949783,12.25495856148856,64.64978830165046
2009-10-02,11.987228393554688,12.164348635347094,11.938249074839826,11.96644983399855,104421937,12.205907685416085,59.267165032513205
2009-10-05,12.084693908691406,12.181417402578624,11.956553938980116,12.063172751334957,86105539,12.176753044128418,60.445151849664946
2009-10-06,12.33751106262207,12.353095219722006,12.163360261893086,12.163360261893086,109701653,12.198875291006905,60.04227891189223
2009-10-07,12.802573204040527,12.83844243464602,12.31450482945528,12.343942623376115,195698788,12.266054834638323,69.154276948174
2009-10-08,12.719453811645508,12.943821891839592,12.698675253257749,12.852789130316554,172797268,12.321360179356166,66.11337865504754
2009-10-09,12.77066135406494,12.9007800119274,12.727370873847242,12.780556672786153,109934523,12.393451826913017,64.35917241474506
2009-10-12,12.963366508483888,13.005914392377226,12.846605150616217,12.94802862148734,133386097,12.523641177586146,67.16597901054884
2009-10-13,13.014571189880373,13.047966351947062,12.897563566847772,12.972023307756658,121951397,12.670404434204102,68.62445194857543
2009-10-14,13.242403984069824,13.24883542079089,13.110801065362187,13.17165533856076,130824531,12.83579158782959,73.5779778441033
2009-10-15,13.108575820922852,13.281489599729213,13.043268792749592,13.203566914709642,244930632,12.945943696158272,72.58351895167972
2009-10-16,13.601837158203123,13.723051271582175,13.470235185124857,13.53949863369832,355001664,13.060124261038643,76.51915662328983
2009-10-19,13.657248497009276,13.694601977822863,13.574131413763691,13.672091002444638,129198459,13.194094930376325,77.0504360260222
2009-10-20,13.648096084594728,13.678522745716164,13.375489378992668,13.646116452501094,162354271,13.319442749023438,78.89125638046522
2009-10-21,13.63275909423828,13.836842127042145,13.580810324232909,13.603321300036496,147374332,13.415070261274066,86.03651258503622
2009-10-22,13.7067232131958,13.72923418859669,13.556073203663871,13.60554790610074,93810311,13.513949121747698,89.037396220843
2009-10-23,13.69682788848877,13.800725419415423,13.635231968749869,13.735418399975812,96066737,13.578866822378975,88.11554492910346
2009-10-26,13.709692001342772,13.8934909083571,13.627564732388072,13.747788081860364,119261352,13.664740562438965,86.59450699367927
2009-10-27,13.563247680664062,13.718350446879873,13.461081606956768,13.629543575705144,129142249,13.659227779933385,74.4396910694359
2009-10-28,13.365594863891602,13.605547109298094,13.314883131105049,13.552856691631524,103096990,13.617562975202288,69.33672770446142
2009-10-29,13.631521224975586,13.650816481222916,13.382910690269718,13.432633554964806,101282213,13.615195138113839,72.82866708243371
2009-10-30,13.262192726135254,13.609751709298598,13.215685580275156,13.605547122323587,139260032,13.562257085527692,57.24566567018393
2009-11-02,13.209503173828123,13.34481624452881,13.067263284798385,13.28594065671293,128564090,13.491225651332309,54.72313200349928
2009-11-03,13.291136741638184,13.296332092470148,13.068748257447783,13.11104892705666,95564863,13.433269773210796,51.27081045377135
2009-11-04,13.366336822509766,13.494228634862749,13.269614270492877,13.377963609230692,93657741,13.38421903337751,56.93367852679148
2009-11-05,13.572151184082031,13.599858455931509,13.423974300669324,13.444507537342131,74185025,13.38549096243722,49.05537732104431
2009-11-06,13.63275909423828,13.649580284985396,13.494229356621435,13.549146627769971,73341877,13.423657281058174,49.22330349629875
2009-11-09,13.915011405944824,13.916743820861557,13.710186730573763,13.740366175121002,106393299,13.464155878339495,57.215447416467526
2009-11-10,14.020145416259766,14.070115500394188,13.902396135816094,13.920454359601496,89566463,13.572434834071569,59.98723456149051
2009-11-11,14.114148139953612,14.186875467267091,13.997881219315936,14.112168507825182,93135792,13.701669829232353,60.39643186017125
2009-11-12,14.047109603881836,14.172032915505284,13.98897661735101,14.089410269399483,75734813,13.809665952410016,58.685004400469715
2009-11-13,14.151006698608398,14.162386268543816,14.016435280345988,14.082731173380765,66921903,13.921761648995536,60.46949278778938
2009-11-16,14.25564670562744,14.273209548796606,14.169065734404974,14.223982060651432,88297726,14.019403866359166,66.75847245387817
2009-11-17,14.285577774047852,14.285824991267916,14.192318156153425,14.22076518592443,76955370,14.112663677760533,74.23436088465144
2009-11-18,14.264799118041992,14.31748954079448,14.151502585060516,14.264799118041992,62216331,14.162633350917272,69.1560093743401
2009-11-19,14.174259185791016,14.199244225971968,14.100293881268676,14.19355349424829,87045048,14.18464960370745,83.18633142504984
2009-11-20,14.099306106567385,14.13987530586355,14.085452469974594,14.087926536621689,80548789,14.182529313223702,81.86007091656126
2009-11-23,14.405801773071287,14.510935399846028,14.245256440364308,14.260840597860817,102281946,14.233771051679339,84.3759650502548
2009-11-24,14.42410659790039,14.453791608236635,14.262077021539534,14.410006691586885,64448667,14.272785323006767,83.807735027573
2009-11-25,14.48966121673584,14.52231378176709,14.414211655626293,14.506235190074882,58667077,14.306215967450823,82.2129914170478
2009-11-27,14.341732025146484,14.408523302395746,14.124290732223704,14.14977020975338,55591593,14.314238003322057,73.45337667647622
2009-11-30,14.421878814697266,14.438453733722108,14.276176003455753,14.36325234386793,69262644,14.336677959987096,69.35574445955396
2009-12-01,14.591827392578123,14.625222558890863,14.421881165304164,14.548784123362088,93159882,14.396330560956683,70.80113150560209
2009-12-02,14.533447265625,14.669502945684233,14.501536349791808,14.61978007460488,66777363,14.458350726536342,65.66257635054902
2009-12-03,14.48966121673584,14.630911289554724,14.471355775613976,14.571294050102631,57362205,14.47033064705985,66.82340265245152
2009-12-04,14.471602439880373,14.714523192881154,14.32738387146084,14.66974846069613,100920864,14.477115767342704,63.038205231432194
2009-12-07,14.502277374267578,14.562636267488124,14.372406866949106,14.451812853631644,65693315,14.478918075561523,60.67219594407792
2009-12-08,14.522066116333008,14.611368364141338,14.397143750673996,14.434249066226904,61188493,14.50468008858817,60.323936531621044
2009-12-09,14.570799827575684,14.57846829769253,14.436228406703584,14.53319912868384,71507025,14.525954518999372,63.04022875925912
2009-12-10,14.63214874267578,14.711555676083524,14.6051850146738,14.605927613569134,66982128,14.531714711870466,70.01083622299294
2009-12-11,14.607658386230469,14.712544798851562,14.53888937025047,14.71081427818168,69057879,14.54231630052839,73.24127154101204
2009-12-14,14.736786842346191,14.775871789466844,14.659605816968645,14.727385957793738,76822876,14.57761996132987,68.06146653302594
2009-12-15,14.672717094421388,14.752865674895087,14.619531293197298,14.67667541151842,91557900,14.6063506262643,62.921019735896714
2009-12-16,14.78700351715088,14.851568888385048,14.759298138898115,14.807783024436658,112797213,14.647025789533343,64.70869068848094
2009-12-17,14.692506790161133,14.78403588751486,14.688054985815135,14.754350877258776,105947635,14.671374457223076,68.32031335608613
2009-12-18,14.75385570526123,14.815947010461183,14.718729074087369,14.744208550387135,141789477,14.697525296892438,67.68580605630774
2009-12-21,14.809762954711914,14.838457202427618,14.735303209971068,14.783292714840552,103233500,14.722898755754743,63.21623966225229
2009-12-22,14.870121955871582,14.879521893695632,14.813968598962976,14.875563576468032,75513988,14.76039355141776,70.36803692485233
2009-12-23,15.13134765625,15.16078544926718,14.912916560979935,14.928997046582838,83218760,14.816759381975446,80.73453331591513
2009-12-24,15.299562454223633,15.32529009624383,15.145943936965642,15.162270693666258,34476745,14.906308719090053,84.66955307061794
2009-12-28,15.408158302307127,15.485338378457152,15.299560802328577,15.378226076119864,68170566,14.995045116969518,85.608678473185
2009-12-29,15.322319984436035,15.456891402377282,15.294862770144322,15.454418282930764,57205620,15.08501843043736,79.9038659597262
2009-12-30,15.404696464538574,15.404696464538574,15.28793699238162,15.300058214791088,58843737,15.177995681762695,80.39675509866402
2009-12-31,15.336668014526367,15.470744997659173,15.336668014526367,15.45466545893374,48974884,15.25326783316476,75.55631201905197
2010-01-04,15.504140853881836,15.572415434622153,15.442049545613775,15.509088040175126,78541293,15.34384196145194,79.46340698950016
2010-01-05,15.435866355895996,15.53110466531292,15.375259297910246,15.514777908545808,120638494,15.387344632829938,73.93296505249967
2010-01-06,15.046746253967283,15.482123244769038,14.999745619439768,15.482123244769038,159744526,15.351228032793317,60.4738073365094
2010-01-07,14.696465492248535,15.089789994060345,14.66059626178154,15.074947488543486,257533695,15.249557631356376,47.76066664842538
2010-01-08,14.892385482788086,14.922812145225418,14.57302629423096,14.644516590097474,189680313,15.18813841683524,54.70754076209028
2010-01-11,14.869874000549316,14.952743863447823,14.694980607418309,14.952743863447823,289597429,15.111735207693917,52.78338070911757
2010-01-12,14.606916427612305,14.796899556276127,14.545568666040332,14.78428389983503,194859654,15.007484980991908,45.57330949122404
2010-01-13,14.52305507659912,14.554965987083463,14.19677004246422,14.260839080637908,260838034,14.86732986995152,42.50291292216766
2010-01-14,14.59133243560791,14.698940131198578,14.417180679827055,14.444144408033765,170239717,14.746682167053223,37.27417582294098
2010-01-15,14.347667694091797,14.683106405382922,14.299181863086314,14.67766383793762,218194794,14.646813801356725,28.338259741048915
2010-01-19,14.536168098449709,14.60543344334996,14.25589384193728,14.377354228760874,173315202,14.623914173671178,30.852922650119723
2010-01-20,14.35781192779541,14.495599073168306,14.231156188649424,14.495599073168306,130515377,14.547546522957939,29.64831279973346
2010-01-21,14.421385765075684,14.51637780112228,14.155954025871218,14.43276533512458,253253712,14.483476775033134,29.085611636873523
2010-01-22,13.605795860290527,14.115138200472842,13.231023998159316,13.964240018349573,273035583,14.340459551130023,22.067939377019798
2010-01-25,13.358174324035645,13.602579333851365,13.24710369815728,13.521192771525882,177458675,14.174048015049525,16.242567678865598
2010-01-26,13.418039321899414,13.595653064711597,13.266399490942195,13.307957560471648,174873019,14.006434713091169,18.174081275151693
2010-01-27,13.410122871398926,13.547414623040272,13.242155346237396,13.389590581440393,159170382,13.872499738420759,20.658227242106932
2010-01-28,13.216924667358398,13.531335732315156,13.125642782858344,13.46924442502736,129648138,13.684036391122001,21.89123503391916
2010-01-29,13.1093168258667,13.38266425305219,13.002203567808396,13.320821110885817,166240784,13.505679947989327,14.94854811768046
2010-02-01,13.185507774353027,13.254525902889537,13.11822206089479,13.224593672770109,90369462,13.329125949314662,17.573187649586515
2010-02-02,13.138506889343262,13.233497027539103,13.05167776096629,13.233497027539103,164462143,13.262370382036481,19.166925321249096
2010-02-03,13.378458976745604,13.410123620915812,13.067015463264484,13.077899651902232,120413655,13.265268189566475,27.444741122948216
2010-02-04,13.031145095825195,13.30869707127808,13.000965654267516,13.283961143957802,135614418,13.209997585841588,22.301271282717934
2010-02-05,13.142711639404297,13.197380744505937,12.9242805418354,13.071221344055417,126713179,13.171795981270927,27.555101106925065
2010-02-08,13.19663906097412,13.407648905396144,13.148648609765782,13.172643835369952,108175956,13.168898037501744,23.73143562041841
2010-02-09,13.270109176635742,13.39602230853907,13.236219578519629,13.346795770522569,113206742,13.191868373325892,27.754721669495396
2010-02-10,13.220881462097168,13.303504109538205,13.05365748225362,13.211481524539648,107380987,13.196921757289342,25.302824003044876
2010-02-11,13.269121170043944,13.370296483708875,13.098433293474184,13.19292900565652,96761331,13.215580940246582,39.878088291372336
2010-02-12,13.187981605529783,13.287673614130233,13.123169960033486,13.184271452582632,91529795,13.188369887215748,44.31408333312084
2010-02-16,13.39033317565918,13.46034017190665,13.217172182302653,13.280746794413783,146723904,13.239682470049175,49.15483812409671
2010-02-17,13.313894271850586,13.44228051578065,13.299051767258836,13.407648320797362,81492313,13.264137131827216,47.18238554654231
2010-02-18,13.43782901763916,13.482109318332936,13.262688394314964,13.297320592528116,93826371,13.298592839922222,56.741622413264224
2010-02-19,13.376976013183594,13.457866251916316,13.350753936262322,13.371285280697572,102506786,13.313859530857629,58.408456721438604
2010-02-22,13.42743968963623,13.543704727215042,13.382912170294984,13.53999457419952,86105539,13.343367849077495,57.72511120963932
2010-02-23,13.236218452453612,13.44796993353181,13.167447551593062,13.432385777731817,115334688,13.338667460850306,52.85689588828718
2010-02-24,13.147164344787598,13.319583675398892,13.12341728362387,13.209255649500848,93412827,13.332836423601423,42.582917314498054
2010-02-25,13.022486686706545,13.073446583695512,12.863426565490142,13.039556040503651,132864148,13.280286925179619,49.67609495886887
2010-02-26,13.03164291381836,13.154093126587805,12.949514688390789,13.046979855773715,82279251,13.239965302603585,45.50021404738096
2010-03-01,13.17734432220459,13.192186828027005,13.0548941227659,13.091011518395414,89851528,13.20275320325579,49.272407141285136
2010-03-02,13.38439655303955,13.498187516883291,13.234734464280288,13.246362198680302,174925214,13.20381328037807,53.91526056106571
2010-03-03,13.489778518676758,13.55904291885193,13.339622930150526,13.416554853770409,124039193,13.212718827383858,58.87059072252975
2010-03-04,13.71909236907959,13.757187500968085,13.511545460674531,13.5189667132752,127829347,13.281700815473284,63.259873614585814
2010-03-05,13.957066535949709,14.0426576939485,13.850448651122289,13.88631788479377,157074555,13.397401128496442,70.74599174527462
2010-03-08,13.914270401000977,13.981061676851809,13.877905788330407,13.97116635729124,95813793,13.524798801967076,65.4643226287333
2010-03-09,13.857622146606444,13.968197397482584,13.766341206680682,13.84921202451865,127540267,13.642795835222516,66.23816044603527
2010-03-10,14.259852409362791,14.310563201550226,13.907591517762324,13.945934817447396,227043838,13.797439847673688,71.05027425428713
2010-03-11,14.375868797302246,14.501287491221603,14.204192067759417,14.20567537107015,169966698,13.939078739711217,74.87669893735213
2010-03-12,14.336289405822754,14.55249366460076,14.32688946775218,14.549030728931069,110548817,14.060008866446358,72.75761772853181
2010-03-15,13.93158721923828,14.08668998621756,13.753972528822077,14.018167241352938,186853758,14.090365273611885,65.73030193070481
2010-03-16,13.981557846069336,14.061212005320272,13.871724237123964,13.898193533518132,137774484,14.093864032200404,69.2150242305754
2010-03-17,13.990459442138672,14.136163202904145,13.95805409676167,14.058240528166332,133362007,14.104748180934362,73.54678232740306
2010-03-18,14.01124095916748,14.061705478109856,13.92614424295625,13.969681943567878,71354455,14.126693725585938,73.69555779371132
2010-03-19,13.852922439575195,14.05082126391252,13.785636725637405,13.852922439575195,192486794,14.068560872759138,66.24245823223752
2010-03-22,13.791078567504885,14.022372545790834,13.711424418038868,13.756693587019534,160792439,13.985019411359515,60.51151951734028
2010-03-23,13.580808639526367,13.811113719589528,13.407647672976584,13.77969724425368,220876809,13.877093587602888,52.23184515598036
2010-03-24,13.786872863769531,13.84921138720856,13.350753258501255,13.494477398214206,263592319,13.856420108250209,51.680982918415104
2010-03-25,13.924164772033691,14.149768949598773,13.8197728044719,13.828678307312028,157825359,13.848221097673688,49.141132152128606
2010-03-26,13.919464111328123,14.03573008480771,13.853416384841896,13.983286882852124,108252241,13.838078907557897,50.13832783340915
2010-03-29,13.913528442382812,13.969681798550894,13.867021293947268,13.92713296729075,124645457,13.824119976588658,51.53033201485279
2010-03-30,14.018908500671388,14.041666691975877,13.859846484366264,13.922926655270048,79412546,13.84783227103097,42.124762946163216
2010-03-31,14.029051780700684,14.09386342271164,13.922432959221997,13.977844663559342,121686407,13.881828444344658,37.82143933558826
2010-04-01,14.07061004638672,14.185638991067108,13.990213299005031,14.133690221522832,84423257,13.951800073896136,40.68355488671526
2010-04-05,14.125280380249023,14.221013122378247,14.075557511958992,14.122559096305844,76345092,14.000144004821777,59.002029979877555
2010-04-06,14.056262016296388,14.122310688291408,13.986502244548364,14.086935894397758,82712870,14.019015039716448,53.41152880983021
2010-04-07,13.940491676330566,14.069374260434245,13.8989336070009,14.03350408184702,103626969,14.02201897757394,47.921036279791736
2010-04-08,14.038203239440918,14.096584390737782,13.854158071294243,13.93504925018164,78191988,14.039829662867955,51.05430380596514
2010-04-09,14.006789207458496,14.06986938704362,13.95187193292412,14.038204741436,82572346,14.038098335266113,56.67956423710443
2010-04-12,14.167827606201172,14.199245031509252,14.006787845701028,14.034740441144567,94448695,14.057923453194755,65.05831212730621
2010-04-13,14.515140533447266,14.5673355723536,14.128247471532772,14.162880615577254,157078570,14.121427808489118,83.6572458799231
2010-04-14,14.570304870605469,14.65292657111984,14.446864859892925,14.596525998400894,136618166,14.185002735682897,81.6637938211723
2010-04-15,14.726150512695312,14.788983470359351,14.552741362456231,14.648722266731626,271485795,14.280701092311315,81.93473025285971
2010-04-16,13.609257698059082,14.070856763748331,13.596394825138129,13.92713262910866,491254466,14.233381952558245,43.44963524169747
2010-04-19,13.608022689819336,13.704250815899217,13.481862334036126,13.5746275243926,156343827,14.171927588326591,43.53606290366061
2010-04-20,13.730224609375,13.844510004106557,13.631768694215737,13.708702503412724,119542401,14.132418360028948,43.9351543344311
2010-04-21,13.711917877197266,13.859104943819188,13.658979294677463,13.765350894143175,96018557,14.067288398742676,43.36023404376819
2010-04-22,13.532819747924805,13.667390210446614,13.441043436978138,13.655021772392868,131719875,13.926956857953753,39.3535566054264
2010-04-23,13.481613159179688,13.588726413263707,13.414328398892184,13.537520244195871,83889263,13.771429470607213,37.240049668473524
2010-04-26,13.15137004852295,13.481613425998132,13.091258375193418,13.481118991548485,175407013,13.546460832868304,33.745087626128495
2010-04-27,13.087547302246094,13.31686353776567,13.042278134236929,13.08482601838255,154364435,13.47193077632359,34.38685221838439
2010-04-28,13.090764045715332,13.230281703338614,12.888906917661922,13.16274877676067,136754676,13.398036684308734,32.035655930684456
2010-04-29,13.160274505615234,13.271593295381368,13.028425320033906,13.194165997779642,122814620,13.316615240914482,34.17786050186076
2010-04-30,13.00442886352539,13.300781665496942,12.997997427567302,13.138753050200554,97781139,13.2155453818185,28.21271354866917
2010-05-03,13.125640869140623,13.18303219907747,12.989091729724615,13.024218356958164,74590540,13.157376970563616,21.570942887291793
2010-05-04,12.52625560760498,13.030156274793518,12.472823537813268,13.02471370733286,243963019,13.020897320338658,15.795956107059624
2010-05-05,12.610116958618164,12.757551251043935,12.380306286671296,12.392921942811316,183975008,12.94357545035226,13.717324985413782
2010-05-06,12.33577823638916,12.802077266832578,11.37918495039746,12.58513137202175,200753664,12.836179869515556,19.29131830194558
2010-05-07,12.198981285095217,12.500282249783146,11.906833040855256,12.36793768193134,204322993,12.70878233228411,18.107473256450945
2010-05-10,12.90424346923828,12.93318682775225,12.68037075404338,12.714260351329475,165738910,12.672206469944545,35.208639030295004
2010-05-11,12.59255313873291,12.86045894287243,12.572021795401552,12.756314186892256,133402157,12.613367080688477,31.86082832540683
2010-05-12,12.502015113830566,12.666517817771563,12.41815448186424,12.666517817771563,154649500,12.524277687072754,32.80232451203793
2010-05-13,12.637823104858398,12.91290296190517,12.62520744795242,12.776847284029104,133530637,12.5402159009661,36.30891737486146
2010-05-14,12.55495262145996,12.64054377315776,12.275915407741277,12.610364327196525,165257111,12.53233528137207,39.47805241953523
2010-05-17,12.565836906433104,12.57548406164858,12.327863325334356,12.536399111937111,112170874,12.565200805664062,40.620837006625756
2010-05-18,12.328357696533203,12.64004937088858,12.29619956545419,12.61605319720428,113443627,12.583683150155204,37.35847003902319
2010-05-19,12.2308931350708,12.354826634043995,12.065399673895222,12.27616230282472,138344613,12.487490245274135,34.73138479134509
2010-05-20,11.750494003295898,12.011967437525886,11.720561773399604,11.999351780743227,197268650,12.367196083068848,31.384524948224453
2010-05-21,11.677270889282228,11.99761990341161,11.488029413653436,11.603305577405992,389084940,12.249375479561943,28.187209624982103
2010-05-24,11.803677558898926,12.116110861834551,11.79477300327732,11.891989988208149,174475535,12.13021183013916,37.30993662320952
2010-05-25,11.80145263671875,11.810852574738798,11.478383283653866,11.580794680133671,121148398,12.02256897517613,35.378819595560614
2010-05-26,11.76187229156494,12.115369226490015,11.750245505010083,11.925138896181975,139545096,11.907716887337822,38.66080082726719
2010-05-27,12.132685661315918,12.178450211761966,11.899907433411718,11.99638277328116,112785168,11.879763739449638,48.8010100243537
2010-05-28,12.013203620910645,12.206649676776326,11.948144762102771,12.189086834857804,116226017,11.848665237426758,29.55265559448597
2010-06-01,11.932559967041016,12.147526223275324,11.876900101629111,11.884569518272924,107071833,11.874674660818917,33.05813893710204
2010-06-02,12.204671859741213,12.217040299288255,11.910050477003464,12.039178387719492,102012942,11.950017656598773,43.018117374863955
2010-06-03,12.507208824157717,12.566577897299892,12.237571560458814,12.24771314960563,146575349,12.050522123064313,47.15576180494153
2010-06-04,12.337016105651855,12.597500664036865,12.28704696712956,12.361753931275716,157399770,12.127031190054756,45.42811540075892
2010-06-07,12.010482788085938,12.391190664755545,11.951854421064024,12.345426117507198,145852650,12.162546975272042,39.71220438957916
2010-06-08,11.99217700958252,12.092610664783583,11.813079022857798,12.068121004439885,107806577,12.1424743107387,43.221940767956106
2010-06-09,11.72600269317627,12.093600499270382,11.676033556320846,12.052535918486948,109569158,12.101445606776647,40.4688314643638
2010-06-10,12.04734230041504,12.08420040200148,11.771025411174945,11.88308586096007,103502504,12.117843082972936,55.96184182199442
2010-06-11,12.084199905395508,12.089395256021096,11.914007417563925,11.935776741798726,71535130,12.100632803780693,58.293830203275526
2010-06-14,11.952844619750977,12.232623473656885,11.952844619750977,12.23212903921636,81921917,12.021437917436872,53.03413035356319
2010-06-15,12.318958282470703,12.378575520805084,11.92786063637766,11.950123447102166,171022641,12.018858228410993,59.16899731136645
2010-06-16,12.40009593963623,12.467628866181888,12.27245133930776,12.273935589860333,91915234,12.074517250061035,61.1437373030939
2010-06-17,12.370656967163086,12.51388665824314,12.286798239721485,12.454023154583115,79388456,12.128585815429688,54.71749050852956
2010-06-18,12.369422912597656,12.454519634415195,12.322421326127891,12.43077162393658,115346733,12.220502989632744,57.408962646449396
2010-06-21,12.085684776306152,12.392674579217015,11.994899223353876,12.36620623391984,119787316,12.225980486188616,52.936722279714274
2010-06-22,12.028541564941406,12.28457241422021,12.015677744575315,12.118832683150474,89120799,12.218029294695173,46.31850257146271
2010-06-23,11.92464542388916,12.04437339288894,11.828416352723414,12.04437339288894,81468223,12.214000838143486,36.72044904152587
2010-06-24,11.75271987915039,11.941960413618512,11.70720349130844,11.86552292698977,76027907,12.133109637669154,36.69146291185219
2010-06-25,11.69285488128662,11.815799513441302,11.640411677190224,11.801204225057944,90144622,12.032075200762067,41.7650040426168
2010-06-28,11.67801284790039,11.81332687166464,11.602069796175275,11.690629451776545,70756221,11.933126040867396,41.840151433710844
2010-06-29,11.237192153930664,11.491739689730474,11.159516694764712,11.46428152952559,140609069,11.771378789629255,38.36003311981679
2010-06-30,11.006887435913086,11.32550591745244,11.001198598222231,11.254509109407472,144668227,11.617264883858818,24.100935978038578
2010-07-01,10.87182331085205,11.092233109016153,10.726862130522058,11.015299293356874,141070793,11.45201941898891,21.22814220203213
2010-07-02,10.799094200134276,10.940838703875867,10.785488728245472,10.924512895363236,77730264,11.291226387023926,21.835745238386792
2010-07-06,10.78722095489502,11.074173865237883,10.72686206101882,10.983388307185152,102787835,11.153297969273158,4.7896724710507925
2010-07-07,11.136758804321287,11.163722530827451,10.770151768479666,10.842631879344102,125657235,11.073855672563825,17.811636947154057
2010-07-08,11.294089317321776,11.313137358334648,11.123401441504605,11.219629568338048,107156148,11.019009453909737,24.2485433491358
2010-07-09,11.56446933746338,11.70720367011914,11.447956134867008,11.675045537451208,173909421,11.065763337271553,32.94192589275218
2010-07-12,11.770779609680176,11.860081876111291,11.65327752487434,11.6851884438937,133875926,11.174890790666852,43.1003053232222
2010-07-13,12.101515769958496,12.19526982104117,11.880858775321457,11.92959087718093,159648166,11.350561141967773,51.42772273754672
2010-07-14,12.154454231262209,12.216051104499348,12.033736445893274,12.118338729737411,125187481,11.544184003557477,54.587628944486696
2010-07-15,12.220749855041504,12.237571044362763,11.940228415175852,12.164101120893372,195056389,11.748973846435547,59.754575814638706
2010-07-16,11.36953830718994,11.640411666366376,11.367311457754068,11.604790600124405,314165171,11.782228061131068,44.93293676296949
2010-07-19,11.532060623168944,11.617898978564773,11.31783603406271,11.404168823841443,182694226,11.816223961966378,47.81381313774851
2010-07-20,11.913265228271484,11.947897424506913,11.394027607575298,11.40466457838524,162787890,11.866051946367536,60.310900452978316
2010-07-21,11.812088012695312,12.014933987583577,11.76088184777535,11.97288148940649,131675710,11.87195314679827,62.783757462998416
2010-07-22,11.992919921875,12.096074863630664,11.93528136646285,11.953834025124156,86230004,11.856439454214913,67.54411492999246
2010-07-23,12.12279224395752,12.13590233569985,11.87418072746356,11.892981551897742,90915501,11.851916313171387,70.35067130920692
2010-07-26,12.09582805633545,12.13985924639815,11.994650849001678,12.09879561040477,80107140,11.834070341927665,70.02573827519112
2010-07-27,12.186366081237791,12.306836649260616,12.125512754143088,12.135654343863896,98415508,11.950760023934501,67.44511316570743
2010-07-28,11.98154067993164,12.25117796414053,11.93998260972872,12.243509493796076,100214225,12.014971460614886,61.24827455561324
2010-07-29,11.997371673583984,12.093600743667984,11.857359579546182,12.021120629961487,107421137,12.0269866670881,57.726924390254666
2010-07-30,11.993908882141112,12.056000189767934,11.852658805869249,11.865275409496682,86085465,12.052961077008929,54.2935706546792
2010-08-02,12.131447792053224,12.202443650107933,12.04560942931941,12.09632116244094,74626675,12.072750772748675,50.62223191451402
2010-08-03,12.117100715637209,12.182160524348832,12.041157665524784,12.133675636548658,72362219,12.071937697274345,49.21082663331163
2010-08-04,12.525020599365234,12.541841790428814,12.147280242579642,12.17523378673575,153071607,12.133250917707171,55.617484733976255
2010-08-05,12.569052696228027,12.581421135454258,12.456745979872109,12.514383588644913,97178890,12.187920434134346,81.54843900965882
2010-08-06,12.37412166595459,12.510671765597042,12.27096767636252,12.502261644173894,133277692,12.244003432137626,71.77582880905913
2010-08-09,12.501023292541504,12.504734392300216,12.40232205740706,12.424338597170072,75168699,12.315953663417272,67.5014099177562
2010-08-10,12.460454940795898,12.517103675214766,12.333303836269858,12.426812561992593,83270954,12.382603100367955,70.02907161728695
2010-08-11,12.164348602294922,12.319205086435993,12.158411600382902,12.312525485688774,89253294,12.387303216116768,54.94361578428018
2010-08-12,12.171028137207031,12.238808277207704,11.936023075717255,11.971396922591376,88514535,12.395007133483887,51.49740805324223
2010-08-13,12.031015396118164,12.150744314883378,12.022605274051486,12.096569640753,77678069,12.324434961591448,48.11994965212941
2010-08-16,12.012214660644531,12.118091837298596,11.886301521226434,11.964966804803968,52395658,12.244886670793806,44.728937659154326
2010-08-17,12.134169578552246,12.23757173397283,12.023098953261783,12.0849420938589,75911472,12.2106078011649,54.86362119653048
2010-08-18,11.927119255065918,12.14282910799973,11.912277694286685,12.132192135152016,107858771,12.12862151009696,48.00453999994583
2010-08-19,11.57634162902832,11.936022773702812,11.558529676646907,11.898916512892288,157588475,12.002319608415876,40.093873260690884
2010-08-20,11.429155349731444,11.665890941951112,11.404417525097738,11.576342422645858,157291365,11.897292000906807,33.41513082418621
2010-08-23,11.479866027832031,11.583268182592896,11.323031801545753,11.416291419888289,119895720,11.79855455671038,35.205582028892294
2010-08-24,11.166197776794434,11.338864342120692,11.154570988660058,11.322290367475048,110922211,11.675009182521276,17.008942691476506
2010-08-25,11.246098518371582,11.325011016845028,11.131812170176737,11.131812170176737,104072633,11.565564019339424,18.429669535390587
2010-08-26,11.156055450439451,11.31140639231972,11.142698141325512,11.281721378305337,71346425,11.425833429609026,19.40087540038671
2010-08-27,11.35024356842041,11.378939714409851,11.073680388519143,11.195141732876944,92842698,11.343422617231097,22.03652206154996
2010-08-30,11.198354721069336,11.373248102640773,11.191675120720332,11.35815743435371,49440624,11.28942448752267,20.905515827092756
2010-08-31,11.132307052612305,11.252282233359413,11.0823369692777,11.134532007608,78163883,11.247017587934222,23.38603133942661
2010-09-01,11.387348175048828,11.501388249003565,11.193654901047996,11.255003607421644,129616018,11.233800751822335,32.08544071994146
2010-09-02,11.457849502563477,11.488772493494697,11.386853641925176,11.449439381067526,67620512,11.275465284075056,36.46763624049374
2010-09-03,11.63397979736328,11.673063794546174,11.563230213339365,11.639421417308892,101996882,11.330876895359584,41.68747201966461
2010-09-07,11.488030433654783,11.566943885939764,11.453893614426686,11.490504500575534,68652365,11.378301892961774,35.9478986744451
2010-09-08,11.64090633392334,11.688402352786971,11.49075075434463,11.507572892487142,96432101,11.419825145176478,43.62528983099955
2010-09-09,11.779436111450195,11.883827131932325,11.640905435659274,11.82025252591532,97588419,11.502836772373744,54.99577742328983
2010-09-10,11.77844524383545,11.868737304793946,11.752224117138493,11.84969021319444,79268006,11.595142228262764,59.2577838464428
2010-09-13,11.930087089538574,11.981540478750132,11.86230694376725,11.89619654305668,89996068,11.672676358904157,61.32690191690054
2010-09-14,11.884570121765137,11.99143521228549,11.8759118358443,11.923654122635009,88992319,11.733636447361537,70.89207659366744
2010-09-15,11.889764785766602,11.920686830222444,11.836826200192965,11.872696377964902,96472251,11.770177159990583,69.5697986285283
2010-09-16,11.900155067443848,11.934539101799526,11.859337701737964,11.872696904529969,79075287,11.829052107674736,73.77486664354934
2010-09-17,12.125015258789062,12.150990115252826,11.903122184558416,11.966696789488267,226509844,11.898210525512695,74.27900290783681
2010-09-20,12.573506355285645,12.626196781608463,12.172266125642134,12.183151262251428,176800216,12.011649131774902,86.33811725867218
2010-09-21,12.70164394378662,12.862932817266588,12.589089067813234,12.608137107498708,179321632,12.143534660339354,90.15187043018649
2010-09-22,12.76447582244873,12.808508900226322,12.657610740403875,12.6868003669284,101864387,12.262733050755092,89.07760461346533
2010-09-23,12.702139854431152,12.85575931723614,12.648212398607278,12.73009339846941,93043447,12.379528726850237,85.47257232312148
2010-09-24,13.043761253356934,13.05711950709818,12.820382986583525,12.90646856350142,134779299,12.544385365077428,86.72515145808688
2010-09-27,13.120943069458008,13.280251360798948,13.082352556313277,13.082352556313277,124761892,12.71878365107945,94.11845946523954
2010-09-28,13.040794372558594,13.199608239574635,12.825084548270326,13.19688695560908,146735949,12.849609238760811,89.36974147572597
2010-09-29,13.05365753173828,13.183528979065208,12.979939439940626,13.05761490167623,87213678,12.91820226396833,88.56120531220272
2010-09-30,13.006654739379885,13.157058462840398,12.8367094908848,13.0900199782373,130250387,12.96177523476737,86.16170731803211
2010-10-01,13.002450942993164,13.126138176020936,12.937639298905305,13.11080123570569,89333594,12.99577168055943,84.57497673898038
2010-10-04,12.92155933380127,13.067510320794982,12.83497931544725,12.985877488497424,77910939,13.027117320469447,82.68877419727232
2010-10-05,13.3143892288208,13.358174145488691,13.025455759556598,13.070725873934334,140809819,13.065778459821429,86.08854845871497
2010-10-06,13.218406677246094,13.356936402447465,13.10931569080057,13.33986799600022,110906151,13.079701832362584,82.00599327874772
2010-10-07,13.111048698425291,13.288910607543333,13.089526590942096,13.264419998834343,96191202,13.089738164629255,75.38862660954743
2010-10-08,13.267882347106934,13.298805338564351,13.05192531328096,13.179323643112614,114796679,13.12034170968192,71.03885611517444
2010-10-11,13.329479217529297,13.471966322856671,13.288167419436792,13.320573714246809,105445761,13.166459492274694,69.82201129584234
2010-10-12,13.392558097839355,13.506349050130698,13.303503073621334,13.361140674968825,150706777,13.22218908582415,69.82671732284886
2010-10-13,13.439807891845703,13.543456316212366,13.415811719210932,13.531335094881063,122682126,13.296224594116211,73.50993981341611
2010-10-14,13.381179809570312,13.488045848858835,13.286683156290694,13.46157560906981,266358649,13.305766105651855,63.12045218054291
2010-10-15,14.878284454345703,14.88298442312947,14.634621098907084,14.824357001154455,595214680,13.542891502380371,82.47393211918195
2010-10-18,15.280513763427734,15.32949308121719,14.85602097516231,14.85602097516231,284992232,13.852815083095006,86.98527276472518
2010-10-19,15.03610897064209,15.209023688167145,14.91316433795586,15.061341230290688,184203863,14.105418886457171,80.41134404397314
2010-10-20,15.039819717407228,15.272351669402424,15.027945713145602,15.04377708736615,141532518,14.349753243582589,81.60914359457317
2010-10-21,15.139016151428224,15.238213718668977,14.99083926440652,15.127143094505882,117257870,14.599247251238141,82.26372325518764
2010-10-22,15.152377128601074,15.209024924811292,15.091027468691768,15.137286457276772,90582257,14.843899999346052,84.38836690458797
2010-10-25,15.250582695007324,15.45441850990862,15.212734779153116,15.228071719278027,126809538,15.110957554408483,82.82863137687613
2010-10-26,15.302531242370604,15.367589154744929,15.115269403654311,15.166474626671798,100892759,15.17156423841204,85.87249242042466
2010-10-27,15.249841690063477,15.337163365587177,15.147428396618972,15.232525116986958,90012128,15.167182513645717,87.51955287448591
2010-10-28,15.30203628540039,15.3619007433169,15.171423180998682,15.338399951168446,87699492,15.20517213003976,87.04390356408844
2010-10-29,15.181317329406738,15.31242676072313,15.16375448705512,15.264682578241432,91473585,15.22538607461112,83.01287707461812
2010-11-01,15.213476181030272,15.353490166457544,15.11972212683208,15.231534404762996,123946848,15.236023221697126,82.82351873327558
2010-11-02,15.228317260742188,15.337161027398269,15.20308500388519,15.30426030132267,80203500,15.246871812002999,82.62045851918803
2010-11-03,15.341615676879885,15.382432094426273,15.176370374450022,15.27532072931446,135726838,15.259876523699079,85.05708274952221
2010-11-04,15.442790985107422,15.582555845972562,15.389109806141525,15.451942757545726,143367369,15.279913629804339,70.15903050514055
2010-11-05,15.462827682495115,15.472971165802669,15.364620881085685,15.415827048896832,70892731,15.310340200151716,58.95503790561628
2010-11-08,15.504633903503418,15.571919609290706,15.414590006168751,15.436606546074994,84367048,15.339282717023577,78.73180591100291
2010-11-09,15.45639705657959,15.60556281640741,15.349779181154211,15.584537038625454,89823423,15.378579820905413,74.22332934429271
2010-11-10,15.408406257629396,15.41137475866938,15.27556725687868,15.388616566426965,100254375,15.406426974705287,66.6565244874663
2010-11-11,15.267650604248049,15.333452061490966,15.193933459972175,15.329740961599247,90803081,15.412046023777553,56.15739556833397
2010-11-12,14.923802375793455,15.260478145711136,14.872348039975252,15.18849151901188,136228712,15.352358409336635,36.173293239781614
2010-11-15,14.730354309082031,14.941365093453935,14.695227679350545,14.918605954740489,139677591,15.250581741333008,28.379033856465924
2010-11-16,14.439692497253418,14.790220984357358,14.43301384271802,14.663318970644518,132791878,15.104419572012764,24.05316531939083
2010-11-17,14.435487747192385,14.58267578168354,14.381559341052158,14.471356980741591,98066204,14.951684406825475,21.36667242289907
2010-11-18,14.757318496704102,14.841920776310085,14.559419690373565,14.570304825644133,103988318,14.851816041128975,37.633423399517206
2010-11-19,14.61557388305664,14.790219114206632,14.60345266177134,14.768202573802196,92244464,14.738554273332868,33.60904921159798
2010-11-22,14.625222206115724,14.680139479308076,14.415697544879972,14.532457015535694,87791837,14.646778787885395,33.41948819919554
2010-11-23,14.422126770019531,14.57055181968641,14.303140460261057,14.521077118861584,86828238,14.575110844203406,25.91048326245877
2010-11-24,14.717987060546877,14.75830999098162,14.52206692947376,14.52849931350473,96215292,14.57334409441267,32.76876225439078
2010-11-26,14.59504222869873,14.668760322882626,14.520830647247143,14.606421798821634,52640573,14.595536913190571,30.331928521004613
2010-11-29,14.399864196777344,14.59009453350703,14.346431178017784,14.57450942943928,114816754,14.59044783455985,26.588390504518713
2010-11-30,13.746797561645508,14.207160539505256,13.687427541642071,14.207160539505256,285763111,14.44608770098005,21.16330911944297
2010-12-01,13.960528373718262,14.139132876281254,13.912290703869482,13.927133209544868,150726852,14.352509771074567,26.871095061580206
2010-12-02,14.145318031311035,14.182671515199132,13.985267123853196,14.067148127712372,102298006,14.283952031816755,32.320193736319695
2010-12-03,14.17450714111328,14.260592723609763,14.050819914187624,14.086689143692595,105642495,14.248577799115862,36.897652696152576
2010-12-06,14.307098388671877,14.397143232087895,14.263807908227063,14.361767491153785,84065923,14.189879417419434,42.43790548097486
2010-12-07,14.524292945861816,14.669254113993984,14.49609218621388,14.626458066487416,122144116,14.17977237701416,51.552262478118536
2010-12-08,14.608400344848633,14.657380613287629,14.438949511115013,14.643775141031092,70539412,14.209563255310059,53.08225209487469
2010-12-09,14.63214874267578,14.733076836161263,14.57030559921221,14.69102433213541,75036204,14.33604199545724,47.50348465988804
2010-12-10,14.649712562561035,14.693744698936136,14.602216543321395,14.672717973284,68443585,14.434496879577637,50.71638387144674
2010-12-13,14.709328651428224,14.91662739050608,14.696217614279066,14.771171790173025,96299607,14.515069825308663,51.72868138648902
2010-12-14,14.71650218963623,14.800114653782266,14.656390516752936,14.770429643175104,65978380,14.59249768938337,56.58041440142371
2010-12-15,14.602463722229004,14.754598934860423,14.574015743645342,14.698940011056298,87033003,14.634692737034388,47.189120980455726
2010-12-16,14.63734245300293,14.68830235258968,14.547298552437606,14.665544160225767,64115423,14.650842666625977,51.07532017170213
2010-12-17,14.61483097076416,14.658369616200648,14.537402728776478,14.619778156621418,123946848,14.651761327471052,55.990602517866115
2010-12-20,14.72021198272705,14.78997175594954,14.561893508677535,14.710070393677734,79227857,14.664341790335518,89.04545680589717
2010-12-21,14.91835880279541,14.959176164576226,14.78329200916631,14.807040964029753,75461793,14.702719824654716,88.90676860428721
2010-12-22,14.97822380065918,15.015577281217,14.92355374814786,14.941365701740766,48481040,14.741133417401995,87.65377488400327
2010-12-23,14.947054862976074,14.990839781062062,14.892632973702751,14.974513972034025,44598542,14.774069513593401,84.86271816231097
2010-12-27,14.901291847229004,14.935923098865766,14.830047817276853,14.91019640378054,48505130,14.81675924573626,79.09412091026846
2010-12-28,14.81569766998291,14.938147855712886,14.793186696537838,14.89312590882274,42751645,14.842238562447685,66.37920683385366
2010-12-29,14.86715316772461,14.90203258164543,14.81569883352896,14.891890992332748,40920808,14.878284590584892,65.09810468209187
2010-12-30,14.814216613769531,14.87531716010788,14.777851999463769,14.792941723117266,39728356,14.89171382359096,60.273630555699135
2010-12-31,14.693248748779297,14.803330499150231,14.645257352828168,14.761771486602584,61802787,14.8595552444458,52.199914607594906
2011-01-03,14.95002269744873,14.980696576306247,14.755339612013405,14.755339612013405,94962614,14.855526515415736,60.141702389620434
2011-01-04,14.894859313964844,14.995292973722057,14.845384609390807,14.981441230959996,73253547,14.848070008414131,57.223013102696626
2011-01-05,15.066784858703612,15.097953173664628,14.843653784623475,14.84414821908557,101671667,14.87171186719622,67.961688695937
2011-01-06,15.176369667053224,15.29832542673543,15.091025735874736,15.106609892715646,82620526,14.923236438206263,69.71226649684411
2011-01-07,15.249098777770996,15.293874462952973,15.093007132317478,15.235988685991428,84363033,14.97780009678432,72.3734617946458
2011-01-10,15.193933486938477,15.223124062912442,15.054167667950669,15.20852877492546,63404769,15.032045364379883,67.32400751924277
2011-01-11,15.238460540771484,15.307477714302744,15.20110706166109,15.280513988523367,57787794,15.109932763235909,63.18788784611964
2011-01-12,15.25973415374756,15.321083807366923,15.20778633217738,15.321083807366923,65552790,15.154177256992885,61.97887034161812
2011-01-13,15.255282402038574,15.32899954745668,15.192696662083272,15.262208273102566,53560006,15.205666269574847,63.42090139291678
2011-01-14,15.44056510925293,15.442791958596624,15.264930063207297,15.272845750134245,94978674,15.25906344822475,70.93726326265981
2011-01-18,15.822757720947266,15.88113697938252,15.467528353909472,15.487070828193731,145222296,15.351404598781041,81.77988979141016
2011-01-19,15.627826690673828,15.905132434605244,15.57612608534053,15.884353873895927,136754676,15.405508586338588,72.01143588837863
2011-01-20,15.504633903503418,15.68546429700628,15.418548323165318,15.639205315077994,220254485,15.44989436013358,69.19786646470524
2011-01-21,15.135058403015137,15.874705786332251,15.12343161641147,15.821519986366264,357511035,15.435122626168388,60.79285506941825
2011-01-24,15.116503715515137,15.151383125635002,14.872840384684288,15.029676489606278,184657557,15.414661134992327,54.60261062791539
2011-01-25,15.334938049316406,15.354232359854764,15.00370389666184,15.045262913312843,146418764,15.426040513174874,61.159196828793114
2011-01-26,15.250582695007324,15.398759587254204,15.220403249215572,15.345326566853592,81829572,15.398900168282646,54.87721305003597
2011-01-27,15.257756233215332,15.329740962564149,15.170185452635764,15.284967176986653,81070738,15.318185670035225,52.28377954542774
2011-01-28,14.866905212402344,15.346068051855267,14.83647855159004,15.314156193391632,169878368,15.209482601710729,40.89998542213811
2011-01-31,14.851322174072266,14.952991917374748,14.732334911188651,14.931470757696202,112616538,15.116152354649135,41.68572121544262
2011-02-01,15.115516662597656,15.17265983514571,14.919349320069324,14.953486135508529,110223602,15.113360677446638,47.303917262910105
2011-02-02,15.139263153076172,15.197149869503752,15.028686964928248,15.11452627631761,70691981,15.116612025669642,47.36100810772977
2011-02-03,15.093500137329102,15.125658267800391,14.994056297621288,15.076926164044464,60028160,15.082120895385742,46.51906071827088
2011-02-04,15.114030838012695,15.125410407482097,15.00592871682298,15.093499495593957,62264511,15.062613487243652,42.43811060099172
2011-02-07,15.19591236114502,15.2973348850755,15.07024644694398,15.093747238348664,72253814,15.053778648376465,33.138145125416926
2011-02-08,15.29708766937256,15.328010660669362,15.201354930365364,15.211743736949227,68050116,15.115233285086495,40.63068519826303
2011-02-09,15.250582695007324,15.323557242811416,15.14767497144807,15.259734468444016,73976246,15.172270502362933,42.47623050087668
2011-02-10,15.249098777770996,15.275321802907715,15.128380984466872,15.186266761428415,93725996,15.191353661673409,54.31895079617787
2011-02-11,15.448480606079102,15.460849044348835,15.164000842720856,15.183543316176296,103984303,15.23552758353097,61.058085420670565
2011-02-14,15.538771629333496,15.575629726710758,15.338151545685593,15.419784374415372,85439051,15.299137796674456,57.42338013082735
2011-02-15,15.439823150634766,15.58676300886986,15.41384923943319,15.518241213080188,83993653,15.345679555620466,56.81942994372842
2011-02-16,15.44155502319336,15.497955598754563,15.389111817767256,15.476435385860944,67612482,15.380771364484515,56.649413505216295
2011-02-17,15.467280387878418,15.51650787063972,15.344088545964793,15.36808377071643,59373716,15.405084609985352,79.51865303875579
2011-02-18,15.586514472961426,15.613725415192816,15.440564443178344,15.485586390621345,129198459,15.453074863978795,82.8037142976288
2011-02-22,15.094983100891112,15.459116994846932,15.034624215101733,15.337903841665195,146141730,15.43105833871024,49.23832979460262
2011-02-23,15.122441291809082,15.206053750150192,14.941364634061763,15.09795163335462,116017237,15.384481293814522,49.37772481318339
2011-02-24,15.060599327087402,15.166227385657212,14.875810608107848,15.124173936009337,108874565,15.316170964922224,48.79723935770023
2011-02-25,15.090778350830078,15.206548942740204,15.077420096318248,15.135800300305815,77585724,15.266307422092982,49.15590925834121
2011-02-28,15.173895835876465,15.250335212326371,15.04056145161728,15.089789883882444,91602065,15.228070395333427,49.20149255796321
2011-03-01,14.86121654510498,15.317868444795511,14.825100096952584,15.282245483910028,133426247,15.141489846365792,36.29429933727171
2011-03-02,14.86195945739746,14.990840148137972,14.723429716956264,14.837468848870817,81371863,15.037981986999512,37.41787676033503
2011-03-03,15.07890510559082,15.126648341253478,14.96610206181466,15.000240772255165,78103658,15.03568513052804,45.16442646235585
2011-03-04,14.857752799987791,15.064558065668948,14.84736399309018,15.04847852647366,120891439,14.997872488839286,33.421229138797756
2011-03-07,14.636106491088867,14.933696356480366,14.520830330570751,14.856021841116837,139027162,14.937230655125209,26.406269240529156
2011-03-08,14.652186393737791,14.792447608770908,14.599990402924558,14.667523334964663,91738575,14.874574661254883,28.48064293058279
2011-03-09,14.638827323913574,14.706607465046966,14.48990878719376,14.619778337506082,86362499,14.79813630240304,28.206798522127954
2011-03-10,14.35508918762207,14.511428976578763,14.334062463509952,14.482239348353929,125592995,14.725832394191197,23.515545480517105
2011-03-11,14.26628303527832,14.347668652024758,14.182670569085625,14.3036365166746,121734587,14.640735762459892,18.0992213550128
2011-03-14,14.100048065185549,14.305368132783022,14.051315960401045,14.169560625311597,113066217,14.500899042401995,21.475181509019848
2011-03-15,14.089410781860352,14.125032795041344,13.741603613278286,13.791078315854408,160824559,14.391135896955218,20.094541370546125
2011-03-16,13.781182289123535,14.09509984338012,13.637210940432324,14.051067710808583,152509508,14.269003868103027,17.585847974354024
2011-03-17,13.88656520843506,14.075557574008492,13.866280134580528,13.963745292152312,116406692,14.159629413059779,20.611040227233914
2011-03-18,13.879142761230469,14.050572269346342,13.846489250962954,13.967701460423235,132438559,14.051103046962194,17.189142630935578
2011-03-21,14.26108741760254,14.342721197241543,14.076051481882413,14.105736492660233,121288923,14.037674222673688,35.30767036075632
2011-03-22,14.281373023986816,14.328620878578798,14.162386706400422,14.280135990626144,75758903,14.039829935346331,35.92083518152697
2011-03-23,14.401101112365724,14.408275147691132,14.149769289103864,14.228680836106127,72920303,14.082837513514928,32.74997439421078
2011-03-24,14.518108367919922,14.555214629697808,14.317982718724846,14.481990974994522,84262658,14.144080025809151,40.87223335966341
2011-03-25,14.34123706817627,14.518603588287435,14.32886768211912,14.517861936607924,114764559,14.224087851388115,41.88012460561776
2011-03-28,14.232887268066406,14.471108053137824,14.216807729743165,14.398874212888716,89068604,14.27356243133545,39.012055407189315
2011-03-29,14.390464782714844,14.394422152786792,14.17475496205778,14.248719326389589,64432607,14.346608434404645,43.94891405421156
2011-03-30,14.39318561553955,14.483723950590283,14.362015407247023,14.456017624992716,57105245,14.365479605538505,51.075442795338226
2011-03-31,14.514892578125,14.549525722668392,14.390711859871615,14.421880174452756,81480268,14.398839541843959,56.890133602292906
2011-04-01,14.639570236206056,14.723429922786291,14.56436883612302,14.56436883612302,104919797,14.432906559535436,65.30523905423664
2011-04-04,14.537652015686035,14.712297256575408,14.424354536302248,14.669254936628262,82488031,14.435698509216309,62.089652976300364
2011-04-05,14.077783584594728,14.384526163315543,13.993428522973332,14.374384574185086,242806701,14.398062297276088,57.394838219412556
2011-04-06,14.203697204589844,14.227939647961932,14.050820344378277,14.154222501743307,107132058,14.393892288208008,57.826584077344826
2011-04-07,14.347667694091797,14.363500014810244,14.203943563140248,14.242039640872584,101639547,14.387778418404716,60.83274386705168
2011-04-08,14.30215072631836,14.468633041900464,14.299677607101769,14.468633041900464,76357137,14.37477343423026,51.12433662102607
2011-04-11,14.28260898590088,14.30066720891162,14.174506865051532,14.25366562788676,74606600,14.341590063912529,50.03385512722322
2011-04-12,14.115384101867676,14.271229455816876,14.052056712547923,14.223980657446642,83736694,14.266706330435616,42.372196948634304
2011-04-13,14.25564670562744,14.288299272371622,14.143586256395562,14.236599611824792,83086265,14.226419857570104,43.07898444191729
2011-04-14,14.310809135437012,14.334062709282833,14.152243441618944,14.228680922506276,219070062,14.259709221976143,49.142591177283094
2011-04-15,13.1281156539917,13.500413405004236,13.112284280667872,13.489033835833933,563853569,14.106054714747838,30.609576996301143
2011-04-18,13.032629013061523,13.05291408464688,12.838688535740069,13.02223926006284,202347616,13.918192046029228,25.6369031118777
2011-04-19,12.901275634765623,13.13256961445335,12.88569147721634,13.10956420397763,107766427,13.718067032950264,24.412388846126035
2011-04-20,13.005171775817873,13.032135502646538,12.8978122501427,13.009377310195196,122858785,13.535576002938408,23.947752560285906
2011-04-21,12.989587783813477,13.068253063094518,12.922549291725542,13.048710588685704,99174342,13.374747957502093,20.413380750396257
2011-04-25,12.988350868225098,13.0365885380215,12.913149471013096,12.993299001573154,65476506,13.193705695016044,21.178063138024427
2011-04-26,13.180560111999512,13.294847407451194,12.992308451459182,13.024714747212409,140524754,13.032241548810687,31.462727315358677
2011-04-27,13.302762985229492,13.311421271466852,13.218407919511652,13.30869904034923,92280599,13.057191167558942,31.357475457016193
2011-04-28,13.30795669555664,13.339621337700835,13.21172857741858,13.310183544903964,80299860,13.096523693629674,27.174943472071092
2011-04-29,13.459596633911133,13.459596633911133,13.321314128650368,13.358173171678189,169773978,13.176283836364746,32.326669808656106
2011-05-02,13.322552680969238,13.499920151499929,13.286931614278464,13.499177552614464,85667905,13.221623965672084,30.80801071267345
2011-05-03,13.207029342651367,13.407896658658633,13.101648498434452,13.28717887414582,83572079,13.252687045506068,31.458277771829643
2011-05-04,13.25403118133545,13.333437168274235,13.185507488766897,13.238694240745076,84997401,13.290641375950404,28.745359584633363
2011-05-05,13.216429710388184,13.343826143941778,13.147906021818,13.206287173934442,80211530,13.295765604291644,26.602494831319632
2011-05-06,13.241907119750977,13.394289529318137,13.238939566144058,13.31240854013725,82552271,13.287071909223284,54.815751173879434
2011-05-09,13.300783157348633,13.320821013453768,13.138011925004347,13.234487263965946,78240168,13.286047118050712,61.7114220310349
2011-05-10,13.423974990844728,13.467760855798836,13.297320206450244,13.35817447918494,82022292,13.280958311898369,72.99239697489878
2011-05-11,13.24561882019043,13.44599170036609,13.20208206630285,13.361638529314568,93902656,13.269967760358538,59.92648651032177
2011-05-12,13.235725402832031,13.282478825661777,13.133312105898876,13.240425372120548,58149143,13.274067197527204,60.20938224879033
2011-05-13,13.099668502807615,13.257246277490616,13.087300064021283,13.224839982790296,84664157,13.252015386308942,54.15281210041739
2011-05-16,12.824341773986816,13.04326826090825,12.774372635929168,13.01952025163176,118771522,13.19600282396589,37.48693491847392
2011-05-17,13.122179985046388,13.140980808369491,12.740483205345878,12.75037757788017,132639308,13.17889894757952,44.35332603723404
2011-05-18,13.106101036071776,13.118963909454664,13.004430346377688,13.099421434960137,78420843,13.151087215968541,43.73082543840473
2011-05-19,13.141722679138184,13.272582994676174,13.10387381735453,13.17833261324064,99118132,13.11076545715332,39.360849816943436
2011-05-20,12.963119506835938,13.16002755532535,12.94085574843112,13.155327586416409,93047462,13.070408412388392,38.29548835334438
2011-05-23,12.823599815368652,12.863427362838268,12.70016075016252,12.779319516266272,92344839,13.011533328465053,37.70620629343909
2011-05-24,12.820384979248049,12.961387843462608,12.81766369519758,12.872580969114017,76284867,12.971635682242256,35.69444295879724
2011-05-25,12.855264663696287,12.931949364386533,12.795399259327151,12.797378891546057,52259149,12.976053237915039,38.06408993291212
2011-05-26,12.817167282104492,12.9158704157429,12.7397409318655,12.80653031119342,85057626,12.932479994637626,36.079166822949915
2011-05-27,12.885690689086914,12.90770722928748,12.771897835444014,12.825826234872654,70093747,12.900992802211217,36.48085199431477
2011-05-31,13.08655834197998,13.087299993650804,12.950007292844951,12.987113556196864,107894906,12.893112182617188,39.539919289272525
2011-06-01,13.00195598602295,13.189959473926663,12.994781950617842,13.062314875929877,118679178,12.898660251072474,41.9801533915452
2011-06-02,13.062809944152832,13.1182216507275,12.924775585780733,13.050689669331383,88510520,12.932833126613072,44.49343488304149
2011-06-03,12.939617156982422,13.051430378183374,12.900533156995849,12.91290159535042,70202152,12.94986629486084,44.86099270974195
2011-06-06,12.8896484375,13.03213554196484,12.844873704132825,12.950997144010516,77975179,12.954778262547084,52.451704510872794
2011-06-07,12.839430809020996,12.977961487172404,12.8384419401491,12.93491727547281,76590006,12.957958766392299,36.9609731641026
2011-06-08,12.842894554138184,12.894100722252258,12.759034875368284,12.777588480018927,66383894,12.951845032828194,37.719301368180695
2011-06-09,12.782536506652832,12.863427689774504,12.755572778945607,12.863427689774504,67817246,12.908413342067174,33.619195908213044
2011-06-10,12.603931427001951,12.781546107076064,12.598489806578067,12.716980736111022,97961814,12.85155269077846,33.619137420821644
2011-06-13,12.485688209533691,12.621002239176685,12.42236081174098,12.616054105429502,97455925,12.76910672869001,34.28447492797015
2011-06-14,12.575732231140137,12.716981359753968,12.541594467638816,12.570289663256933,94011061,12.7171231678554,39.472027538681004
2011-06-15,12.441654205322266,12.575235799810828,12.383769384452908,12.49310758991556,83242849,12.65312399183001,33.60141139887601
2011-06-16,12.377832412719728,12.53120465695458,12.286305205587857,12.43819225204994,110693357,12.58718136378697,32.92970689591289
2011-06-17,11.998114585876465,12.534173432769752,11.99267296509105,12.521557776156882,210602442,12.466498511178154,22.229138232613877
2011-06-20,11.987228393554688,12.02804575540693,11.85488477782315,11.997619094121347,121598077,12.352883066449847,10.962774924464142
2011-06-21,12.195517539978027,12.21877206158141,11.990940075130846,12.051794347846924,111030616,12.294538225446429,23.675743052001494
2011-06-22,12.04734230041504,12.179439660254896,12.040416428886244,12.1571759006427,96644896,12.231917381286621,18.640238109122365
2011-06-23,11.87937355041504,11.94468057195691,11.71882822751574,11.926622348865656,192787918,12.132437569754464,18.138605802849852
2011-06-24,11.74727725982666,11.892485644740091,11.701265494224067,11.8907541770183,152794573,12.033240863255092,17.285393032575783
2011-06-27,11.943197250366213,12.081726032925705,11.715612491375447,11.72550781035501,138304463,11.97115012577602,26.31101601819364
2011-06-28,12.211597442626951,12.274924831779346,11.973376660871514,11.973376660871514,109011074,12.001647676740374,35.36362804202592
2011-06-29,12.308568954467772,12.374864848873864,12.180180805776953,12.283088530199024,94071286,12.04755347115653,39.19469682640102
2011-06-30,12.526503562927246,12.533677598495638,12.405785780365791,12.417907002067498,97500090,12.094837188720703,48.265929658115496
2011-07-01,12.888906478881836,12.892617578734914,12.526503086184947,12.535409536393852,146013250,12.215060642787389,58.14021097298244
2011-07-05,13.171160697937012,13.244383414239527,12.994535817859877,12.994535817859877,154545110,12.399601663861956,61.15487168052735
2011-07-06,13.243392944335938,13.3213156259827,13.18600160633092,13.197381176478174,108228151,12.61333247593471,65.3762356824713
2011-07-07,13.521440505981444,13.622370493568791,13.256256925692451,13.38291171346078,158010049,12.838795798165455,70.2674198808522
2011-07-08,13.160027503967283,13.300041490547011,13.04326803899843,13.183776460032185,191523195,12.974285806928362,70.7262984196111
2011-07-11,13.043514251708984,13.258729618348882,12.99948117291826,13.065778008312323,113997696,13.079277992248535,68.15785918788373
2011-07-12,13.209996223449709,13.343825029564051,13.011850215682143,13.06528228293189,114073981,13.1769198008946,67.69350015136047
2011-07-13,13.315131187438965,13.45712385875126,13.27109810534272,13.283962873046884,112026334,13.23780904497419,72.44850366724879
2011-07-14,13.08457851409912,13.407648796863512,13.029908462379607,13.336404772293449,266976958,13.225440161568779,70.87762587463067
2011-07-15,14.783540725708008,14.84860053201874,14.549525470030195,14.78057222463826,551342851,13.44546127319336,84.09064188535875
2011-07-18,14.717245101928713,14.893127372733256,14.644516824392277,14.656638046116274,179401931,13.616290501185826,82.08032433243194
2011-07-19,14.905495643615724,14.958186064375244,14.731840224208437,14.746929946886224,119144917,13.865643092564174,81.7418599565757
2011-07-20,14.727386474609377,14.91242241048213,14.727386474609377,14.896343818957908,89446014,14.10619626726423,77.96589201033115
2011-07-21,15.015329360961914,15.041798652099825,14.694237773532546,14.69473315514876,139300182,14.364101001194545,78.31690742209585
2011-07-22,15.293377876281738,15.32479435557396,14.948044768490082,14.975750147750135,141656982,14.646707671029228,77.89255407487325
2011-07-25,15.311929702758787,15.470991722803353,15.164000982205703,15.172906485168005,125733520,14.964900697980609,76.45186857442235
2011-07-26,15.399500846862791,15.522692693568567,15.268393313067058,15.288924656056404,94067271,15.052895001002721,76.54079360253195
2011-07-27,15.021018981933594,15.360663244281652,14.95991843970791,15.267403624596986,157965884,15.096291269574847,68.01377844599773
2011-07-28,15.113041877746582,15.23771797076222,14.916627327326172,14.97080199620132,124802042,15.125940731593541,75.08418621947658
2011-07-29,14.933696746826172,15.212487691312448,14.933696746826172,14.947055002039942,166116320,15.155413627624512,73.89157324201659
2011-08-01,15.0098876953125,15.225844729992888,14.8221314211401,15.119969453465108,159238637,15.154636246817452,73.28172180747745
2011-08-02,14.654412269592283,15.081626376298631,14.633879978776836,14.990839874011456,128503865,15.063355445861816,66.26999372064516
2011-08-03,14.87135887145996,14.9166280396248,14.43746611811837,14.70067100545496,153601587,15.00041675567627,71.77834611154393
2011-08-04,14.2863187789917,14.81396744442821,14.285082692947324,14.70635976071704,197320845,14.8413907459804,41.68044549249686
2011-08-05,14.323920249938965,14.595041767361163,13.902395942142228,14.410501214889438,238052949,14.74180521283831,43.35505292196186
2011-08-08,13.507094383239746,14.07555762708289,13.465782583673937,13.926639079804744,300987964,14.512384142194476,30.513638446417346
2011-08-09,14.184650421142578,14.21433543293644,13.383158891478146,13.877658713501436,259758001,14.405377524239677,43.361190436194605
2011-08-10,13.581058502197266,13.954839587801452,13.549393858510308,13.887059443093252,215589063,14.201259068080358,33.71349635770352
2011-08-11,13.90561294555664,14.063188827975884,13.5662158956917,13.70004376911836,193948251,14.094287736075264,34.406279422200214
2011-08-12,13.946182250976562,14.112663638030869,13.862816054449436,14.08792675993758,126644924,13.962119647434779,34.72924042982355
2011-08-15,13.784398078918455,13.976360825363392,13.507834949456116,13.690396811394768,286867234,13.890416690281459,32.23594721167942
2011-08-16,13.333436965942385,13.665907203539568,13.118221577699998,13.665659986306778,278616423,13.748919078281947,31.730056834748083
2011-08-17,13.18872356414795,13.449455331284968,13.129847976786897,13.358916048021651,163775579,13.703437532697405,29.402118633859686
2011-08-18,12.489398002624512,12.984392239305675,12.38080049668972,12.949265608216889,252571164,13.461258615766253,26.456997325703654
2011-08-19,12.144064903259276,12.73652429321256,12.142579705536775,12.352353464723276,217211120,13.255973815917969,23.757540148776073
2011-08-22,12.323410987854004,12.541841137458762,12.2333670876336,12.46762861134721,196971541,13.029944964817592,27.943456867127566
2011-08-23,12.834237098693848,12.898307090881156,12.345427064866245,12.455260660621304,174523715,12.871095657348633,31.739769638742587
2011-08-24,12.94481372833252,13.110801634488244,12.794905361869905,12.846853186736114,144318923,12.751155035836357,36.857177346959986
2011-08-25,12.864416122436523,13.290641347857049,12.821372857018812,13.12020070113348,132213719,12.684152058192662,35.82003839261013
2011-08-26,13.033125877380373,13.121932748788112,12.693728819465845,12.863180604785214,144391193,12.661923817225865,44.73162888360467
2011-08-29,13.335415840148926,13.344568560396672,13.198865740896528,13.223603565041245,93782206,12.782783508300781,39.701202126082265
2011-08-30,13.37549114227295,13.4321408321602,13.130839840596462,13.313400778584333,120008140,12.958701542445592,47.112382035314326
2011-08-31,13.381922721862791,13.514019129136788,13.259225305341625,13.475429561237878,108135806,13.109917504446846,41.92170098131951
2011-09-01,13.172643661499023,13.452917895208234,13.140979966471429,13.376727632244052,96982155,13.1582612991333,38.65795638107938
2011-09-02,12.983156204223633,13.059346468821886,12.88148551609474,12.974002536590454,96408011,13.163738795689174,38.346429497786964
2011-09-06,12.917353630065918,12.93170170079171,12.628422055323703,12.635843307907315,109039179,13.171301296779088,43.184758427143535
2011-09-07,13.210493087768556,13.25774189209536,13.046484809060477,13.121933429004178,110645177,13.196639469691686,50.34004039311038
2011-09-08,13.23349666595459,13.33590994828234,13.157800839252552,13.204801472627368,95576908,13.182079587663923,64.73638802449858
2011-09-09,12.983404159545898,13.225829550780343,12.89286581888717,13.145433747227193,131242091,13.126067161560059,67.274210383553
2011-09-12,13.11376953125,13.16002756870251,12.80158342600172,12.812962996039898,107216373,13.087759562901088,66.60084427335164
2011-09-13,13.098926544189451,13.20678144958999,12.94753299244718,13.160274302233695,94520965,13.077228546142578,57.0228260126971
2011-09-14,13.162007331848145,13.28272511582127,13.007398054651569,13.174870205383666,108179971,13.102778707231794,55.911645118552705
2011-09-15,13.421501159667969,13.481365613127693,13.223603306343811,13.246855932336388,118875912,13.17479978288923,63.81594756550055
2011-09-16,13.523419380187988,13.527377697281043,13.435849547240627,13.476914127104774,141901897,13.21950353894915,62.57612554256569
2011-09-19,13.523173332214355,13.603074702296224,13.243888889193242,13.3668335278112,99106087,13.260885919843401,55.69908920172572
2011-09-20,13.522184371948242,13.816311319375169,13.424222883231602,13.590706170936276,111580670,13.337854521615165,54.560867608259784
2011-09-21,13.338383674621582,13.729234105669764,13.329973553045498,13.5484046518786,100948969,13.369942256382533,48.7807887298668
2011-09-22,12.879753112792969,13.080620422608089,12.71500319751804,13.01803563000237,176671736,13.338631766183036,42.80329374712947
2011-09-23,12.999730110168455,13.02224108695828,12.727372486331902,12.778331442457986,111508400,13.31544930594308,50.42164579424147
2011-09-26,13.157553672790527,13.183280365279945,12.696449051305384,13.042771951846529,105762945,13.277742522103447,55.83745568625123
2011-09-27,13.341848373413086,13.532573158174865,13.260461806175275,13.313647611502894,120887424,13.251803806849889,53.37057534900925
2011-09-28,13.08210563659668,13.45761915584839,13.053905821500257,13.395281575875902,90871336,13.188794136047363,46.53614674719207
2011-09-29,13.048958778381348,13.291385123762003,12.848833103302375,13.260214912644695,116699786,13.121190479823522,51.665215577574635
2011-09-30,12.740730285644531,12.962376162655568,12.724402582034251,12.86862210585959,109352349,13.035811424255371,41.309370931405454
2011-10-03,12.257855415344238,12.665527967321404,12.244992542683976,12.612342167413711,179646846,12.946968896048409,33.913703922718156
2011-10-04,12.41568088531494,12.45377696474134,11.88877478746623,12.122048391271644,166975528,12.863533292497907,36.22501570099666
2011-10-05,12.484945297241213,12.561631890654612,11.892980339453764,12.27838914992707,182043797,12.767446381705147,31.408413268037705
2011-10-06,12.732566833496094,12.74542970653778,12.432996392948224,12.554210501113952,137485405,12.680406161717006,35.159266901583635
2011-10-07,12.742708206176758,12.875795369045347,12.623473732191664,12.785009818863038,114664185,12.63192081451416,35.408382428089155
2011-10-10,13.288166999816896,13.295588252317948,12.942585744870502,12.991566011377468,93236167,12.66609341757638,46.364870233933594
2011-10-11,13.436840057373049,13.52638857989623,13.196392409388812,13.196392409388812,114563810,12.765537670680455,51.54625556598987
2011-10-12,13.568442344665527,13.73492468435768,13.4727086531529,13.559289623696245,127588447,12.95276437486921,62.05403478152298
2011-10-13,13.827937126159668,13.828184343381572,13.556567444708502,13.60628936366144,228356741,13.154515266418457,63.820989414769436
2011-10-14,14.636600494384766,14.832520612768606,14.534929808950872,14.82930489455763,342474886,13.461894580296107,70.27739984744485
2011-10-17,14.407285690307615,14.640311131632052,14.298193748778775,14.439691037899822,160928949,13.701140131269183,64.4287929063351
2011-10-18,14.607658386230469,14.658371071871134,14.283351992908653,14.352370120512177,152601853,13.967561585562569,70.99760471118968
2011-10-19,14.364984512329102,14.646001342769733,14.328372684434704,14.529239988246916,117699519,14.1213926587786,67.12589625473676
2011-10-20,14.438453674316406,14.567581566001794,14.335545961301678,14.39466876068192,135666613,14.264480318341937,73.5307926695475
2011-10-21,14.607163429260254,14.663070516488242,14.513409373267546,14.58292193286174,136148412,14.412869044712611,85.66815125417718
2011-10-24,14.75385570526123,14.84167370398453,14.508461827106489,14.51390344760248,137589795,14.545143127441406,85.6195370390279
2011-10-25,14.425837516784668,14.718728344702258,14.418169047271633,14.671726764393975,102000897,14.515034130641393,77.40671802082946
2011-10-26,14.50376033782959,14.59949401988565,14.171042908549316,14.583909863491945,115354763,14.528816223144531,76.26942486308921
2011-10-27,14.809514999389648,14.909207004892997,14.67667599405172,14.803331727067311,151778780,14.557652882167272,78.18254641164748
2011-10-28,14.84587860107422,14.899312568602236,14.700175775679988,14.706855376818158,100696024,14.626352037702288,74.66509015845112
2011-10-31,14.660347938537598,14.83474690287506,14.636353659936471,14.720955940466,102695490,14.658051218305316,69.14972790612345
2011-11-01,14.314273834228516,14.483972848624546,14.267274140690164,14.350144015492065,125472546,14.616209847586495,60.93897785323496
2011-11-02,14.466900825500488,14.544576282129032,14.359542254711696,14.468880457531723,85153986,14.575216293334961,59.67485648043055
2011-11-03,14.780571937561035,14.780571937561035,14.43969064999307,14.52082999338774,107192283,14.625892639160156,52.56432948300304
2011-11-04,14.746929168701172,14.835984196715726,14.65515285696522,14.681622148157166,113817021,14.660631043570381,56.5027863189185
2011-11-07,15.04847812652588,15.059610479208464,14.650206440440384,14.67717016747307,134799374,14.694768633161273,58.12511359757228
2011-11-08,15.14767360687256,15.197890904386949,14.931469372456435,15.065050964231846,121630197,14.737882205418178,65.23203402495079
2011-11-09,14.865917205810549,15.07470116432076,14.809268464264164,14.94779820823031,148996390,14.767249243600029,57.69509151814227
2011-11-10,14.720708847045898,14.989603519091,14.633632499160557,14.989109084639116,115166059,14.825311388288226,52.06145886899475
2011-11-11,15.048973083496094,15.141491054939884,14.807783782372368,14.874575059209656,159676271,14.908464568001884,55.02656279999492
2011-11-14,15.164002418518066,15.289667393568209,15.034873560526226,15.040315181390342,128026081,14.963240350995745,63.55630188991191
2011-11-15,15.252065658569336,15.289666356356772,15.10215824905908,15.159053256591084,107441212,15.035402706691197,63.69153456233256
2011-11-16,15.126152992248535,15.295110341046865,15.104879996869862,15.141243662464174,104731092,15.046499116080147,56.20156472213908
2011-11-17,14.863938331604004,15.146438489633688,14.76276207215637,15.091026782190625,140255750,15.005965505327497,50.32496270230585
2011-11-18,14.715760231018066,14.95373285097274,14.68780668874732,14.891890658818465,132000924,14.984514508928571,51.010661835305115
2011-11-21,14.37092113494873,14.55793574495263,14.151995613781338,14.53962935789247,120501984,14.934544835771833,51.03365275017167
2011-11-22,14.347667694091797,14.470612318497052,14.229918419919308,14.347667694091797,96572626,14.83435835157122,47.71652093677709
2011-11-23,14.103015899658203,14.353852341786638,14.103015899658203,14.232640128634449,93380707,14.682788848876953,36.67151053174835
2011-11-25,13.927133560180664,14.20592356228278,13.885822707671156,13.981309180855996,62730250,14.493512834821429,34.728088926284215
2011-11-28,14.550268173217772,14.565852330349475,14.261087481260043,14.332084290219312,113580136,14.411243574959892,41.711926990340984
2011-11-29,14.42014980316162,14.603947762971949,14.38056947207041,14.54260000208661,73546641,14.347845213753837,38.02038185833698
2011-11-30,14.827324867248535,14.830293368162996,14.646742640272755,14.791703803467374,136389312,14.363783018929619,49.38973355302742
2011-12-01,15.183050155639648,15.23821464524505,14.81767918405866,14.84241606267361,145366836,14.479801450456891,56.85469572107496
2011-12-02,15.346068382263184,15.436112280583307,15.244643967256234,15.26418738804685,164040568,14.622430120195661,54.63169817088311
2011-12-05,15.4769287109375,15.631537032170248,15.396531967131814,15.52615619440301,128379401,14.818703378949847,54.854540004716554
2011-12-06,15.43042278289795,15.550397963292216,15.343100166718704,15.41112752615719,93408812,15.033458982195173,52.80306161876467
2011-12-07,15.421022415161133,15.477175768885008,15.290162103153245,15.378720802967146,90630437,15.157852445329938,54.810334425380724
2011-12-08,15.239449501037598,15.521456145950026,15.220896843574268,15.362889508488257,96885796,15.27489525931222,56.2914112566397
2011-12-09,15.52071475982666,15.56301542835136,15.26319870138792,15.287689309896276,111062736,15.373950958251953,62.910658662997264
2011-12-12,15.470497131347656,15.490038657592114,15.344335840662254,15.383668951942722,87683432,15.415014811924525,69.47681696110783
2011-12-13,15.476435661315918,15.746814597955789,15.407664750886749,15.55386296387252,161731947,15.43363870893206,70.11729432700659
2011-12-14,15.289420127868652,15.444029410586404,15.15138576650849,15.382927917533353,156733281,15.406851768493652,71.58801780718417
2011-12-15,15.325782775878906,15.43611174279508,15.304755105329978,15.39949991623077,96705121,15.39190319606236,76.81139973060448
2011-12-16,15.484597206115724,15.567714286633995,15.373526583412689,15.444028008321077,179040582,15.400985309055873,71.78948613896756
2011-12-19,15.382431030273438,15.547430051248744,15.337161864097746,15.535307882966434,86061375,15.42141124180385,72.73780245147547
2011-12-20,15.59368896484375,15.630052627953445,15.53481338016056,15.535060597374796,95886062,15.431836128234863,69.95613871708103
2011-12-21,15.481134414672852,15.629558518344204,15.31143542224942,15.584783785865705,100290510,15.433355740138463,58.887688309324886
2011-12-22,15.577115058898926,15.627331410951664,15.510571951520753,15.53382457764386,73165217,15.447738511221749,57.175750955503034
2011-12-23,15.662211418151855,15.7003074977545,15.59838959210446,15.634011605075523,58365953,15.500994409833636,55.922796316631185
2011-12-27,15.838093757629396,15.94297921136694,15.634010740392032,15.635246826447023,64496847,15.574181692940849,62.036164186080576
2011-12-28,15.824488639831545,15.95559617032686,15.784908310993266,15.899937250490671,85406931,15.622737612043109,61.88251987558696
2011-12-29,15.891281127929688,15.90612363398072,15.713171055317298,15.868769204425227,63252199,15.695430483136859,70.58914608188843
2011-12-30,15.977859497070312,15.99913533345743,15.88187954083566,15.88187954083566,71559220,15.750311987740654,66.46463314187888
2012-01-03,16.460485458374023,16.52826654550252,16.13790961946288,16.15201141970281,147611217,15.890219279697963,77.18745678619165
2012-01-04,16.53148078918457,16.580213835880095,16.341993064062446,16.451084996426108,114989399,16.026557241167342,77.97447971480715
2012-01-05,16.302167892456055,16.424865313672495,16.23339792866166,16.37934892559228,131808205,16.11797959463937,76.26386160823587
2012-01-06,16.079782485961914,16.32666066454631,16.074091752707353,16.305632988405957,108119746,16.152506555829728,67.83307920640216
2012-01-09,15.39801788330078,16.005073558778875,15.367590271319102,15.992703224683472,233776981,16.09158216203962,48.35837347966228
2012-01-10,15.414838790893556,15.678540020579238,15.260725837455524,15.578353576947832,176483032,16.02351897103446,50.63503465762101
2012-01-11,15.484597206115724,15.569446701538304,15.364868297660758,15.423742935827551,96359832,15.95305292946952,47.73682954730264
2012-01-12,15.575629234313965,15.656026921628726,15.497953777835002,15.61471512695114,75289148,15.826644897460938,51.97801219406537
2012-01-13,15.46060276031494,15.509087647461913,15.363384821599016,15.49201923950715,92637933,15.673662321908134,47.58039983649099
2012-01-17,15.549407958984377,15.633515797956395,15.477669504891752,15.633515797956395,76658261,15.566125188555036,47.66102397409399
2012-01-18,15.656522750854492,15.683485530908566,15.389605815082758,15.501171824056597,110882061,15.50565951211112,46.12461340987852
2012-01-19,15.821271896362305,15.856399473552637,15.620651810971632,15.856399473552637,253157352,15.56612437111991,49.93550420111825
2012-01-20,14.495845794677734,14.619779298348506,14.389723298114912,14.60815345803565,424637703,15.434839657374791,31.406074000577462
2012-01-23,14.48421859741211,14.561894060482388,14.42583839149624,14.496092601814825,137027695,15.29192842755999,29.691863239351918
2012-01-24,14.37067413330078,14.537650891084995,14.29819307718082,14.504007564560272,122690156,15.119791984558105,18.416232592596913
2012-01-25,14.087679862976074,14.31575812760348,14.010746048645853,14.286073115462717,200255805,14.923660142081124,15.29048723684214
2012-01-26,14.053293228149414,14.211118219033368,13.9654761767053,14.149275078310518,129531704,14.709929466247559,16.18676605375674
2012-01-27,14.347174644470217,14.355585713662546,14.083722529024858,14.11959081372927,145242371,14.522879736764091,24.497457987091963
2012-01-30,14.290525436401367,14.34766860945314,14.184402941986615,14.299430939775082,93569411,14.304201671055385,30.022260757072274
2012-01-31,14.350390434265137,14.446618560020118,14.227693014619604,14.421880733985422,86017210,14.283422333853585,31.092341598356143
2012-02-01,14.368200302124023,14.48372367675372,14.326394070891604,14.469870040620648,93175942,14.266848291669573,29.796732827705284
2012-02-02,14.474076271057127,14.506235349179148,14.39912209077232,14.468140215961974,96950036,14.281620025634766,30.17188933383872
2012-02-03,14.751628875732422,14.769934315435574,14.546803262123383,14.61136768269286,127215053,14.376469884599958,37.94377688236133
2012-02-06,15.067278861999512,15.110321180358715,14.69423849014192,14.71897631481045,147735682,14.521324975149971,42.38854094869182
2012-02-07,15.0098876953125,15.074700285193243,14.93542795043314,15.01928858027679,83997668,14.615998268127441,39.628625987125695
2012-02-08,15.08608055114746,15.123186819015372,14.959672970335411,15.056148319599435,73731331,14.729648998805454,37.86351030360428
2012-02-09,15.125904083251951,15.201106419918148,15.065050763503148,15.139757718570044,90927546,14.840436662946427,68.07142966556589
2012-02-10,14.988614082336426,15.043530406813126,14.941366228020192,15.037347134430776,93356617,14.92906720297677,63.494397841292326
2012-02-13,15.144209861755373,15.184780005419563,15.090283358457986,15.102157362029482,72924318,15.02480057307652,70.23947179961931
2012-02-14,15.08385181427002,15.139263518289107,14.960165533108658,15.127884895694942,72418428,15.072260992867607,79.50183411717782
2012-02-15,14.97995662689209,15.162271294614513,14.905744093493372,15.162271294614513,97399715,15.05978638785226,76.35815386017609
2012-02-16,15.003703117370604,15.060351854259764,14.786261837332772,14.91217496691437,101615457,15.058902876717704,72.06528107735946
2012-02-17,14.957197189331056,15.031161552144384,14.90178548472929,14.96536009373026,98331193,15.040490967886788,72.56000351120437
2012-02-21,15.188737869262695,15.284718769793123,14.913658040497396,14.938148647256511,99603946,15.049467223031181,75.41635802308521
2012-02-22,15.03882884979248,15.257508097256334,15.00840218959574,15.138273628530314,78974912,15.056640761239189,68.82384465191936
2012-02-23,14.99356174468994,15.038830915393683,14.85107557832742,15.01557828694169,82508106,15.035119601658412,65.09501724764789
2012-02-24,15.087315559387209,15.130606041556652,14.97871805453662,15.024235386075494,77714204,15.03561442238944,60.920762706342984
2012-02-27,15.072720527648926,15.148169140807928,14.967586903675748,15.005434818867604,72827958,15.048866408211845,50.22015621599848
2012-02-28,15.297334671020508,15.33147338013966,15.032398321439718,15.089789657221266,114330940,15.090813773018974,60.243372275434936
2012-02-29,15.293871879577637,15.47569113776362,15.22584357651769,15.302530165013248,125946315,15.138910157339913,57.80960457525951
2012-03-01,15.39653205871582,15.478165836282816,15.291398437539875,15.393069123277114,89843498,15.168595041547503,59.71250008556551
2012-03-02,15.368084907531738,15.436113217024046,15.345079497123235,15.386637566197392,63167885,15.21563162122454,64.77285890372303
2012-03-05,15.194923400878906,15.398759210796978,15.123926592642803,15.34780025831746,63970883,15.244397572108678,51.947648588918874
2012-03-06,14.965113639831545,15.060352896770627,14.690033787787057,15.041553020374772,127451937,15.226940155029297,45.965043730984824
2012-03-07,15.010628700256348,15.119226203176954,14.98737607405534,15.066287620001496,50769586,15.218069893973214,51.08536162297368
2012-03-08,15.019042015075684,15.126896928484827,14.999498592618355,15.090779531997631,54021731,15.17831380026681,50.548736718278825
2012-03-09,14.84860134124756,15.136790336365555,14.842416174354808,15.039078907347305,107224403,15.114703723362515,46.431501539013084
2012-03-12,14.969813346862791,15.01557789805387,14.82411051857571,14.842415960175154,67010233,15.05374390738351,42.24365883573278
2012-03-13,15.282244682312012,15.283977097213818,14.979707640597216,15.058866403950804,90168712,15.041481018066406,57.73345808346948
2012-03-14,15.237966537475586,15.40593311602153,15.175380798504827,15.213475930334791,117916329,15.047630037580218,57.769760398254974
2012-03-15,15.365117073059082,15.423743549147664,15.209270764904389,15.253056629839309,97769094,15.104773385184151,58.64783216384613
2012-03-16,15.461838722229004,15.483359880401414,15.338398716272184,15.359178222807383,122477361,15.169231959751674,61.5238401879876
2012-03-19,15.682991981506348,15.764378549486027,15.367838305647783,15.414344509982248,87237768,15.264081954956055,61.44480588396117
2012-03-20,15.670868873596191,15.73444442624177,15.517002207185117,15.607294268142992,61850967,15.381548745291573,61.130589227731825
2012-03-21,15.831414222717283,16.01471773429871,15.646626460671326,15.698574279737649,99154267,15.504634584699357,62.41525222994656
2012-03-22,15.98157024383545,16.049597602732895,15.60927342544618,15.794803791593187,96769361,15.604538236345563,66.37610101318677
2012-03-23,15.89597988128662,16.042177133919697,15.854173650305553,15.99517555262186,77898894,15.698540142604283,69.63149110039926
2012-03-26,16.062707901000977,16.06666716509326,15.820529756715183,15.955595599419256,73040752,15.798195975167411,81.8612624015228
2012-03-27,16.00556755065918,16.16586472235978,15.950651225211235,16.00581571508823,80588939,15.875871522086006,78.68773301054435
2012-03-28,16.221771240234375,16.291778233766593,16.10600159096524,16.129501435499595,101936657,15.952839987618583,80.96825316532782
2012-03-29,16.03995132446289,16.24230193253673,15.93828158599005,16.164380202066564,77260510,16.00556605202811,80.49654929972871
2012-03-30,15.862584114074709,16.16561749092528,15.856648059172596,16.122573278547502,92774443,16.0100188936506,72.2147603864799
2012-04-02,16.00309181213379,16.017439882280797,15.70426493027021,15.850956613902856,91710470,16.013093403407506,69.61504466345538
2012-04-03,15.896720886230469,16.028571965257807,15.798266864683804,15.965739008990244,82102591,16.013199261256627,67.33949108668716
2012-04-04,15.711933135986328,15.807171433644193,15.611746705427118,15.79356596255021,65348026,15.963088580540248,58.85993639297389
2012-04-05,15.641926765441896,15.743596503250824,15.549161583383416,15.639947133326327,93095642,15.911139896937781,54.66428490976533
2012-04-09,15.605316162109377,15.716387740394056,15.468024401756226,15.546935953967266,87635252,15.823074885777066,47.77555224061588
2012-04-10,15.506860733032228,15.695853083116088,15.44971661623437,15.671611588317356,99652126,15.746919087001258,45.524503004484
2012-04-11,15.731969833374023,15.732958702187211,15.61669368282656,15.682742352570322,88289696,15.728259904044018,47.378701303924885
2012-04-12,16.10426902770996,16.15695945159584,15.838342841494253,15.890044396419588,231127086,15.742713791983467,52.89520952289656
2012-04-13,15.450955390930176,16.054299923952442,15.424733315499177,16.01867791077483,327595322,15.67903300694057,41.71807058706603
2012-04-16,14.992571830749512,15.431411764217168,14.88347894324722,15.411374855667365,228537416,15.576267106192452,32.034903025981265
2012-04-17,15.079151153564451,15.280019400210334,15.015823765360487,15.054167060132762,121409373,15.495870590209961,34.59984108674843
2012-04-18,15.026710510253906,15.159054138281768,14.911928778042483,15.041553016453337,107180238,15.413212639944893,28.990169686580728
2012-04-19,14.825098991394045,15.244643648341665,14.817677739094757,14.98317024458028,132277959,15.315818105425153,28.789822831295893
2012-04-20,14.744951248168944,15.061341957173996,14.739262410045768,14.947550986823064,122794545,15.174815450395856,29.80150050930439
2012-04-23,14.783045768737791,14.804073441246262,14.599989460434568,14.666780736422616,88241516,14.98606927054269,27.103045610598613
2012-04-24,14.87383270263672,15.006423539514463,14.776119385139983,14.79887852466763,77453230,14.903623172215053,30.690213395379544
2012-04-25,15.082862854003906,15.123184835265802,14.913658294721255,14.941365567351584,73117037,14.916521889822823,38.23230121175748
2012-04-26,15.225102424621582,15.287688162389404,15.082368107622584,15.112300334625246,84013728,14.937372071402413,42.40785312084843
2012-04-27,15.212983131408691,15.256519888356385,15.104633779149388,15.213972000398629,65701345,14.963982445853096,42.78961443398634
2012-04-30,14.96239185333252,15.24019298005003,14.857505444480031,15.163754549266391,96652926,14.983595711844307,40.52354800811206
2012-05-01,14.95200252532959,15.129368094338492,14.84711612013327,14.936169256873091,80392204,15.0131744657244,35.328076097997126
2012-05-02,15.022008895874023,15.043034672295809,14.8575043123156,14.872099599678574,64701612,15.04731205531529,27.02923609182541
2012-05-03,15.11502170562744,15.20927114455359,15.0638155338375,15.08038950757051,75000069,15.081767627171107,40.64477268188205
2012-05-04,14.767460823059082,15.037593466555547,14.76350345319191,14.98886041732961,88626955,15.03671019417899,43.318603158212944
2012-05-07,15.029183387756348,15.10388940483357,14.718729690335694,14.718729690335694,80079035,15.0087217603411,48.656602531263935
2012-05-08,15.158805847167969,15.260477481027705,14.859731736417606,14.97921342926248,107493407,15.00098214830671,53.409905545183115
2012-05-09,15.068761825561523,15.247613537552148,14.887189776976117,15.011124220363314,93501157,15.01617785862514,56.674348510504174
2012-05-10,15.180328369140623,15.242914109697184,15.09547887025214,15.163011796929425,61666277,15.048795836312431,61.72393992343023
2012-05-11,14.971792221069336,15.202344538794526,14.960412651358029,15.09844700245082,84290763,15.041622025626046,54.655283452109785
2012-05-14,14.941366195678713,15.052684042169268,14.85676391247962,14.861711098690266,73249532,15.01681409563337,51.716777944249706
2012-05-15,15.11724853515625,15.213476659012434,14.93518109437403,14.97476142581004,84399167,15.066783768790108,50.889107203800265
2012-05-16,15.558065414428713,15.587008771240969,15.236727566190035,15.286697646105848,194128926,15.142338344029017,57.45785615018892
2012-05-17,15.41261100769043,15.778724561171158,15.367589057172232,15.679280722472924,134654835,15.178596224103655,54.219334863910966
2012-05-18,14.85231113433838,15.644401773528214,14.760782980045525,15.463324149984755,239835606,15.147674696786064,47.942678460541465
2012-05-21,15.191460609436035,15.230546507672472,14.842416386881316,14.855032990892203,123477094,15.149265016828265,53.98552012870998
2012-05-22,14.862205505371094,15.184037801839072,14.743466413757734,15.174886028905592,122533571,15.133609771728516,47.55154345431006
2012-05-23,15.076430320739746,15.079894203380386,14.77117199266273,14.883231485024291,127600492,15.152904646737236,49.4298909260997
2012-05-24,14.932955741882324,15.137286001829196,14.814463854829386,15.069010472224008,75935562,15.12657710484096,52.60173254931829
2012-05-25,14.632891654968262,14.885212367682238,14.55249395651652,14.867154142882727,143813034,14.994409424918038,43.84413959102552
2012-05-29,14.70240306854248,14.820894005692644,14.553484520298428,14.738766734882455,104618672,14.892951147896904,42.775477991137436
2012-05-30,14.55125617980957,14.642041727739173,14.434991156890597,14.549524712141148,76553871,14.849943297249931,41.963720309198386
2012-05-31,14.368943214416504,14.595042797574836,14.322932392056272,14.56337909985003,119177037,14.73244081224714,37.67099843873039
2012-06-01,14.124537467956545,14.165849266267818,14.059478607958647,14.144575324044473,122774470,14.627059664045062,37.26478343375835
2012-06-04,14.312789916992188,14.359791502900194,14.100543023068807,14.10573742670267,97672734,14.51796817779541,40.979750387436454
2012-06-05,14.11043643951416,14.301408417080452,14.012971292283028,14.23511252902516,93946821,14.400465420314244,35.660897535326896
2012-06-06,14.36176872253418,14.396400920420922,14.18959754922036,14.260593412809314,84146223,14.361733572823661,31.990196894821864
2012-06-07,14.303882598876951,14.542845973959556,14.279640157275502,14.535671938924414,70603652,14.304802077157158,32.85649656064085
2012-06-08,14.358799934387209,14.372406353792073,14.213591544519948,14.245008970572153,56627461,14.277308327811104,40.955657406837766
2012-06-11,14.063188552856444,14.479271242158449,14.018413819643015,14.451812133701733,106842978,14.233629090445381,28.98738012683458
2012-06-12,13.979083061218262,14.107717488898032,13.81779511852566,14.094606450004733,129451404,14.21284988948277,31.900254289796578
2012-06-13,13.879884719848633,14.026082920456362,13.820267482649484,13.89546887649752,78460993,14.151006289890834,24.263104971464557
2012-06-14,13.829421997070312,13.978340553587287,13.766836250752332,13.885080924427667,94147570,14.110861369541713,25.27439559890105
2012-06-15,13.964486122131348,13.96473428654287,13.780935388076603,13.861332132677978,120497969,14.054106712341309,33.82806955041799
2012-06-18,14.12132167816162,14.204438756050196,13.834367854495804,13.917732149593627,100250360,14.028026580810547,36.510853163498766
2012-06-19,14.385518074035645,14.45354543832515,14.177476716578852,14.1891035043351,83359284,14.03184345790318,46.344444149962165
2012-06-20,14.286072731018066,14.347668655956335,14.187123324673278,14.34296868702594,94219840,14.063684054783412,48.1028399762462
2012-06-21,13.981801986694336,14.343709033322993,13.94519016030711,14.343709033322993,80753554,14.064072472708565,46.81952269784134
2012-06-22,14.136906623840332,14.136906623840332,13.996892639501633,14.050820093055547,89450029,14.100789887564522,46.02215104554231
2012-06-25,13.870237350463867,14.05304644158556,13.787367482524132,14.034246565726972,63501129,14.10662065233503,44.7211306099266
2012-06-26,13.968693733215332,14.016188806090174,13.840058363135489,13.921197713148002,54210435,14.107221739632744,40.73907805328961
2012-06-27,14.082978248596191,14.198996060237144,14.001840798087764,14.043398865832213,67945726,14.101744106837682,44.9301823501577
2012-06-28,13.959538459777832,14.007034474383472,13.783903418690564,13.998871570469316,77124000,14.040889876229423,41.11624910559
2012-06-29,14.349400520324709,14.350884770932824,14.154718367810482,14.222992948591356,101157748,14.049936703273229,56.111995653185176
2012-07-02,14.359294891357422,14.42187968280665,14.261087140474622,14.392690054237304,66468209,14.10386426108224,58.385110933973834
2012-07-03,14.541361808776855,14.555709879865873,14.29819382948402,14.347915749456744,47758342,14.161643573216029,64.07366420624226
2012-07-05,14.741487503051758,14.84390079153351,14.558925631646296,14.564368199422034,94187720,14.286107880728585,68.24338399064224
2012-07-06,14.495597839355469,14.682117075640154,14.417427943601387,14.655648730751729,86796118,14.361379895891462,60.17244408919426
2012-07-09,14.496338844299316,14.560409778074495,14.37858957147984,14.470117717801402,68861145,14.420431409563337,57.63954564564124
2012-07-10,14.38972282409668,14.655153612569183,14.316499165825569,14.599741908011731,77212330,14.481886318751744,50.09153231615997
2012-07-11,14.129732131958008,14.294482988359125,13.975122864529194,14.256139693020762,140496649,14.450505120413643,46.818998728259224
2012-07-12,14.11216926574707,14.148038496894332,13.9046223489939,14.029052180468785,92738308,14.415201459612165,53.00288030479565
2012-07-13,14.261582374572754,14.326642183443235,14.064426157286034,14.153480245689863,79336261,14.375232969011579,52.8793311543578
2012-07-16,14.222003936767578,14.32763199892612,14.14432847145401,14.257872221045488,58723287,14.301021030970983,59.07587283433839
2012-07-17,14.26677703857422,14.364241237716454,14.060713446941808,14.308829537644344,67455897,14.268332345145089,57.909915491047315
2012-07-18,14.36646842956543,14.438949489608866,14.251935813868869,14.27296159169543,62160121,14.249779428754534,57.58139012938258
2012-07-19,14.670738220214844,14.804814251842998,14.496092043644603,14.499554979064577,187688877,14.289924485342842,67.342316259077
2012-07-20,15.11007308959961,15.162516289784952,14.797392573357376,15.059113192672353,259517101,14.429973193577357,68.11170073866175
2012-07-23,15.226091384887695,15.296345592740034,14.799125464600817,14.854289003060757,143002005,14.589104924883161,69.64569948392597
2012-07-24,15.029678344726562,15.285956414554056,14.949776032032291,15.213476301822707,80677269,14.69883292061942,60.99604986863677
2012-07-25,15.040066719055176,15.173401100671509,14.975255078184396,15.04823057046424,73193322,14.815699032374791,57.35170286518298
2012-07-26,15.172905921936035,15.259733151806747,15.090530496188816,15.21347511819419,67660662,14.945146015712194,67.66002861574682
2012-07-27,15.707235336303713,15.70822420526663,15.27532124255094,15.309705277247271,142520206,15.136684145246234,74.69988783362496
2012-07-30,15.641433715820312,15.896227546730216,15.572168371068292,15.734198906091738,87795852,15.275354930332728,75.96475082809359
2012-07-31,15.65800666809082,15.745330237127538,15.540504599476275,15.541494415616976,74903709,15.353631155831474,85.26266916052366
2012-08-01,15.650832176208496,15.819789524136546,15.61867499247877,15.765119470218655,74060561,15.414308411734444,85.67338107163083
2012-08-02,15.553614616394045,15.783177117755514,15.421517267543058,15.473466035650013,79404516,15.489156450544085,80.69831498405259
2012-08-03,15.864811897277832,15.92393470448132,15.73642469302277,15.831911166599465,76168432,15.606977190290179,84.57056343743515
2012-08-06,15.901668548583984,16.063945337670518,15.812614467234454,15.8222616217303,71563235,15.71108613695417,84.51898364086087
2012-08-07,15.84526824951172,15.937290833391213,15.74458737984339,15.87618934562554,79569131,15.730805124555316,81.804693191738
2012-08-08,15.887075424194336,15.977119328483552,15.794804670424938,15.808410142961442,53086237,15.765896797180176,79.48908964121692
2012-08-09,15.890043258666992,15.98948709678521,15.869510968511085,15.943476277639874,42972470,15.7990448815482,73.98455572186697
2012-08-10,15.88138484954834,15.887322799156957,15.736176454780589,15.797031676738518,57599089,15.831980977739606,71.57523299838675
2012-08-13,16.326906204223633,16.33036913988174,15.997156302035512,16.015461743646178,131205956,15.942451204572405,86.69185725954122
2012-08-14,16.54088020324707,16.644529565059003,16.301918734561163,16.30810200606305,147016998,16.03903239113944,88.06624039646329
2012-08-15,16.51317596435547,16.67916385331342,16.42808019996119,16.580957051844948,96789436,16.126390593392507,85.90938939665334
2012-08-16,16.64502716064453,16.688813975790886,16.501798393110988,16.512437259333275,68965534,16.240641866411483,82.0348630380648
2012-08-17,16.75065803527832,16.753378372148795,16.616086607515275,16.67595106813073,87434502,16.36401081085205,86.88722987244478
2012-08-20,16.71107292175293,16.793448340514782,16.639828906740608,16.71008405300595,70587592,16.48130076272147,84.49178484413085
2012-08-21,16.561906814575195,16.771925861138183,16.380333846118624,16.650961831342823,89221174,16.578518186296737,77.30158340044446
2012-08-22,16.751646041870117,16.836247377555484,16.49239757258334,16.509219710582087,76654246,16.63919530596052,84.01450228933643
2012-08-23,16.742246627807617,16.833279403110037,16.598769699022192,16.679659937200356,71635505,16.667961938040598,80.06433368820127
2012-08-24,16.787513732910156,16.832535683085798,16.67495885747105,16.712560502217173,57277890,16.707153047834122,80.17857444543941
2012-08-27,16.554737091064453,16.623507056189116,16.307858940411293,16.40062318624415,104939872,16.69425446646554,71.57688046359726
2012-08-28,16.75337791442871,16.762529688148906,16.4439130824773,16.450344519401348,82652646,16.694643020629883,74.05216796355784
2012-08-29,17.01955223083496,17.043794675067453,16.726166938912616,16.756346385585104,120060335,16.738711493355886,77.36095851233209
2012-08-30,16.86296272277832,17.004213735045568,16.825857408114498,16.926290111551328,65319921,16.78171948024205,72.18736513627461
2012-08-31,16.94731903076172,17.033651834647767,16.822393817318112,16.920354355833275,85402916,16.80967276436942,66.76016945921242
2012-09-04,16.847131729125977,16.945090368250806,16.660612493976263,16.933958963039096,75867307,16.824656350272043,58.815184402738915
2012-09-05,16.839214324951172,16.98219680159277,16.800129379099197,16.82140331967295,68584110,16.832042149135045,59.49286388626645
2012-09-06,17.301307678222656,17.313429846053218,16.938409869117887,16.968837476508803,122196311,16.938695090157644,66.02620233779106
2012-09-07,17.468286514282227,17.619183730878834,17.258511819914954,17.316150370064577,129804723,17.04082489013672,67.01451446019377
2012-09-10,17.3351993560791,17.63303643582497,17.276323769475393,17.557586876210678,102783820,17.08591733660017,64.16940480376348
2012-09-11,17.122953414916992,17.33223180337064,17.093516567196904,17.265687743272597,75232938,17.12305886404855,62.382656282887815
2012-09-12,17.090547561645508,17.190239566636546,16.843173099170546,17.054182949240605,106088160,17.14352008274623,58.03800365886097
2012-09-13,17.465564727783203,17.538786488680664,17.082135563162257,17.145216682279624,106758663,17.23186765398298,64.61994323609758
2012-09-14,17.55560874938965,17.637736013763252,17.489559128840895,17.553629117270294,105132591,17.33420971461705,65.24896870482048
2012-09-17,17.563034057617188,17.63477063404219,17.439840297674902,17.516775066919973,60558139,17.371599197387695,71.98484876209994
2012-09-18,17.768348693847656,17.77774863051995,17.483868949776998,17.508605824639318,82981875,17.4144652230399,72.06614490075694
2012-09-19,17.996429443359375,18.02265151946507,17.7220921963342,17.749056871329753,124396528,17.50892666407994,71.59566707848255
2012-09-20,18.011764526367188,18.092408484228194,17.841076673626002,17.92147246708767,116731906,17.635899680001394,77.08813246179211
2012-09-21,18.15697288513184,18.17998018762599,18.0612401530164,18.112941700951385,255317419,17.78824615478516,77.72729617689316
2012-09-24,18.53768348693848,18.554009296078384,18.06445855930033,18.08301027070752,143086320,17.941405977521622,84.33478522939805
2012-09-25,18.53223991394043,18.92135791931387,18.495132704368874,18.628467084524296,243248350,18.08092471531459,84.41961519401214
2012-09-26,18.63861083984375,18.831068982368937,18.33038493989335,18.54930953426825,227766537,18.23457854134696,81.78503039182965
2012-09-27,18.71381187438965,18.870647999650373,18.59383669036969,18.799157702572355,157833389,18.369644709995814,80.9541054787117
2012-09-28,18.664337158203125,18.783077197163596,18.581467295338964,18.65567792530446,111757330,18.465060097830637,84.46437244120256
2012-10-01,18.844423294067383,18.92407648453146,18.706637122516163,18.77689037645486,127194978,18.584011350359237,95.39458330650855
2012-10-02,18.72593307495117,18.948568753559396,18.559698914834517,18.929026280017627,112026334,18.665291377476283,91.25172601263387
2012-10-03,18.86223793029785,18.897365511223388,18.607443148736905,18.694518554940984,88663090,18.711656297956193,90.05394430095002
2012-10-04,18.99952888488769,19.045047165561748,18.78555053149762,18.868422293873472,98535958,18.778411865234375,90.31636172302179
2012-10-05,18.989635467529297,19.15611781076966,18.924328438776328,19.06533130366409,109846193,18.828558240618026,89.7779730172438
2012-10-08,18.74696159362793,18.88895331794599,18.65567876378576,18.82513149132866,78637653,18.833293914794922,76.72981204343236
2012-10-09,18.40682411193848,18.833047477514576,18.36823359498839,18.79223105818285,120578269,18.796506336757115,60.562910103456844
2012-10-10,18.41844940185547,18.49191933333222,18.26334663415676,18.351659071708863,81901842,18.735652923583984,60.487453617537
2012-10-11,18.58963203430176,18.763288411229716,18.56019518606426,18.624759615025614,95713418,18.716181346348353,61.00977900649021
2012-10-12,18.423145294189453,18.673486315417627,18.407065758300533,18.598781261485072,96528461,18.653453826904297,46.728717406202
2012-10-15,18.32988739013672,18.400388814976186,18.07558896291186,18.35363539803084,121216653,18.557790756225586,44.496732514361064
2012-10-16,18.421911239624023,18.47856092376244,18.218075431260807,18.308861930145557,82636586,18.476687295096262,44.06019015672821
2012-10-17,18.688825607299805,18.709853278229968,18.31207604769815,18.403358872152285,92059774,18.468382154192245,49.380252478517
2012-10-18,17.192462921142578,18.786041989551823,16.722452838160155,18.69006299317403,499561487,18.294901984078543,28.74691264180916
2012-10-19,16.865684509277344,17.48189193751039,16.62350633832573,17.45418655773749,461009524,18.073078427995956,22.589262076214197
2012-10-22,16.788503646850586,16.93593792855789,16.566608678276417,16.846388467180912,162832055,17.815774372645787,22.850786248495922
2012-10-23,16.830060958862305,17.002728447388535,16.623504821206147,16.623752985610864,117101285,17.58819089617048,20.74628619626978
2012-10-24,16.754613876342773,16.994566131390734,16.70439562876794,16.989617998203308,100234300,17.363151822771346,17.09804206595031
2012-10-25,16.765995025634766,16.870881440642187,16.66086044619066,16.82140578726113,96403996,17.12659236363002,17.42405275511345
2012-10-26,16.701431274414062,16.896361605775542,16.603716997094004,16.73482549477811,78324483,16.84267888750349,18.383402544429046
2012-10-31,16.828826904296875,16.84614158219976,16.69771842038215,16.817941768713727,61710442,16.79073088509696,23.892870914829487
2012-11-01,17.0091609954834,17.09104199369949,16.78974007651953,16.809036281036317,82311371,16.811227525983536,27.916838271466986
2012-11-02,17.017322540283203,17.20606956398378,17.003718963455842,17.187269689811007,93324497,16.843915939331055,24.035835795857892
2012-11-05,16.894624710083008,16.991100039377482,16.71156842274909,16.93272078627269,65681270,16.853139332362584,24.388544619544206
2012-11-06,16.86395263671875,16.982198247559207,16.760797695962,16.956965040740855,63549309,16.868759155273438,24.911013441344608
2012-11-07,16.50278663635254,16.777618288637374,16.487201533246274,16.69771692984122,89626688,16.83115795680455,19.92545432807269
2012-11-08,16.13593292236328,16.610889314163654,16.109710846663486,16.578978400627822,104269368,16.75037247794015,11.208748913892151
2012-11-09,16.401609420776367,16.532966057210153,16.086703954508344,16.194310689716712,125030896,16.689341408865793,30.803277519692813
2012-11-12,16.47260856628418,16.569083905052263,16.348179684231358,16.419421816401943,56446786,16.61269106183733,39.10595742926286
2012-11-13,16.303157806396484,16.514660196009313,16.28287273301364,16.40087017892982,64007018,16.510667528424943,37.203202053433934
2012-11-14,16.142364501953125,16.38058529884016,16.091653712282515,16.34298365275058,66986143,16.403201784406388,32.9405886533346
2012-11-15,16.011503219604492,16.326656863168914,15.928385192260311,16.07928241324902,74233205,16.28142329624721,32.05919300352551
2012-11-16,16.009525299072266,16.153992993505714,15.732961191443453,15.98008845056777,138043489,16.210957390921457,31.65336570220026
2012-11-19,16.529752731323242,16.547315575603616,16.216082340523997,16.220287875450374,95083064,16.26721736363002,46.58998176201513
2012-11-20,16.573287963867188,16.77192746151102,16.43970542596934,16.56190839490807,83861158,16.291742869785853,44.74935844477922
2012-11-21,16.471866607666016,16.56908454908576,16.336552584834884,16.549047639434427,84804682,16.291636875697545,38.59002473200247
2012-11-23,16.523813247680664,16.574029600424687,16.477554264820533,16.57328889596102,37038310,16.323159081595286,39.711179277057454
2012-11-26,16.355106353759766,16.49982031616884,16.302415930143816,16.485966678867356,88514535,16.35355077471052,38.96369207911599
2012-11-27,16.591596603393555,16.697720055373413,16.27718551226365,16.330864807788487,100724129,16.436421258108957,44.86141329577327
2012-11-28,16.912193298339844,16.942867182288655,16.422888775556594,16.524804800912456,122136087,16.565373829432897,57.844430687008504
2012-11-29,17.11553192138672,17.16525383968871,16.870879699760277,17.013860288237485,111476280,16.649056570870535,70.02432900297875
2012-11-30,17.27583122253418,17.296857002228172,16.962162734366608,17.101185970189928,127018318,16.749419893537247,68.67480679155
2012-12-03,17.19864845275879,17.46185428537016,17.170448639715367,17.371564114116932,88028721,16.853245871407644,65.46853335543972
2012-12-04,17.094257354736328,17.20508075688546,16.96240628188318,17.192464154463053,79966615,16.93473788670131,67.33522582888631
2012-12-05,17.01485252380371,17.180097831338472,16.87904406449354,17.121964839416986,74775229,17.028987339564733,69.82584582791928
2012-12-06,17.09673309326172,17.207554611864346,16.932971093310904,17.009161360946443,58711242,17.101149695260183,75.22148529238363
2012-12-07,16.925548553466797,17.238970745634358,16.881269200922645,17.192465490838156,77059760,17.103057588849747,69.73672314340993
2012-12-10,16.955482482910156,17.10959638415313,16.915160498620004,16.954739883998165,54872909,17.080193383353098,61.62997297863405
2012-12-11,17.238969802856445,17.36364684354125,17.012376754759813,17.068776378780054,107906951,17.074927466256277,66.0772147058959
2012-12-12,17.25579071044922,17.402978715128345,17.154861684704407,17.297103451044638,97403730,17.08309064592634,69.73959233857799
2012-12-13,17.38294219970703,17.723575301278746,17.305018579481178,17.709967935982828,138312493,17.124331338065012,70.84384940522301
2012-12-14,17.364635467529297,17.509597578520022,17.277313801784576,17.2956192417692,85523366,17.174300330025808,76.42097528443466
2012-12-17,17.8301944732666,17.858394285968814,17.415595090721407,17.452205972105453,121871097,17.279080527169363,78.94545409161174
2012-12-18,17.837369918823242,18.036009445511677,17.688450420530287,17.726792772687737,120646524,17.409340722220286,75.33180629844446
2012-12-19,17.81361961364746,17.88511180710254,17.728772006327194,17.8284621196948,77031655,17.531931740897043,71.19877672298452
2012-12-20,17.869277954101562,17.925925739268756,17.73594168820874,17.891540762892816,66528434,17.62197576250349,69.24416713158081
2012-12-21,17.702795028686523,17.781709417136536,17.576388412797137,17.6617323433265,141568653,17.685833522251674,65.453361271825
2012-12-24,17.551158905029297,17.691667335958744,17.500940652673137,17.675091467079632,33762076,17.709864480154856,63.6109602241864
2012-12-26,17.535573959350586,17.634769642782413,17.375771215589243,17.51578331892104,47473277,17.734284264700754,66.12527494855419
2012-12-27,17.47174835205078,17.534829472440165,17.281766180799686,17.492776023642186,66142994,17.683077675955637,61.74449499197187
2012-12-28,17.31639862060547,17.487086475447235,17.31639862060547,17.35795763327465,56290202,17.608653204781668,62.36301725240542
2012-12-31,17.49871253967285,17.57762503187852,17.217201278888353,17.316150678863835,80195470,17.563666479928152,65.67218220537174
2013-01-02,17.89129066467285,17.984056778173805,17.725550966696613,17.796548708161392,102033017,17.566811152866908,67.70500289903089
2013-01-03,17.90168571472168,18.10601596856288,17.828710218124478,17.93285403011324,93075567,17.595224108014786,67.59195861485696
2013-01-04,18.25543212890625,18.342013108714436,18.000885488002922,18.041950075332306,110954331,17.69583456856864,71.15267943681147
2013-01-07,18.1757755279541,18.290308139597872,18.072620591520515,18.193090205180383,66476239,17.787291935512,69.09721879190292
2013-01-08,18.13990592956543,18.21411845713187,17.92048501238768,18.19531858161,67295297,17.88274301801409,59.14129950143894
2013-01-09,18.259138107299805,18.264826944369357,18.02363768095921,18.114424170376797,81291563,18.017420087541854,61.676343797589205
2013-01-10,18.342256546020508,18.429333841295065,18.144854064255952,18.375652657024187,73703226,18.137926374162948,64.16916828897214
2013-01-11,18.305400848388672,18.365759744148484,18.21411990581801,18.355122772216674,51600690,18.197084971836635,61.80851789037921
2013-01-14,17.89129066467285,18.360063681280604,17.869027858287932,18.23142929207406,114985384,18.195599964686803,54.50026502683966
2013-01-15,17.93285369873047,18.18195963037254,17.61547413516995,17.79432490828462,157696879,18.14951733180455,59.61835715356842
2013-01-16,17.691913604736328,17.918260409438084,17.65431195658115,17.87026995386273,81239368,18.080394199916295,53.53780893837677
2013-01-17,17.596179962158203,17.80199351720803,17.588757762048807,17.75425122850027,88791570,18.00271906171526,52.775678794253096
2013-01-18,17.427717208862305,17.63204745130957,17.34905098429675,17.572429266237506,129555794,17.88394464765276,52.468725862846405
2013-01-22,17.38714599609375,17.448247480739578,17.205326739773994,17.43142723884182,152264594,17.747500283377512,47.35978796334496
2013-01-23,18.342750549316406,18.528280916693294,18.20150142740788,18.20644956059133,237249950,17.752835954938615,58.435792179317296
2013-01-24,18.65716361999512,18.72197620871839,18.31826195988299,18.336321130616305,135815168,17.862246377127512,62.67632498972682
2013-01-25,18.643808364868164,18.76279469012041,18.559205128349056,18.572069897251904,89369729,17.963811329432897,57.35704205149251
2013-01-28,18.571081161499023,18.69155079111304,18.500825996876102,18.596560640660385,65327951,18.08940669468471,57.50801684951215
2013-01-29,18.64405059814453,18.724942716827893,18.46742575147673,18.47262015417057,70145942,18.239102499825613,59.44212524532583
2013-01-30,18.647764205932617,18.823894641899265,18.625005065758344,18.64553830367652,69579828,18.413394927978516,57.607773556049395
2013-01-31,18.693775177001957,18.74151746560644,18.559203755860885,18.56563519264417,65613015,18.60005623953683,56.98280376069701
2013-02-01,19.186294555664062,19.211033325993867,18.75339164908645,18.75586382117316,150405652,18.720562526157924,64.81641887192436
2013-02-04,18.77614974975586,19.05939248596732,18.75759803914289,18.990622527969578,122075862,18.737560544695175,64.90299517690357
2013-02-05,18.942384719848636,19.075224659462965,18.78728197102266,18.828344654180547,75108474,18.780214309692383,66.31749384801024
2013-02-06,19.051971435546875,19.120987660873187,18.763286143016224,18.777386048733828,83435569,18.848912920270646,72.95806862481209
2013-02-07,19.14548110961914,19.26570446705788,18.936450876152307,19.040348423364502,114033831,18.920545850481307,76.17218713751765
2013-02-08,19.427980422973636,19.460139501902656,19.284257225507385,19.298357132698047,121256803,19.032005310058594,82.53666569867727
2013-02-11,19.355003356933597,19.369351427389763,19.14053247647088,19.2555614157591,87037018,19.126466478620262,81.67560902824422
2013-02-12,19.312456130981445,19.490566195696708,19.27955634908493,19.338431936207733,74638720,19.14448956080846,72.10700659985915
2013-02-13,19.365890502929688,19.42748643101609,19.29440020201858,19.298357572271463,48107646,19.22873823983329,68.33960979028552
2013-02-14,19.488584518432617,19.51134365577512,19.23997305278577,19.28845982823787,69672173,19.306766782488143,70.689387781795
2013-02-15,19.61400413513184,19.62315780270136,19.47003278132054,19.47819568561629,109601278,19.387057168143137,74.89954426063478
2013-02-19,19.959341049194336,19.96305214946266,19.67312978174186,19.690692625329213,117711564,19.503322873796737,77.78827284120253
2013-02-20,19.60336685180664,20.011781062733228,19.586792879064625,19.920994564883376,110982436,19.528378077915736,67.57340153955046
2013-02-21,19.679311752319336,19.924706583737915,19.572693875657126,19.740413242944285,140781714,19.57470784868513,67.92651829236551
2013-02-22,19.782712936401367,19.820807118693185,19.636513795799097,19.7715796374144,82463941,19.641887392316544,62.63756249166437
2013-02-25,19.56156349182129,19.99793128799227,19.55463762025826,19.84678399193112,92501423,19.66984067644392,68.09117485020779
2013-02-26,19.545726776123047,19.689700010803943,19.40398323219503,19.66619827462696,88430220,19.67800385611398,64.93190776275097
2013-02-27,19.78444480895996,19.90738848528183,19.56997203873576,19.661251073850213,81347773,19.70235252380371,67.03868129878859
2013-02-28,19.819568634033203,19.9627992632934,19.815364994652075,19.81709456777284,90971711,19.68238503592355,66.1183454405481
2013-03-01,19.943012237548828,19.96651208250694,19.69464890234256,19.7354653198732,87342157,19.73090580531529,63.328973023668965
2013-03-04,20.321741104125977,20.354889050911744,19.9135750415812,19.92099534719097,111440145,19.822681427001953,71.6006365349586
2013-03-05,20.744749069213867,20.78309331263517,20.504796814238368,20.505539413093224,162370331,19.96011516026088,77.35248394038601
2013-03-06,20.566146850585938,20.878332005096333,20.502571294377503,20.804862076716365,115350748,20.103627068655832,71.87549102356775
2013-03-07,20.596324920654297,20.6957687533349,20.5216179639432,20.63244136577289,82415761,20.253712517874582,70.89393783498116
2013-03-08,20.569610595703125,20.6537174984336,20.40955969496459,20.643326797017394,116912581,20.36587905883789,68.72152141858363
2013-03-11,20.651243209838867,20.77196099469444,20.56911404587194,20.573815909251696,64027093,20.484689712524414,65.11722689425827
2013-03-12,20.472888946533203,20.578764236256685,20.37542283233769,20.54957555039615,80633104,20.560386385236466,70.5966281311953
2013-03-13,20.415990829467773,20.54907705294652,20.34177830039741,20.480060821699773,65898080,20.573850631713867,67.6088264794383
2013-03-14,20.322731018066406,20.45755060877146,20.220072401273782,20.45755060877146,66295564,20.5135623386928,62.97092771281942
2013-03-15,20.143632888793945,20.292056050140577,20.119884879876903,20.24752853342112,124452737,20.453203201293945,64.26922875504052
2013-03-18,19.982589721679688,20.105535291430893,19.82624993769776,19.913573496761725,73807616,20.365526744297572,59.997765101714066
2013-03-19,20.06991577148437,20.26608312462562,19.94944425325523,20.06793803356836,84242583,20.29414176940918,57.01950955498246
2013-03-20,20.153778076171875,20.22304058544308,20.072885936562724,20.206220339837834,58771467,20.223075321742467,58.02558704928155
2013-03-21,20.068431854248047,20.20844394923293,20.03355054473288,20.06917255875141,59325536,20.1652957371303,53.06791630274935
2013-03-22,20.04492950439453,20.16688431861605,20.02835553124225,20.154515879856053,59751126,20.112286976405553,41.80461266885844
2013-03-25,20.028356552124023,20.26558848602281,19.95859772043257,20.096878350437937,68736680,20.070233481270925,22.068084397523876
2013-03-26,20.097124099731445,20.13620904548685,19.982589598937928,20.123840607582768,47854701,20.063589368547714,29.99998373341012
2013-03-27,19.85569190979004,19.963052393751443,19.822790230234663,19.955133864240764,86852328,20.045461109706334,23.239354113974215
2013-03-28,19.64616203308105,19.922727048726863,19.62414738812229,19.888588341489804,91855009,19.984924861363,20.527464714139754
2013-04-01,19.81932640075684,19.845548477442204,19.622910884431963,19.66644953408229,72562968,19.937146050589426,24.914419015542876
2013-04-02,20.11246109008789,20.156742333272053,19.88883654964221,19.902193856409767,81966082,19.94343594142369,39.83529310511768
2013-04-03,19.943260192871094,20.141159006063745,19.806460975928925,20.122851670368934,69800653,19.928911754063197,37.46232581856301
2013-04-04,19.667932510375977,19.93212722196885,19.57467383448573,19.8950219042768,98270968,19.87742260524205,34.16301845709573
2013-04-05,19.370590209960938,19.46805631659352,19.20608750244581,19.44504901115032,137870844,19.773632049560547,32.31470887779392
2013-04-08,19.16774177551269,19.28400774959129,19.00818721386168,19.26421900573844,113708616,19.6753534589495,31.7081942870942
2013-04-09,19.237010955810547,19.38790820152222,19.12470233473194,19.183824199541625,86615444,19.61690330505371,31.150037554713563
2013-04-10,19.546964645385746,19.600643926399417,19.196189033154717,19.367371305537507,79440651,19.57799448285784,37.54177282007962
2013-04-11,19.552160263061523,19.61919874818912,19.3955723196298,19.61375618099765,81452163,19.49795150756836,39.039944931468085
2013-04-12,19.54374885559082,19.5944615326478,19.36761844283875,19.591739301907012,65713390,19.440878459385463,39.29170201962166
2013-04-15,19.342884063720703,19.715676278149893,19.22142368188674,19.44232790432199,98491793,19.39444296700614,36.4232906572173
2013-04-16,19.625879287719727,19.69093815024761,19.392112184206905,19.458159915681577,69941178,19.430912835257395,41.39646704535013
2013-04-17,19.358470916748047,19.56329561870727,19.248141930583294,19.46212030117487,81785407,19.458159855433873,41.00751239590173
2013-04-18,18.946590423583984,19.43861707653734,18.831561488062803,19.42748377744711,133398142,19.416671207972936,38.210780547982466
2013-04-19,19.786670684814453,19.8749831132829,18.95524794883992,19.026986405094405,232998073,19.450914927891322,49.55068110351729
2013-04-22,19.7926082611084,19.88784656300224,19.171452742890665,19.804730429501976,115768308,19.48526464189802,45.22139261376816
2013-04-23,19.985313415527344,20.173317854233005,19.7987922801832,19.814625549015272,92035684,19.54834529331752,50.62389429111822
2013-04-24,20.122602462768555,20.23515732530132,19.987784792115203,19.99050512843763,73438237,19.659733636038645,57.033484126581335
2013-04-25,20.014997482299805,20.197313091863236,19.97863476279056,20.19187052384291,79986690,19.715321949550084,60.590288988205856
2013-04-26,19.825014114379883,19.981353907903216,19.70528520261343,19.977892866768485,99880980,19.781970977783203,60.84758482269901
2013-04-29,20.261381149291992,20.3514250471043,19.864098348786943,19.870283515124516,92376959,19.969798224312918,65.07900498473471
2013-04-30,20.397686004638672,20.473630003817675,20.227244399855984,20.25989791363404,92613843,20.05708612714495,63.197547631517395
2013-05-01,20.29527282714844,20.401394374598247,20.19459195311793,20.36527982095425,58418148,20.128895350864955,61.190625960425514
2013-05-02,20.52235984802246,20.644560920360565,20.26113367303273,20.28710758133459,81034603,20.20561626979283,63.826402086003476
2013-05-03,20.920879364013672,20.94759587315244,20.680432676149547,20.7041806842729,100880714,20.31965582711356,71.1155248330562
2013-05-06,21.31247329711914,21.319895497497114,20.983714148983672,20.983714148983672,85973045,20.505009514944895,71.93130483998101
2013-05-07,21.20560646057129,21.369862893490385,21.043329659889505,21.348588950882736,78653713,20.70223699297224,75.06539207551063
2013-05-08,21.611299514770508,21.61748278689574,21.098741491147003,21.199916796803954,99102072,20.895082473754883,86.22058369824202
2013-05-09,21.558115005493164,21.76046562004693,21.477717311499177,21.542281736727805,88353936,21.060858045305526,80.63139633444489
2013-05-10,21.77456283569336,21.782231304710034,21.57493258248753,21.652856200207864,76192522,21.27218518938337,81.94577750614411
2013-05-13,21.7077751159668,21.829978094861204,21.605116505728272,21.74141749679066,58157173,21.441530227661133,78.93781931815576
2013-05-14,21.944515228271484,21.983846451549823,21.698131503217017,21.70703511314902,63408784,21.587763922555105,79.61887681031358
2013-05-15,22.656702041625977,22.668822316599467,22.11569600723565,22.15230689097083,160033605,21.779796600341797,85.89101059771806
2013-05-16,22.359355926513672,22.757875768386,22.31334510781227,22.73363332574264,128865215,21.94461795261928,83.45631725066625
2013-05-17,22.49071502685547,22.597332911002173,22.276488495188836,22.5114945363028,112098604,22.070248740059988,82.00738396220072
2013-05-20,22.474634170532227,22.77321386154565,22.38731060307932,22.38731060307932,91248746,22.201180049351283,80.88576409235912
2013-05-21,22.43604278564453,22.55206059704326,22.20450159729305,22.46201669632964,79617311,22.295677185058594,82.45080827776357
2013-05-22,22.001901626586918,22.49392638833224,21.93906867327588,22.32694963351752,102807910,22.337695258004324,71.10291461179872
2013-05-23,21.837892532348636,22.01525999606547,21.620453146129957,21.69466377781752,91345105,22.322463444301064,64.01719922493874
2013-05-24,21.6036319732666,21.739686698486228,21.54648785204341,21.65162242653852,92216359,22.172024863106866,54.6754525189697
2013-05-28,21.800291061401367,22.06918570739673,21.778768956942866,21.85545554356241,90638467,22.09215845380511,59.28183144294605
2013-05-29,21.479698181152344,21.71915602038633,21.380254335920004,21.662754496324485,80837869,21.947727475847522,47.889913531624835
2013-05-30,21.54030418395996,21.741665931339988,21.432695544731263,21.51952467611369,85145956,21.814251763480055,49.71510058432144
2013-05-31,21.551681518554688,21.69466400455104,21.46015431409619,21.474996819465797,79071272,21.687914439610076,46.18450370532903
2013-06-03,21.462875366210938,21.61970959952369,21.15093836740419,21.59571532010083,99399181,21.61091068812779,45.838939833503076
2013-06-04,21.251867294311523,21.53609891212217,21.12743651575212,21.46831781997103,75024159,21.52719279697963,38.12749246253828
2013-06-05,21.26670837402344,21.50789576169055,21.20313282064009,21.33621903493808,84587872,21.479060854230607,18.689307248715707
2013-06-06,21.38891220092773,21.430719384117552,20.957986966612445,21.380501131402028,103550684,21.420292445591517,26.267391592329943
2013-06-07,21.76219749450684,21.76887709569252,21.40573298074931,21.53189333246883,107385002,21.460649490356445,34.068895905369374
2013-06-10,22.021692276000977,22.04098848071125,21.7711030398853,21.82082496066189,93862506,21.529419217790878,41.04814292090375
2013-06-11,21.76417732238769,21.94203922861585,21.757003286676525,21.86708410028634,70567517,21.559775761195592,37.77893270920772
2013-06-12,21.57048225402832,21.91729863983012,21.512843703074587,21.90394133283036,88522565,21.57514817374093,41.40034978328638
2013-06-13,21.694664001464844,21.760465459529907,21.410184227241995,21.49627075837344,83106340,21.638404846191406,47.09890675380281
2013-06-14,21.64617919921875,21.885142589368314,21.623668223856285,21.77135067923851,90136592,21.69261496407645,50.93192872105139
2013-06-17,21.92348289489746,22.00214721912265,21.726326702738213,21.74982654480958,86173794,21.768982206072128,52.60624646921153
2013-06-18,22.278961181640625,22.28836111960116,21.97543335823747,21.98285555834416,87000883,21.84280558994838,66.66324688441931
2013-06-19,22.28044891357422,22.531778883547187,22.201782676543537,22.297517323622053,117073180,21.879770823887416,65.8207184471561
2013-06-20,21.886131286621094,22.28836033890587,21.85075743829604,22.11495213840361,135385563,21.897192818777903,56.14322370347948
2013-06-21,21.791881561279297,22.013280210266476,21.597445691519084,21.97518602580255,159889066,21.928821291242325,56.03117438916939
2013-06-24,21.516307830810547,21.677843923321788,21.354525468265805,21.568009382766277,121128323,21.903341838291713,54.735492403360674
2013-06-25,21.4275016784668,21.76096078689272,21.385696391690807,21.70109632851824,102510801,21.872102192470006,52.805110970618585
2013-06-26,21.61179542541504,21.71940217496168,21.535605156238837,21.61426949218806,73530581,21.827575411115372,53.80584847736756
2013-06-27,21.696393966674805,21.8848928245953,21.686005160829453,21.7391900120527,77348840,21.744351523263113,48.753475815262874
2013-06-28,21.778026580810547,21.81439118968384,21.62515162918177,21.642714469818586,94324230,21.672576904296875,45.05070134209206
2013-07-01,21.96380615234375,22.06770368668282,21.89256212879696,21.928430410594316,69250599,21.683673313685826,54.17653974063587
2013-07-02,21.826021194458008,22.04098841606414,21.701344146247056,22.02119777694997,75943592,21.688550404139928,55.474333850355585
2013-07-03,21.927934646606445,21.99571573062964,21.731769218107694,21.766400464531056,42036977,21.74735423496791,55.045424954971104
2013-07-05,22.102582931518555,22.1500789468552,21.95044678379718,22.016496403720893,68331166,21.843794413975306,59.36071415997405
2013-07-08,22.389535903930664,22.418726480439183,22.19139082375121,22.24408124460967,79075287,21.954900196620397,59.520933538237124
2013-07-09,22.393245697021484,22.583970460522533,22.21365233838473,22.535733741315678,79472771,22.05445044381278,52.7265793937982
2013-07-10,22.411800384521484,22.539197765954786,22.273023433270048,22.348967427683124,68592140,22.144989558628627,53.10844578613446
2013-07-11,22.764307022094727,22.77840692825599,22.474384687197706,22.58520809312813,103755449,22.25934682573591,71.2016820730833
2013-07-12,22.83258438110352,22.83258438110352,22.64062256382269,22.75837185009676,103113050,22.403141566685267,75.44465232711501
2013-07-15,22.874387741088867,22.956268735534845,22.66832603387601,22.86474153365951,78713937,22.538349151611328,87.48987756193789
2013-07-16,22.74872398376465,22.955526397788617,22.607472967909263,22.93474878500611,79617311,22.63065501621791,85.74504075042286
2013-07-17,22.72250366210937,22.92807095308637,22.666844737213093,22.783108826170565,60469809,22.67822183881487,82.86028997676242
2013-07-18,22.527816772460938,22.75836907778049,22.34253457913716,22.73338403751969,145924920,22.697446278163365,73.09335031453006
2013-07-19,22.17951774597168,22.33660014620584,21.6602800912758,21.932391440190845,295475379,22.664263044084823,59.71286426067207
2013-07-22,22.52831268310547,22.57704573358892,22.18941102069969,22.313099196877165,116563276,22.630549567086355,62.65813906143879
2013-07-23,22.357627868652344,22.58520980538525,22.25298772681761,22.528313847605787,82134711,22.56269863673619,61.74709078111632
2013-07-24,22.335363388061523,22.51841970263065,22.28094149648489,22.443218302257574,83451629,22.485695157732284,59.33156612695229
2013-07-25,21.9593563079834,22.18570121282188,21.919280593969084,22.11198501053216,120493954,22.372928346906388,46.99662274042777
2013-07-26,21.901222229003903,22.01600300856252,21.818352362659763,21.9417904810958,71374530,22.255602427891322,38.67340790101209
2013-07-29,21.825027465820312,22.13548111643825,21.790890654450266,21.890086317811527,75959652,22.15520395551409,37.24877200251335
2013-07-30,22.03900718688965,22.155024993288094,21.79039570736534,21.903941341640447,70487217,22.13513101850237,42.308839535943456
2013-07-31,21.960590362548828,22.17729094281043,21.921753578221885,22.090215542020815,87265872,22.054027829851425,31.3039357753308
2013-08-01,22.36801528930664,22.37617819357765,22.13993703785224,22.13993703785224,85856610,22.055511747087753,40.66596153993538
2013-08-02,22.42615127563477,22.43678824792779,22.28391137098261,22.348722073758925,68812965,22.0684814453125,41.052834363695005
2013-08-05,22.38731002807617,22.400174795764077,22.24383310639361,22.39695813024588,52584363,22.12961769104004,42.52685614853759
2013-08-06,22.17877197265625,22.503821862535855,22.157992467090008,22.37963926354015,60469809,22.169267654418945,39.54524116887698
2013-08-07,22.03232765197754,22.225280213184483,21.99373713973615,22.140925153560666,55374783,22.19888196672712,40.292750661962394
2013-08-08,22.082054138183597,22.16071847547287,21.899738525402867,22.152059241619785,59743096,22.205031531197683,47.83759010570211
2013-08-09,22.02639579772949,22.152802429247696,22.01625136576372,22.03010500366581,53146462,22.214432307652064,37.19894419467605
2013-08-12,21.905179977416992,21.94203902456094,21.80969350615777,21.93956495787183,55286453,22.148312977382115,38.16190157749495
2013-08-13,21.7997989654541,21.97914417202586,21.67487375369799,21.93783332066843,57004870,22.058834075927734,36.5712656937184
2013-08-14,21.51680374145508,21.77456702566284,21.451250442810107,21.72855620270916,83600184,21.934476034981863,38.36053764508899
2013-08-15,21.265718460083008,21.39583617861956,21.22465387945935,21.38396217431319,75048249,21.804039818899973,34.82587789729121
2013-08-16,21.19769096374512,21.33448828242259,21.188537296157325,21.30579214073802,67255147,21.68480600629534,34.962239289244735
2013-08-19,21.413894653320312,21.570977040856103,21.211047717809485,21.2174791542022,72707508,21.58935465131487,35.031509102883504
2013-08-20,21.408205032348636,21.573696587951268,21.36169788723428,21.480684192107294,49504863,21.501041684831893,36.29566746448399
2013-08-21,21.504928588867188,21.69243668433028,21.434921600982253,21.537580204161053,70555472,21.443862915039062,24.684582471781383
2013-08-22,21.613279342651367,21.63900508904261,21.527687245932,21.58829430074017,34926424,21.417217254638672,26.839683804261085
2013-08-23,21.52669715881348,21.719401570308424,21.51531948299028,21.715196035788363,43245489,21.418630599975586,26.128857160089012
2013-08-26,21.43219947814941,21.6427148772812,21.423788409883255,21.521500775011287,42257801,21.442413602556503,27.893500869193787
2013-08-27,21.03046417236328,21.36639730216354,20.97480525606178,21.264727570738973,69623993,21.418524060930526,24.23021560144778
2013-08-28,20.99088859558105,21.160585711626364,20.97159238972882,21.032942048723974,53395392,21.35809462411063,21.78586681948667
2013-08-29,21.16107749938965,21.28352863762624,20.99187483899862,21.003748842842537,59361671,21.322790690830775,28.876665232606413
2013-08-30,20.950069427490234,21.225643686363032,20.916921482692675,21.169242168449117,74743109,21.243525096348353,27.663921081296067
2013-09-03,21.283531188964844,21.42725628558653,21.124469151270397,21.13461168863496,82210996,21.19641821725028,39.090437885066926
2013-09-04,21.56182289123535,21.60808187260826,21.15464762040812,21.282785699733434,81954037,21.20143617902483,50.95322135752154
2013-09-05,21.75798988342285,21.76590651719791,21.561328121735848,21.608081536803667,51845604,21.247977665492467,60.671379143815486
2013-09-06,21.758487701416016,21.862383344506554,21.61402001784575,21.82923539828093,62698130,21.351981026785715,62.52352268187106
2013-09-09,21.9680118560791,22.010065304571885,21.828740473300936,21.861145819934457,49569103,21.49157006399972,62.41138448261867
2013-09-10,21.983348846435547,22.06572427589157,21.86782547142204,22.016744956404278,51697050,21.609037399291992,62.826914225772235
2013-09-11,22.169374465942383,22.188668776033623,21.91927966732329,21.98013299310247,64665477,21.783223833356583,64.25088955305937
2013-09-12,22.09194564819336,22.21167265931312,22.016496092033204,22.1993042212251,43984248,21.898711613246373,60.404334548614386
2013-09-13,21.993244171142575,22.15675989823672,21.888605926764107,22.12756932130089,53214717,21.960343224661692,60.0877609010337
2013-09-16,21.960838317871094,22.1894110059694,21.889348022130623,22.16962226175124,53660381,21.989321572440012,61.74570764795981
2013-09-17,21.920019149780277,21.97642066305231,21.7936106529,21.952178223078437,50564822,22.012397493634904,73.54026369690507
2013-09-18,22.34575080871582,22.36183034739027,21.844820515107656,21.92595891295937,77678069,22.066360201154435,79.76948428583894
2013-09-19,22.223796844482425,22.411801288130643,22.149832479259672,22.411801288130643,64155573,22.100709915161133,73.85609385369632
2013-09-20,22.340557098388672,22.36579030547951,22.15527488722302,22.223796684046043,174463490,22.125164576939174,82.59302444110247
2013-09-23,21.929670333862305,22.30295698120393,21.89751125604272,22.168385562078704,71362485,22.101982389177596,64.61501956503929
2013-09-24,21.93807983398437,22.018723799765432,21.803510307246693,21.92967065935196,59694916,22.094101769583567,59.69410069594942
2013-09-25,21.70035552978516,21.930907878822723,21.660033543069424,21.930907878822723,66207234,22.056889942714147,48.54620701334724
2013-09-26,21.723608016967773,21.836905500572406,21.645189949955324,21.72682468269521,50584897,22.028831209455216,49.13016551922273
2013-09-27,21.679574966430664,21.707526614685232,21.55390905395251,21.64073628852384,50540732,21.93366323198591,42.15978233369129
2013-09-30,21.66769790649414,21.789654606926547,21.479695376680965,21.498743415185544,69154239,21.85422052655901,41.40388822748423
2013-10-01,21.94203758239746,21.95860966047848,21.77011269142321,21.775058930091426,67644602,21.797289167131698,44.09307166220627
2013-10-02,21.966527938842773,22.000416587838767,21.71494795937969,21.83640833273914,60036190,21.802554539271764,46.64906818054411
2013-10-03,21.67215156555176,22.11767107219656,21.57345033229876,21.96677385645114,84997401,21.764564786638534,42.23311049287883
2013-10-04,21.579633712768555,21.707279250969066,21.52150072823643,21.64518700232927,54523605,21.747318812779017,41.03964040381929
2013-10-07,21.41612434387207,21.620208348758176,21.37580235629189,21.45842596391743,51937949,21.703392573765345,38.8016541536957
2013-10-08,21.11754035949707,21.422057025221942,21.06707584408935,21.405731217429462,78039419,21.623101915631974,21.069822106649454
2013-10-09,21.17171859741211,21.33968424225329,20.853101986507717,21.182107404678888,106449509,21.552247728620255,24.401232619873824
2013-10-10,21.47796630859375,21.49256065021822,21.279324891919472,21.36912063274781,90550137,21.485951832362584,30.783716855070637
2013-10-11,21.570730209350582,21.60758925666297,21.4052386374658,21.423295914485976,56567236,21.429409299577987,40.68319045327517
2013-10-14,21.672645568847656,21.67611039845168,21.40746202194266,21.43887849769612,49930453,21.4294798714774,43.42922597789161
2013-10-15,21.81859970092773,21.90814917272442,21.620454610871537,21.66399136619365,63914673,21.463617869785853,53.066435309759555
2013-10-16,22.214889526367188,22.222311725918257,21.868071244792183,21.91408395660839,80604999,21.57772718157087,60.675034627043324
2013-10-17,21.98632049560547,22.18694155978582,21.91062465618148,22.09021804586345,170902191,21.701838629586355,56.17042044173585
2013-10-18,25.01961326599121,25.119799706572834,24.09418918585491,24.1580110136202,464390148,22.2515378679548,80.43306667996643
2013-10-21,24.818994522094727,25.207369957304,24.72622838570032,25.0208507099586,145675990,22.728827612740652,76.4751890214834
2013-10-22,24.910520553588867,25.05894560705212,24.63321481522114,24.86104679869102,88675135,23.20594051906041,76.7618986851906
2013-10-23,25.51435852050781,25.596982112778733,24.75294276188744,24.762094534769723,106927293,23.754756655011857,83.06657461184474
2013-10-24,25.369400024414062,25.74095520886696,25.35084641859903,25.525739822321263,83997668,24.262013844081334,82.32350362208624
2013-10-25,25.113370895385746,25.450292970787164,25.003041906437687,25.450292970787164,81524432,24.676082611083984,81.04443544739746
2013-10-28,25.108423233032227,25.316959044510387,25.058701306052388,25.11337136703883,46521724,25.122097287859237,85.2481181323032
2013-10-29,25.63384246826172,25.65115714605541,25.07131435037888,25.209843139037723,64440637,25.20984431675502,86.38172414908524
2013-10-30,25.48987197875977,25.665259819973503,25.38053186859727,25.663280187707663,53162522,25.305683953421457,83.60002785899778
2013-10-31,25.493825912475582,25.76445202585429,25.330312098127795,25.45300949998717,65845885,25.389013290405273,83.35238103886323
2013-11-01,25.40625762939453,25.627906351041556,25.35826906998356,25.523760644339447,51524405,25.37357030596052,81.81909801285073
2013-11-04,25.383251190185547,25.538107681189437,25.282324047593168,25.51658557470836,45722740,25.375549043927872,81.02941254602365
2013-11-05,25.26970672607422,25.52029594924037,25.168285151914336,25.240764314889365,47433127,25.39788273402623,77.96815103322652
2013-11-06,25.30013656616211,25.405269249443787,25.117574685558555,25.37063799760905,36652871,25.425270353044784,81.48157812147805
2013-11-07,24.93402099609375,25.32932415782152,24.92635252659548,25.296670647756866,67435822,25.325295857020787,48.35141177931437
2013-11-08,25.133899688720703,25.19500117993184,24.9476267139176,24.953811880681545,51825529,25.274442672729492,56.067101515847554
2013-11-11,24.999326705932617,25.13142594692752,24.935258611937787,24.972610197073685,44670812,25.203799928937638,51.68306108904464
2013-11-12,25.028764724731445,25.1717453079086,24.86104537114104,24.927835694171893,48906630,25.149872371128627,38.235633888856526
2013-11-13,25.54058074951172,25.549980686857445,24.89815129515952,24.904336461510542,63412799,25.172348022460938,53.52123617565222
2013-11-14,25.60886001586914,25.720672305887376,25.488140327249244,25.576452770467483,46842923,25.22079849243164,61.04552331014916
2013-11-15,25.56754493713379,25.677377576610063,25.48714724802114,25.599950282797337,51243355,25.25899968828474,60.07151380653287
2013-11-18,25.517822265625,25.943058619924305,25.460680041244743,25.6217198022957,70651832,25.342399869646346,46.78367025799163
2013-11-19,25.360740661621094,25.596983719470064,25.307555805525528,25.52203048647711,45433661,25.37480572291783,46.44603700211856
2013-11-20,25.289249420166016,25.562597784866625,25.241010804847733,25.47824272275903,38692487,25.4162232535226,44.57143724788573
2013-11-21,25.58016395568848,25.685050374236816,25.380533656293093,25.40527053662622,43835693,25.49499457223075,54.16520862817697
2013-11-22,25.526233673095703,25.632108948946787,25.46018594469569,25.5640815883604,50356042,25.492944989885604,53.37456784788244
2013-11-25,25.873544692993164,26.053138049682484,25.603659276349173,25.65659785796245,64761837,25.530757086617605,62.835071650337554
2013-11-26,26.182268142700195,26.258706570690755,25.799581568306124,25.939595551274703,91794785,25.618574687412806,66.76679812092192
2013-11-27,26.298534393310547,26.419500338057617,26.2216015300716,26.2718178837378,45112461,25.730104991367885,78.65732410186229
2013-11-29,26.21145820617676,26.38536083601395,26.20799527077068,26.275033759911945,47890836,25.85163606916155,73.75634223201158
2013-12-02,26.085054397583008,26.378687882554043,25.99303085079369,26.308432715371456,55133884,25.965322494506836,74.02297492340278
2013-12-03,26.054872512817383,26.306698788668545,25.94998610075227,25.99772839050727,67295297,26.033138002668107,72.69634479732687
2013-12-04,26.17658042907715,26.32005735368044,25.97422791573709,26.00811846184542,47842656,26.12604468209403,67.001655056795
2013-12-05,26.15580177307129,26.21319216590531,26.001193437677475,26.152338837336,45517975,26.16636712210519,65.00193046759163
2013-12-06,26.46575927734375,26.4689740484328,26.22357922384046,26.463779645176363,57366220,26.206865855625697,71.47248746777453
2013-12-09,26.670337677001957,26.773494516871374,26.419996595871016,26.493466528670364,59526286,26.259980610438756,75.65246628775589
2013-12-10,26.83162498474121,27.02086646257103,26.60874112478619,26.62111145843547,74433955,26.348575864519393,82.67748165838526
2013-12-11,26.64930725097656,26.996371780053327,26.59686310624977,26.89940201844825,68728650,26.429183415004186,78.79727511808662
2013-12-12,26.467987060546875,26.789077737761527,26.44423905038992,26.7057134321643,64099363,26.48819977896554,69.7132760692961
2013-12-13,26.24114418029785,26.62457336014184,26.16940571984266,26.602556819240043,86820208,26.49742317199707,64.74192322789276
2013-12-16,26.54269027709961,26.584989993427293,26.271321560890915,26.32054904212568,64320188,26.55269295828683,64.06365877613197
2013-12-17,26.465511322021484,26.735148591658994,26.42890044013709,26.538734980175125,61658247,26.552657536097936,56.59489163577969
2013-12-18,26.833852767944336,26.838799007016625,26.19785470158611,26.514739836421864,88743390,26.57601683480399,61.154701881261225
2013-12-19,26.87021255493164,27.01294686687208,26.69358770015397,26.73539298239724,66877738,26.581529344831193,64.02319543886907
2013-12-20,27.226430892944336,27.240036364145997,26.91424575973954,26.921666064765564,130953011,26.66397557939802,72.13156224619769
2013-12-23,27.58462905883789,27.601945631136125,27.337750925320943,27.405035687916804,69122119,26.823495864868164,76.31492086490502
2013-12-24,27.503984451293945,27.58808944958815,27.411466490470183,27.58141174345965,29478078,27.003901617867605,73.16125571092344
2013-12-26,27.643009185791016,27.68110526455528,27.42606234162579,27.55766525518888,53712576,27.16109003339495,74.9212307247796
2013-12-27,27.666263580322266,27.71276883468982,27.53119772729778,27.70584296357622,63023345,27.33262607029506,72.25535760757646
2013-12-30,27.445112228393555,27.71821244582636,27.4342270924754,27.714255075667463,49629328,27.419948850359237,64.27531693835819
2013-12-31,27.723403930664062,27.730577965711444,27.365950577845226,27.51387929418526,54519590,27.541833332606725,65.75196904245476
2014-01-02,27.535648345947266,27.650182850732683,27.415425003618505,27.59353506216837,73129082,27.586007254464285,65.62589949345916
2014-01-03,27.33478164672852,27.629898388742816,27.33305017898643,27.582156102051258,66917888,27.55031476702009,65.17670365135902
2014-01-06,27.63954734802246,27.67764153391479,27.37040450817628,27.532929471638443,71037271,27.56968089512416,73.83427066740359
2014-01-07,28.172388076782227,28.19292131432382,27.734538903151076,27.829529043389844,102486711,27.64530645098005,75.74649780180381
2014-01-08,28.23101806640625,28.38166902630948,28.034602555866844,28.34901551362979,90036218,27.72598566327776,78.05648676337762
2014-01-09,27.959152221679688,28.30498164922738,27.843382574306048,28.285687339460058,83692529,27.799419948032924,68.44833268605747
2014-01-10,27.957670211791992,28.17783373565952,27.761502862016737,28.17783373565952,86061375,27.83288655962263,68.03418435741118
2014-01-13,27.77956199645996,28.371526980670907,27.63583690529657,27.865894801421,97118665,27.86773136683873,59.74893467675897
2014-01-14,28.433120727539062,28.472702006119945,27.90596834063465,28.149879871393797,99676216,28.02463694981166,63.54448555470848
2014-01-15,28.4138240814209,28.57164906515121,28.294343339764783,28.521927148164824,78300393,28.135247911725724,64.81392916414087
2014-01-16,28.601831436157227,28.64413305233963,28.39849004881272,28.425700994394628,67608467,28.196596963065012,65.36635705652523
2014-01-17,28.46107482910156,28.710921456089743,28.30448687310696,28.617414620682908,108457005,28.229462214878627,62.27554294481053
2014-01-21,28.786865234375,28.794285539714323,28.48012076119171,28.718341546671677,79492846,28.347706930977957,70.0740049960649
2014-01-22,28.81951904296875,28.890514903594735,28.66713662087269,28.858850261004257,63091600,28.470828192574636,67.69995453968662
2014-01-23,28.697811126708984,28.75693298445237,28.556065672391608,28.69533706005472,78256228,28.602006639753068,69.17551105700903
2014-01-24,27.800586700439453,28.53578041854378,27.780055357231767,28.472947461216545,156283602,28.511644635881698,56.249584156064515
2014-01-27,27.24152183532715,27.86663664468728,26.77250244656889,27.85674227240359,174796734,28.344172886439733,45.00091989973094
2014-01-28,27.78030204772949,27.84808313935984,27.45698548289879,27.46638542075988,88739375,28.22681154523577,45.082854215044904
2014-01-29,27.38227844238281,27.74913365427034,27.19674806920886,27.68407479392223,95552818,28.07269777570452,40.19097643192642
2014-01-30,28.086549758911133,28.509560216641404,27.88518801381836,28.324276115918043,204419353,27.972652707781112,51.338567654651825
2014-01-31,29.21407890319824,29.351865086712184,28.475916713635225,28.976104391151534,223486554,28.02901840209961,60.67508157997426
2014-02-03,28.03806495666504,29.23263185307001,28.002939272348872,29.170293330052427,183449044,27.93476894923619,51.877923994029665
2014-02-04,28.155073165893555,28.571650288435286,28.12662518862556,28.15086763153017,112897588,27.985409872872488,47.809313479596504
2014-02-05,28.279747009277344,28.46700883727144,27.904234484444004,28.284200707850086,96139007,28.133727754865372,48.96088541816029
2014-02-06,28.69434928894043,28.69929742243826,28.387358524115044,28.47591912629348,78155853,28.264305932181223,50.69269586158992
2014-02-07,29.126754760742188,29.138134329965062,28.70918878990576,28.884080284865856,105843245,28.51351683480399,54.775493985478484
2014-02-10,29.015193939208984,29.24945547891461,28.91847043143944,28.987238500214996,78099643,28.646180289132253,51.68994177599315
2014-02-11,29.441909790039062,29.48371696917328,28.99738101995804,29.194289063854345,82339476,28.678727558680944,54.35263736381002
2014-02-12,29.35557746887207,29.437458466344797,29.2242227159914,29.412719694255944,69238554,28.866943631853378,54.62290741316173
2014-02-13,29.682357788085938,29.682357788085938,29.181671883576847,29.20863655692071,73731331,29.085127149309432,64.37835780175914
2014-02-14,29.754093170166016,29.79342628035299,29.50672062311428,29.57623128207929,87795852,29.295748029436385,70.74299715146374
2014-02-18,29.95397186279297,30.003199344870104,29.684830938405035,29.71971035039627,84672187,29.47569411141532,69.00881462140299
2014-02-19,29.74271774291992,29.91291117447255,29.62298883005175,29.81593950710745,84459392,29.563688823154994,71.33918816765251
2014-02-20,29.786500930786133,29.855270886523897,29.6902718678802,29.76250475896832,68287001,29.673875536237443,67.45231700468312
2014-02-21,29.77858543395996,29.928988223732787,29.755085590053216,29.87802927160934,74771214,29.721972056797572,57.52542938305336
2014-02-24,29.994293212890625,30.18353466776657,29.81098875969224,29.817422090163515,67223027,29.813217163085938,85.05340924393117
2014-02-25,30.179576873779297,30.290894713463448,29.94259312392721,30.07914416916245,57763704,29.88424846104213,85.41039336244648
2014-02-26,30.183786392211918,30.399248051255924,30.025218795839407,30.278528371445663,79585191,29.94563320704869,84.76853022491838
2014-02-27,30.160036087036133,30.28421870085037,30.105614197425357,30.13975290783596,50588912,29.97507095336914,81.22052413811016
2014-02-28,30.071969985961918,30.283226094790404,29.838697337082984,30.18798779376685,92890878,30.022106988089426,73.59529965194947
2014-03-03,29.751373291015625,29.878770666189443,29.49039337442349,29.851805993502094,84507572,30.017088753836497,66.64051115345802
2014-03-04,30.053667068481445,30.080631743871564,29.919838243630043,30.055892970798677,58928052,30.056386130196707,64.65225578507743
2014-03-05,30.13653564453125,30.255770122603263,29.96708481233819,30.05712871395588,49597208,30.07670647757394,68.73588906551853
2014-03-06,30.169931411743164,30.331713772141647,30.144946369983757,30.23597913946641,50914126,30.07532855442592,63.61375408339651
2014-03-07,30.05069732666016,30.35249367510261,29.96782746040726,30.347793706233634,60831159,30.05631583077567,58.06762222365185
2014-03-10,29.971040725708008,30.121197240707325,29.78600669257117,30.07295862673449,48766105,30.02931649344308,50.496760978534205
2014-03-11,29.684585571289062,30.039072350775523,29.601713808267476,30.025464983844053,68776830,29.97397586277553,48.37910913225604
2014-03-12,29.865413665771484,29.87901913726426,29.293733804283768,29.595776408054324,78866507,29.99026734488351,52.044094295231375
2014-03-13,29.414203643798828,29.94457266049477,29.30783204316985,29.88149154120314,94175675,29.898915427071707,42.324137936576456
2014-03-14,29.01197624206543,29.45898098671644,29.005296640900674,29.239311902240303,92099924,29.738264083862305,30.81468942801355
2014-03-17,29.48940658569336,29.612352165351243,29.14333088122801,29.171532589153543,86808163,29.641046251569474,37.90118404211358
2014-03-18,29.9633731842041,29.97005278513626,29.51315368405183,29.552981230846417,72872123,29.628571374075754,46.682502006690065
2014-03-19,29.666278839111328,29.981432490645386,29.546548033771728,29.97673252184568,64757822,29.5850339617048,43.13334058361207
2014-03-20,29.61457633972168,29.92255594598787,29.57004882537269,29.683592566174024,67640587,29.57503264290946,43.574054621848695
2014-03-21,29.265283584594727,29.92305186019717,29.25068924442065,29.840922703407617,128821050,29.489299774169922,43.22552519584362
2014-03-24,28.64413070678711,29.311297042157097,28.347775042117675,29.293734200620456,121939352,29.379289354596818,31.959159021921863
2014-03-25,28.663673400878903,28.9387532500874,28.373752940005083,28.843763105750572,96769361,29.329531805855886,30.83802082247685
2014-03-26,28.00194931030273,28.98154705622655,27.99032157640585,28.745057741061206,103586819,29.11703790937151,25.75787111466947
2014-03-27,27.65727806091309,28.129739503764625,27.382916216707383,28.129739503764625,262719,28.787595748901367,24.5215846780399
2014-03-28,27.733051300048828,28.051986119330795,27.66767987282956,27.7929744768716,824257,28.511420386178152,26.1564522310518
2014-03-31,27.5834903717041,28.08021892571965,27.58151073950352,28.07477067480207,216593,28.221265247889928,26.94234513546624
2014-04-01,28.0881404876709,28.152028616061816,27.669661406805197,27.669661406805197,158434,28.05310194832938,31.79023069932866
2014-04-02,28.080219268798828,29.953718579314245,27.842007944650017,29.71402205740063,2942055,27.972543171473912,34.96651496874182
2014-04-03,28.215913772583008,29.084568806438647,27.938083285375143,28.221362023511755,101983228,27.908577510288783,40.45529264435085
2014-04-04,26.898571014404297,28.613593594853334,26.89163756592432,28.45907809614589,127386783,27.75095203944615,24.14382140532136
2014-04-07,26.651445388793945,27.16302970820218,26.10667902386592,26.77971229448584,88033033,27.607261657714844,15.379934604035299
2014-04-08,27.48097419738769,27.4859261191896,26.822796728693493,26.871827195440588,63024560,27.571250643048966,29.444744055237365
2014-04-09,27.93857765197754,27.999491593670733,27.38440191423348,27.714727677784527,66616395,27.621977397373744,35.35371853329498
2014-04-10,26.790111541748047,27.98116810481961,26.738110678648923,27.98116810481961,80737057,27.43654469081334,31.020824832431643
2014-04-11,26.277536392211918,26.74306251450204,26.075971954441133,26.374108340865394,78496923,27.179018565586635,31.546101839207154
2014-04-14,26.37262344360352,26.946112456920105,26.226032156855663,26.656396607659342,51501009,26.915691375732422,32.343192698613194
2014-04-15,26.56675910949707,26.666303352804174,25.676312959473464,26.5855779290874,77101101,26.868289675031388,38.080084656486974
2014-04-16,27.562196731567383,27.58497671070312,26.743064675160607,26.891639393134536,97865955,26.998397009713308,49.28734280798082
2014-04-17,26.54991912841797,27.21354487144644,26.304774363458897,27.179372063268328,136190888,26.865389142717635,42.22381403204034
2014-04-21,26.17947578430176,26.579632346127696,26.029914112800817,26.54991702783556,51334553,26.61408887590681,41.03243006443521
2014-04-22,26.48603630065918,26.605884564577924,26.124508087859343,26.18047200807886,47307527,26.570649555751256,39.50155758567469
2014-04-23,26.09627914428711,26.439482962074383,26.06210822947692,26.435519908865444,41046384,26.544755663190568,37.61900046040886
2014-04-24,26.00812530517578,26.32953800689136,25.857570962784592,26.25129044023474,37663121,26.492684500558035,36.13980830468934
2014-04-25,25.56339836120605,25.98534607967841,25.525760721710828,25.876886860128373,42007014,26.349347250802175,40.586608473430694
2014-04-28,25.61143684387207,25.68324539503477,24.900764060063835,25.612922041574585,66710653,26.070667266845703,42.45582499125576
2014-04-29,26.13391876220703,26.221081312399647,25.570333528894245,25.599058089294385,53981801,26.011238643101283,39.7729454733759
2014-04-30,26.082408905029297,26.14877109392748,25.87737775928299,26.12896151357555,35023895,25.997371946062362,34.9816060102774
2014-05-01,26.314680099487305,26.392927665409623,25.94473326112133,26.10469701161272,38110345,25.97289248875209,45.48365739987469
2014-05-02,26.145309448242188,26.445921830215227,26.0304131021307,26.434036458572493,33770463,25.979896817888534,48.65629902594517
2014-05-05,26.13936233520508,26.193344721715803,25.81795155448701,25.99128586047188,20482080,25.998644965035574,47.5858444925054
2014-05-06,25.51189422607422,26.089840762649217,25.507933067154124,26.01159319249401,33780490,25.991287231445312,39.98123246204374
2014-05-07,25.255359649658203,25.58816331742135,24.925530166392846,25.54408666091804,64486563,25.940419060843332,24.5131363723913
2014-05-08,25.306865692138672,25.61540038849629,25.08152859625895,25.181072844911256,40426688,25.822268622262136,32.56474435597009
2014-05-09,25.689685821533203,25.747629373350257,24.97009991756052,25.294483026457826,48789585,25.766165324619838,43.15390131994632
2014-05-12,26.243860244750977,26.257230812882312,25.7035513810294,25.92641060122018,38250730,25.75604820251465,46.83410163987402
2014-05-13,26.400854110717773,26.54843617436357,26.223558618302523,26.29190234604977,33068541,25.792554582868302,54.23963263331671
2014-05-14,26.081918716430664,26.39639609250837,26.014565753393004,26.39639609250837,23835261,25.784348351614817,50.96518026560731
2014-05-15,25.751588821411133,26.04328808775269,25.624807118474354,26.034867547303616,34087331,25.818590436662948,52.53736640161299
2014-05-16,25.783781051635746,25.841724601736555,25.52675091210985,25.821418690286247,29705333,25.894079208374023,52.333683892989136
2014-05-19,26.19136428833008,26.23692613673516,25.63287881620209,25.737723541992256,25555972,26.020436150687082,50.80284180087352
2014-05-20,26.236433029174805,26.55635864181617,26.06458390493488,26.234945937045296,35695734,26.09854289463588,52.1564784079772
2014-05-21,26.690570831298828,26.70260396436353,26.342415086017063,26.39144366234696,23925508,26.162358692714147,54.95497715292281
2014-05-22,26.9936580657959,27.11944900871134,26.78169345036637,26.79902707175844,32316482,26.24704497201102,60.80209329582861
2014-05-23,27.372020721435547,27.41857333318604,26.92630229126129,27.10260889459793,38643806,26.43134525844029,64.3359230812913
2014-05-27,28.02821922302246,28.03069518416452,27.45373751213089,27.53545370174365,42083223,26.756578172956193,79.07080361679783
2014-05-28,27.816747665405277,28.121815594771025,27.783071187925827,27.95987222109673,33040464,27.04700197492327,79.90276349582919
2014-05-29,27.737510681152344,27.93164534405434,27.66966139411307,27.899454062653334,27082150,27.267880031040736,78.1938608632243
2014-05-30,27.728099822998047,27.800404699377676,27.53099288059742,27.773165341343127,35422988,27.4809752873012,75.8867038268245
2014-06-02,27.432937622070312,27.778121088827444,27.026840205926327,27.76821724409429,28700582,27.58702768598284,66.163975604912
2014-06-03,26.98771476745605,27.354194900705487,26.86935170192406,27.28733637296392,37332215,27.586178643362864,57.397900300836284
2014-06-04,26.973848342895508,27.169468204806503,26.681160201694546,26.8173513167358,36329469,27.529296875,62.18040083517747
2014-06-05,27.43144989013672,27.483450753336925,26.963445910104504,27.06001785925642,33782496,27.44404411315918,72.16992839518727
2014-06-06,27.551795959472656,27.63747330616582,27.18531583074705,27.63747330616582,34735104,27.40619386945452,72.80275832617066
2014-06-09,27.838537216186523,27.87716751022304,27.537432336040965,27.592403593021725,29350361,27.42062623160226,71.92772020449108
2014-06-10,27.76078987121582,27.9118386612549,27.62955066539244,27.75880834447874,27034019,27.425296238490514,70.11771552735368
2014-06-11,27.67609977722168,27.727604310781288,27.48691704057573,27.634499087322865,22002242,27.460033689226425,64.41191844102784
2014-06-12,27.305164337158203,27.634004912076023,27.162037882085148,27.59983210460229,29169867,27.5053836277553,54.46668807218509
2014-06-13,27.325469970703125,27.352213002559537,27.01842048600984,27.35023147593761,24410836,27.555615288870676,49.256125096314214
2014-06-16,26.955028533935547,27.219488455483603,26.81834108547938,27.20166039913993,34051232,27.48755509512765,31.126928276014738
2014-06-17,26.89213180541992,27.006531810125395,26.70988251411373,26.95106422268768,28891103,27.393317358834402,32.843201446258234
2014-06-18,27.405202865600582,27.41461227487097,26.941160049686427,26.98375150300353,34835379,27.33141245160784,44.68891960324419
2014-06-19,27.48097419738769,27.4859261191896,27.164513431950887,27.448288482479484,49136535,27.291438783918107,46.132376514556704
2014-06-20,27.553279876708984,27.61369938648045,27.25771984990032,27.57754694638267,90166875,27.273893083844865,52.02463941304902
2014-06-23,27.97869110107422,27.98116706193169,27.44878243480384,27.493353519007705,30736155,27.370111192975724,66.78408313396012
2014-06-24,27.96234893798828,28.359830648753007,27.783566373548016,27.99057716572576,44142862,27.46109390258789,66.72812309360805
2014-06-25,28.657176971435547,28.722053975641863,27.992067858467504,27.99404749082641,39387843,27.70425796508789,69.20098718806766
2014-06-26,28.525936126708984,28.845367312533494,28.320410517573222,28.77355875761792,34839390,27.9376585824149,65.207974024984
2014-06-27,28.587345123291016,28.71759355288647,28.416981200347973,28.58437472786369,44738493,28.106536047799246,62.57487926109517
2014-06-30,28.490278244018555,28.702735394393265,28.464029648146987,28.657669874243968,26275943,28.250722340175084,62.171465087178596
2014-07-01,28.85626220703125,28.9419376548149,28.55812581874259,28.64083087113145,28959290,28.436862673078263,68.00120561775978
2014-07-02,28.83967018127441,28.993443074763757,28.74334450539517,28.88993768067372,21127848,28.559859684535436,76.24283765525874
2014-07-03,28.958282470703125,28.97214936850929,28.769596046906997,28.889940639384097,14283107,28.7021359034947,77.01567296816921
2014-07-07,28.8354606628418,29.04247335760299,28.703727033798188,28.910243399725065,21292298,28.72760500226702,83.88956110438889
2014-07-08,28.28277015686035,28.700654381347334,28.03737724061549,28.608143996886515,38190565,28.692867006574357,71.30171273840054
2014-07-09,28.529897689819336,28.56159264232133,28.197887805443116,28.30703847027245,22335153,28.68466023036412,68.75614693349924
2014-07-10,28.283266067504883,28.55515386293377,27.98166484585649,28.026235932378164,27134293,28.655087062290736,62.658185184248964
2014-07-11,28.68342399597168,28.766129053178584,28.299115808688857,28.32338287962249,32434806,28.630395889282227,66.1591553574769
2014-07-14,28.96521377563477,28.9820529621751,28.626469356553887,28.85279529809364,37081529,28.648330688476562,64.70975352825678
2014-07-15,28.96075439453125,29.011518220857734,28.553666281423364,29.008299661282837,32460877,28.64868382045201,64.93987540114455
2014-07-16,28.85576820373535,29.140037718065155,28.83298633007679,29.120228134425744,27942506,28.65158489772252,53.608689775165224
2014-07-17,28.413516998291016,28.7730617767258,28.1599516876228,28.70075689459877,60331186,28.670263017926896,48.16463366785538
2014-07-18,29.47085952758789,29.556040546870843,28.82308217142803,29.36784855715424,80283816,28.80468613760812,60.88470413519873
2014-07-21,29.193023681640625,29.43717766827546,28.98319026308586,29.305940377615705,41242922,28.93465151105608,58.288494806769506
2014-07-22,29.45401954650879,29.697182792159605,29.248988374492324,29.25493295430576,33983045,29.04473658970424,57.229254447741006
2014-07-23,29.515430450439453,29.608041246975183,29.343084991801547,29.37923932837128,24663528,29.123338971819198,58.08497169633499
2014-07-24,29.38517951965332,29.689753021213225,29.30693006198566,29.53870425088613,20702684,29.18397113255092,55.09332270143151
2014-07-25,29.17074012756348,29.311388731126257,29.07218664986464,29.23908384997892,18649061,29.228967121669225,53.91464883896498
2014-07-28,29.24899101257324,29.343087013384228,28.95942478270141,29.12369638404475,19736037,29.34832055228097,62.68695666111678
2014-07-29,29.001863479614254,29.204416792757627,28.898109914828854,29.15736974458356,26997920,29.281321116856166,56.19714373298227
2014-07-30,29.091501235961918,29.194512199235074,28.922128078113435,29.04841534765096,20329662,29.266817910330637,61.06887576783753
2014-07-31,28.30802726745605,28.90479447903556,28.228788939209355,28.75374570542097,42055146,29.103104727608816,45.347381460065876
2014-08-01,28.03415870666504,28.523953776384477,27.87469129337361,28.24859927081718,39105069,28.891494478498185,38.43792175776196
2014-08-04,28.38479232788086,28.49374408509358,27.936597916344063,28.181248250794315,28546159,28.74858202253069,43.41382066014905
2014-08-05,27.98463630676269,28.32684936364592,27.86280651866212,28.231268172891387,31024946,28.579138619559153,40.66846027674005
2014-08-06,28.049213409423828,28.263456957770483,27.73354639621669,27.82169969593872,26687069,28.407741819109237,45.754038331919496
2014-08-07,27.89995002746582,28.2233442681511,27.788025976853284,28.129742708610703,22218835,28.25032561165946,26.774898891828542
2014-08-08,28.167875289916992,28.241170933750222,27.75088140461509,27.90985439159391,29895854,28.118379047938756,34.799154931967536
2014-08-11,28.123798370361328,28.25305603551506,28.030693145144777,28.228294531510716,24294518,28.09206063406808,28.919456624049346
2014-08-12,27.868749618530277,28.025741076652555,27.77712959149308,27.957397355797774,30840441,28.068430764334543,25.413353883553015
2014-08-13,28.46551513671875,28.476411638234055,28.018311499772352,28.095570196103854,28784812,28.079962594168528,37.947504533099504
2014-08-14,28.459077835083008,28.620030451968358,28.27237105666198,28.534849438842052,19709966,28.147739955357142,40.13564688452086
2014-08-15,28.40113639831543,28.69332822801414,28.254543207415637,28.61805105309477,30383189,28.198014668055944,38.18134347485314
2014-08-18,28.831003189086918,28.94738471560311,28.525933364904574,28.531381615417487,25682318,28.331022262573242,47.7337514685838
2014-08-19,29.06376838684082,29.08754102270027,28.922129018131017,28.971653922049544,19573592,28.459006990705216,49.64561375116134
2014-08-20,28.94639587402344,29.05584395965622,28.85130912005976,29.01523592566878,20734771,28.576520919799805,59.83104267699849
2014-08-21,28.89093017578125,28.946892202769742,28.780491319636397,28.913217615188167,18296094,28.7225467136928,64.14610074075753
2014-08-22,28.85081672668457,28.983344112515507,28.755729965993893,28.90182683157993,15781209,28.777589797973633,58.57363725237684
2014-08-25,28.73393821716309,28.97165511361012,28.674509466647567,28.957788215718004,27228551,28.816855566842214,65.38924989305696
2014-08-26,28.61804962158203,28.81317505085938,28.55465971542022,28.78643201980068,32793789,28.847843170166016,61.44167024737589
2014-08-27,28.27831268310547,28.64924837072432,28.233889360898704,28.58882886375364,34067276,28.76888738359724,57.068809095010295
2014-08-28,28.18916893005371,28.38974260000225,28.085169100943745,28.206998879444104,25858801,28.643944604056223,50.42629886742885
2014-08-29,28.30802726745605,28.329818376039345,28.083635491154297,28.294656699397216,21675347,28.55274908883231,53.58103894582371
2014-09-02,28.59180450439453,28.616566010263107,28.287725407462386,28.32041112563669,31568434,28.51001685006278,63.89949540911016
2014-09-03,28.62201499938965,28.87211170882696,28.476414461663225,28.724033315503323,24302540,28.477330889020646,53.84623317498578
2014-09-04,28.82209014892578,29.02117673779297,28.6854027032051,28.72403110503577,29163850,28.489924022129603,58.146251850127086
2014-09-05,29.02513885498047,29.048415161095345,28.820604021830206,28.921139023499983,32647388,28.548079626900808,63.14685016809444
2014-09-08,29.20540809631348,29.306931971988405,29.03603493098388,29.05089259177128,28620362,28.68052182878767,58.81531911836031
2014-09-09,28.7740535736084,29.169750807320497,28.724032339036384,29.16479888506444,25744488,28.764076777866908,43.76204314093331
2014-09-10,28.877559661865234,28.89736924574324,28.57248979688194,28.798321326353207,19547521,28.84543854849679,48.50895864250365
2014-09-11,28.790889739990234,28.81367161249221,28.538811522266304,28.741861165050636,24420864,28.873879296439036,47.86195527756672
2014-09-12,28.507118225097656,28.805254639598537,28.449671000437828,28.773559684420185,32033708,28.857465471540177,43.34739927713603
2014-09-15,28.38231468200684,28.4739347065758,28.140140322961937,28.37439047055261,31951483,28.794640404837473,43.21481939506365
2014-09-16,28.721553802490234,28.798318062500563,28.360523845713452,28.365475767525485,29607064,28.751271111624582,51.83878990776571
2014-09-17,28.960264205932617,29.09645532946553,28.663366723101483,28.72452883591492,33856699,28.716250555855886,62.56618935585886
2014-09-18,29.183120727539062,29.19649129534225,28.9716524485221,29.0707003569366,28891103,28.774688720703125,67.45520111848984
2014-09-19,29.5203800201416,29.54018960187495,29.194511737593334,29.29355964626008,74732617,28.866520200456893,69.7738098793454
2014-09-22,29.089025497436523,29.414844533623747,28.895385268582935,29.40845666796707,33790518,28.90911102294922,57.73733308401673
2014-09-23,28.77999496459961,29.06327369955487,28.77355784483328,29.06327369955487,29428575,28.94809341430664,52.262059977485094
2014-09-24,29.11973190307617,29.20095176458524,28.749786932819184,28.796339549246945,34562632,29.05343873160226,54.09793015792979
2014-09-25,28.479381561279297,29.11923465242516,28.435801239095365,29.0979398729568,38519466,29.018842697143555,43.29357300160033
2014-09-26,28.58041000366211,28.686887686073785,28.459570990626798,28.52890547167484,28873054,28.96457781110491,42.1672992350376
2014-09-29,28.54376602172852,28.634393396298123,28.286733981407057,28.315458539948004,25648224,28.873241424560547,46.79707872739479
2014-09-30,28.59328842163086,28.71660340536024,28.3699347611862,28.571993641200688,32434806,28.740799767630442,45.98597785500824
2014-10-01,28.14311408996582,28.604184632318447,28.080713052671065,28.52643150011669,28909153,28.605669566563197,41.704716929977536
2014-10-02,28.23275375366211,28.323383023485118,27.897970469863672,28.09557186837056,23568530,28.52749225071498,46.302714451095234
2014-10-03,28.490278244018555,28.58660202824788,28.352600039474837,28.379839398599923,22834521,28.437570299421036,51.404652196958985
2014-10-06,28.59279060363769,28.773554681831225,28.44867529098563,28.66460104276621,24292512,28.453771591186523,48.21476832368725
2014-10-07,27.91876792907715,28.48978288872993,27.91876792907715,28.44669699923057,38226664,28.359251294817245,37.115477547815125
2014-10-08,28.352602005004883,28.420945730387874,27.609243461223187,28.00940007468401,39817018,28.33194214957101,40.23524346240697
2014-10-09,27.777130126953125,28.30258133548161,27.686995295870844,28.28722924067096,50496258,28.215348107474192,30.591077414836278
2014-10-10,26.96542739868164,27.987607133819736,26.943636290173437,27.620632590927904,61638766,28.04710715157645,28.202492727814402
2014-10-13,26.40679359436035,27.213543871380057,26.40134723813763,26.99018832909019,51633371,27.78625570024763,26.82781747283653
2014-10-14,26.641042709350582,27.099140923019466,26.404811042927676,26.688586082156064,44451708,27.52207919529506,25.288775253691995
2014-10-15,26.24930953979492,26.38649142272912,25.6683907253584,26.29784178668978,74387672,27.187296186174667,26.607765933608505
2014-10-16,25.975934982299805,26.21959456080345,25.50496057847104,25.703056410631376,74171079,26.90974862234933,23.63378888185605
2014-10-17,25.315282821655277,26.29635633913834,25.184538059872004,26.11163107998465,110787334,26.475845881870814,20.982781893816707
2014-10-20,25.79418182373047,25.83974556974664,25.163243666533308,25.23010219339796,52150788,26.192567552839005,26.644621670174175
2014-10-21,26.07647132873535,26.08885302927512,25.708505980992847,26.00961279795963,46725935,26.065573828560964,32.259173681025416
2014-10-22,26.38203430175781,26.733160443264,26.188394062792398,26.24237645581083,58385859,26.062036786760604,34.68064776683619
2014-10-23,26.940174102783203,27.100630406598956,26.53754151505697,26.7093906502578,46976621,26.10476984296526,37.77728180436993
2014-10-24,26.7321720123291,26.984744676278257,26.534568716848543,26.95899240709253,39462046,26.173750196184432,35.56892035109166
2014-10-27,26.781200408935547,26.9614681864048,26.59597881482171,26.59597881482171,23706909,26.288788114275253,40.22972425291945
2014-10-28,27.18383026123047,27.18779142004015,26.823294717308368,26.891638441065854,25419598,26.555723462785995,39.90762301202869
2014-10-29,27.205123901367188,27.445813069376683,27.08874237039088,27.238305945748746,35410955,26.757286616734095,44.537954709041564
2014-10-30,27.253660202026367,27.37697519119895,26.916895387137192,27.18630723904853,29113713,26.92545645577567,53.22190066063922
2014-10-31,27.687986373901367,27.712253444084,27.473545795405364,27.70135694231269,40701440,27.112021037510463,64.73069939209998
2014-11-03,27.496824264526367,27.62954865856985,27.39827078509789,27.51069116190866,27645693,27.19154248918806,59.937937175233415
2014-11-04,27.44185256958008,27.51069262569855,27.203641234742214,27.386881305966725,24884132,27.292925425938197,65.02371649774383
2014-11-05,27.03624725341797,27.57507091810008,26.943636462454524,27.57507091810008,40645286,27.329360689435685,62.927172294860355
2014-11-06,26.84409523010254,27.084039916428896,26.791103601182765,27.015448027824636,26665008,27.280827113560267,71.0429565750674
2014-11-07,26.79308319091797,27.050607750537036,26.67719609717777,27.050607750537036,32675465,27.221964154924667,65.58488553689102
2014-11-10,27.114002227783203,27.21800396177377,26.793580273459582,26.81537138358879,22692131,27.20201301574707,65.99478371837961
2014-11-11,27.252668380737305,27.33438456733308,27.05506698729288,27.16352620537448,19310873,27.139824731009348,64.1500040608999
2014-11-12,27.10508728027344,27.261087987035975,26.99910591389582,27.25762315695099,22593862,27.0838623046875,53.093027648437634
2014-11-13,27.009506225585938,27.228404302786704,26.915410229942115,27.228404302786704,26787343,27.022098541259766,55.43054683059061
2014-11-14,26.96097183227539,27.07388664712194,26.849542215228347,27.07388664712194,25790614,27.01134490966797,53.52082791678994
2014-11-17,26.57022476196289,26.9307602926961,26.448940562443493,26.92036012001813,34520517,26.97222055707659,37.92632380117425
2014-11-18,26.496931076049805,26.83914224766908,26.4543396189294,26.619255301872823,39253475,26.929913112095424,36.34460565270959
2014-11-19,26.593997955322266,26.655900769480997,26.25178490741342,26.49544447722472,27844237,26.855626787458146,37.514052661106504
2014-11-20,26.487024307250977,26.500891204640094,26.301310179020756,26.309728825468465,31267610,26.746249062674387,24.05306995059925
2014-11-21,26.619251251220703,26.84904390102029,26.57269864222683,26.822795306968896,44485801,26.676843915666854,30.544474448239782
2014-11-24,26.70691299438477,26.87678249853169,26.526150776411097,26.62668389468446,34127440,26.633616311209543,33.939405559603316
2014-11-25,26.79654884338379,26.940169724370023,26.673826814311976,26.69353788702496,35798014,26.610127312796457,43.92261319266521
2014-11-26,26.761388778686523,26.81982676115849,26.59657161747644,26.78664471690995,30459397,26.63743645804269,47.72166025300174
2014-11-28,26.83369445800781,26.8421131043333,26.574682793404197,26.773769381677003,22966883,26.68554551260812,51.105758544544955
2014-12-01,26.43601417541504,26.81289447116007,26.33993855148189,26.68858872363965,42307838,26.6629764011928,32.28051600013154
2014-12-02,26.433536529541016,26.52020463260086,26.23791667541493,26.42165115951703,30533600,26.65533529009138,26.950873799538556
2014-12-03,26.31319236755371,26.544767631560944,26.211172176067528,26.31913505223251,25559983,26.611612592424667,27.370410785084132
2014-12-04,26.609844207763672,26.61133129986542,26.17799266141557,26.30527069586175,27842232,26.597745622907365,39.75624780007036
2014-12-05,26.01307487487793,26.39094589441612,25.964542633529405,26.297344346930632,51312493,26.485820770263672,31.034435384710434
2014-12-08,26.09825897216797,26.29734555141193,25.940276753789487,26.10568685487391,46587556,26.39108794076102,39.24138470769307
2014-12-09,26.41472053527832,26.455330465855877,25.777345240578963,25.858563207349096,37426473,26.331234523228236,48.31300685725021
2014-12-10,26.052698135375977,26.561310157269908,26.027934736625223,26.400357537314253,34245764,26.27647508893694,39.98169999428122
2014-12-11,26.16561508178711,26.44196038864607,26.10420480310901,26.138872048684146,32216207,26.23820059640067,44.06446172585026
2014-12-12,25.68621635437012,26.17353545895774,25.68621635437012,25.926409182614407,39891221,26.1486325945173,34.72773172103874
2014-12-15,25.44552993774414,25.906104134076337,25.419281342100817,25.888276078822344,56268061,25.98230198451451,30.33817034100059
2014-12-16,24.533788681030277,25.408386342754465,24.21732981244693,25.334596267573485,79285081,25.77097538539342,21.924662150649155
2014-12-17,25.004270553588867,25.10876671947883,24.604115840779656,24.613525250615872,57663883,25.614691325596404,30.32396273403353
2014-12-18,25.311817169189453,25.448999056629816,24.99486193707857,25.403437203770213,58534266,25.457133701869424,33.81106696143071
2014-12-19,25.57181930541992,25.639666702227817,25.10435898198802,25.33212088393451,73804074,25.388436726161412,40.529755313291986
2014-12-22,25.993764877319336,26.07250877554719,25.558446587585376,25.558446587585376,54475152,25.36388669695173,45.5865299839247
2014-12-23,26.277040481567383,26.473651092024465,26.06408511992012,26.09924868871846,43952341,25.448290143694198,49.64867548023989
2014-12-24,26.186908721923828,26.33493785407591,26.10024061176453,26.27308050323369,14118657,25.55420139857701,45.71803200179203
2014-12-26,26.44740295410156,26.45829945508309,26.114601233059837,26.186906109531108,20810980,25.827574866158617,54.71860915693606
2014-12-29,26.264162063598636,26.51921254386608,26.248364789821757,26.356278412642236,45570772,26.007559367588588,51.76479658812625
2014-12-30,26.26861953735352,26.30477197440885,26.10568540621264,26.153228778292803,17525986,26.144245420183456,48.335350787024296
2014-12-31,26.069536209106445,26.376587586614956,26.03982088746904,26.30972906012325,27364925,26.215347834995814,50.19924814745265
2015-01-02,25.99079132080078,26.31071882031878,25.95562964389884,26.19879288117771,28951268,26.21492304120745,47.91441022439123
2015-01-05,25.448997497558597,25.967020824027134,25.40888389832373,25.914029196570382,41196796,26.09663118634905,47.211568858247844
2015-01-06,24.85916519165039,25.563152743019263,24.8140996677535,25.50496102571023,57998800,25.90695353916713,43.63030824912209
2015-01-07,24.816574096679688,25.120850190731755,24.744763650301703,25.108765909795647,41301082,25.673977988106866,53.78701226517793
2015-01-08,24.89482307434082,24.93444224126793,24.316380206189077,24.66255442952079,67071641,25.478358132498606,48.362245626052456
2015-01-09,24.572418212890625,25.005753030201028,24.50407449601518,24.99783071337942,41427428,25.236043657575333,38.984735514082395
2015-01-12,24.39314079284668,24.562811368824818,24.146014504927287,24.511503850488506,46535413,24.996558598109655,32.007777247881464
2015-01-13,24.57291603088379,24.909678951252754,24.38521847443088,24.70464966677946,47409807,24.79400498526437,26.5795579589398
2015-01-14,24.80518341064453,24.922059379315137,24.41542698523289,24.4971431707972,44714427,24.702031544276647,25.323818581011665
2015-01-15,24.85074615478516,25.04339563062503,24.65116323008768,25.037947379555504,54316718,24.70082882472447,27.258933672674416
2015-01-16,25.162254333496094,25.167702584826177,24.762097701643736,24.76259403052012,45965854,24.750211715698242,28.500509896068024
2015-01-20,25.10381507873535,25.38114924355188,25.060035843029198,25.306864727336148,44640224,24.780067716326034,29.742453484856327
2015-01-21,25.65551376342773,25.71692403692912,25.069146716920944,25.12114758090012,45374234,24.93479565211705,41.01341596653211
2015-01-22,26.465234756469727,26.561312280554752,25.737726507076665,25.825877924318387,53538588,25.23080907549177,54.91934045838598
2015-01-23,26.74058723449707,26.85053164829762,26.396394555898333,26.524663354396445,45634948,25.540476390293666,58.88705269035739
2015-01-26,26.505842208862305,26.69353975157172,26.231480349241775,26.670263445243855,30874534,25.78342764718192,63.50971588905902
2015-01-27,25.68473243713379,26.282490412306142,25.662941328538395,26.2463360779983,38080263,25.902568544660294,59.96411550993591
2015-01-28,25.257339477539062,25.90065932991117,25.257339477539062,25.890259156793583,33676205,25.916152136666433,54.86764212736486
2015-01-29,25.29002571105957,25.31132049218927,24.82152726551159,25.30686489880638,83727244,25.942753655569895,54.408833327375454
2015-01-30,26.4716739654541,26.736628336764888,25.53071398480318,25.547553173198835,112127002,26.05934797014509,67.77934942411918
2015-02-02,26.17254638671875,26.396394478005192,25.680769763096613,26.333499006636576,56996054,26.01753534589495,66.2918354053483
2015-02-03,26.21018409729004,26.416204133332432,25.914029229887618,26.148773823473352,40773638,25.941763469151088,65.39104809021191
2015-02-04,25.88926887512207,26.380153266634878,25.81547879300678,26.21018526120388,33273101,25.853681564331055,60.023822700416325
2015-02-05,26.127973556518555,26.17353730116767,25.85608575827827,25.940277904604592,36995292,25.917001724243164,61.402417199722215
2015-02-06,26.297346115112305,26.60439558369612,26.07002940906658,26.130945247223224,35270570,26.065574101039342,60.39737191253359
2015-02-09,26.140357971191406,26.346874358139072,26.05071945908216,26.148776618383035,25355423,26.187050138201034,59.32629282575963
2015-02-10,26.59152030944824,26.629159842581977,26.09528808513657,26.21315481783816,34997823,26.20417104448591,58.576886064825665
2015-02-11,26.543481826782227,26.6663023728343,26.415114521948645,26.510299782104312,27555446,26.257161821637833,50.83332317680085
2015-02-12,26.88817024230957,26.981771801297363,26.47925020746752,26.60687491965144,32404724,26.354016985212052,51.548869374999505
2015-02-13,27.18927764892578,27.23384873525537,26.898074706920564,26.90897120847479,38006060,26.53973252432687,57.07405191866905
2015-02-17,26.88371467590332,27.23830754031224,26.797046565642624,27.08131607291279,32336537,26.647695541381836,63.89308320661978
2015-02-18,26.728206634521484,27.01495208387915,26.619747421672663,26.81239877810593,29061570,26.709247044154576,68.18962776220488
2015-02-19,26.88519859313965,26.89708396358504,26.64451131688879,26.645996514598256,19782163,26.81565284729004,69.1384592571167
2015-02-20,26.691064834594727,26.928781723485084,26.53506223826751,26.898075638677945,28887092,26.829873493739537,53.449607846430325
2015-02-23,26.342416763305664,26.566711953100413,26.21860543966196,26.54744605715267,29157834,26.801149913242885,52.630012278765186
2015-02-24,26.54942321777344,26.584090458467937,26.161153910764533,26.24782011811604,20101036,26.752757481166295,54.990530117033785
2015-02-25,26.934724807739254,27.05110634565396,26.51748273906848,26.54001644776052,36519991,26.71639278956822,65.093720294186
2015-02-26,27.50969886779785,27.54238647947733,26.81735233036918,26.902038913534582,46230579,26.80581910269601,68.18306405946919
2015-02-27,27.6543083190918,27.96680602942291,27.38192420609496,27.44828829307556,48203982,26.938119343348912,67.97433706527562
2015-03-02,28.29515266418457,28.335266262229823,27.67164243012443,27.75979573219942,42592618,27.139541353498185,75.29946643579743
2015-03-03,28.409059524536133,28.49572573848615,28.05644630020773,28.251077297332007,34095352,27.38496916634696,73.17508324813154
2015-03-04,28.39568519592285,28.58090487678533,28.1302364262096,28.32139879205531,37536775,27.678293228149414,73.82771400304654
2015-03-05,28.49275779724121,28.62053027974367,28.397671034301933,28.47740380645301,27792094,27.95591245378767,72.04684088209797
2015-03-06,28.11414337158203,28.559613686359214,28.06833335362801,28.470469611639903,33182854,28.12440082005092,62.44253395615799
2015-03-09,28.171836853027344,28.24216020332776,27.908615882240696,28.07328148695388,21242161,28.21899196079799,68.56790464245043
2015-03-10,27.486425399780277,27.973742674794227,27.47255850173795,27.944029246407084,35846146,28.19500868661063,59.48109362247544
2015-03-11,27.29674530029297,27.64143431746496,27.271983795160025,27.49286149789746,36415706,28.052379063197545,55.10442871627648
2015-03-12,27.51118469238281,27.553774252041944,27.26108611326359,27.41213678175308,27792094,27.924111230032786,60.1209965384501
2015-03-13,27.10558319091797,27.654310728880077,26.952058447662,27.41164191411308,34071287,27.739810943603516,59.28758484586964
2015-03-16,27.461658477783203,27.577545569594676,27.040207128130334,27.28535187921666,32819860,27.5925110408238,60.71302495107981
2015-03-17,27.279905319213867,27.426496597723236,27.13925672557545,27.3229912053168,36110871,27.473334176199778,54.2572300975305
2015-03-18,27.70878791809082,27.722654815937737,27.08973512039821,27.362117366302783,42690887,27.4071843283517,52.547225432623236
2015-03-19,27.634004592895508,27.77316609896709,27.542630837329806,27.703337181524883,23945563,27.428267070225306,49.73549995602014
2015-03-20,27.75137710571289,27.81873196176307,27.68650199953108,27.815265237348168,52337299,27.493214470999582,41.797418284913924
2015-03-23,27.67461204528809,27.850424210049987,27.527030001953253,27.754843027886334,32876014,27.516561235700333,38.795680077096605
2015-03-24,28.23819732666016,28.45610461583727,27.793471562435634,27.860328189079915,51665459,27.678363255092076,47.94280341214245
2015-03-25,27.673377990722656,28.34071676442878,27.671150194026133,28.253554218677223,43045859,27.708608899797714,40.46229530471339
2015-03-26,27.494348526000977,27.67907189233821,27.27049663947939,27.614194892543814,31452115,27.73924364362444,42.43394536810796
2015-03-27,27.156095504760746,27.49979374358959,27.145695332070613,27.386878936085907,37949906,27.660287584577286,38.39537751016444
2015-03-30,27.338842391967773,27.41015651201406,27.147678116021684,27.318536480086355,25750504,27.618121555873326,48.09510679573403
2015-03-31,27.139259338378903,27.471566655040714,27.075867536344585,27.23830725307168,31760961,27.5306761605399,47.972469909221765
2015-04-01,26.869848251342773,27.29476448037168,26.71830313793089,27.16897353045136,39261497,27.415709904262,41.858446977786386
2015-04-02,26.521690368652344,26.785159512917968,26.43834122601112,26.785159512917968,34327989,27.170494624546595,42.4779691735516
2015-04-06,26.58285522460937,26.664323251561648,26.226528983530084,26.35776818760402,26488525,27.014705657958984,37.747798440426706
2015-04-07,26.595481872558597,26.876284652854636,26.544968099028488,26.647979067085732,26057345,26.886296136038645,39.985554706525605
2015-04-08,26.822797775268555,26.933732952022268,26.66283591862437,26.66283591862437,23570536,26.838682174682617,36.22362548846079
2015-04-09,26.78169250488281,26.839636052292867,26.519710455465532,26.79407230945092,31157308,26.75908933367048,36.6070213654899
2015-04-10,26.743558883666992,26.85647369021441,26.60984373191547,26.85647369021441,28189181,26.702560697283065,33.75899900842619
2015-04-13,26.701961517333984,26.944135912709708,26.60984704452352,26.66432387526101,32906096,26.67857687813895,34.1460290535973
2015-04-14,26.267135620117188,26.622719217675588,26.153330455478603,26.5573477882732,52082601,26.6422119140625,16.464515609808558
2015-04-15,26.37311744689941,26.4820710941066,25.9120488143436,26.183440274728,46376979,26.61224937438965,23.78435916348171
2015-04-16,26.43601417541504,26.52466381059084,26.22850893803895,26.242870269867904,25997180,26.589468274797714,27.613708251029536
2015-04-17,25.95315361022949,26.239897169809005,25.802599270362137,26.181459186616664,43037837,26.465233394077845,26.0218016801405
2015-04-20,26.51426315307617,26.54942483032277,25.975439480719924,26.02991630592225,33585958,26.42702920096261,35.7179621526013
2015-04-21,26.444435119628903,26.712856201528517,26.42982372877197,26.61974907729313,36895018,26.384297234671454,37.398977495209174
2015-04-22,26.71161651611328,26.796551261411945,26.3344899552774,26.46572914976387,31871263,26.38567652021135,47.12805710167064
2015-04-23,27.089733123779297,27.28584931145624,26.754455427802448,26.792589394070852,83697161,26.50319044930594,60.199190689366056
2015-04-24,27.984140396118164,28.28524717890389,27.597356271419404,28.03564493039927,98650102,26.733336584908617,69.3655380161076
2015-04-27,27.57976531982422,28.105171095088487,27.472003231170905,27.97804081456752,47960000,26.8967296055385,62.27367171267433
2015-04-28,27.49584007263184,27.61204543420341,27.331265380144963,27.54351416427068,29820000,27.117113385881698,58.70385846030596
2015-04-29,27.26740264892578,27.49583894306037,27.15939050669806,27.33643024487951,33976000,27.22470474243164,55.99098289460191
2015-04-30,26.68439102172852,27.243067823224123,26.570669209558844,27.20731131067723,41644000,27.258984157017302,49.35666892164019
2015-05-01,26.712203979492188,26.793645485502758,26.424174104870275,26.73852267045087,35364000,27.259068080357146,50.11170093271319
2015-05-04,26.855222702026367,27.01860582157513,26.57116726474395,26.74348809222156,26160000,27.2255665915353,56.84943101163213
2015-05-05,26.35961532592773,26.803575787132605,26.33930373132364,26.72759579866205,27662000,26.993491581508092,49.855826315414305
2015-05-06,26.03285217285156,26.43807816505833,25.8771678281464,26.38146636494189,31340000,26.772503989083425,45.92473799504656
2015-05-07,26.35464859008789,26.491711126165782,25.910189899905728,26.021428181065808,30926000,26.60947663443429,54.195007180371846
2015-05-08,26.728090286254883,26.873596083911416,26.07158367633857,26.650124987808702,30552000,26.532432011195592,52.32535901840718
2015-05-11,26.602951049804688,26.914817971521018,26.5880536060538,26.73554474009663,18106000,26.520797729492184,51.703360893286856
2015-05-12,26.27221298217773,26.479246522325308,26.084498379538623,26.399343260394588,32684000,26.457941872732977,45.341937164051835
2015-05-13,26.30101585388184,26.53451772915312,26.25309360060634,26.34769539070286,25046000,26.378769465855186,40.970148634478385
2015-05-14,26.73703384399414,26.766830626011625,26.43956993023525,26.507106650669183,28078000,26.432686397007533,34.04780853554463
2015-05-15,26.511075973510746,26.780432864153696,26.33875515514869,26.775765100022344,39426000,26.50100408281599,35.676212943690274
2015-05-18,26.434106826782227,26.55924990279684,26.262778643391947,26.41970571167682,40068000,26.512355259486608,35.742861621334754
2015-05-19,26.68538475036621,26.849264194686917,26.470853244013707,26.51753278102192,39338000,26.50625446864537,42.23221117938427
2015-05-20,26.780235290527344,26.96149571977814,26.467476134267116,26.74150080271978,28616000,26.531580788748606,51.470818951992406
2015-05-21,26.941133499145508,27.00718122490693,26.616852710508205,26.7146825299194,29254000,26.627140862601145,53.37526792639173
2015-05-22,26.821950912475582,27.024562949059057,26.792154133267506,26.823936227791886,23524000,26.701560156685964,49.50597844248965
2015-05-26,26.435096740722656,26.766828154521807,26.31392620272242,26.723126590474976,48130000,26.65842628479004,51.15815584737891
2015-05-27,26.806060791015625,26.84380262289569,26.40480732044488,26.458935582368746,30500000,26.70056697300502,61.70502856786472
2015-05-28,26.80556297302246,26.846780999044,26.63026228022187,26.71766351501164,20596000,26.753632136753627,57.561637473588036
2015-05-29,26.424671173095703,26.748455679475768,26.39189641710229,26.685884140809662,51948000,26.716387340000697,44.92447606084797
2015-06-01,26.518028259277344,26.657077996951923,26.307967507900887,26.657077996951923,38086000,26.67892919267927,48.564164349068925
2015-06-02,26.775768280029297,26.965470101402147,26.385936047756463,26.46539223858962,38780000,26.65530558994838,58.72936097723563
2015-06-03,26.83187866210937,26.990294684843807,26.67296631059425,26.81201603895848,34340000,26.656723839896067,59.11643687098786
2015-06-04,26.652606964111328,26.845784956211435,26.534416298577707,26.705248127981317,26966000,26.68779672895159,48.40993410408278
2015-06-05,26.485254287719727,26.677439629913025,26.445028919990477,26.6352270524848,27764000,26.64196722848075,49.5027057684367
2015-06-08,26.162464141845703,26.52448679129173,26.133165584019125,26.4842633153877,30412000,26.55009596688407,45.22098967348009
2015-06-09,26.1555118560791,26.280158598337135,25.972762432405272,26.19871709409058,29106000,26.511644635881698,39.801167443738734
2015-06-10,26.65211296081543,26.73504534432558,26.28760867308328,26.288105001935204,36300000,26.53079959324428,47.86424627507736
2015-06-11,26.54882049560547,26.76583555642221,26.4698606350129,26.738274149264008,24350000,26.49837848118373,43.33222465785041
2015-06-12,26.435596466064453,26.474827284100375,26.32783248350655,26.399343621178005,19116000,26.4417667388916,43.420169601307684
2015-06-15,26.18083953857422,26.23546602305974,26.02192716246267,26.22056668540963,32654000,26.3743713923863,45.46585034013604
2015-06-16,26.228012084960938,26.30200675182685,26.09939283491329,26.240427882365932,21436000,26.337622506277903,38.34584384421334
2015-06-17,26.28313446044922,26.36855037134585,26.076548022180457,26.288597865870184,25884000,26.354861123221262,39.69420842680181
2015-06-18,26.654098510742188,26.724615091023065,26.35911627396332,26.369544862359145,36662000,26.42608778817313,54.54364141019619
2015-06-19,26.65211296081543,26.729583832569453,26.46936354090496,26.677937216195083,37870000,26.42608778817313,52.755161788693734
2015-06-22,26.72660255432129,27.00221660338708,26.6938259079749,26.796126477619897,25006000,26.451485225132533,48.90746999431207
2015-06-23,26.84032440185547,26.89092720952165,26.580602346829984,26.79861004782697,23950000,26.509303501674108,50.18299063226826
2015-06-24,26.70922088623047,26.81648663575748,26.60096247907754,26.81648663575748,25732000,26.584786551339285,51.2527814263188
2015-06-25,26.57960700988769,26.86118078564992,26.57960700988769,26.76037109972466,26714000,26.635014397757395,52.12334894038579
2015-06-26,26.403812408447266,26.70525073051544,26.38692775538488,26.68042102697132,42182000,26.652254104614258,55.81619614079924
2015-06-29,25.89876747131348,26.250857832226195,25.85010072552714,26.07208094887284,38756000,26.544349670410156,45.010578723644066
2015-06-30,25.848609924316406,26.13365990204221,25.84811359549448,26.122238655983445,44344000,26.429563522338867,31.106883409620323
2015-07-01,25.91465950012207,26.10585219575648,25.735388168988656,26.05817810406221,39220000,26.313571657453263,34.822881964827445
2015-07-02,25.992128372192383,26.05420357351168,25.876917571452765,25.876917571452765,24718000,26.192400796072825,39.20185547609737
2015-07-06,25.965312957763672,26.08400185584924,25.77362583135976,25.79845553444194,25610000,26.08612823486328,44.09679340500894
2015-07-07,26.07257843017578,26.13018478043007,25.58392374104612,25.97872113058195,31944000,26.013695580618723,45.87839724214947
2015-07-08,25.665861129760746,25.9590550748303,25.630106509878058,25.87542745510364,25934000,25.90827396937779,36.204284473196736
2015-07-09,25.857053756713867,26.0105027189402,25.840665433311727,25.97822429535344,36846000,25.90231486729213,30.630000899246326
2015-07-10,26.32634162902832,26.447015836493414,26.09889799868226,26.13564716981953,39134000,25.97056225367955,43.548374911799044
2015-07-13,27.14176177978516,27.169571350130205,26.4390719053438,26.46290705616678,44130000,26.145862579345703,56.3564491984607
2015-07-14,27.864316940307617,28.10015269583881,27.149707625008205,27.152189269127877,64882000,26.41331808907645,63.21455664640263
2015-07-15,27.82061767578125,28.132632354030616,27.65028405023988,27.816148821611733,35692000,26.678361620221818,64.67352162302913
2015-07-16,28.79544448852539,28.83666251284191,28.05799079893845,28.063950533495845,95366000,27.067342485700333,73.91727197376996
2015-07-17,33.41781234741211,33.49419015523198,32.030804390770854,32.22944579590941,223298000,28.17476408822196,88.6281597548878
2015-07-20,32.92568588256836,33.21669374247945,32.42858786876882,32.73797126404822,117218000,29.184568677629745,88.75444992593361
2015-07-21,32.889923095703125,33.42128661512699,32.4926403308686,32.537832770348146,67544000,30.122223172869003,88.89559682587449
2015-07-22,32.8799934387207,33.701372200606336,32.726048145962466,32.81990355037788,78586000,30.941970552716935,88.71593416647605
2015-07-23,31.99505424499512,32.955977298670355,31.832167436476976,32.83877927001638,60582000,31.53207588195801,80.61809350475708
2015-07-24,30.966089248657227,32.18822696816312,30.91444263615959,32.130122397920395,72514000,31.981428963797434,73.14090953141603
2015-07-27,31.14983367919922,31.49944050289263,30.814129745681782,30.83895944748537,53508000,32.317770276750835,73.3296839401107
2015-07-28,31.186582565307617,31.426442005744303,30.953677411895026,31.426442005744303,34546000,31.999023165021622,76.26022302674171
2015-07-29,31.381746292114254,31.452759201677097,30.920899295652863,31.226310122809974,31502000,31.778460366385325,76.26918814402603
2015-07-30,31.41452407836914,31.545130558383185,30.891107394953604,31.28590480822883,29484000,31.567689078194753,75.24143630401909
2015-07-31,31.067895889282227,31.430414862423888,31.06243248312885,31.354434871439302,34122000,31.308817999703543,70.42683671093815
2015-08-03,31.345991134643555,31.437664209077603,31.05448697387808,31.05448697387808,26090000,31.216094698224747,68.99279701242699
2015-08-04,31.2486572265625,31.52476761193489,31.14486766762827,31.207439200292317,29818000,31.256461552211217,68.59142598124058
2015-08-05,31.970218658447266,32.17283448603613,31.44282948965422,31.50093027345457,46686000,31.37365940638951,67.70423256089016
2015-08-06,31.91559410095215,32.04962941575127,31.39763893755337,32.03080680660064,31452000,31.477803911481583,32.92313323032798
2015-08-07,31.54909896850586,31.915590433181816,31.271499614365588,31.793925466276956,28078000,31.501711436680385,33.89116501395881
2015-08-10,31.471134185791016,31.953334679596637,31.34792718766839,31.75668048869113,36184000,31.50979859488351,33.55969708542857
2015-08-11,32.81444549560547,33.51564451419277,32.49115733440412,33.23258172341467,100584000,31.759305681501115,49.41976062382064
2015-08-12,32.75385665893555,33.02400730018618,32.39282480046153,32.92865912356369,58734000,31.960429327828543,57.86486222538879
2015-08-13,32.59941101074219,32.99917545821238,32.36158994255434,32.74203545380198,36214000,32.153394154139924,70.6776608696618
2015-08-14,32.632686614990234,32.768506438781564,32.41120270349745,32.5279043943148,21442000,32.24803243364607,69.51628143297094
2015-08-17,32.81891250610352,32.84424043317285,32.34068638635094,32.61679678472118,21034000,32.37707792009626,70.6702953944817
2015-08-18,32.583526611328125,32.97435341967012,32.4509348069896,32.87006751801227,29122000,32.5248532976423,65.06475838439962
2015-08-19,32.82040023803711,33.12332753848405,32.4871817230534,32.60686517220939,42682000,32.71760559082031,66.76532134798742
2015-08-20,32.12168502807617,32.9241957787785,31.926521694005896,32.550251752336216,57106000,32.6186398097447,61.59310233398448
2015-08-21,30.41585731506348,31.78498610552119,30.408408593681937,31.771579543665357,85304000,32.28463990347726,42.21336421217756
2015-08-24,29.280126571655277,29.76282339343507,28.060474284868658,28.455271652438228,115406000,31.81045641217913,35.961180663676515
2015-08-25,28.905193328857425,30.662665222051203,28.858015570715104,30.53652950697941,70760000,31.277957371303014,27.00448532139086
2015-08-26,31.21737098693848,31.37082184323704,29.748919623798905,30.310079988295644,84718000,31.049165725708008,46.087049284344886
2015-08-27,31.663816452026367,31.96078400646886,30.88862091962215,31.752706671321253,69826000,30.91777856009347,50.637184720957706
2015-08-28,31.30477333068848,31.62756515488086,31.015752706478946,31.425945767761625,39574000,30.70126043047224,49.103946923692554
2015-08-31,30.7023983001709,31.57393475218173,30.67409239931396,31.16374167103772,43534000,30.498505183628627,37.63734257811393
2015-09-01,29.68634605407715,30.43472463351124,29.50310032538076,29.913293343961755,74042000,30.39428928920201,33.850969659372595
2015-09-02,30.50822639465332,30.50822639465332,29.781699416385443,30.07369992856801,51512000,30.569732121058873,39.71374032552146
2015-09-03,30.10647392272949,30.774900052429796,29.936189559657134,30.64032105570023,35192000,30.741343634469168,38.00858118856433
2015-09-04,29.830860137939453,29.968419003351595,29.560213155488384,29.7960981749528,41780000,30.543270656040736,35.93567361713356
2015-09-08,30.524112701416016,30.606052417257317,30.000694208630357,30.416350627720348,45590000,30.380455834524973,40.70718055917034
2015-09-09,30.42777633666992,31.113087152118585,30.27283648366079,30.8498888807413,34042000,30.255170549665177,39.06492610772164
2015-09-10,30.856340408325195,30.99588647705031,30.36371321437856,30.44664559286773,38106000,30.277162279401505,44.070541610916415
2015-09-11,31.075838088989254,31.07633441779677,30.661176208542354,30.776883335390615,27470000,30.47566114153181,53.593235968497616
2015-09-14,30.950199127197266,31.080307368786453,30.76099365777773,31.072362318987743,34046000,30.5388001033238,60.21630685919144
2015-09-15,31.541154861450195,31.717944535805422,30.977014640236888,31.122022220503226,41688000,30.743754523141043,65.70972448022181
2015-09-16,31.58287239074707,31.680702221346568,31.40111562112411,31.55754635757088,25730000,30.994041987827845,52.986549399909705
2015-09-17,31.926517486572266,32.32379649540007,31.53519442347892,31.67275327957351,45494000,31.194385528564453,52.183235070239334
2015-09-18,31.2486572265625,31.78250435833336,31.13791527511004,31.623095659253305,102668000,31.311654227120535,49.55710461640268
2015-09-21,31.55605125427246,31.608194194649496,31.084281252465544,31.504404642701196,35770000,31.411612919398717,57.06647501061014
2015-09-22,30.922887802124023,31.16423622776372,30.56235415019964,31.1369229862065,51258000,31.38976287841797,60.928780461490746
2015-09-23,30.9064998626709,31.23276788449501,30.78930184469384,30.89110609074316,29418000,31.383520126342773,54.10440573488538
2015-09-24,31.07732963562012,31.15281139805965,30.41188340303324,30.622442379401477,44802000,31.31725937979562,60.505147234857624
2015-09-25,30.390527725219727,31.27447987033536,30.34235730891256,31.27447987033536,43480000,31.146924427577428,55.56103479553232
2015-09-28,29.54233169555664,30.52138194369905,29.268704866539917,30.3095821500713,62554000,30.806326457432338,40.53611798743583
2015-09-29,29.546306610107425,30.044397203217947,29.310419710310786,29.6610210811294,46190000,30.56313351222447,41.34902652587828
2015-09-30,30.214235305786133,30.231119957888616,29.83235005412735,29.95898210331869,48268000,30.371445519583567,43.981008014166036
2015-10-01,30.356761932373047,30.39648907780923,29.78864916587202,30.211754346918944,37352000,30.290570395333425,43.160801874179384
2015-10-02,31.1324520111084,31.153805516300302,29.95153232400516,30.153649918881,53696000,30.32284927368164,51.54266683930646
2015-10-05,31.855504989624023,31.931981304000637,31.136921264127885,31.385222068635468,36072000,30.434017181396484,52.60259409828113
2015-10-06,32.05265808105469,32.2418654724693,31.61018656167393,31.724901049219856,43326000,30.671464375087194,53.79189391324535
2015-10-07,31.899703979492188,32.30934957584556,31.39267373458887,32.24136767653489,41854000,31.00823184422084,49.776699769361265
2015-10-08,31.74078941345215,32.00349133774603,31.065410905285116,31.850042376357067,43642000,31.321729387555802,54.48618998554439
2015-10-09,31.96177673339844,32.0799674030877,31.5499943023942,31.78250351917543,32974000,31.57137816292899,53.757718429296794
2015-10-12,32.113731384277344,32.20460879839115,31.73333518422564,31.88628779023641,25504000,31.82237379891532,62.1085842375167
2015-10-13,32.39332580566406,32.66704926418036,31.938934862174904,31.938934862174904,36154000,32.002498626708984,64.35005274096544
2015-10-14,32.33671188354492,32.74541786256158,32.22199929627389,32.43851613165314,28310000,32.07124246869768,62.42890751265985
2015-10-15,32.86212158203125,32.93114918570617,32.50059334391366,32.51052749929187,37714000,32.186880111694336,75.19488786583642
2015-10-16,32.88496398925781,33.022522867347185,32.63666314825015,32.97981585013774,32222000,32.32763154166086,90.96767286117434
2015-10-19,33.07863235473633,33.11438697223595,32.75484790449789,32.83430218907822,29546000,32.51875196184431,91.36899789039903
2015-10-20,32.29301071166992,33.01010358611205,31.990829802129586,32.976334281264414,49964000,32.56607110159738,73.69253531347023
2015-10-21,31.9121150970459,32.57060700747085,31.868411642021176,32.48519299012561,35822000,32.53726877485003,66.81334605076995
2015-10-22,32.36799240112305,32.66644889797234,31.9816364612227,32.11522088204572,81420000,32.53364971705845,64.34826253697378
2015-10-23,34.86143112182617,36.2519171299912,34.83660331486189,36.12776672886109,133078000,32.89432389395578,74.73636296571847
2015-10-26,35.39677429199219,35.713110075687354,34.82468894760341,34.83909006283253,54332000,33.25641713823591,76.06841114247345
2015-10-27,35.18372344970703,35.43848029254233,34.98806382927722,35.12860064622085,44916000,33.58481134687151,75.36230773944482
2015-10-28,35.40521240234375,35.40670138886372,34.91506683461957,35.12612404347836,43578000,33.917179925101145,78.02923646087037
2015-10-29,35.60236358642578,35.66890574759534,35.25921093145292,35.28354619884414,29120000,34.38994462149484,77.94882773170521
2015-10-30,35.29894256591797,35.656000031725405,35.26119883999853,35.54326897159622,38176000,34.87377711704799,73.89714699803153
2015-11-02,35.81044006347656,35.835767989246825,35.05262549341451,35.31135679078555,37726000,35.36555535452707,74.77490957385903
2015-11-03,35.86258316040039,35.98623344391674,35.49310992998162,35.69870372164515,31308000,35.508577074323384,75.58000771590844
2015-11-04,36.15806198120117,36.405866482333565,35.84967504794422,35.85463833662985,34134000,35.617332458496094,74.73717090533458
2015-11-05,36.31399154663086,36.72269368840334,36.22559576580086,36.22559576580086,37232000,35.77879932948521,75.2319693252567
2015-11-06,36.43864059448242,36.52058031733012,36.10343298181184,36.32640965768146,30232000,35.92643192836216,74.97780994194004
2015-11-09,35.99815368652344,36.48581759399499,35.72701038679302,36.26184826512942,41396000,35.98297337123326,79.03329463347328
2015-11-10,36.16849136352539,36.28121863357601,35.68082742677865,35.9738243674174,32160000,36.10719462803432,84.49087190120838
2015-11-11,36.52008438110352,36.79818008192554,36.263342186682486,36.37408413817196,27328000,36.20857238769532,84.22424548852702
2015-11-12,36.31300354003906,36.63926967716835,36.184632435942,36.30158039858187,36744000,36.27291815621512,69.20246302783667
2015-11-13,35.6063346862793,36.30902643417474,35.5929262303502,36.21070028320781,41510000,36.19409997122629,52.65200704820294
2015-11-16,36.20027160644531,36.22658839926328,35.32476275467799,35.536808816244815,38118000,36.17785426548549,61.73338194319687
2015-11-17,36.018516540527344,36.3435437402673,35.90563772017167,36.2166616265194,30218000,36.11783654349191,57.14452040428169
2015-11-18,36.74851989746094,36.818540150021214,36.10293627564632,36.13174229156623,33686000,36.22503171648298,61.877312545460256
2015-11-19,36.669559478759766,36.8478362355955,36.620888946641095,36.685945906551545,26542000,36.296612875802175,64.89632246792902
2015-11-20,37.5728759765625,37.638425473166734,36.89749754955379,37.07279632470463,44246000,36.44701167515346,67.65140076655516
2015-11-23,37.54208755493164,37.876200196136615,37.33550110741401,37.6150895662798,28290000,36.6225951058524,66.89307305423773
2015-11-24,37.15971374511719,37.5072841682388,36.63083171818812,37.34444660852632,46662000,36.8445063999721,59.901892535823
2015-11-25,37.15325546264648,37.34444437927312,37.04946589461371,37.1527591337638,22442000,36.98064695085798,58.54924575079066
2015-11-27,37.258033752441406,37.41446447567404,37.120474891067474,37.16864530898986,16770000,37.15772083827427,58.38075818902985
2015-11-30,36.87763595581055,37.48994278983634,36.81158633643085,37.1860228524669,41952000,37.17616598946707,59.10729536424673
2015-12-01,38.09133529663086,38.18618336549671,37.08124541855683,37.10160626868407,42692000,37.37927682059152,66.37351714460188
2015-12-02,37.85990905761719,38.53404476319227,37.6900736889997,38.18369348555368,44608000,37.42028154645647,61.64731896808431
2015-12-03,37.37125396728516,38.18841195279506,37.0281051268898,38.04017635181826,51812000,37.39587674822126,58.77019825844165
2015-12-04,38.07991027832031,38.163338990212,37.24512304178442,37.39906833795078,55146000,37.52733339582171,70.49288505795803
2015-12-07,37.90311813354492,38.17525788959384,37.49789405006138,38.1275837994011,36246000,37.634456634521484,65.15510873941854
2015-12-08,37.85941696166992,37.980093063276776,37.45369277666249,37.63694040877191,36590000,37.72036852155413,66.79651470779666
2015-12-09,37.325077056884766,37.951785047141016,36.59959204915717,37.70050625642586,54000000,37.784288678850444,55.45533362353178
2015-12-10,37.21830368041992,37.5356320775501,36.93871900595957,37.3866538684455,39768000,37.6595698765346,55.164985099278304
2015-12-11,36.69240188598633,37.03207643106528,36.58712335002982,36.80612180021725,44488000,37.49278313773019,41.07882341936885
2015-12-14,37.134376525878906,37.18205061092702,35.96239649504891,36.83740899348151,48250000,37.45894350324358,46.186714314155175
2015-12-15,36.91736602783203,37.64637842522717,36.89800162418632,37.39410696125803,53324000,37.29286575317383,47.66099138914947
2015-12-16,37.64687347412109,37.77102388638658,36.7204624006624,37.24512367964493,39866000,37.256259373256135,54.180642635001234
2015-12-17,37.2168197631836,37.87481546775116,37.19546625485779,37.86190333922483,31068000,37.16445977347238,49.66917064841823
2015-12-18,36.71425247192383,37.45021715865734,36.65664802043581,37.07180622724002,62974000,37.07719911847796,48.71373038010873
2015-12-21,37.134376525878906,37.24511846594657,36.748516886400616,37.05293313938965,30514000,37.0652095249721,41.390359135154235
2015-12-22,37.24512100219727,37.48597308777971,37.02314077815778,37.32706072305446,27308000,37.14416939871652,44.346050623585796
2015-12-23,37.26051712036133,37.45419145867128,36.94716311933895,37.41744417968406,31318000,37.16218948364258,48.884497945299636
2015-12-24,37.16566467285156,37.31216503514641,37.077272673153146,37.22277658898761,10544000,37.197660718645366,39.490799450650606
2015-12-28,37.86636734008789,37.890206277356064,37.22128387900184,37.39012659998385,30306000,37.229016985212056,49.62296434402684
2015-12-29,38.56607818603516,38.73392823688446,38.06103146967329,38.07394359493387,35300000,37.42176818847656,56.38973569348647
2015-12-30,38.28798294067383,38.61574181818027,38.08437825303432,38.56608241549523,25866000,37.64658682686942,59.12981393148408
2015-12-31,37.68610000610352,38.21348911292807,37.65928309710982,38.21348911292807,30018000,37.72540446690151,54.05473143479901
2016-01-04,36.83989334106445,36.95013896043478,36.31439099015841,36.89750158364215,65456000,37.66751480102539,51.21116436425148
2016-01-05,36.87664413452149,37.34443973138614,36.680980704762746,37.06882568499458,39014000,37.61267580304827,47.73266806405439
2016-01-06,36.92829132080078,37.10508290086902,36.19828629570052,36.25192012209986,38940000,37.57876532418387,50.098992516110485
2016-01-07,36.07264709472656,36.6740309632769,35.70863723789701,36.26731409214426,59274000,37.32251957484654,36.05491876402376
2016-01-08,35.48069763183594,36.41232206078351,35.40769940143087,36.32392626934838,49018000,36.88175092424665,35.04960317460316
2016-01-11,35.55816650390625,35.6984570767674,34.93791076790848,35.58697252166209,41812000,36.49177714756557,39.25805466017982
2016-01-12,36.056758880615234,36.189847007826735,35.62208086488032,35.83874926044054,40490000,36.25901412963867,40.13106365020443
2016-01-13,34.789920806884766,36.4873046748109,34.693083648555096,36.2941266869493,50034000,35.966160910470144,31.444245321967173
2016-01-14,35.493106842041016,35.85090684230168,34.220815400259404,35.02928192350369,44516000,35.76851272583008,37.90029750712432
2016-01-15,34.48649978637695,35.09682512494133,34.03558693428019,34.37923213772879,72162000,35.41968536376953,33.69401839814229
2016-01-19,34.85100555419922,35.25772240268522,34.43485466918967,34.925992883867536,45362000,35.245165143694194,30.864773137153833
2016-01-20,34.68513870239258,35.10228221989605,33.434196901142464,34.1964821613389,68900000,35.13151386805943,23.581947856958465
2016-01-21,35.08937072753906,35.71508980386862,34.48699426027191,34.870372271277816,48244000,35.064543042864116,28.594229381842027
2016-01-22,36.01604080200195,36.15906309879363,35.76133312904601,35.93410106286414,40236000,35.05872617449079,39.28922679156318
2016-01-25,35.341644287109375,36.2360249686787,35.25920824358848,35.9330977040556,34234000,35.13754381452288,40.174585313599636
2016-01-26,35.40968322753906,35.66990351351016,35.08391343561902,35.449908596284224,26634000,35.12562615530832,40.419088127297975
2016-01-27,34.761619567871094,35.667669803909426,34.4835238531036,35.44096875359453,43884000,35.16492898123605,36.87193398014449
2016-01-28,36.299598693847656,36.43517226314174,35.37542288717803,35.865568529310806,53528000,35.371870858328684,51.27010056795232
2016-01-29,36.895015716552734,36.996323627118805,36.093005177021126,36.32789752644947,69486000,35.68756757463728,57.91194819306985
2016-02-01,37.34444427490234,37.63545591645704,36.91091425778331,37.26796795071141,102784000,36.009720938546316,59.59351185856746
2016-02-02,37.97264862060547,39.2250797319161,37.97264862060547,38.95840333581516,126962000,36.28923634120396,60.14832949483348
2016-02-03,36.10045623779297,38.46179568312572,35.78014984554739,38.24925327184372,123420000,36.39763804844448,56.523459648235345
2016-02-04,35.15989685058594,36.10294068434929,34.85448408893123,35.89486521657464,103374000,36.36195428030832,48.37966956381726
2016-02-05,33.94619369506836,34.96025398179163,33.77635453828861,34.95429424784525,102114000,36.24546486990793,47.42447892421562
2016-02-08,33.90498352050781,33.96904404490879,32.92767028007529,33.16554442036339,84948000,35.90337698800223,45.34711022287131
2016-02-09,33.675048828125,34.75714411366565,33.21122388414213,33.38751911509488,72178000,35.44338171822684,45.063113850293526
2016-02-10,33.9735107421875,34.82716600316446,33.87468447537826,34.10957682560723,52760000,34.96181978498186,44.48917752506204
2016-02-11,33.9233512878418,34.23323096703008,33.216094083652536,33.52060886504612,60480000,34.383348737444194,38.685411769947066
2016-02-12,33.88809967041016,34.45174367279556,33.69939238433992,34.27843016075917,42828000,34.06729779924665,41.55760594923374
2016-02-16,34.31517028808594,34.66279368626937,34.01969172569938,34.41349643635306,50400000,33.94662257603237,43.89742778240028
2016-02-17,35.17926025390625,35.24630253977301,34.33404627818995,34.66726481448244,49852000,34.12277494158064,52.273824249971554
2016-02-18,34.630516052246094,35.37541852050044,34.56496275580985,35.258716830705666,37664000,34.226422446114675,39.815745861497476
2016-02-19,34.807308197021484,34.915117645660715,34.46663715910741,34.515303908985146,31786000,34.38817378452846,36.57561396795492
2016-02-22,35.08292007446289,35.41961288290493,34.88676031185089,35.132083150131244,38996000,34.54666083199637,35.12543813650542
2016-02-23,34.55602264404297,35.1792563018415,34.443295381691655,34.83411833377464,40186000,34.63704245431082,27.22455547542586
2016-02-24,34.74026107788086,34.762110911083134,33.80764412066914,34.21187550683479,39272000,34.75877979823521,38.29984951807061
2016-02-25,35.04765701293945,35.05908015327448,34.29456328013875,34.76260893230726,32844000,34.86342075892857,48.91651218781093
2016-02-26,35.01388931274414,35.42904750419384,34.80481744189124,35.18819543594479,44870000,34.839796338762554,63.34744267404757
2016-02-29,34.65137481689453,35.302914447635,34.64690406823332,34.778006878338296,49622000,34.84277616228376,58.63692785241716
2016-03-01,35.69622039794922,35.69622039794922,34.75069122072443,34.941883910568976,43028000,34.96976361955915,69.6771222508598
2016-03-02,35.69820785522461,35.75531597961434,35.358033175444106,35.70565657628546,32580000,35.057661873953684,67.81944977617258
2016-03-03,35.37888717651367,35.727999532476495,35.06106247721369,35.68975948419627,39160000,35.175213950020925,64.24613753294955
2016-03-04,35.30290985107422,35.58100932544227,35.061065112612056,35.50651832715137,39442000,35.255592346191406,63.738011595396756
2016-03-07,34.52175521850586,35.16390995840605,34.11156409745792,35.104767267789896,59702000,35.18046351841518,51.87690575857076
2016-03-08,34.46266555786133,34.95032570063209,34.03409506940914,34.1954928755336,41526000,35.10171726771763,42.373954748177425
2016-03-09,35.02233123779297,35.04418107103637,34.46415078303591,34.68613099456662,28430000,35.154711042131694,54.160051324256536
2016-03-10,35.39875411987305,35.578523656695694,34.92896943034372,35.165350761535024,56670000,35.11221585954939,56.02423308020603
2016-03-11,36.093997955322266,36.09896503229583,35.61254384446137,35.75531605010195,39416000,35.16875730242048,59.48741444975803
2016-03-14,36.27625274658203,36.52504988005354,36.01106539581116,36.09350144481709,34366000,35.296952383858816,67.25794377930553
2016-03-15,36.16898727416992,36.36563958341788,35.992195696369976,36.09896701894467,34420000,35.42067773001535,64.55832003955481
2016-03-16,36.55435180664063,36.62288307752662,35.97928472583464,36.07165493725662,32488000,35.71104867117746,65.11266457752222
2016-03-17,36.63827133178711,36.90097323436152,36.54987555335765,36.57222171516713,37216000,36.021849496024,66.13081880321417
2016-03-18,36.62932968139648,36.84783177684809,36.34278887272472,36.84087938578233,59614000,36.25142070225307,71.1254344185818
2016-03-21,36.85231018066406,36.872671029356034,36.42652444622926,36.57471080909499,36730000,36.459071568080354,64.97685240094562
2016-03-22,36.7857666015625,36.996823823445865,36.62238726141863,36.62238726141863,25394000,36.55789566040039,63.857271036686384
2016-03-23,36.65217971801758,37.032575990034935,36.55732786723966,36.86571857009246,28642000,36.611599513462615,67.02986320436074
2016-03-24,36.51511001586914,36.63662720431933,36.30157120570977,36.35172692986104,31898000,36.661045619419646,65.95208716317084
2016-03-28,36.427223205566406,36.69837034253643,36.376074806199455,36.58911736148862,26026000,36.64288439069475,80.6716600289088
2016-03-29,36.98540115356445,37.10855891290879,36.190342913012806,36.47986177661637,38076000,36.692474365234375,84.98625562630527
2016-03-30,37.27143859863281,37.63644105831174,37.18254649262079,37.25008509469096,35648000,36.78420421055385,83.7531944711603
2016-03-31,36.99434280395508,37.28733597090956,36.795205049143,37.20788167379837,34376000,36.80449458530971,74.6814170362519
2016-04-01,37.24065399169922,37.26200749949508,36.599541062641634,36.67899914736391,31534000,36.86947849818638,70.59785297555979
2016-04-04,37.01122283935547,37.38417039362128,36.86919322624263,37.248100515387904,22684000,36.92077037266323,62.982528961171205
2016-04-05,36.63926696777344,36.88756777811484,36.51859465317728,36.64920112189812,22646000,36.938507080078125,57.59666754989737
2016-04-06,37.03108596801758,37.05839920840653,36.52802828929895,36.53845877213856,21074000,37.024773188999724,57.684904938710275
2016-04-07,36.76242446899414,37.09613930096968,36.56378306429789,37.01519602587516,29064000,36.992919376918245,51.88883575381643
2016-04-08,36.7063102722168,37.01916793802448,36.52753338067818,36.94567338154446,25816000,36.912186758858816,51.154591704790796
2016-04-11,36.55484771728516,36.99682288217193,36.5523660729952,36.898496725510846,24402000,36.8494017464774,45.440704247422204
2016-04-12,36.90196990966797,36.93872097666553,36.30207504440418,36.649202132890416,27060000,36.801018306187224,51.64002386115736
2016-04-13,37.33053207397461,37.46263130556378,36.96011925129499,37.20340370775126,34142000,36.84663391113281,58.83798924885096
2016-04-14,37.40403747558594,37.60814230691598,37.379455935505575,37.444262847200186,22706000,36.95588684082031,61.77654646547451
2016-04-15,37.69205856323242,37.79137735814763,37.37890163659318,37.442765129653786,36186000,37.05031149727957,65.912771048719
2016-04-18,38.06998062133789,38.14148986464215,37.60764460661228,37.764567878794935,31176000,37.237105233328684,64.2932695208028
2016-04-19,37.44028472900391,38.23335757493872,37.21184843898209,38.21398938435953,40610000,37.341958727155415,52.04034782993516
2016-04-20,37.37771224975586,37.64895784145684,37.24561679838343,37.64240327008515,30584000,37.459510803222656,54.885981766417245
2016-04-21,37.69901657104492,37.76406974731523,37.22277579347792,37.512294632423504,61210000,37.57337461199079,55.73218356039697
2016-04-22,35.694236755371094,36.55584093338616,35.43799087624664,36.0681769847258,119038000,37.33961813790457,38.594557736830396
2016-04-25,35.91175079345703,35.95048338963514,35.53631778084968,35.56164570860578,39184000,37.126434326171875,43.526349590835565
2016-04-26,35.16635513305664,36.0416633893192,34.91239006522675,36.02448131561288,54892000,36.765619550432476,34.389374652708995
2016-04-27,35.05213165283203,35.20806606044988,34.38296288107857,35.12413722701813,61972000,36.334498269217356,35.30220527732334
2016-04-28,34.316162109375,35.46579601403946,34.24316388756198,35.17230277406831,57346000,35.8881950378418,31.608729471505896
2016-04-29,34.41498947143555,34.64392208656172,34.215851740549944,34.30027310507797,49754000,35.46494892665318,33.400152814792776
2016-05-02,34.6732177734375,34.79389386441348,34.31516770827462,34.6444155492185,32906000,35.032691955566406,32.468775580259305
2016-05-03,34.382713317871094,34.65484930585407,34.36483411189992,34.60667888315487,30876000,34.845331464494976,26.297854224164524
2016-05-04,34.54857635498047,34.74969941537417,34.21635049037451,34.28984883730725,33870000,34.65059225899832,27.37647067357213
2016-05-05,34.833126068115234,34.87732585493973,34.549566969408005,34.647893119559654,33670000,34.60298810686384,27.336500882405943
2016-05-06,35.3143310546875,35.351078328620815,34.668103399139376,34.681659615876505,36586000,34.64044516427176,28.507196331587622
2016-05-09,35.402732849121094,35.69125905052695,35.258717912852816,35.3580367294937,30206000,34.79566955566406,32.64240757253937
2016-05-10,35.91323471069336,35.92912481002241,35.542768827909754,35.59392100507749,31392000,35.00970458984375,38.40893363300512
2016-05-11,35.52141571044922,35.9777919468729,35.39776163857043,35.924658242671285,33842000,35.130875723702566,32.95495602020641
2016-05-12,35.423091888427734,35.71807413882659,35.20905670482791,35.609317501688,27214000,35.279501233782085,46.97472575085997
2016-05-13,35.29993438720703,35.58955174161818,35.22196908168941,35.35456087058506,26290000,35.38683809552874,43.026891752998644
2016-05-16,35.58101272583008,35.67983521167028,35.04269671796489,35.2155138803553,26342000,35.49367904663086,55.285422542059706
2016-05-17,35.07149887084961,35.83080246022976,34.96622032129292,35.556181050667114,40024000,35.45898873465402,50.22426437133974
2016-05-18,35.09136199951172,35.33817382812671,34.79340177910785,34.94436531028026,35336000,35.41450718470982,60.76117348019488
2016-05-19,34.77800750732422,35.06007765401759,34.6032050202795,34.87931543157349,33404000,35.2523318699428,54.75607159671223
2016-05-20,35.24580764770508,35.48616344010294,34.787942347184945,34.84256883585583,36568000,35.21295928955078,57.11126376880256
2016-05-23,34.97267532348633,35.33211212539648,34.969693561655774,35.08639524895548,26614000,35.14861406598772,57.358769952256374
2016-05-24,35.759788513183594,35.80348818409172,35.10278173041036,35.10278173041036,38590000,35.214307512555806,63.080569969959086
2016-05-25,36.017024993896484,36.128263268997216,35.74066456261591,35.793055668477386,32584000,35.276594979422434,62.86147409321701
2016-05-26,35.95991516113281,36.16898324582807,35.76921881929628,35.8978399631544,31526000,35.40351159232004,57.72524430681137
2016-05-27,36.38401412963867,36.44738130332296,35.95395845546493,35.954454784299166,39500000,35.58817618233817,60.869061854319746
2016-05-31,36.53597259521485,36.73511032383298,36.314488703670726,36.33832764180744,42590000,35.83931405203683,57.49282832501809
2016-06-01,36.4580078125,36.60996778458501,36.28469433481335,36.47687967399784,25072000,36.01248550415039,62.18979624260233
2016-06-02,36.27177810668945,36.401888229640505,35.96239479170336,36.37606397880232,26836000,36.19807161603655,60.79860288664273
2016-06-03,35.87152099609375,36.22658932589706,35.783125213061595,36.21566630320272,24526000,36.21403339930943,56.7937473475739
2016-06-06,35.583988189697266,35.999146413246066,35.48764735494879,35.999146413246066,31306000,36.15217099870954,50.03531150177102
2016-06-07,35.58895492553711,35.853642159760845,35.58398784856902,35.747370960769395,26724000,36.099176679338726,56.97639972351138
2016-06-08,36.16650772094727,36.180908835903104,35.78412231499281,35.95197619446886,31674000,36.06810433523996,62.60042364583997
2016-06-09,36.18140411376953,36.22907820590988,35.87132360443545,35.89784499400729,19778000,36.01745169503348,67.68459873018065
2016-06-10,35.726016998291016,36.04781235283847,35.57802765893783,35.72899497117201,24328000,35.912881578717915,56.07024440299585
2016-06-13,35.67387771606445,36.025471798002286,35.58200761726136,35.58200761726136,25178000,35.827467237200054,59.38831129298172
2016-06-14,35.669403076171875,35.87797482848984,35.413649779228734,35.580510969852455,26122000,35.79859324863979,48.46898027650628
2016-06-15,35.701683044433594,35.90330242444706,35.621732426054486,35.70565746385733,24290000,35.815406799316406,44.21783172711722
2016-06-16,35.27659606933594,35.58895741348882,34.924005566575815,35.50254693878969,39650000,35.770784105573384,38.96029779733516
2016-06-17,34.35092544555664,35.200117541018976,34.1886372866114,35.19167237348176,68048000,35.51141520908901,21.73437112181722
2016-06-20,34.44975662231445,34.88527575499505,34.434859177949946,34.70103543847489,41650000,35.264036996024,20.56086739796754
2016-06-21,34.56049728393555,34.89967555559198,34.36533016155707,34.682658596384094,29312000,35.0975341796875,23.469153726269113
2016-06-22,34.6359748840332,34.80481760259557,34.41856014204454,34.7154291666598,23686000,34.94926234654018,26.397337754264058
2016-06-23,34.85497283935547,34.85894725837689,34.11652654292991,34.63547806607826,43428000,34.83291516985212,34.52287748725156
2016-06-24,33.53153991699219,34.23572072929207,33.443640450483215,33.52905448380125,88980000,34.52289472307478,26.244453373011496
2016-06-27,33.1859016418457,33.38653217327889,32.938794267698256,33.32197153091719,52580000,34.22422409057617,24.219521178637194
2016-06-28,33.770896911621094,33.78529802580185,33.421291962945624,33.71776320331512,43476000,34.141362871442524,24.340341308865376
2016-06-29,33.97301483154297,34.13783388964962,33.838930272984875,33.91789202164012,38652000,34.07325690133231,27.25781360486495
2016-06-30,34.36980056762695,34.380727380317765,33.95017155709164,34.04055266553109,31954000,34.04601451328823,35.86293499854463
2016-07-01,34.722877502441406,34.79439052365911,34.37128349682648,34.37476158707696,26894000,34.05842917306082,40.67209106889359
2016-07-05,34.511329650878906,34.61015212683431,34.20989135737403,34.566452458940674,29252000,34.00933728899275,39.084417405561666
2016-07-06,34.65137481689453,34.84554549328299,34.22032265932284,34.264522450748,28238000,34.16931370326451,40.29728510614304
2016-07-07,34.53168487548828,34.67271800994255,34.17686287691809,34.66675827642394,26084000,34.361568450927734,42.707027731176545
2016-07-08,35.04170608520508,35.04567671631136,34.585079719211805,34.73728598202947,31504000,34.54311261858259,57.36220363597334
2016-07-11,35.5114860534668,35.58200263378035,35.121651968918,35.16187733605689,22236000,34.76289422171457,60.48653267664559
2016-07-12,35.7870979309082,35.901314173186485,35.552205594527706,35.711614278187774,26738000,34.96536527361189,61.732823268753044
2016-07-13,35.60533905029297,35.95395508651867,35.59888298728308,35.935083226276745,18718000,35.091431209019255,59.08750523014422
2016-07-14,35.802494049072266,35.865065579787355,35.65748646838449,35.83377792004499,19004000,35.27588326590402,58.91926208993126
2016-07-15,35.74787139892578,36.04036823576288,35.708392414976835,36.03987190688598,25586000,35.432525634765625,77.41053096409917
2016-07-18,36.43963241577149,36.55633409816964,35.81441343883297,35.88989709633633,25910000,35.7050895690918,87.06713879197807
2016-07-19,36.59755706787109,36.59904605454012,36.2022633117916,36.24645931559354,24550000,35.92735399518694,85.67304840803088
2016-07-20,36.8076171875,36.85429483010376,36.60450503308887,36.61592817370984,25794000,36.11251558576311,85.70171139746509
2016-07-21,36.68048477172852,36.83244474549922,36.54148617898577,36.76639891267857,20526000,36.24014227730887,81.22387838124847
2016-07-22,36.88459014892578,36.90941795692952,36.57768843494338,36.84088669015528,25196000,36.42289243425642,80.43623043623056
2016-07-25,36.73709487915039,36.87813182348958,36.62436762045533,36.78179099284736,20648000,36.55640683855329,81.91369146267704
2016-07-26,36.6700553894043,36.832442045392085,36.46396527852106,36.700842929454616,23734000,36.68814740862165,79.5633747895255
2016-07-27,36.836421966552734,36.970006417602576,36.599540491467984,36.66310847376177,30250000,36.74483163016183,83.29741842539505
2016-07-28,37.04201126098633,37.17807733975898,36.71375606095337,37.098126725935,70604000,36.80832508632115,81.68647091241348
2016-07-29,38.1782341003418,38.66292003013323,38.07792263616959,38.37290487163022,76830000,37.004127502441406,84.87909824614636
2016-08-01,38.38134002685547,38.75627281781399,37.79584639900975,37.79584639900975,54010000,37.2471068246024,84.58676328335359
2016-08-02,38.29145812988281,38.52833577389221,38.13155312251862,38.1732674722658,35690000,37.448087964739116,86.71103724125288
2016-08-03,38.396244049072266,38.3977330355425,38.08040463397948,38.09828383793119,25748000,37.68510927472796,86.36682605393509
2016-08-04,38.31827545166016,38.4404367407963,38.17848123011575,38.34856666236151,22806000,37.92056928362165,85.80509059992592
2016-08-05,38.84517288208008,38.88589457958735,38.354530985402135,38.42604022607503,36024000,38.20753370012556,85.1217289792502
2016-08-08,38.82232666015625,38.86552999771428,38.640120950562014,38.834242339944026,22158000,38.46186447143555,83.81625425305197
2016-08-09,38.94647979736328,39.17888671796986,38.76323216328399,38.78955274621309,26378000,38.57161385672433,83.38227344064464
2016-08-10,38.96733474731445,39.07320812104908,38.872880724726265,38.92114964762131,15728000,38.655327388218474,86.91667631431815
2016-08-11,38.97578430175781,39.2191180712435,38.88242142518847,38.983233024074806,19502000,38.7530882699149,86.03448094529448
2016-08-12,38.894832611083984,38.9035240490128,38.75479210161368,38.809418584637946,14810000,38.824315207345144,88.05381535182633
2016-08-15,38.856101989746094,39.106884464527504,38.74039295407925,38.92115517057123,18764000,38.90114756992885,88.94190845992134
2016-08-16,38.5928955078125,38.78359185739724,38.40935235516045,38.74982255429288,20560000,38.86510794503348,80.2460150320625
2016-08-17,38.73045349121094,38.77514960472398,38.413621432516805,38.60183613379572,18484000,38.85198320661272,79.77208245497695
2016-08-18,38.61077499389648,38.87695500140873,38.58594339800672,38.73542172462235,14388000,38.80402537754604,61.889073896212146
2016-08-19,38.50748825073242,38.59091697113778,38.39376831235972,38.48663107063109,17230000,38.73833302089146,53.66869984091099
2016-08-22,38.34508895874024,38.46377973637733,38.24080308219728,38.40071188166584,19028000,38.64823368617466,51.496590384095626
2016-08-23,38.34161758422852,38.55813440318424,38.32696641200772,38.51046031472956,18564000,38.56920296805246,48.384265088843044
2016-08-24,38.22044372558594,38.46179213178485,38.09281902483069,38.26712515464949,21440000,38.478394644601,47.17845920944907
2016-08-25,38.20903015136719,38.33218791149778,37.89989303445538,38.089346693397424,18538000,38.423556736537385,23.889496049627823
2016-08-26,38.21548461914063,38.54026176536381,38.0322369732402,38.18866770565423,23334000,38.34998975481306,24.752412392077645
2016-08-29,38.34508895874024,38.48612589804311,38.07022131945092,38.17574991234287,16952000,38.312034606933594,25.092189124369654
2016-08-30,38.193138122558594,38.460113819064254,38.08140349876453,38.20505759380257,22600000,38.2671274457659,21.07600438952815
2016-08-31,38.09183120727539,38.19313533915566,38.008898821056256,38.08984210303285,24972000,38.23094776698521,19.118176220824083
2016-09-01,38.17773818969727,38.28897646664073,37.95526163581033,38.201080799515,18502000,38.20753642490933,25.033999511257647
2016-09-02,38.310829162597656,38.43299045948683,38.15936552193957,38.387801804957256,21454000,38.220448630196714,32.18647498080831
2016-09-06,38.73889923095703,38.83424361623978,38.28798261382844,38.40965136982228,28856000,38.296144212995266,54.30596494386064
2016-09-07,38.7523078918457,38.8704985580356,38.54621777203807,38.734925017138885,17874000,38.372833251953125,50.69546111171806
2016-09-08,38.50251388549805,38.752307459305534,38.41610720804843,38.66490433547473,25406000,38.39532252720424,46.818342847661846
2016-09-09,37.72484588623047,38.3994781036888,37.72484588623047,38.24329741691254,37710000,38.32842363630022,33.52826604622196
2016-09-12,38.18965911865234,38.252726980667774,37.44376400901771,37.49987947845845,26220000,38.34239905221121,47.098161824928
2016-09-13,37.72632598876953,38.05060675712792,37.53314800610463,37.96419629464457,27900000,38.27791159493582,40.196084390442465
2016-09-14,37.86538314819336,38.12311803521921,37.69753304727578,37.72236085891663,21748000,38.214276450020925,44.37460488605609
2016-09-15,38.32572937011719,38.42703349789453,37.73973928399693,37.88524320063846,26102000,38.155252184186665,51.61866202176135
2016-09-16,38.18270492553711,38.22590826547759,37.97314050049215,38.22590826547759,40986000,38.07388033185686,49.56192985371823
2016-09-19,38.024784088134766,38.436964322487626,37.96226181377783,38.35849890605736,23456000,38.005633217947825,45.7515771067048
2016-09-20,38.30834579467773,38.40369397453773,38.16532352488775,38.18866613539865,19572000,38.088990347726,51.476528376273386
2016-09-21,38.547210693359375,38.59389212333494,38.15395156619898,38.37041912729172,23356000,38.14006914411272,55.63747505343502
2016-09-22,39.09298324584961,39.224086065971775,38.65746409510998,38.734933082279824,29724000,38.335305895124165,60.17226964150342
2016-09-23,39.077579498291016,39.17838728503476,38.94101330619201,39.0621819395536,28238000,38.508476802280974,58.75078256765784
2016-09-26,38.44739532470703,38.87099874658522,38.390783524432415,38.87099874658522,30664000,38.525857652936665,46.8198321023167
2016-09-27,38.88440704345703,39.03239260749352,38.45226373593668,38.51145947705923,23064000,38.62610081263951,51.31920904600489
2016-09-28,38.81239318847656,38.82480898604425,38.48513443635371,38.62815669524375,22196000,38.73861639840262,53.20854073072874
2016-09-29,38.48712539672852,39.02295977578238,38.448491308731086,38.80643914609944,26294000,38.764156341552734,58.708629792041044
2016-09-30,38.600345611572266,38.78160793144157,38.44143324414871,38.55267531123793,31706000,38.77174704415457,55.10171780594728
2016-10-03,38.36545181274414,38.53951167486766,38.21349184343458,38.44938063592518,25576000,38.66781398228237,58.41720749044707
2016-10-04,38.5576400756836,38.67086746242912,38.381844943757685,38.53777555539894,24028000,38.59353692190988,58.99111050775451
2016-10-05,38.55963134765625,38.8377270697361,38.51890964709884,38.7006645242053,29224000,38.60957063947405,53.44853961804877
2016-10-06,38.5789909362793,38.7587604754392,38.51344143372902,38.685265923074006,21414000,38.56593976702009,56.06376868442069
2016-10-07,38.4906005859375,38.71804422247115,38.275568959086925,38.71804422247115,18664000,38.51996939522879,57.282652388148925
2016-10-10,39.029911041259766,39.200742888214016,38.52983129942713,38.62120885237447,23498000,38.5975102015904,60.44574182802979
2016-10-11,38.88738250732422,39.3447514154135,38.7637284316488,39.065663064082095,27450000,38.63851547241211,55.06579500498776
2016-10-12,39.03984069824219,39.13866697105889,38.83722865287266,38.92165002271248,18748000,38.73485674176897,49.10360039791365
2016-10-13,38.64503860473633,38.79550958111403,38.38730377811995,38.79550958111403,27306000,38.74734224591936,43.5318478967724
2016-10-14,38.661922454833984,38.93108042877939,38.536283069493074,38.81686418347656,17050000,38.76195526123047,53.92860785456112
2016-10-17,38.732940673828125,39.02543747938952,38.61077558531216,38.724995623877184,21860000,38.7839480808803,46.79683894971553
2016-10-18,39.49274063110352,39.808083718375535,39.011286515785855,39.1247601669951,41138000,38.927110944475444,61.145516833668225
2016-10-19,39.8026237487793,39.95656905074867,39.63030291238997,39.64072960738455,35336000,39.037498474121094,71.65979951259948
2016-10-20,39.57766342163086,39.92528687113716,39.53098198468339,39.89201389173024,35150000,39.13611003330776,65.52052942259787
2016-10-21,39.69683837890625,39.703294441868366,39.43016584863145,39.47982524842276,25324000,39.229966844831196,71.95015955633653
2016-10-24,40.379173278808594,40.48197017899111,39.96749313801428,39.97146376868623,33950000,39.47770036969866,75.85278276481145
2016-10-25,40.10902786254883,40.55646647036879,39.9833884533062,40.55646647036879,31528000,39.68442971365793,70.4349261069369
2016-10-26,39.68194961547852,40.07476172942186,39.54538718338132,40.04298152521502,32954000,39.82000241960798,63.13431127246573
2016-10-27,39.497215270996094,39.901446723006266,39.30602256898667,39.77779263554651,54984000,39.82064165387835,61.71814078572711
2016-10-28,39.49820327758789,40.49736622585623,39.40980749443379,40.14279043560896,85398000,39.77715301513672,56.23261103551918
2016-10-31,38.96038436889648,39.572194892595306,38.93356745728675,39.503167298272366,48546000,39.688970293317524,50.87909977830709
2016-11-01,38.91419982910156,39.20620031054067,38.513442713178094,38.87844520936184,48128000,39.577164786202566,48.44727056037051
2016-11-02,38.17376708984375,38.81686526490256,37.9130504870776,38.64553710340567,37448000,39.26210675920759,44.63419994457904
2016-11-03,37.84749603271485,38.23584111643439,37.6935507508907,38.10175656426476,38864000,38.93903078351702,41.33740920381766
2016-11-04,37.842041015625,38.2562066137455,37.27298292448109,37.27790074787388,42696000,38.67618669782366,40.38997420801149
2016-11-07,38.86006546020508,38.99265723054066,38.36495287717607,38.46179003165107,31702000,38.585165296282085,43.535537161735434
2016-11-08,39.25686264038086,39.51127099075839,38.74436704363163,38.903775766658136,27338000,38.550688062395366,44.520910980696726
2016-11-09,38.99861907958984,39.29246088716276,38.321255290308535,38.73194653812278,52142000,38.55615016392299,44.22535982841141
2016-11-10,37.86885452270508,39.28963190131828,37.35338478850698,39.28963190131828,94904000,38.40681512015207,34.828178596237265
2016-11-11,37.44475936889648,37.78046334085031,37.26399714890984,37.569902444271854,48636000,38.30267116001674,24.554309504733922
2016-11-14,36.553855895996094,37.63495868145753,36.12975613783257,37.52322027676415,73088000,38.11786542619978,22.167776909068422
2016-11-15,37.66673278808594,37.961017872281865,37.09464755527448,37.09464755527448,47680000,38.092821393694194,35.753331783562004
2016-11-16,37.96419525146485,38.05755810313342,37.2704450818164,37.5033483046786,29452000,37.964839935302734,39.33227436148462
2016-11-17,38.29941177368164,38.37241000773582,37.95178832567702,38.08537657161652,26080000,37.82806124005999,42.02883111032648
2016-11-18,37.7685432434082,38.486628822647226,37.74172632930566,38.306362934531286,30942000,37.65233612060547,42.067714643477025
2016-11-21,38.1985969543457,38.22342855166827,37.77151924403222,37.871338173397554,26612000,37.69944218226841,45.468840503746115
2016-11-22,38.15241622924805,38.58396090583992,38.08934457727638,38.368933060822805,31862000,37.8005360194615,49.851775699053555
2016-11-23,37.79088592529297,38.15305820555196,37.50583784016691,38.125597203079785,29568000,37.97725459507534,49.608909690817235
2016-11-25,37.82515335083008,37.99002545902776,37.76754889423854,37.95327818038521,11748000,37.99988610403879,49.883794367216105
2016-11-28,38.15092086791992,38.71158678356653,37.73179201859136,37.741722383738974,43764000,38.02656119210379,44.60646812994751
2016-11-29,38.2800407409668,38.66043702235786,38.15092325335685,38.31430637546149,32332000,38.02379390171596,42.25525232704159
2016-11-30,37.6443977355957,38.38681868137362,37.48498900558055,38.2418110680288,47858000,38.006058829171316,39.86930007048668
2016-12-01,37.14183044433594,37.73427660567698,36.60078273553186,37.61459694190449,60358000,37.85509218488421,43.99803739901203
2016-12-02,37.26995468139648,37.44376449803374,36.90246673905505,36.976461414126994,29050000,37.72902624947684,48.48275149625654
2016-12-05,37.86686325073242,37.9353945114675,37.38913352951689,37.62800028450935,27884000,37.73988015311105,62.00938847884173
2016-12-06,37.69752883911133,38.18022569636298,37.60962937844165,37.97661720427727,33814000,37.72164808000837,50.340434970721674
2016-12-07,38.29742050170898,38.30586188024104,37.53314991037729,37.79138107582144,35220000,37.742576599121094,53.45277236042925
2016-12-08,38.5571403503418,38.64454347414097,38.10076411915583,38.36148071536686,29762000,37.78216225760324,52.71294545840033
2016-12-09,39.19627380371094,39.20322619681057,38.6863129282757,38.73493042596204,36438000,38.003858838762554,64.69390110705511
2016-12-12,39.195274353027344,39.29360049714261,38.951194249135774,38.98520982103262,42082000,38.29720796857561,61.25124344901536
2016-12-13,39.53445816040039,39.94564578669672,39.397395618301616,39.425205189813255,42904000,38.62070846557617,64.63348234986194
2016-12-14,39.58262252807617,39.92676781728549,39.43066256573201,39.59900895565018,34084000,38.86581693376814,70.31988834926675
2016-12-15,39.621368408203125,39.87711798031163,39.376541860840376,39.596040478815176,32530000,39.140651157924104,70.35000661237889
2016-12-16,39.27125549316406,39.770638050710325,39.24592756881163,39.74799257518983,48876000,39.27977044241769,62.62306552978888
2016-12-19,39.44010543823242,39.6119299569407,39.04630066050892,39.24246045040556,24642000,39.40590831211635,62.954730182207314
2016-12-20,39.55035018920898,39.66109215178799,39.39392323621711,39.567236737746896,19020000,39.456490652901785,74.11388935006964
2016-12-21,39.45797729492188,39.5630588176815,39.08751141082466,39.52154148123297,24226000,39.494019644601,82.69744027193505
2016-12-22,39.29410171508789,39.39640229105859,39.16101359493964,39.34872819945312,19444000,39.459683009556365,78.28966870328327
2016-12-23,39.22705841064453,39.367599037520414,39.09645193817822,39.27622148753949,12468000,39.408888135637554,72.31531212410624
2016-12-27,39.30849838256836,39.62185613893424,39.115172631708994,39.26529504432806,15782000,39.36419241768973,77.2143659909679
2016-12-28,38.98571395874024,39.441593942336766,38.893843859323255,39.41527714464004,23076000,39.3234007699149,62.828512355562964
2016-12-29,38.873477935791016,39.02941232989827,38.68129259329544,38.900294847652695,14886000,39.24245398385184,56.23894044996573
2016-12-30,38.32870864868164,38.87298439748577,38.25868839102511,38.871495410890944,35400000,39.06793376377651,32.22801701031642
2017-01-03,39.03984069824219,39.21315418634705,38.52635629775522,38.67583084595199,33146000,39.008199964250835,47.53354705304089
2017-01-04,39.077579498291016,39.29807072080159,38.89185023479024,39.15008138903888,21460000,38.97726821899414,41.983207092004854
2017-01-05,39.43115997314453,39.45400246436908,38.98421778085654,39.036858944079945,26704000,39.00642558506557,47.59958647957486
2017-01-06,40.033538818359375,40.12044561798142,39.34097823664731,39.49274119617562,32804000,39.11000279017857,55.54207128040889
2017-01-09,40.058372497558594,40.22304380405173,39.86866878828607,40.04595669857146,25492000,39.26323972429548,61.59817341331587
2017-01-10,39.96600341796875,40.18153138902927,39.90243922343087,40.11846352336331,23536000,39.41931479317801,57.9277935407296
2017-01-11,40.12093734741211,40.13285681555527,39.796160256280594,39.97642610967645,21318000,39.67534746442522,58.487120883710176
2017-01-12,40.0439682006836,40.09511659037095,39.68691076420016,40.08270079237055,27062000,39.81879425048828,58.75636716843982
2017-01-13,40.11945343017578,40.28551520853678,40.06035619953752,40.09958891035039,21984000,39.967633383614675,62.66772835588453
2017-01-17,39.957061767578125,40.08270115764326,39.7465046835493,40.07972318470543,27242000,40.0427622113909,60.885685681130454
2017-01-18,40.029571533203125,40.03627386738136,39.77729628093788,40.01665940495022,25888000,40.04219545636858,60.78123378038171
2017-01-19,39.83613967895508,40.19890679712066,39.817517876037165,39.98238997690709,18386000,40.01044791085379,63.22689354834874
2017-01-20,39.977420806884766,40.07127999295463,39.81205238584608,40.07127999295463,33400000,40.01207896641323,67.01617227851324
2017-01-23,40.68706512451172,40.76453409427209,39.91385683577853,40.08816296493175,39272000,40.09295436314174,84.59339835378526
2017-01-24,40.913516998291016,41.0143247903518,40.61312061383087,40.8355516979931,29480000,40.2171756199428,82.03961075473363
2017-01-25,41.499507904052734,41.5044749810674,40.972611285994205,41.19906225936507,29890000,40.41432625906808,84.87547103479355
2017-01-26,41.3246955871582,41.61521082396531,41.069442424335335,41.6057730001451,59478000,40.60970251900809,78.74669752260638
2017-01-27,40.88571166992188,41.81137637075344,40.743185721298026,41.45183725595178,59316000,40.732008252825054,63.6125986247982
2017-01-30,39.84334564208984,40.51474978535619,39.71820256892715,40.45615266850683,64932000,40.733037676130024,47.40782912127017
2017-01-31,39.56871795654297,39.790201838220725,39.25734930958206,39.57219225808422,43212000,40.67465155465262,45.4122806708415
2017-02-01,39.514347076416016,39.78722944204279,39.29062778943487,39.71224210753645,40594000,40.50712040492466,42.828743832811675
2017-02-02,39.65512847900391,39.86221126827818,39.33084767445946,39.420236119623816,30642000,40.32735061645508,45.471371525957466
2017-02-03,39.802127838134766,40.02609340052244,39.74650869419264,39.87661884556298,29268000,40.084867749895366,46.36481626338858
2017-02-06,39.79467391967773,39.81106034788871,39.49224296960036,39.71323052989205,23690000,39.866293225969585,48.07126824454547
2017-02-07,40.07426071166992,40.24956329826968,39.81652586207225,39.9262751548176,24824000,39.750371660505024,50.50590197377342
2017-02-08,40.1442756652832,40.31610013858771,39.88654084971106,40.075744407469,23106000,39.79336166381836,53.588513345417056
2017-02-09,40.202884674072266,40.257511159842615,39.95359118602138,40.20039924095634,19794000,39.88395690917969,52.677277207630304
2017-02-10,40.406982421875,40.48544784205403,40.21380442193931,40.30915259983527,22700000,40.01147624424526,46.22035618903678
2017-02-13,40.683589935302734,40.76895469881771,40.49736434139709,40.52268847611521,24266000,40.158399309430806,46.93863453978445
2017-02-14,40.74367904663086,40.870314884677214,40.52269147704823,40.671673478713465,21094000,40.29290662493025,38.29769138450786
2017-02-15,40.670684814453125,40.87031889767688,40.645356886603,40.6895528893512,26272000,40.418051038469585,39.544468255604244
2017-02-16,40.927921295166016,40.93984076517365,40.67068276491538,40.717856738553365,25752000,40.5400025503976,50.71642884984183
2017-02-17,41.12208938598633,41.12208938598633,40.8035182690552,40.87130693530322,32220000,40.67969022478376,80.48057495867309
2017-02-21,41.30037307739258,41.38926519723898,41.13599729444414,41.15139106662622,25246000,40.83647428240095,93.26340428533004
2017-02-22,41.25567626953125,41.37933035132166,41.15039772154245,41.15139037924473,19658000,40.957716260637554,93.7164210836805
2017-02-23,41.28398132324219,41.34009678727979,40.86435237617926,41.22389144007181,29456000,41.04348645891462,93.34031660190868
2017-02-24,41.15039825439453,41.16827745957653,40.92990700099938,41.10520959573682,27844000,41.10158920288086,86.13258527589021
2017-02-27,41.18218231201172,41.24276853166201,40.91997670153596,40.94728994382593,22030000,41.17466027396066,86.70547180740598
2017-02-28,40.880741119384766,41.14542835557202,40.73126279057046,40.9999244461156,45216000,41.16792024884905,71.09095044653189
2017-03-01,41.478153228759766,41.52855901879773,41.08186308934224,41.16082483544726,29930000,41.2187865121024,77.34130893736805
2017-03-02,41.24922180175781,41.44189968254263,41.20005493795004,41.40912682503031,18850000,41.21147918701172,70.04761006813341
2017-03-03,41.172245025634766,41.28547240581915,41.00692964067292,41.24574336755201,17928000,41.19956043788365,65.41308439936998
2017-03-06,41.10768508911133,41.16231156542883,40.84051244169272,41.06646706748155,22180000,41.17437526157924,59.33940200407267
2017-03-07,41.31278610229492,41.38727710267609,41.04511710301063,41.08881677232533,20752000,41.19757352556501,61.78044289184178
2017-03-08,41.48461151123047,41.62266670332716,41.30682727955076,41.39224130476147,19796000,41.24077769688198,66.1859173734278
2017-03-09,41.64898681640625,41.81385893391926,41.42700656792362,41.515898690846,25230000,41.35052708217076,64.88916405547232
2017-03-10,41.87593078613281,41.9583668382822,41.68970517554147,41.87742356141303,34080000,41.407352447509766,65.3580660253451
2017-03-13,41.989654541015625,42.14583520767222,41.875930828183535,41.91317822360105,24472000,41.51312855311802,64.42216670524476
2017-03-14,41.99361801147461,42.074068734640015,41.75425873452736,41.89529187567407,15598000,41.630467551095144,65.70806340813016
2017-03-15,42.07209396362305,42.14310688074615,41.752780212237546,42.09146215613936,27630000,41.76824024745396,66.42519028985114
2017-03-16,42.15055084228516,42.25334773978207,42.01895171809019,42.16296664035007,19552000,41.88792092459543,71.33457453560708
2017-03-17,42.3164176940918,42.37998188525695,42.0676205467328,42.29109355665675,34246000,42.0067503792899,72.88560622037632
2017-03-20,42.131683349609375,42.22206824718342,41.97028932433861,42.21163776332103,24630000,42.07570702689035,76.48789282292941
2017-03-21,41.24077606201172,42.38494659413062,41.16926682454289,42.280660710834574,49270000,41.98497063773019,45.52935479653022
2017-03-22,41.19757080078125,41.49354567951842,41.077891152174,41.31278349023604,28030000,41.87181581769671,48.954058931131655
2017-03-23,40.60116195678711,40.84896646910037,40.33681946272555,40.77099736797821,69742000,41.67289352416992,40.44547694114343
2017-03-24,40.44472503662109,40.8171762415367,40.16960732224791,40.72530615673045,39620000,41.44041224888393,39.239147260422314
2017-03-27,40.696998596191406,40.80228093081463,39.8954843494107,40.073268582527874,37886000,41.232761928013396,40.155583554198756
2017-03-28,40.76702499389648,41.018800126573,40.42471720211797,40.74169706645991,32410000,41.01142011369978,38.14219706377364
2017-03-29,41.2879524230957,41.35524096894949,40.83952124572168,40.96963137821971,35726000,40.890887124197825,44.66296665136588
2017-03-30,41.29242706298828,41.400683583365165,41.16827665317098,41.39174587533419,21106000,40.89826583862305,40.76700018349869
2017-03-31,41.19608688354492,41.29938011709778,41.08832290152005,41.1667883259737,28038000,40.89805385044643,37.37361720930294
2017-04-03,41.64253234863281,41.75674860455884,41.17919989479321,41.17919989479321,33430000,41.046821049281526,45.103380468428306
2017-04-04,41.44488143920898,41.47517265259384,41.17006303234588,41.28547274478066,20908000,41.18970053536551,41.53366247108711
2017-04-05,41.2879524230957,41.83620252102512,41.25368679197511,41.49156089461499,31106000,41.274122510637554,38.59789248209692
2017-04-06,41.1126594543457,41.53526643878369,41.0421428669225,41.337121344808885,25088000,41.3234988621303,34.127883114165755
2017-04-07,40.953250885009766,41.14270454122991,40.7468121727774,41.116630225932994,21146000,41.27568435668945,34.35734359571619
2017-04-10,40.95622634887695,41.18565530355066,40.90855225860102,40.98900299633599,19578000,41.227655683244976,45.05783406810231
2017-04-11,40.8876953125,41.09015959372034,40.5733486587276,40.955233923170944,21594000,41.18359974452427,44.66490126074155
2017-04-12,40.93587112426758,41.05207649848271,40.7719916532265,40.81718410549861,18010000,41.08264814104353,57.10367206298106
2017-04-13,40.89812850952149,41.03816902860942,40.79284616699631,40.82760813232913,22448000,41.0045405796596,60.133306733371505
2017-04-17,41.57400131225586,41.6028035408238,40.94331510180109,40.97013201495604,17900000,41.045404706682476,66.48009852174383
2017-04-18,41.556617736816406,41.66139995463693,41.352516707239054,41.42750025051667,16734000,41.10882731846401,65.13702426902613
2017-04-19,41.62564468383789,41.8247824218561,41.5302965043294,41.704106316574176,19084000,41.20488357543945,57.83054517663048
2017-04-20,41.796478271484375,41.97276973528948,41.68076923850333,41.78604778792849,19180000,41.32491956438337,60.8509701769543
2017-04-21,41.872955322265625,41.907220957908365,41.74433415919621,41.85756154986221,26472000,41.465670994349885,64.69698550983938
2017-04-24,42.84480285644531,42.87906849026919,42.20418629697569,42.270732249262586,27450000,41.73837552751814,71.25543916631383
2017-04-25,43.31856155395508,43.45264232607399,42.84728406427388,42.95604069949029,33440000,42.08415167672293,80.17921701922708
2017-04-26,43.29025268554688,43.50478798702769,43.09250921184515,43.4144030945417,24744000,42.32933044433594,83.64491792140234
2017-04-27,43.41539764404297,43.472505768829805,43.22321230404346,43.3831173267084,40536000,42.59487043108259,89.35648631697302
2017-04-28,44.9901237487793,45.53092140380154,44.980689711627015,45.22352713220469,65526000,43.07551029750279,96.49912647330765
2017-05-01,45.31837463378906,45.47281624804314,44.766150101679706,44.7904853686707,42320000,43.5786383492606,96.74317458111435
2017-05-02,45.51055908203125,45.72559071305878,45.163583542087615,45.17187715921949,31744000,44.09829602922712,98.25804396304584
2017-05-03,46.03696060180664,46.0895979822705,45.31703748593248,45.4320986395571,29990000,44.55431856427874,98.41617884318516
2017-05-04,46.266387939453125,46.47843780674946,45.91529022106732,45.98878856611594,28442000,44.975436619349885,99.16308753483946
2017-05-05,46.04142761230469,46.42728730743831,45.94558309959596,46.35974869481445,38226000,45.36846160888672,94.59638128908497
2017-05-08,46.397491455078125,46.52784787029026,45.948563905172,45.991270918840286,26596000,45.79447501046317,95.26370531434063
2017-05-09,46.29171371459961,46.556400948213145,46.1606109198396,46.52908770810608,31636000,45.980416434151785,93.33142509773815
2017-05-10,46.12336730957031,46.28327234401138,45.94359775444273,46.28227968629254,23478000,46.09541538783482,90.20020215853152
2017-05-11,46.2137451171875,46.30958962299272,45.83781960386578,45.95153952487395,16700000,46.195870535714285,90.22544961956095
2017-05-12,46.29419708251953,46.35478329958372,46.07718392880792,46.25993144890509,21012000,46.232618604387554,88.29102667470691
2017-05-15,46.53554153442383,46.59364231357581,46.15117087612783,46.33044407907107,22162000,46.2710691179548,87.65397591394328
2017-05-16,46.829532623291016,46.8349922402121,46.56037464571227,46.68055062705854,19390000,46.3836555480957,89.00076925340383
2017-05-17,45.6684799194336,46.647429866644,45.59498536069503,46.46552723443464,47242000,46.27951104300363,70.2129742057273
2017-05-18,46.19586944580078,46.34137335458567,45.62527316231934,45.73700776741191,31938000,46.26581900460379,63.320154171748314
2017-05-19,46.383087158203125,46.56906270194666,46.233608831851136,46.25695144125105,27860000,46.30292184012277,62.14042999639847
2017-05-22,46.77292251586914,46.7740667244071,46.432255261926,46.432255261926,22408000,46.38280432564871,63.773327639553834
2017-05-23,47.11855316162109,47.25000072691539,46.80842344301948,47.07385704910087,25416000,46.50056947980608,62.28561177825555
2017-05-24,47.4234733581543,47.429929422235126,47.15232624429934,47.32514341033162,20496000,46.62741688319615,62.9215148848143
2017-05-25,48.14751434326172,48.30091404925139,47.44879323135425,47.5411634356624,33210000,46.815699986049104,71.16057411631964
2017-05-26,48.24335861206055,48.417664748176165,47.92354477787249,48.15545915638341,25040000,47.183539799281526,69.56934602359087
2017-05-30,48.46235656738281,48.47825045586144,48.14502816940238,48.185749865080176,29334000,47.507323673793245,72.47302349351394
2017-05-31,47.91510391235352,48.630707786010895,47.68269320253013,48.41965058211436,48962000,47.726183210100444,67.20062519363364
2017-06-01,48.01889419555664,48.24484884526092,47.6742525450033,48.11821300549909,28210000,47.90417916434152,67.28487280957131
2017-06-02,48.44845199584961,48.462356780348514,47.971714903557256,48.14353939451364,35020000,48.09416471208845,69.3350105350087
2017-06-05,48.84970474243164,49.010109879497534,48.42362350594126,48.49562907152071,25042000,48.297912052699495,70.19066916596562
2017-06-06,48.49662399291992,49.076654330212975,48.425611081651645,48.82388655689689,36292000,48.34778485979353,64.39663771645135
2017-06-07,48.71363830566406,48.86460561664262,48.46533750527531,48.66695687619645,29078000,48.41496767316546,81.42043164470874
2017-06-08,48.83629989624024,48.89390434849211,48.52790920987525,48.78365873210005,29638000,48.46838814871652,79.72723063853778
2017-06-09,47.1687126159668,48.890428071775645,46.46353922345392,48.890428071775645,66188000,48.361760820661274,56.63370648408757
2017-06-12,46.82456588745117,47.14512231507558,45.45061785425731,46.65870113289728,75270000,48.19114249093192,50.43945984548465
2017-06-13,47.34599304199219,47.67275924736612,46.88365709007128,47.27200216444717,40266000,48.033648354666575,51.87917931597903
2017-06-14,47.21489334106445,47.73086314629241,46.79228639740928,47.66978060208835,29794000,47.80010386875698,48.22568272177506
2017-06-15,46.79526901245117,46.84636814957453,45.907840637582325,46.38110344001082,42662000,47.55705315726144,37.86862165190412
2017-06-16,46.66962432861328,46.78185905021697,46.26315754931724,46.68055114011465,61894000,47.2650511605399,35.95667024548126
2017-06-19,47.54314804077149,47.67325817771824,47.12997513799296,47.17516758182106,30666000,47.08031518118723,42.65533778466231
2017-06-20,47.208438873291016,47.75420353764758,47.177647543822886,47.55059506642603,22520000,47.08599036080496,44.15507871561158
2017-06-21,47.64643859863281,47.67871891384544,47.21489018744169,47.35791244318833,24044000,47.20340074811663,47.080762278127835
2017-06-22,47.52924346923828,47.709509339000974,47.40310775104035,47.60919787453478,18828000,47.229579380580354,42.42448059285009
2017-06-23,47.95135498046875,47.97171582878982,47.38572576448415,47.51633223328281,30558000,47.33478818620954,42.62175204134131
2017-06-26,47.28988265991211,48.33473444128488,47.216388103260805,48.16539158614072,31968000,47.40544727870396,40.56675791570501
2017-06-27,46.05135726928711,47.092234561899794,46.027518331268205,46.80271573661143,51598000,47.31712341308594,32.05460698899937
2017-06-28,46.70489501953125,46.81712597306061,45.48871491153346,46.13429863632185,54428000,47.19737298148019,36.59258455837006
2017-06-29,45.57760238647461,46.24652486795032,45.22153757974915,46.17997891337189,65984000,46.96439634050642,39.261314367748646
2017-06-30,45.1276741027832,45.98778912608971,45.10681692819583,45.98778912608971,41804000,46.60457284109933,38.7086031189365
2017-07-03,44.62958526611328,45.386403314241534,44.43541083585905,45.29900398239559,34196000,46.19033595493862,31.868260021103524
2017-07-05,45.275665283203125,45.414713131116784,44.619654965087086,44.78154909427921,36278000,45.80809456961496,37.88850478044272
2017-07-06,45.02637100219727,45.436266622110274,44.679247717506776,44.8987462972256,28490000,45.484735761369976,38.71214466963069
2017-07-07,45.61732864379883,45.76382521193271,45.133639152404754,45.133639152404754,32756000,45.42273167201451,43.661416472463245
2017-07-10,46.12435531616211,46.20282073327699,45.66698642394307,45.775246724698285,23856000,45.33979742867606,41.05902761083658
2017-07-11,46.18842315673828,46.25496532121455,45.78666958179468,46.16110991505352,22264000,45.427057538713726,43.34504253691335
2017-07-12,46.87075424194336,46.99341187675181,46.40593280286138,46.61500091141655,30642000,45.67606898716518,45.0955156533178
2017-07-13,47.03612518310547,47.398145949383775,46.83003503667364,46.99291804954708,25894000,46.01986040387835,46.900999213670616
2017-07-14,47.47462463378906,47.52031341399722,47.07808815270721,47.27647952828063,21076000,46.333997453962056,47.010147679163374
2017-07-17,47.34699630737305,47.710506050708176,47.13946643378865,47.52477675937124,23310000,46.66551535470145,50.38389901086774
2017-07-18,47.941925048828125,48.07302785768165,47.20695291979107,47.3261400469452,23080000,46.99760055541992,63.91139615006541
2017-07-19,48.21455383300781,48.32132515300634,47.87388660197741,48.06309018517483,24490000,47.29620034354074,61.768239301925064
2017-07-20,48.07848739624024,48.46335062347444,47.74874319076034,48.41865829596455,32490000,47.566209520612446,73.05856863489936
2017-07-21,48.31536102294922,48.33075479299607,47.68120059059123,47.785486468154446,34220000,47.772581917899,80.5929287581945
2017-07-24,48.683837890625,48.9748494795897,48.20859360073986,48.28059916321658,64966000,48.007969447544646,89.90224906739415
2017-07-25,47.2119140625,47.65885626122,46.94871582013421,47.36635567523618,93220000,47.97043936593192,66.39201106803725
2017-07-26,47.06789779663086,47.42545154537502,46.79372349675515,47.40956144638132,41766000,47.930568150111604,67.59695234387536
2017-07-27,46.38706207275391,47.265552790751535,45.68735204157309,47.265552790751535,64260000,47.70844486781529,56.53349134344217
2017-07-28,46.75653076171875,46.87075079769962,46.05979877191324,46.154154289081376,36928000,47.500155857631135,55.49419982826588
2017-07-31,46.20878601074219,46.85883664452069,45.98729830579993,46.7744152715666,39402000,47.23305565970285,50.16324778064979
2017-08-01,46.22517013549805,46.55377014048566,46.14720483049822,46.30214278280957,25554000,46.934456961495535,44.20569118384181
2017-08-02,46.20331573486328,46.31306501889397,45.52247386859077,46.11491995533071,36488000,46.58009665352957,42.32763213569287
2017-08-03,45.86861038208008,46.29519177570148,45.79859012526099,46.200836249711415,24050000,46.3881961277553,34.91590668224964
2017-08-04,46.082645416259766,46.19919934479379,45.83782268265084,46.022559314363946,21646000,46.24744578770229,38.31456284939043
2017-08-07,46.15216445922852,46.26836980863224,46.01013864566691,46.13726701754564,20644000,46.21388898577009,31.679306744264323
2017-08-08,46.0245361328125,46.4726679654669,45.965935239537565,46.03943357332178,21232000,46.10931832449777,26.896268632690436
2017-08-09,45.83136367797852,45.984316309159006,45.55078255202602,45.71763996785928,23842000,46.05540084838867,26.57605713331364
2017-08-10,45.053688049316406,45.6506049661208,44.9985652353183,45.56568347646835,36480000,45.88804626464844,19.44534576730051
2017-08-11,45.40875244140625,45.57709882780718,44.9712443062444,45.089931293402486,24136000,45.774537222726,19.24240969518408
2017-08-14,45.81993865966797,45.919158955461896,45.59746211434112,45.812986267626506,21290000,45.76758411952427,33.6748699887974
2017-08-15,45.7975959777832,46.01262381860575,45.67841264641,45.89741111797543,17668000,45.72686277117048,34.66417979183937
2017-08-16,46.032981872558594,46.31802995061568,45.85842568126137,45.95004949559851,20134000,45.70983668736049,45.21017041513912
2017-08-17,45.23941802978516,46.02802019666081,45.23941802978516,45.97439015720638,25544000,45.59767695835659,31.58960912950826
2017-08-18,45.22402191162109,45.45270447986538,45.04941645488731,45.20614270688362,26854000,45.51091384887695,36.276646642921676
2017-08-21,45.02488708496094,45.33973387662496,44.8629929404627,45.190751860478,18868000,45.5067994253976,34.0839308133789
2017-08-22,45.92025375366211,45.97835453382191,45.26399341241408,45.325822341754,23334000,45.57987104143415,46.95250619536193
2017-08-23,46.034969329833984,46.18047324289402,45.65556571693119,45.7831942143622,21804000,45.61058970860073,51.8801076761507
2017-08-24,45.75091552734375,46.225667336426845,45.46388211044637,46.11740702604226,25406000,45.60392107282366,46.30936001066098
2017-08-25,45.483245849609375,45.96321099903597,45.46388144706504,45.86066415511794,21068000,45.52538735525949,42.872252297221316
2017-08-28,45.37995147705078,45.64985585462256,45.28361064051838,45.48870811196751,21730000,45.54546356201172,43.095741255575334
2017-08-29,45.75141525268555,45.85272317787191,44.94245220417618,44.94741928184996,23712000,45.62080546787807,49.175162464421476
2017-08-30,46.16259765625,46.22462360541887,45.66996666151949,45.68983118118795,26024000,45.78333554949079,62.37671987588112
2017-08-31,46.64728164672852,46.77888077953434,46.27135611105376,46.27135611105376,31652000,45.88719667707171,63.434704060208425
2017-09-01,46.548458099365234,46.80371130872334,46.43970146261315,46.736669027332354,18948000,45.96055221557617,58.47691825579937
2017-09-05,46.10697937011719,46.531571645984286,45.78468387872006,46.33690465390773,26528000,46.01141847882952,53.2799979293504
2017-09-06,46.0751953125,46.22939066539749,45.65109936610018,46.19140067071708,30554000,46.095982687813894,50.46772740106546
2017-09-07,46.47943115234375,46.5022736457123,45.86712048087613,46.26986292615455,24254000,46.253051212855745,65.03671960432737
2017-09-08,46.0101432800293,46.53107640644349,45.92969254031499,46.506248597394425,20230000,46.29001235961914,58.58740756359606
2017-09-11,46.13826370239258,46.60010337872146,46.03099983965152,46.39500969012342,25340000,46.28653608049665,62.353938115390015
2017-09-12,46.28675079345703,46.35677105087687,45.879090513298905,46.3125750494266,22688000,46.23503167288644,54.8745627734093
2017-09-13,46.43672561645508,46.54398948282376,46.17700164685177,46.21673068866386,22052000,46.21906988961356,55.293872824002
2017-09-14,45.94111251831055,46.32150877723039,45.88598970906537,46.24602512003116,27952000,46.19537462506975,52.373842454828946
2017-09-15,45.70174789428711,46.009642247423336,45.5065845887509,45.91876482227936,50108000,46.142024993896484,52.74652243336161
2017-09-18,45.43904495239258,45.79063896492188,45.220539042947536,45.687842073274936,26138000,45.99339839390346,50.714171775577356
2017-09-19,45.7772331237793,45.807524336946194,45.31737878785614,45.55922353067906,18734000,45.96012551443918,50.31455076127977
2017-09-20,46.26241683959961,46.37663689048763,45.78667234993706,45.83533910131055,33396000,45.97786167689732,51.19460126239592
2017-09-21,46.30561828613281,46.50823031755038,45.87754794266398,46.33293152611429,25812000,45.980557032993865,45.4279638218781
2017-09-22,46.11094665527344,46.41884101033973,46.00914620703279,46.07221406446752,21054000,45.934017181396484,44.29178200958977
2017-09-25,45.73551940917969,46.005173724831366,45.17584992961701,45.957995964778334,37136000,45.904646737234934,45.068560860044286
2017-09-26,45.9286994934082,46.22467440545895,45.74396286420554,45.87208769428299,33338000,45.93706839425223,48.1350651267911
2017-09-27,46.90352630615234,47.17218797097169,46.07172084567055,46.07172084567055,44788000,46.146280016217915,54.71402257832528
2017-09-28,47.15232467651367,47.211421909016345,46.70786787130428,46.748093241062,20406000,46.34272166660854,63.350288571978915
2017-09-29,47.62955856323242,47.66312706195576,47.25214027877135,47.27647175719136,31620000,46.53802762712751,66.11564660623858
2017-10-02,47.339542388916016,47.79988925266893,47.06988429542131,47.67276087998377,25668000,46.68573107038225,61.03929350569558
2017-10-03,47.56400680541992,47.57443728848602,47.13444745976578,47.37579588032299,17766000,46.893311091831755,61.63855915181208
2017-10-04,47.26058578491211,47.693126916169696,47.21142270619029,47.5247767127229,19048000,47.11117771693638,64.18580844983546
2017-10-05,48.16836929321289,48.21554705083663,47.43438992478544,47.44978748397134,24276000,47.43113054547991,73.18645696622848
2017-10-06,48.61183547973633,48.640141377770526,47.840612474201336,48.00647723181629,23478000,47.675174713134766,78.84427045907907
2017-10-09,48.51797866821289,48.93636873209771,48.47378266811132,48.66696067558486,17828000,47.870268140520366,76.07486648094732
2017-10-10,48.29947662353516,48.74492608249262,47.975692141706766,48.6669607767078,19368000,47.96597072056362,70.41612727357544
2017-10-11,49.12631607055664,49.19881796618839,48.28209105538349,48.35509306860634,33866000,48.22122410365513,74.43225486263432
2017-10-12,49.05580139160156,49.36816653994512,48.91526454342996,49.036933316657645,25248000,48.4343376159668,76.06836336916388
2017-10-13,49.14767074584961,49.52161095088019,49.11390144133744,49.26287965548789,23396000,48.70392118181501,81.8014524195023
2017-10-16,49.26287841796875,49.35758250350469,48.86559940144442,49.26784549494657,18210000,48.86027962820871,81.53305101439287
2017-10-17,49.271820068359375,49.48336980977882,49.093539513117385,49.17796087815621,25804000,48.95456314086914,77.40500149200773
2017-10-18,49.303104400634766,49.49727505754901,49.01333929612928,49.25145968123735,21152000,49.06672395978655,76.20728059036044
2017-10-19,48.88794708251953,49.10794199760083,48.587005101895954,48.96491972860223,26272000,49.15079116821289,65.56901064650202
2017-10-20,49.07417297363281,49.21322082396731,48.894403425876106,49.1357518486052,23664000,49.14334215436663,72.02686298501948
2017-10-23,48.093387603759766,49.13972840620889,47.97767857013616,49.13972840620889,29568000,49.00585447038923,55.63908307909363
2017-10-24,48.197174072265625,48.28109910956792,47.72341494448853,48.17035716043205,24244000,48.870069231305806,60.4199186339743
2017-10-25,48.335723876953125,48.47278640423367,47.69957810301499,48.08940839089709,24226000,48.737618582589285,52.24637807314618
2017-10-26,48.2974853515625,49.0443768830731,48.27960993625574,48.66695859231798,40842000,48.59842790876116,45.265468167376206
2017-10-27,50.61711502075195,52.06321644327847,50.06737589801771,50.11653897414333,103354000,48.78614371163504,68.92637412225676
2017-10-30,50.50984573364258,50.90017614574264,50.03261231287127,50.355404117805,41702000,49.017843518938335,70.33720374372876
2017-10-31,50.48650360107422,50.852002393138704,50.17761660089135,50.41598702561574,26614000,49.219605037144255,64.6863057967588
2017-11-01,50.92649841308594,51.13358120081261,50.50190235453599,50.51481448181287,27468000,49.62433515276228,68.70591412533167
2017-11-02,50.93046569824219,51.05511242575921,50.30623940305018,50.74076579854768,20980000,50.014805385044646,68.14593815108665
2017-11-03,51.27312469482422,51.281566073694215,50.66875909767566,50.75814754097896,21528000,50.43443407331194,69.55556578119248
2017-11-06,50.94636154174805,51.39181479868578,50.90166921178141,51.09981430101464,22504000,50.812844957624165,65.34122322709796
2017-11-07,51.315338134765625,51.34712212540511,50.90812493534486,51.01439614209737,22246000,50.91259111676897,67.36077513715966
2017-11-08,51.639122009277344,51.82147550210758,51.0729964409067,51.17579334444856,21774000,51.07391629900251,74.11630871379063
2017-11-09,51.2125358581543,51.34810939704506,50.63677550162925,51.34810939704506,24904000,51.177635192871094,67.9865697301689
2017-11-10,51.05412292480469,51.187707367812784,50.91557140468549,50.97417230604138,14400000,51.195867265973774,78.90236845260749
2017-11-13,50.93891143798828,51.228430283507,50.78099551204154,50.82320619656584,17716000,51.197073800223215,76.70496683475938
2017-11-14,50.95132446289063,50.99154982984127,50.36285276704677,50.7819854051663,19184000,51.15110233851841,76.11814538861212
2017-11-15,50.69856262207031,50.85647855787133,50.425926517840345,50.614137458983606,17080000,51.11570249285017,72.99102316094601
2017-11-16,51.27411651611328,51.443955692250086,50.77850756100909,50.77850756100909,22594000,51.10981369018555,59.445931967834355
2017-11-17,50.608177185058594,51.36946989874682,50.54163501732936,51.34910904869974,27942000,50.9625358581543,51.21806921593144
2017-11-20,50.57291412353516,50.78297866830331,50.52921445433098,50.666276985380925,19070000,50.871161324637285,51.06724812812263
2017-11-21,51.37294006347656,51.4037313948882,50.78521474016324,50.81774132810085,21940000,50.91670663016184,55.06362851263484
2017-11-22,51.44594192504883,51.631966728356254,51.22097993557488,51.39826783596316,14926000,50.98913955688477,55.756485199508234
2017-11-24,51.67686080932617,51.80439079963753,51.39826877968908,51.44147212132665,10740000,51.09278760637556,54.624049408477134
2017-11-27,52.35223388671875,52.41430908410449,51.56909525759082,51.64656422493373,26158000,51.32902635846819,64.91096896355008
2017-11-28,52.01454544067383,52.75771256406461,51.646564998704896,52.39593812641948,28488000,51.4348019191197,57.46548354802
2017-11-29,50.735801696777344,51.84918093128845,50.4373451513144,51.77965700703368,49188000,51.45303399222238,41.98884934435769
2017-11-30,50.72338485717773,51.07497889066422,50.40506379863794,50.77105894551231,34480000,51.47452981131418,45.31798610745973
2017-12-01,50.16520309448242,50.77701738857253,49.7604753659101,50.44479155391781,38192000,51.30199595860073,42.096373201100285
2017-12-04,49.59461212158203,50.45969438551538,49.440170492326246,50.28886253747882,38128000,51.037520272391184,38.942856784266475
2017-12-05,49.91591644287109,50.68366144084023,49.07815118548502,49.45854748794262,41346000,50.78595679146902,41.89537979377884
2017-12-06,50.57291412353516,50.90017668005054,49.71677342206753,49.73465262607087,25440000,50.53176825387137,49.07502575145387
2017-12-07,51.19615173339844,51.36052750539634,50.55756976112326,50.67471851922342,29164000,50.41485486711775,49.4300556279985
2017-12-08,51.50007247924805,51.74837329198583,51.27520899603291,51.52192231425566,25816000,50.5240364074707,56.88438890724296
2017-12-11,51.7011947631836,51.835275533011135,51.251770905008925,51.42309906945555,23856000,50.663723536900115,58.49158225958336
2017-12-12,51.67040252685547,52.158562757577066,51.33321339850234,51.62819184470908,25590000,50.878752027239116,52.53190121500607
2017-12-13,51.67686080932617,51.97755273300622,51.56611885784636,51.95048955057028,25654000,51.17621612548828,51.988024691520195
2017-12-14,52.1009635925293,52.565284932035546,51.801014250160094,51.89487344906006,31174000,51.488365718296606,53.53364168257996
2017-12-15,52.84784698486328,53.01818249173747,52.118338328537575,52.37210254356982,65518000,51.81335612705776,54.08083907192492
2017-12-18,53.49094772338867,53.55799000591776,52.73909286767121,52.94170870181027,31092000,52.14118412562779,61.574445127626
2017-12-19,53.17014694213867,53.47605223113924,52.81607123148399,53.39460883143208,26774000,52.379766191755024,72.45743058297555
2017-12-20,52.88559341430664,53.30422596299768,52.71525789871695,53.22477167015922,25372000,52.54896599905832,68.99324190288289
2017-12-21,52.82003784179688,53.10310061498053,52.728861098925485,52.88559113517567,19914000,52.713199615478516,75.53010021298655
2017-12-22,52.64573287963867,52.84834492150523,52.611963574532616,52.694895956386816,15102000,52.851609911237446,81.76176403547566
2017-12-26,52.47788238525391,52.64573246300202,52.15310146419564,52.54392821964751,15212000,52.90545545305525,77.54991032795527
2017-12-27,52.11188125610352,52.55882346170408,52.04633175329255,52.51015671622076,25438000,52.80031749180385,67.65403206538053
2017-12-28,52.05080795288086,52.3790594076711,51.88345040468036,52.22263246090496,16742000,52.594583238874165,61.25578380985391
2017-12-29,51.964393615722656,52.12827306089524,51.88990261439242,51.98028371589961,17750000,52.422332763671875,56.4867189573414
2018-01-02,52.8880729675293,52.98441380384693,51.90629286000406,52.060734479904,24752000,52.42268698556082,63.79586939344509
2018-01-03,53.756134033203125,53.945337618341206,52.79918171793548,52.853808200584375,28604000,52.55641501290457,70.29379800997093
2018-01-04,53.9507942199707,54.30685896996256,53.83170941212008,54.03025228971851,20092000,52.74285234723772,71.34330431694036
2018-01-05,54.736915588378906,54.83723083493956,54.22889087011104,54.32821345909724,25582000,53.06557137625558,73.16684916314246
2018-01-08,54.97081756591797,55.18584539163745,54.70662666681977,54.7369178791859,20952000,53.47399084908621,70.50751799351158
2018-01-09,54.93705368041992,55.15108886962921,54.68731312366994,55.09298808320769,18050000,53.88631166730608,65.833015911202
2018-01-10,54.75579452514648,54.85461700934773,54.43300269957067,54.48216577724561,20856000,54.2850832257952,67.9080171364956
2018-01-11,54.90030670166016,54.95021237906043,54.60582077077541,54.93903929656321,19566000,54.572545187813894,73.49706767700043
2018-01-12,55.73160934448242,55.83242092274711,54.68328335136789,54.745854879293375,34410000,54.85475594656808,78.81086133132598
2018-01-16,55.70678329467773,56.60811263801479,55.51171849196348,56.24062850846902,31506000,55.10561152866909,81.21337727282608
2018-01-17,56.21430969238281,56.245101023867136,55.470896242500274,55.9282689451118,24052000,55.31666782924107,85.63183183357943
2018-01-18,56.10555267333984,56.24062989033983,55.49523113023211,56.18600340894452,23964000,55.478772844587056,90.04998420061573
2018-01-19,56.48892974853516,56.506312623581415,56.03156084553628,56.20685963861391,35564000,55.70046942574637,91.80468888676457
2018-01-22,57.3977165222168,57.59983224401274,56.36975124793285,56.48794192654838,32360000,56.07788685389927,94.3136104358017
2018-01-23,58.10089874267578,58.1831832401048,57.54371092402748,57.5983374036265,26662000,56.53511428833008,94.10145738571603
2018-01-24,57.816349029541016,58.592039005136186,57.65793299087824,58.46639961314115,28332000,56.83293424333845,88.11315768553959
2018-01-25,58.12076568603516,58.39737239726081,57.74285106116475,58.22802954568573,29610000,57.17778887067522,88.3531484700251
2018-01-26,58.39240264892578,58.39240264892578,57.51192670431996,58.35466271543344,40376000,57.48894500732422,87.13568228674147
2018-01-29,58.379493713378906,58.94115230855167,58.200716823597794,58.424189830209066,27578000,57.8137937273298,86.25629722921882
2018-01-30,57.789039611816406,58.426178110431614,57.78059444359821,57.99462963560469,31126000,57.99952370779855,77.12304485274836
2018-01-31,58.09941482543945,58.251374808441255,57.56258780759908,58.13069869847341,30774000,58.099766322544646,81.03639484784006
2018-02-01,57.98816680908203,58.30102823997457,57.48262750486018,57.73539905135586,48242000,58.08366176060268,78.84045867454098
2018-02-02,55.21713638305664,55.7718387966346,54.98760513373536,55.7187013008152,97158000,57.71234566824777,46.472866919547506
2018-02-05,52.43120193481445,55.12278190785732,52.24398366256612,54.15937351616049,75966000,56.89955084664481,33.71035693743167
2018-02-06,53.66277313232422,53.71789594583136,50.80915119580008,51.009929479955936,68960000,56.2238894871303,38.16347000546463
2018-02-07,52.07265853881836,53.72137592461564,52.05676464846238,53.70945645404116,47384000,55.32291303362165,33.552079064602225
2018-02-08,49.73564529418945,52.571240068971605,49.69293828262598,52.41183137446118,57182000,54.172428131103516,26.242951052776036
2018-02-09,51.53632354736328,51.84372159099324,49.29068941563271,50.516799710766655,70118000,53.23484366280692,30.597984955987997
2018-02-12,52.2395133972168,52.71426520482196,51.69265372159088,52.04385374398392,41154000,52.41360746111189,30.598020010015873
2018-02-13,52.24745559692383,52.55882426476499,51.849528697529536,51.89486890399878,25302000,51.9893673488072,31.22234839110662
2018-02-14,53.12147521972656,53.22178668459579,51.98177542567485,52.0910245981142,31116000,52.087977818080354,33.766552608135086
2018-02-15,54.105743408203125,54.203027650932064,52.85529781602886,53.58679181686359,36868000,52.15125928606306,36.696275172044096
2018-02-16,54.36794662475586,54.85809217760934,54.04579890721773,54.05061822222012,33590000,52.47915758405413,37.73980241505151
2018-02-20,54.74834442138672,55.31893693633709,54.05607935429449,54.1578835978036,28462000,53.19525745936802,40.58607499677581
2018-02-21,55.18932723999024,56.31313697844983,54.94053009453812,54.94748248709305,30258000,53.717115129743306,41.062710585633106
2018-02-22,54.95542526245117,55.75942112133274,54.75479854434672,55.43017704067108,26344000,54.1051025390625,40.75566748286575
2018-02-23,55.956573486328125,55.98090496485596,54.86027405166285,55.25388175040145,25220000,54.63497652326311,52.526544890328566
2018-02-26,56.79880905151367,56.8092395342263,55.95185612850985,56.0067288786468,31182000,55.16030992780413,67.20930582109831
2018-02-27,55.53446960449219,56.8132173954044,55.52006848940447,56.67416953333667,35482000,55.364413670131135,57.35588931099723
2018-02-28,54.86106872558594,55.993319775245205,54.787074056126805,55.76985056920124,37652000,55.43485968453543,61.809571477824555
2018-03-01,53.1125373840332,55.12873871823473,52.98744357728,55.01700411318404,50318000,55.2011729649135,65.0522422473212
2018-03-02,53.57934188842773,53.732245268704624,52.04956169802064,52.29612346619665,45432000,54.971175057547434,60.33564079950128
2018-03-05,54.175758361816406,54.48215993613759,53.086710681876056,53.39162326980277,24044000,54.85979407174246,59.90245329951713
2018-03-06,54.380855560302734,54.718048485848506,54.11840369458124,54.58744201683332,30656000,54.634691510881694,60.695077332382745
2018-03-07,55.10490036010742,55.23302518391112,53.90521296667597,54.08935096122555,25850000,54.39270455496652,60.09502792552002
2018-03-08,55.91733932495117,55.99679739945071,55.26182536540807,55.38696842285228,27102000,54.4474002293178,59.38461757355844
2018-03-09,57.60777282714844,57.64551655047141,56.238197005229466,56.41394287453876,42560000,54.839786529541016,64.61992542177047
2018-03-12,57.82926177978516,58.45249928777178,57.47766771364585,57.79698524825528,43446000,55.51360430036272,64.10513094213509
2018-03-13,56.52170944213867,58.43809574392449,56.28135367284526,58.10239179307025,38144000,55.93394252232143,55.65151402377258
2018-03-14,57.08385848999024,57.53576778371268,56.6840940335318,56.871316087836895,25828000,56.34938539777483,58.78350510270586
2018-03-15,57.08832550048828,57.65941808500492,56.34143780256591,57.10719736108601,27908000,56.73616681780134,55.0890875931941
2018-03-16,56.400535583496094,57.401187558269925,56.21331731579902,57.31478087568807,61840000,56.921257563999724,48.18387995812687
2018-03-19,54.61723709106445,55.71820044985042,54.08041013676168,55.61987430513866,56118000,56.73552867344448,46.00644623591443
2018-03-20,54.5124626159668,54.88441374296789,53.8048037356444,54.576523138878976,36638000,56.29334150041853,48.40312898300364
2018-03-21,54.17327880859375,54.93903845187656,53.888727036817016,54.26564901784914,37578000,55.77105821881975,55.579361337118875
2018-03-22,52.09748458862305,53.77699325186029,51.940064987171965,53.726341186785326,53340000,55.13902609688895,43.33393279775082
2018-03-23,50.7313346862793,52.80663345011149,50.71395559832001,51.99568512074473,43134000,54.231522696358816,35.50895476253679
2018-03-26,52.30257797241211,52.42275774489176,50.07730475395165,51.94452787661624,53302000,53.547844478062224,42.15792170703762
2018-03-27,49.91343307495117,52.88008160333813,49.50721252981443,52.788757093046144,61906000,52.62111554827009,32.59754953561482
2018-03-28,49.88661193847656,50.86342494052389,48.698741736807605,49.56084216152136,67386000,51.945311955043245,28.66028593172402
2018-03-29,51.238861083984375,51.79555261409075,49.80417897504424,50.237712752737,54536000,51.47765459333147,26.9110263038381
2018-04-02,49.98146438598633,51.3883368540401,49.18193548169573,50.79340529965234,53608000,50.878823961530415,23.53726130831022
2018-04-03,50.32610702514648,50.70252887492903,49.36567663231315,50.350934833158654,45502000,50.6257700238909,27.6575707068678
2018-04-04,50.90861892700195,51.08630464932609,49.3125428509459,49.33290369942068,49694000,50.65109634399414,27.76365992013166
2018-04-05,51.04120635986328,51.78511607585509,50.659866720071406,51.71261418467717,27260000,50.47090039934431,28.42408681672201
2018-04-06,50.00977325439453,51.220486034468095,49.81063550973037,50.65336780440131,34928000,50.48466328212193,27.743750634355578
2018-04-09,50.42741394042969,51.62670738697837,50.35937899870158,50.49445622443475,35032000,50.56192071097238,33.87484316563324
2018-04-10,51.23141098022461,51.46183258935683,50.22331028352031,50.97317601244859,39490000,50.56085641043527,38.017308635370696
2018-04-11,50.65188217163086,51.21770846863485,50.44827366503199,51.05015768733002,29678000,50.65663037981306,37.361420495541445
2018-04-12,51.27461242675781,51.6808329367038,50.72462705443085,50.903650206687104,27140000,50.79213115147182,46.70272844860661
2018-04-13,51.11371612548828,51.96538608874161,50.80135100759755,51.69026836576851,24460000,50.82143075125558,51.69603225335969
2018-04-16,51.54624938964844,51.807462307294735,50.98807272627929,51.49758264668072,24224000,50.8935797555106,46.268402772419
2018-04-17,53.342960357666016,53.52769698062618,52.05676017815766,52.21120558717647,46406000,51.36974934169224,67.97129805612616
2018-04-18,53.23966979980469,53.50534971247255,52.94890823030723,53.50534971247255,26882000,51.77150017874582,67.43088992361206
2018-04-19,54.015357971191406,54.336410745165054,53.04599364436395,53.10657986198312,34954000,52.16920689174107,65.35403371363911
2018-04-20,53.28337097167969,54.24628308361266,53.11502455336005,53.73229854263541,37794000,52.545133863176616,69.38608220061681
2018-04-23,53.00974655151367,53.76805751267912,52.67453890923999,53.52670907109768,46826000,52.79301016671317,65.88862469329425
2018-04-24,50.652374267578125,52.49079146489267,50.18606384568597,52.24249064663155,95206000,52.72710418701172,48.74635934152932
2018-04-25,50.71196365356445,51.27362225222184,50.42045949537755,50.927491611331256,47822000,52.60792051042829,48.37763878764547
2018-04-26,51.648555755615234,52.04285682034747,50.563482387138,51.1256335327743,41590000,52.365862710135325,58.151377603819796
2018-04-27,51.15244674682617,52.11833671299272,50.93096285625735,51.9445269097178,32396000,52.06768798828125,53.57841223125147
2018-04-30,50.52077102661133,51.49758400198432,50.49693208890703,51.15046072901386,33426000,51.56846128191267,46.43193146489047
2018-05-01,51.51298141479492,51.570585866134046,50.06786895558887,50.33851591539938,28558000,51.31554848807199,54.151472506324716
2018-05-02,50.87087631225586,51.66588518701662,50.79588898590936,51.055609136528425,32062000,51.00999559674944,48.057164738523014
2018-05-03,50.83810424804688,51.13382910206482,49.97252567420491,50.60370821178082,36302000,51.03652845110212,48.657158044599115
2018-05-04,52.05427551269531,52.06917295438441,50.499417551091646,50.499417551091646,38774000,51.22828728812082,52.29961431350013
2018-05-07,52.38104248046875,52.723202495259606,51.99915721398557,52.10493209016548,29322000,51.33292824881418,44.977430795541046
2018-05-08,52.337345123291016,52.66708935392069,52.00139488740154,52.56727041950382,24354000,51.50219944545201,45.25908772228005
2018-05-09,53.77003479003906,53.90312289603531,52.45925315223928,52.54541355928972,40656000,51.96637998308454,48.7942866699214
2018-05-10,54.50550842285156,54.64803057868303,53.9130622685806,53.93242667133613,28860000,52.39388384137835,56.00449808831248
2018-05-11,54.53976821899414,54.69222831243921,54.174769510688535,54.30835395339943,25074000,52.91801125662668,57.6982340467676
2018-05-14,54.6361083984375,55.160023257487815,54.58198203489954,54.62617803312649,30362000,53.46058327811105,75.9477542517751
2018-05-15,53.5947380065918,54.13206135422336,53.30869724523134,54.12957970993695,29898000,53.68064934866769,66.64758928917607
2018-05-16,53.72087097167969,54.093322162795324,53.44724225389036,53.4993870877051,21946000,53.87205341884068,63.20320311562008
2018-05-17,53.562950134277344,53.97413390664841,53.310178597632,53.6275069754084,20876000,54.04713984898159,66.04950845603945
2018-05-18,52.95561218261719,53.133396414767326,52.67354206286299,52.73213917594871,31304000,53.93079376220703,66.26426386941685
2018-05-21,53.61212158203125,54.0302616002795,53.31763564871697,53.33799649844075,20464000,53.803167070661274,64.68023077444326
2018-05-22,53.12296676635742,53.96023564214606,52.971999444186096,53.809768437590726,21800000,53.60076686314174,66.09418379208297
2018-05-23,53.61758041381836,53.67171056550899,52.72468865287297,52.89452782903562,21214000,53.45526286533901,68.63309610088044
2018-05-24,53.5952377319336,53.65631649109144,52.94518332936868,53.58331826190626,15336000,53.45533425467355,62.2989471633085
2018-05-25,53.41744995117188,53.76010248718581,53.32384082007472,53.58430736540748,17988000,53.411988394601,58.47343024097173
2018-05-29,52.65565872192383,53.30372394944404,52.40239463853944,52.88260601263269,37302000,53.28237533569336,52.328990409842476
2018-05-30,53.027122497558594,53.09714275288519,52.48235043801688,52.79024481868438,22770000,53.2925910949707,43.56507223640091
2018-05-31,53.88077926635742,54.4866338469949,53.01520073596584,53.01520073596584,61766000,53.330970764160156,44.69731065848037
2018-06-01,55.59455490112305,55.61938649988994,54.55169216200412,54.59390284889181,48432000,53.684054783412385,56.966704661468334
2018-06-04,56.57732391357422,56.70644138997972,55.71894786910466,55.73508802725154,37792000,54.10687528337751,61.47748115121699
2018-06-05,56.595699310302734,56.89753163323561,56.274396500863205,56.66174514038327,33560000,54.53551265171596,70.18502762379906
2018-06-06,56.4576530456543,56.76157302859743,55.90458732921215,56.72035499859794,33964000,54.969827379499165,68.3786546299451
2018-06-07,55.811073303222656,56.40500844672811,55.44656711963716,56.18153922182515,30400000,55.42060089111328,64.16728849023801
2018-06-08,55.6625862121582,55.95061606847008,55.229548770007696,55.52900176721011,25816000,55.79709570748465,68.10599407333773
2018-06-11,56.11548614501953,56.476514215651655,55.54985693605794,55.54985693605794,21586000,56.11633954729353,67.21295909652699
2018-06-12,56.57881546020508,56.60215428149233,56.15248415089527,56.16912063860182,18240000,56.25694819859096,73.84686497419813
2018-06-13,56.35385513305664,56.93537825476736,56.28383487836021,56.66820557469442,30128000,56.22502408708845,69.61131592214727
2018-06-14,57.21446228027344,57.3808233608689,56.64436613148391,56.80377482002096,26868000,56.31341879708426,73.157021711157
2018-06-15,57.22141647338867,57.279024715664086,56.78565113400642,57.05257374344709,42450000,56.42252785818918,74.88303175697149
2018-06-18,58.27421951293945,58.31643019995579,56.79087057701458,56.79384855026607,28274000,56.77440588814871,85.40496414485133
2018-06-19,58.00605010986328,58.16545880940326,57.3083254230618,57.53129831312758,32420000,57.109186444963726,81.78818076161325
2018-06-20,58.09444427490234,58.911155253696585,58.06067497083531,58.36608390514915,32970000,57.3918947492327,79.81584463834837
2018-06-21,57.48958206176758,58.46465981906434,57.22002625620092,58.34324111806928,24762000,57.52200426374163,65.90525173950188
2018-06-22,57.38132095336914,57.72978924833498,56.97311512815861,57.56307959727281,26220000,57.668785095214844,57.90910735233305
2018-06-25,55.85824966430664,56.8067568129822,55.26083644504233,56.79136304135695,43146000,57.475040435791016,44.40259570293724
2018-06-26,55.54290771484375,56.275394380758144,55.453470013515066,56.01666686451935,31264000,57.2352534702846,43.238853885709986
2018-06-27,54.82382583618164,56.20715866247022,54.80594663240623,55.68592626132702,25878000,56.742340087890625,42.78034766899304
2018-06-28,55.33234405517578,55.73409761350508,54.42803293266167,54.72996756524977,21448000,56.360382080078125,47.70577675401239
2018-06-29,55.403358459472656,56.02793332503322,55.37107814321611,55.61937894206461,26302000,55.97594124930246,44.77557472036395
2018-07-02,55.98985290527344,56.01666981976134,54.31828923107139,54.57652422085188,24346000,55.76169422694615,45.7558572649878
2018-07-03,54.76969909667969,56.40500793632252,54.627173152725085,56.40500793632252,13580000,55.388605390276226,40.01631904159046
2018-07-05,55.83143615722656,55.99183752451135,55.04730094895556,55.14910519921402,21334000,55.38477488926479,41.499382885096566
2018-07-06,56.62102508544922,56.65876880839074,55.655979998330174,55.79716470940152,19922000,55.53879165649414,46.633630880702846
2018-07-09,57.31031036376953,57.34110169553481,56.7824248631513,57.03370365056815,18180000,55.89400373186384,44.365723276189996
2018-07-10,57.250221252441406,57.58542887192839,57.08882723640385,57.45581505699237,15968000,56.16798618861607,45.47185196628982
2018-07-11,57.302860260009766,57.818830067313776,56.662243719679154,56.84052427600509,22400000,56.4393435886928,45.23723945386937
2018-07-12,58.77181243896485,58.81799754465428,57.40392251378839,57.60032855922189,25038000,56.836766379220144,56.98821897496395
2018-07-13,59.03699493408203,59.36460226703109,58.59899043145784,58.84729123837079,24438000,57.44638007027762,58.871757344840056
2018-07-16,58.79067993164063,59.14525194104461,58.563236299685386,59.06530132350502,21114000,57.86912918090821,68.20391671730427
2018-07-17,59.5326042175293,59.74316510464876,58.13218772126734,58.21263846129604,32208000,58.28506905691965,73.5214464314871
2018-07-18,59.38759613037109,59.81566650502305,59.11247839524951,59.42136543619557,27872000,58.58182416643415,78.85940734686866
2018-07-19,58.94462585449219,59.5921947956134,58.76386365167626,59.14525257689235,25534000,58.82388196672712,73.03353240278585
2018-07-20,58.84282302856445,59.43626183113543,58.808557394491686,58.94462727309512,24948000,59.04387664794922,71.8457963738743
2018-07-23,59.865325927734375,59.91448900243019,58.64864970333237,58.64914603215367,52384000,59.20009286063058,73.32331771607198
2018-07-24,61.97985458374024,62.86976459960588,61.358109898458814,62.700425537872,66364000,59.62050138201033,89.1748711960395
2018-07-25,62.75555038452149,62.86281424697385,61.53539979571826,61.53539979571826,42556000,60.18691144670759,88.82760054641847
2018-07-26,62.9854736328125,63.05703212614065,62.02653602168558,62.12486217294581,48112000,60.68017850603376,88.07937225257803
2018-07-27,61.50411224365234,63.26158617183879,61.13166101433418,63.118067570697725,42612000,60.98253795078823,72.91971740312415
2018-07-30,60.572486877441406,61.32613001607943,60.161799389540505,60.98317815411208,36998000,61.21508952549526,66.57745786121194
2018-07-31,60.44932174682617,60.9622112366302,59.87028413369818,60.58588793648264,32894000,61.44458934238979,65.59049992363771
2018-08-01,60.58589553833008,61.25432166957766,60.09922805983379,60.98268203128828,31344000,61.54752785818918,60.35603518975752
2018-08-02,60.89080047607422,61.07603340736246,59.83005873394356,59.88518153855212,30626000,61.39194869995117,60.535019176889584
2018-08-03,60.76963806152344,61.08199939000257,60.340074931395016,61.063127528167215,21792000,61.10824693952288,61.40853284682445
2018-08-06,60.82227325439453,60.88772803724098,60.37667227816424,60.83369639460535,21634000,60.7992183140346,58.07672625961514
2018-08-07,61.6888542175293,62.133311055972136,61.38840853278492,61.42962656333176,29880000,60.82561002458845,63.217367336860285
2018-08-08,61.85719299316406,62.39799440107856,61.47967619255029,61.60193979042473,27406000,61.00913946969168,67.27337060491818
2018-08-09,62.0305061340332,62.350414670228645,61.87705339428963,62.07023138158175,16972000,61.2350229535784,68.74597883194322
2018-08-10,61.45991516113281,61.86141867043205,61.18131934293752,61.7275841673323,22174000,61.35988289969308,59.90378910936691
2018-08-13,61.3307991027832,62.03910204886502,61.26281341657906,61.42862892910271,19946000,61.42273984636579,44.64916032454865
2018-08-14,61.68288803100586,61.87010630000391,60.83916310403284,61.339735364931016,26962000,61.55320412772043,40.492908698221655
2018-08-15,60.30631256103516,61.34222286914161,60.06446401267896,61.04525529643301,36576000,61.47949545724051,30.26555515717851
2018-08-16,59.91448974609375,60.88335771621795,59.7188263137549,60.820289856203765,26864000,61.22601481846401,36.05225775960525
2018-08-17,59.63986587524414,60.04012664218229,59.00818706615897,59.69300336773125,27792000,60.909253801618306,40.75054649791124
2018-08-20,59.978057861328125,60.13845922479993,59.32532479017626,59.84149164944365,17416000,60.61604690551758,45.51733897450226
2018-08-21,59.67264175415039,60.44932434024815,59.609770913579325,59.989473812238536,24112000,60.36072213309152,41.58347548139325
2018-08-22,59.95620727539063,60.1801728290644,59.5425380140308,59.59219742079416,17748000,60.16435187203543,41.35280016263935
2018-08-23,59.859371185302734,60.648965996753866,59.802759384796495,59.946770530375545,19852000,59.90384946550642,41.539792448883375
2018-08-24,60.61767959594727,60.66733900153541,59.90798618343914,60.03020053043364,18932000,59.948330470493865,48.318970840179276
2018-08-27,61.66898727416992,61.73205513974052,60.86926127820025,60.96282116480366,23126000,60.19897297450474,49.84157384581315
2018-08-28,61.13910675048828,61.70498601828036,61.01694545084099,61.6426607576285,26080000,60.41315024239676,44.58590555692333
2018-08-29,62.04043960571289,62.10797821308192,61.397788501599045,61.45196790726364,25978000,60.7077762058803,50.06748596633995
2018-08-30,61.53490447998047,62.255721739399256,61.21062366551087,61.78866492057784,26628000,60.97381373814174,50.51400559345185
2018-08-31,60.495513916015625,61.51205599487815,60.1526113098396,61.32930847478208,36328000,61.05085754394531,44.90982440039074
2018-09-04,59.44321441650391,60.23728373764859,59.219745195425325,59.80424629193334,36620000,60.99140657697405,37.42475095473603
2018-09-05,58.92079162597656,59.54303265132716,57.70510801428392,59.28430135262247,41226000,60.74899400983538,41.395278094711
2018-09-06,58.17390060424805,58.91185066503176,57.20850690343771,58.91185066503176,37770000,60.24969591413225,39.646748046250146
2018-09-07,57.84564971923828,58.36360486638052,57.467485024073696,57.539740653672176,28026000,59.779202052525115,39.39542062939855
2018-09-10,57.836212158203125,58.32785051229359,57.61125394798657,58.21114882318049,22308000,59.17859813145229,36.828934157807346
2018-09-11,58.467891693115234,58.53344120114919,57.4190692544128,57.68673827028372,24186000,58.7404534476144,42.877318235371604
2018-09-12,57.74583053588867,58.529965704628005,57.524346629614776,58.23746888557414,25910000,58.34764153616769,37.57605801528941
2018-09-13,58.36708068847656,58.52996748563474,57.7473250683904,58.13914071148943,28624000,58.193908146449495,42.07917764938898
2018-09-14,58.22802734375,58.62009679748214,58.01945557834197,58.55429723617712,18880000,58.094941820417134,36.42365332726499
2018-09-17,57.409629821777344,58.461926463578735,57.30931457057218,58.10933978108433,26130000,57.98576028006418,25.143464948426526
2018-09-18,57.66637420654297,58.40432424507568,57.46127673699693,57.46127673699693,24072000,57.960149492536274,29.066674392872017
2018-09-19,58.15652084350586,58.26179938879433,57.336631067696096,57.85309721737035,23828000,58.00590787615095,25.366974607912027
2018-09-20,58.94015121459961,59.09012586485792,58.269243496368986,58.59849135111074,24508000,58.07337352207729,34.10400139469948
2018-09-21,57.90821838378906,59.20534156157746,57.90573295089786,59.19491107872768,88112000,58.09657178606306,34.13519251263348
2018-09-24,58.26974868774414,58.49967777486335,56.95574261925608,57.46525641357432,25420000,58.082667214529856,42.13856119086545
2018-09-25,58.82991027832031,58.94065601840704,58.00307189850204,58.40779965058158,19554000,58.16865049089704,49.39421863255739
2018-09-26,58.623321533203125,59.3056485861372,58.33901606863435,58.85473577740142,29246000,58.34203502110073,53.228197412356444
2018-09-27,59.32601165771485,59.696477540364384,58.77925432978321,58.93319961249763,25216000,58.57912608555385,60.09066485829264
2018-09-28,59.26791763305664,59.36425847512857,58.82246437349704,59.188459549843934,27612000,58.737897055489675,59.69469860683248
2018-10-01,59.35928726196289,60.083828842470346,59.11049012355036,59.58673089447302,27152000,58.79777363368443,56.512573424406156
2018-10-02,59.59765625,60.08680913603152,58.92823749588726,59.143265324910175,33758000,59.03912190028599,64.5584729115746
2018-10-03,59.73869323730469,59.91051773776184,59.28579505840794,59.84049748257566,25124000,59.248971121651785,61.66387688634562
2018-10-04,58.01250457763672,59.4685401286663,57.38609213278481,59.3602798240756,44190000,59.13219887869699,48.556808579553056
2018-10-05,57.47418975830078,58.27620032720415,56.86684617901979,57.97824010795789,23686000,58.96803719656808,50.44915646483819
2018-10-08,57.05803680419922,58.00306960813602,55.98507619436526,57.1146485997187,38648000,58.64404078892299,45.85951341908978
2018-10-09,56.55398941040039,57.32520865974794,56.49201271389319,56.91799546963316,26174000,58.25633675711496,39.11339644077356
2018-10-10,53.69356155395508,56.22374743186782,53.68909080569668,56.16961727901381,53514000,57.446947370256694,22.2017456347006
2018-10-11,53.59920883178711,54.94400618936249,53.05046613088281,53.28237673697221,58980000,56.590026310511995,24.65087136851247
2018-10-12,55.12675857543945,55.3710849852588,53.950902445263374,55.02346533942437,42026000,55.931178501674104,33.74093030304947
2018-10-15,54.24131393432617,55.293909981209,54.07991991515867,55.06865245701574,27448000,55.39243698120117,27.035494312105143
2018-10-16,55.68294906616211,55.828949314941056,54.75033198460813,54.85412154773386,38570000,55.13654545375279,36.90335853317807
2018-10-17,55.40534591674805,56.065826976524896,54.73493449169192,55.94018758582437,29344000,54.90044675554548,31.849755713699892
2018-10-18,54.02876663208008,55.71075688521833,53.488465326188,55.71075688521833,41890000,54.53970064435686,28.384685650540675
2018-10-19,54.450382232666016,55.14065817068047,54.01784113717514,54.29692948530633,25352000,54.64781788417271,30.284441862360623
2018-10-22,54.683780670166016,55.2335197650355,54.17923401844562,54.77813618694879,30284000,54.80275671822684,30.256595909951855
2018-10-23,54.80942535400391,55.01799712327059,53.13637287414337,53.67717048776406,36974000,54.757423400878906,30.17022407629304
2018-10-24,52.17842864990234,54.93009842185369,52.08059882740994,54.83723567644148,39648000,54.462725503104075,28.12292046097606
2018-10-25,54.40618515014648,55.17144845461557,53.114028994024274,53.22526727574845,50916000,54.280330657958984,39.78911407955273
2018-10-26,53.20937347412109,54.9504570555716,51.35307341065624,51.49907743403357,83752000,53.96662030901228,37.82366310650927
2018-10-29,50.65734100341797,54.47918674799539,49.45308052745916,53.7556378047366,77614000,53.48498807634626,33.484487969989885
2018-10-30,51.45835494995117,51.52191913571632,49.69740308797957,50.08028476651976,64254000,53.057555607386995,42.92317287504119
2018-10-31,53.47256851196289,54.2259122490422,52.49078471733132,52.63033266903074,50596000,52.884525299072266,49.64250732042664
2018-11-01,53.136375427246094,53.83037576380471,52.761938882223546,53.4244052874649,29640000,52.64551816667829,43.976180278073784
2018-11-02,52.53002548217773,53.780717371364695,52.3721057638057,53.32160938946767,36780000,52.69574628557478,44.73185300427318
2018-11-05,51.65103912353516,52.56379162621848,50.71494401087702,52.39147080380744,48828000,52.30215399605887,37.14248455126472
2018-11-06,52.43169784545898,52.85554752266318,51.55072551469225,51.62074576931289,24666000,52.19105747767857,40.81200731716513
2018-11-07,54.29792022705078,54.40071712089442,52.93276217017853,53.08671124092703,41168000,52.71114022391183,50.807207608758574
2018-11-08,53.75215911865234,54.29196787646926,53.24587339551611,54.198108683641,29764000,53.03882653372629,47.92146502562694
2018-11-09,52.9451789855957,53.41248203489221,52.2976100691973,53.33451673479716,26864000,52.96348517281668,44.99528038965665
2018-11-12,51.57853698730469,52.745053785624485,51.19962968345924,52.70880283486861,29436000,52.74093682425363,41.31977169150064
2018-11-13,51.450416564941406,52.47117939612699,51.20707902403573,51.80995568121496,30274000,52.58670697893415,47.740179626140446
2018-11-14,51.82832336425781,52.36981811650264,51.19962628892773,52.14317012513652,31318000,52.612033299037385,40.95987795445286
2018-11-15,52.8736686706543,53.22824066310302,51.238359984639246,51.88046548223224,36722000,52.675171988351,48.810099745397096
2018-11-16,52.71376419067383,52.98738912581441,52.092515862787685,52.61047096709673,33162000,52.4488639831543,58.77740665155026
2018-11-19,50.65336227416992,52.679001345641865,50.467633006373234,52.50072079860747,37172000,52.00617871965681,46.89759463024416
2018-11-20,50.93941116333008,51.23638253887882,49.46251828027141,49.66016704846119,48982000,51.71964045933315,38.73703928090948
2018-11-21,51.52788543701172,52.07166485886432,51.322291623103176,51.4856747507233,30686000,51.71240452357701,43.005228792865466
2018-11-23,50.84604263305664,51.526884487958974,50.77249504214198,51.14996255644476,13830000,51.62606539045061,42.72470475003875
2018-11-26,52.07463836669922,52.108903999412384,51.34413705682218,51.56462829536438,38856000,51.66125324794224,51.77640954235422
2018-11-27,51.865570068359375,52.51959506032867,51.57158048851522,51.69622722074401,36064000,51.517239161900115,47.5063338485099
2018-11-28,53.942359924316406,53.97265113884249,51.43600913951251,52.081592780282605,49508000,51.692752838134766,48.462359751860674
2018-11-29,54.04515838623047,54.340386914863714,53.434336690717984,53.43831111034962,29378000,52.1772951398577,51.31757078975342
2018-11-30,54.34956741333008,54.40617920569787,53.52769240010628,54.08338741916605,51604000,52.66446031842913,56.614272593865934
2018-12-03,54.94549179077149,55.85029924314678,54.80818298898292,55.77531570251056,39824000,53.15268979753767,67.09872594560271
2018-12-04,52.18389129638672,54.84567625717546,52.14217694256749,54.78111562238167,46904000,53.34381103515625,52.93881009646246
2018-12-06,53.07331085205078,53.19597228298112,51.1882120938127,51.36152559177339,55384000,53.48647853306362,54.791869652265476
2018-12-07,51.47673034667969,53.39758736138492,51.075476896395216,52.64026911775273,42024000,53.43093000139509,44.84214701357807
2018-12-10,51.62422561645508,52.06620078340652,50.81675160350916,51.40075259990788,36154000,53.0997679574149,45.97345561913957
2018-12-11,52.23008346557617,52.66957322661635,51.63862992218146,52.46547217808763,27894000,52.84047154017857,56.528917369376785
2018-12-12,52.8225212097168,53.71491668806762,52.77832520970422,53.03705651230678,30476000,52.62232208251953,57.60465751111784
2018-12-13,52.73412704467773,53.62105529175752,52.33833322112314,53.04052863664331,26596000,52.306412833077566,55.07625564721377
2018-12-14,51.7508544921875,52.76888933118661,51.68580131655681,52.14217756994031,33732000,52.24455043247768,53.71352830827337
2018-12-17,50.481048583984375,52.29960513955605,50.05248186582283,51.52291865657004,47708000,51.87422725132534,43.48163936574908
2018-12-18,51.08590698242188,52.117346498997726,50.72487511472432,50.95579684107859,43850000,51.81839534214565,46.91091493650258
2018-12-19,50.80284118652344,52.73908805382493,50.05992410669754,51.3481095275268,49586000,51.70105470929827,35.4999911908244
2018-12-20,50.1274642944336,51.35953050023538,49.47939903873248,50.56050171879947,53470000,51.40068054199219,32.81486776651519
2018-12-21,48.64411926269531,50.85300243453579,48.35360775176028,50.41996497685852,91920000,50.80376597813198,27.31871260159315
2018-12-24,48.47924041748047,49.83595327112224,48.17581682081177,48.36402772907317,31806000,50.19592503138951,23.38200114757595
2018-12-26,51.619747161865234,51.64656407139832,48.81593659453135,49.11439311212945,47466000,50.17719541277204,47.74798069458442
2018-12-27,51.83925247192383,51.83974880077464,49.511182215145226,50.5118342211436,42196000,50.371224539620535,44.79536600771539
2018-12-28,51.50156021118164,52.4192797805339,51.30391146572027,52.12429754319255,28296000,50.430603572300505,50.117160767468725
2018-12-31,51.42856216430664,52.277254205164695,50.8316490400796,52.19084751824311,29866000,50.519992283412385,49.070216997706545
2019-01-02,51.93708038330078,52.25838321010696,50.440323119108,50.48303013132156,30652000,50.778508867536274,48.59466305322712
2019-01-03,50.457706451416016,52.48979795071456,50.35888018130735,51.69622876067198,36822000,51.03759275163923,39.54694115131662
2019-01-04,53.17162704467773,53.17808310766216,51.02173912701551,51.278583590499984,41878000,51.707933698381694,51.56954968507186
2019-01-07,53.056419372558594,53.33501518725676,52.37955187416821,53.21086478122905,39638000,51.913172585623606,54.994871531424344
2019-01-08,53.4482421875,53.85942981335492,52.66609609518983,53.43980080803659,35298000,52.143028259277344,62.16953666919497
2019-01-09,53.36779022216797,53.76358024974248,52.95759529257134,53.71491350422063,23986000,52.409632546561106,59.779501730674006
2019-01-10,53.15275955200195,53.19348124839768,52.52605158361613,53.02016776868738,29128000,52.65594645908901,60.130155753424354
2019-01-11,52.50022506713867,52.82723755189398,52.06768398535762,52.79768893852365,30416000,52.73639569963728,60.24881010952955
2019-01-14,51.87947463989258,52.21914920260332,51.70889286530694,51.990216587105415,22886000,52.939505440848215,65.09986650757249
2019-01-15,53.49144744873047,53.635462388714814,52.01108025435566,52.151617103395125,29272000,52.985194069998606,70.6089192802689
2019-01-16,53.68114471435547,54.24752030985362,53.60019765106064,53.63297429719046,26636000,53.07444054739816,61.19171952386891
2019-01-17,54.124603271484375,54.21895878082736,53.31017701155226,53.60664820517933,24854000,53.171063559395925,62.11304301761848
2019-01-18,54.53976821899414,55.04093909972792,54.17426939308579,54.62617868994846,39112000,53.33848898751395,65.97223837710663
2019-01-22,53.16219711303711,54.20456341902098,52.81209206480091,54.03025728252384,32270000,53.33983721051897,58.014603493495386
2019-01-23,53.41297912597656,53.87779674907241,52.62735501298077,53.50137490994377,19340000,53.47023064749582,56.98965330851323
2019-01-24,53.33005142211914,53.60690820871168,52.674537389134215,53.45817625553504,27226000,53.67745590209961,65.67652601747687
2019-01-25,54.1787338256836,54.32821213993591,53.72335028007419,53.881269972273785,22382000,53.77563967023577,56.901721567883264
2019-01-28,53.14035034179688,53.78195957508593,52.82848153888592,53.63844097248774,25686000,53.69838333129883,50.51057679722944
2019-01-29,52.67055892944336,53.392122533628864,52.43442764916078,53.26946111589013,20436000,53.49066271100725,45.313579711097766
2019-01-30,54.08290100097656,54.17924184692213,52.97994835019554,53.058413778838485,25596000,53.42539596557617,53.71328353289427
2019-01-31,55.43911361694336,55.48678770419799,54.398236324628215,54.77515827459556,30766000,53.75066975184849,60.614189749667226
2019-02-01,55.1600227355957,55.86768155074635,54.86901491736181,55.241962456522494,29244000,54.00024741036551,62.791390536517405
2019-02-04,56.25503158569336,56.25503158569336,55.07411373746866,55.25487594126412,51530000,54.41810171944754,70.12474603391826
2019-02-05,56.91004943847656,56.95275645100795,55.482717579896615,55.859738056919205,71044000,54.80828966413225,67.24105689649198
2019-02-06,55.38249969482422,56.96020010661163,55.26033461412906,56.59122700933529,42112000,55.12859671456473,57.56024464002386
2019-02-07,54.56211853027344,54.86653481279246,53.93093601252303,54.83276550807552,40896000,55.39881951468332,51.881153951125285
2019-02-08,54.380855560302734,54.572048245552025,53.958248610694575,53.98059477437094,21516000,55.44138445172991,49.302709086843166
2019-02-11,54.37837219238281,54.921405169614864,54.27160466568931,54.47471302519907,21304000,55.28984996250698,56.068788473274616
2019-02-12,55.68741989135742,55.88233694881235,54.91669315855581,54.9638709216361,32182000,55.36519241333008,60.2654060030736
2019-02-13,55.627323150634766,56.35087203126092,55.54488710480258,55.86718256738005,20996000,55.275519779750276,60.3898631307335
2019-02-14,55.70231246948242,56.02808224531176,55.14487837694995,55.52254292988098,18952000,55.10298592703683,57.409206852732986
2019-02-15,55.30404281616211,56.19891997758712,55.15506459139416,56.11996201100021,28996000,55.09177780151367,61.220673771787034
2019-02-19,55.5478744506836,55.71324288777152,55.122782052480055,55.122782052480055,20928000,55.23260007585798,65.27953735436482
2019-02-20,55.311485290527344,55.78872249330547,54.888382027248696,55.61888332015716,21756000,55.36554718017578,57.45533502780129
2019-02-21,54.4757080078125,55.21912146218688,54.254720435235,55.16449498008729,28302000,55.37945229666574,43.75967672510714
2019-02-22,55.14115524291992,55.1843585835385,54.40767216621085,54.67087041808242,20990000,55.301414489746094,49.88361378035431
2019-02-25,55.09298706054688,55.54687789741087,54.987208395663146,55.42074217223056,28262000,55.22508076259068,41.76872123255585
2019-02-26,55.377540588378906,55.59505008245633,54.62220762231489,54.91172647806793,29426000,55.178684779575896,38.54327079925443
2019-02-27,55.42322540283203,55.51906612064316,54.67583754078689,54.971316110547086,19368000,55.195710863385884,50.39111327337923
2019-02-28,55.61540985107422,55.99928422620776,55.17293836102821,55.1873394753294,30850000,55.2053587777274,61.50336959564852
2019-03-01,56.66175079345703,56.76007694956396,55.85526944654441,55.862718168142216,29006000,55.398253849574495,70.95153964590843
2019-03-04,56.99993515014648,57.52037572554858,56.15025047874803,56.9597097811339,28920000,55.75885772705078,72.68194183063008
2019-03-05,57.70660018920898,58.08302203930893,56.92022966567856,57.11216495137199,28864000,56.125349862234934,69.50302503297686
2019-03-06,57.49951934814453,57.981519071821126,57.38182500130454,57.72944463569061,21986000,56.4691401890346,67.58404088450291
2019-03-07,56.776466369628906,57.4446424511904,56.35981535101713,57.39324399962645,23332000,56.66898672921317,58.99380807920141
2019-03-08,56.72779846191406,56.964179807008165,55.78326195044404,55.953593672376975,24248000,56.85535430908203,62.66229514425824
2019-03-11,58.388431549072266,58.4097888442425,56.83357347993431,56.83357347993431,34384000,57.251500265938894,70.17776518043972
2019-03-12,59.2545051574707,59.592194410682026,58.51258070030921,58.51258070030921,40262000,57.62189374651228,75.70915132657309
2019-03-13,59.26046752929688,59.63838216706605,59.191936260193664,59.6242273228948,28718000,57.94482694353376,84.98296447194342
2019-03-14,58.874603271484375,59.486913897460965,58.82146577841875,59.31955636849877,23456000,58.11168452671596,78.45999233468248
2019-03-15,58.82047271728516,59.421856527727954,58.728602633647625,59.263440496011846,49236000,58.300392150878906,78.3887353602217
2019-03-18,58.810543060302734,59.09559113955357,58.47091775527123,58.76286897269439,25852000,58.590974535260884,77.28739451972552
2019-03-19,59.53508758544922,59.59219571215117,58.89049660740537,59.03649685038681,30414000,58.99201583862305,79.4997602580018
2019-03-20,60.78255462646485,60.93997422988712,59.40199883656345,59.46059974166664,44548000,59.3340334211077,82.19566457501428
2019-03-21,61.15847396850586,61.17088976643344,60.24522515914881,60.38675464696844,24080000,59.60602896554129,80.57258515042382
2019-03-22,59.865325927734375,61.08199836336676,59.73248408702966,60.89925084911911,34284000,59.69243730817522,67.24240436215192
2019-03-25,59.24457550048828,59.90992135274156,58.948600597964656,59.43973881804092,29936000,59.74529048374721,59.3514124849409
2019-03-26,58.82841873168945,59.73272983620744,58.436103006416815,59.51919099305321,38024000,59.74642562866211,57.87981508063643
2019-03-27,58.25236511230469,58.97437201842313,57.57450116246461,58.87212448936261,28004000,59.66668592180525,58.9067295535516
2019-03-28,58.02740859985352,58.1801149787752,57.57753761559838,58.17887226218207,19234000,59.4513032095773,57.67946784602522
2019-03-29,58.26676559448242,58.548835710038425,57.74881046603974,58.34572355507541,25398000,59.09190477643694,49.13593371391913
2019-04-01,59.31558990478516,59.42633185800589,58.6983121585543,58.802601836762726,25050000,58.82863562447684,50.42284509551979
2019-04-02,59.61652755737305,59.65923456773753,58.88254817635296,59.35978158883607,16558000,58.79309300013951,52.36803769416514
2019-04-03,59.88618850708008,60.40165823904125,59.61703049963988,59.96365748665708,20286000,58.884752001081196,56.83333960368946
2019-04-04,60.337100982666016,60.37037396031948,59.79729598480945,59.887180762975085,19000000,59.10027803693499,59.72369850530309
2019-04-05,59.947261810302734,60.39768210964338,59.84198326873011,60.336599565747534,18144000,59.342406136649,56.949409315133934
2019-04-08,59.78289031982422,60.02374240686964,59.58524157316859,59.984013368254594,17204000,59.59318923950195,51.62635333327325
2019-04-09,59.45563125610352,59.705917394296605,59.24854846083831,59.393556050409366,17528000,59.76302719116211,40.094847082287515
2019-04-10,59.69945907592773,59.78015607740735,59.41515360177267,59.62596073648912,14492000,59.817865644182476,38.88971516082468
2019-04-11,59.821624755859375,59.98748951898137,59.59865186594909,59.788851897323,14204000,59.84716524396624,49.594989980810105
2019-04-12,60.47962188720703,60.503457036940944,59.99493595492114,60.08879514493199,18668000,59.93194144112723,61.367578385590456
2019-04-15,60.64002227783203,60.79396756294576,60.044598196269504,60.486076992718296,23748000,59.975215911865234,67.49813007321279
2019-04-16,60.9394760131836,61.122723655804506,60.591360050489726,60.83370113647908,17126000,60.11696079799107,77.41970391499876
2019-04-17,61.39684677124024,61.60641120255438,60.97373970039527,61.23098200999365,24438000,60.34752600533621,82.82531428800786
2019-04-18,61.39833450317383,61.67791918215808,61.31093137605489,61.5378786782537,26636000,60.62505504063198,81.99063804979644
2019-04-22,62.01759719848633,62.030009207801015,60.99807338942072,61.379462306894624,16146000,60.95621762956892,80.25800134818911
2019-04-23,62.79775619506836,63.01874375536895,61.8954304216518,62.10946558986722,26398000,61.38137926374163,82.17152591961641
2019-04-24,62.373165130615234,62.96958569981128,62.32350572444534,62.77640769245761,20376000,61.65188544137137,74.38643582918512
2019-04-25,62.74312973022461,62.939683515879146,62.17601155196187,62.808679231855535,22146000,61.95232936314174,73.97326295080578
2019-04-26,63.176666259765625,63.22086225827788,62.587694432870975,63.0187465500366,24828000,62.271927969796316,81.8994628967703
2019-04-29,63.9414291381836,64.02535796413144,62.88441544028333,63.26704707902021,49988000,62.63543973650251,86.72168168362401
2019-04-30,59.020111083984375,59.2351389257705,58.350692290137566,58.84729392664937,124140000,62.29569353376116,47.876815936163666
2019-05-01,58.00704193115234,58.99875619439474,57.962349603523386,58.99875619439474,52784000,61.722757066999165,42.325014297927666
2019-05-02,57.73540496826172,58.310468251889645,57.35758883420425,57.9911545138007,38896000,60.999564034598215,40.66569219877235
2019-05-03,58.86716079711914,58.93668472590505,58.0527343838242,58.28365233541242,39614000,60.4987062726702,43.07883503539202
2019-05-06,59.06530380249024,59.13780570190495,57.91666245395548,57.91666245395548,31278000,59.97330256870815,43.262666926496074
2019-05-07,58.30599594116211,59.117440504149066,57.65743058106821,58.62232788831138,31028000,59.27749252319336,39.159391186889074
2019-05-08,57.91715621948242,58.6200449779598,57.89083563665726,58.20220430482164,26186000,58.41688210623605,35.59472567789341
2019-05-09,57.72397994995117,58.08550815046832,57.15139832922457,57.55761885798497,23714000,58.23172051565988,35.02649871812493
2019-05-10,57.81783676147461,58.23150599456592,56.73673408388552,57.784067457878415,26290000,58.20469120570591,32.11972780277074
2019-05-13,56.216793060302734,57.00688412406757,55.72416208480722,56.70991657584328,37212000,57.98774664742606,23.81232846768519
2019-05-14,55.6412353515625,56.63344600660394,55.59703934996232,56.474037299246376,36732000,57.526900155203684,23.529623524223723
2019-05-15,57.81485748291016,58.16844063383195,55.453817396826906,55.513607972720536,45786000,57.34826496669224,33.028929127565306
2019-05-16,58.54834365844727,59.004223617394025,57.74682558063116,57.82975796670032,30628000,57.38288606916155,34.38443003009378
2019-05-17,57.72000503540039,58.606436912031015,57.60628133033188,58.02640661297888,24172000,57.35472161429269,29.099104479295193
2019-05-20,56.555477142333984,56.95012676301317,56.18764443375572,56.83605448418663,27066000,57.18779264177595,38.92434932658695
2019-05-21,57.0908088684082,57.24366298744961,56.51028223044764,57.034197073675,23196000,57.08393151419504,45.6978806529743
2019-05-22,57.17970275878906,57.53228945358092,56.905081366384096,56.94779216693845,18290000,57.22149004255022,47.34517241781506
2019-05-23,56.65082550048828,56.90920444135038,56.07744824384117,56.63741704439539,23978000,57.365717206682476,38.76439890204205
2019-05-24,56.28830337524414,57.09751637456144,56.19841860407521,56.97808298889468,22240000,57.14763804844448,36.152913812505275
2019-05-28,56.32207107543945,57.18799435421716,56.27091889785565,56.31462235452028,27300000,56.82959910801479,39.335849168027536
2019-05-29,55.44358444213867,56.07128883829994,55.034382175031375,55.992823420798814,30764000,56.50439616612026,37.368765535028345
2019-05-30,55.517578125,55.77482043574638,55.22805928477842,55.39789846622987,19038000,56.35612487792969,38.594230729032965
2019-05-31,54.80644607543945,55.102917314032965,54.6351179040759,54.690240716220266,30156000,56.02978733607701,35.366796769572545
2019-06-03,51.4593505859375,52.91290450808472,50.901666417072974,52.91290450808472,102612000,55.212594168526785,30.23601068629563
2019-06-04,52.29463195800781,52.44361395442288,51.33321273975074,51.790581634039874,56670000,54.59028080531529,36.390783685793494
2019-06-05,51.75681686401367,52.31946813595694,51.17430486032719,52.21964920453633,43368000,53.94292558942522,21.583975018045408
2019-06-06,51.862091064453125,52.01852178239668,51.33370926043239,51.894371381176605,34064000,53.305785587855745,16.673175758797242
2019-06-07,52.939720153808594,53.182065031160526,52.06371487838151,52.17446062231556,36048000,52.94809068952288,26.75100788310226
2019-06-10,53.65184783935547,54.261673064153214,53.2516855552984,53.28435990567152,29284000,52.68155779157366,35.22811383742733
2019-06-11,53.56940841674805,54.72499827461152,53.513937042244834,54.32722294052617,28734000,52.504838126046316,31.219870056736255
2019-06-12,53.4854850769043,53.679159403224254,53.014207599258725,53.533655494073045,21220000,52.794285910470144,30.287760265593548
2019-06-13,54.0684928894043,54.336658213174026,53.640422544516696,53.813736021261526,21154000,53.047694614955354,36.299889701790065
2019-06-14,53.89866256713867,54.26316496986427,53.641518749986034,53.95179627705098,22230000,53.353672572544646,37.05756298805568
2019-06-17,54.25372695922852,54.58545647750905,53.94483993336099,53.94483993336099,18832000,53.69533484322684,39.17448791832254
2019-06-18,54.804954528808594,55.440107660915885,54.576021911761146,55.10738548820517,27734000,53.96179689679827,46.53890698321562
2019-06-19,54.74188995361328,54.97380055751575,54.302396437160375,54.90427663035336,26776000,54.1175171988351,45.79112564237794
2019-06-20,55.193302154541016,55.625346972933166,54.86157260152441,55.61889090871895,25240000,54.34950201851981,52.1599539945901
2019-06-21,55.71274566650391,55.82348761830398,55.02743298931354,55.08504123376665,38952000,54.66768210274834,84.70719629856977
2019-06-24,55.39690399169922,55.71869935084206,55.17293466421706,55.60001235363825,27912000,54.857455117361894,77.65884649656826
2019-06-25,53.94831848144531,55.33880075531518,53.82168264251892,55.25487571737661,30938000,54.8645488194057,66.808903827822
2019-06-26,53.623043060302734,54.27706425318252,53.24761009430409,53.95576522687758,36218000,54.77445111955915,63.06562773307366
2019-06-27,53.43482971191406,53.98556148262297,53.39907509252221,53.83161619332238,20086000,54.578719002859934,54.2320986044085
2019-06-28,53.67816925048828,53.68263621009912,53.3037289185293,53.45370358285116,33864000,54.4267589024135,50.24459238147904
2019-07-01,54.524375915527344,55.00260580849454,54.31347025473722,54.526861348529145,28726000,54.331198011125835,57.77099409148786
2019-07-02,55.184852600097656,55.21067685312911,54.535298376474046,54.73741407515597,19832000,54.255784715924946,62.64224257563139
2019-07-03,55.69784164428711,55.95508394414988,55.314467416111455,55.49075886498348,15340000,54.298775809151785,62.248954982816265
2019-07-05,56.19493865966797,56.25900296356088,55.42769009830199,55.5101261456201,25286000,54.61972154889788,66.45312449605119
2019-07-08,55.4381217956543,55.916347873078834,55.18286859841318,55.87612250615376,24728000,54.87901851109096,58.02436654226664
2019-07-09,55.8592414855957,56.01790379539106,54.982243590921726,55.21216887048429,26608000,55.225363050188335,57.2710631287447
2019-07-10,56.636417388916016,56.714386476879056,56.16415105695111,56.1765668546699,24190000,55.64796992710659,61.89433126104975
2019-07-11,56.8216552734375,57.261645116129735,56.59172998631426,56.77398118241368,23910000,55.97615269252232,60.57671770724258
2019-07-12,56.85592269897461,56.97709514013758,56.55200272710515,56.81073403954897,17280000,56.21487699236189,57.92481400247833
2019-07-15,57.126068115234375,57.14990705369178,56.58278886169261,56.95325096649665,18076000,56.41890934535435,62.06346485896107
2019-07-16,57.28697204589844,57.53527286247472,56.860886995969096,56.9105464015304,24776000,56.57491411481585,78.39346125846248
2019-07-17,56.92792892456055,57.52434569398189,56.899126696839645,57.15735787742021,23400000,56.7877437046596,77.94577779268754
2019-07-18,56.92693328857422,56.99024741673293,56.25155480390448,56.69899333415589,25814000,56.9402711050851,80.4943810343587
2019-07-19,56.12095260620117,57.1658006117316,56.09711366630162,57.01930403669093,32944000,56.86663327898298,69.42275949798633
2019-07-22,56.51673889160156,56.575339790972514,55.82994104904834,56.28730994859984,26030000,56.82307379586356,67.06364193553867
2019-07-23,56.92097473144531,56.95524036407721,56.2053708655286,56.81122544125863,21874000,56.832366943359375,65.55164792507554
2019-07-24,56.50382995605469,56.81122800597324,55.96650662133127,56.21034048011561,31796000,56.74347577776228,57.34593135847144
2019-07-25,56.22126388549805,56.69700834770129,55.66507247333215,56.50432666883815,44196000,56.59123175484793,50.24969769247636
2019-07-26,62.09556579589844,62.847420647904094,60.78404144167514,60.78602675706773,96116000,57.32946559361049,82.04112596474467
2019-07-29,61.5493049621582,61.94459868652512,60.99410241766122,61.630748358772806,44474000,57.98980440412249,77.05934342792996
2019-07-30,60.84064865112305,61.32384179780918,60.74927489594887,60.85405710655123,29066000,58.66404669625418,70.12455482223567
2019-07-31,60.42052459716797,61.28063971108436,59.97775382373371,60.73437869534831,34510000,59.22173036847796,66.84798875350648
2019-08-01,60.03963088989258,61.28610197429107,59.87624778040777,60.288924349018366,33970000,59.667252676827566,64.43591663115012
2019-08-02,59.293739318847656,59.93485220793562,59.042953069751775,59.6289431473505,32902000,60.06581115722656,59.422375775439704
2019-08-05,57.224395751953125,58.362606509511394,56.61953386131062,58.10437156004563,51950000,60.20911570957729,49.766701785604575
2019-08-06,58.09991455078125,58.59701255654881,57.6057945183263,57.77017030988766,34188000,59.63830838884626,54.207391107740406
2019-08-07,58.30053329467773,58.52176712903884,57.09051394819349,57.40714521226035,28886000,59.174198150634766,54.861501331346666
2019-08-08,59.830562591552734,59.84098928533,58.252362005491165,58.73952578186306,29360000,59.029900142124724,62.48911563193035
2019-08-09,58.99677276611328,59.784878569757055,58.77791826494902,59.49238174917015,21314000,58.82650702340262,58.11031786783392
2019-08-12,58.3362922668457,58.84530971154173,57.98678203412523,58.55976149194646,20060000,58.583172934395925,54.55214246399739
2019-08-13,59.45662307739258,59.82957063516509,58.174897400507255,58.174897400507255,25888000,58.60644204275949,59.08618492147132
2019-08-14,57.8188362121582,58.71321706179279,57.63261058606478,58.415749357905405,31574000,58.69136210850307,54.53751958377304
2019-08-15,57.96632385253906,58.39240892196001,57.71057430286759,57.77960190272337,24374000,58.6722777230399,32.61695690435967
2019-08-16,58.47980499267578,58.734065525043306,58.1922714865603,58.576642152323245,26266000,58.69788796561105,37.04243582901737
2019-08-19,59.51522064208984,59.939316568719086,59.10006242297763,59.10006242297763,24632000,58.65283911568777,44.55506087403483
2019-08-20,58.73257446289063,59.39653360449324,58.70377223631247,59.35630823753976,18310000,58.61509650094168,43.26636105377405
2019-08-21,59.15767288208008,59.54253992720962,58.9679691682986,59.252028410101126,14814000,58.73243658883231,46.49402255107778
2019-08-22,59.07225799560547,59.49347449399108,58.528478578341726,59.29771253981895,18950000,58.67752729143415,49.070768218288485
2019-08-23,57.173248291015625,59.29820634433836,56.997453161925456,58.697815152148834,33740000,58.58530044555664,49.78229765599782
2019-08-26,58.04726791381836,58.07607014154235,57.256180365237135,57.46971921774332,24522000,58.59686388288225,49.77588801188422
2019-08-27,57.99512100219727,58.71817358632811,57.67779260219999,58.62531084280315,21544000,58.5276233128139,48.68324276673295
2019-08-28,58.15304183959961,58.42120717014808,57.47170738457014,57.69070585073048,16040000,58.33302634102959,41.79698779673407
2019-08-29,59.23712539672852,59.3965340906206,58.654609641903214,58.654609641903214,21768000,58.40510504586356,51.147232581572865
2019-08-30,59.00123596191406,59.51770209000546,58.78784866924462,59.51770209000546,22596000,58.382756914411274,53.307936763375814
2019-09-03,58.02243423461914,58.94115024840436,57.764699392098585,58.45150102835866,29598000,58.23278209141323,42.76334885769301
2019-09-04,58.66901016235352,58.77180705922492,58.152047705088485,58.43560679972394,21378000,58.44646235874721,54.76662226591011
2019-09-05,60.157325744628906,60.23976179329759,59.17157125108534,59.17157125108534,28162000,58.747899191720144,60.67862571803395
2019-09-06,59.83701705932617,60.188861155662366,59.717435910685,59.995933214785445,21442000,59.01102719988142,56.74180233900001
2019-09-09,59.81119155883789,60.585392478850366,59.22569787439273,59.790830712291445,29438000,59.24790573120117,51.6341047628235
2019-09-10,59.89015579223633,60.08879720189738,59.323037579725984,59.35134347859069,25202000,59.34119578770229,56.92965369201079
2019-09-11,60.59383392333984,60.71451001639176,59.70144234213127,59.7615322242638,26140000,59.56870978219168,58.31982720404778
2019-09-12,61.29305648803711,61.67096732029968,60.73537232297564,60.79893651198631,34518000,60.03594153267996,62.01111716765169
2019-09-13,61.55674743652344,61.62229693698073,60.93351001514758,61.14903795474725,26028000,60.44847542898996,78.80301989703074
2019-09-16,61.14655685424805,61.556751797853664,60.86399040777263,61.05816485644338,21066000,60.58979415893555,71.68665050876051
2019-09-17,61.03979110717773,61.33030261226768,60.768647793514425,61.10186631225088,19102000,60.76161902291434,71.14285684011307
2019-09-18,61.2016830444336,61.36059542200043,60.41308089171406,60.95834929507781,22702000,60.960260663713726,71.15876346742105
2019-09-19,61.51454544067383,61.79909722250068,61.18231956597939,61.18430488145763,19920000,61.192316327776226,67.70111861705143
2019-09-20,61.07851791381836,61.7434696905067,60.73834703465647,61.23693394339509,45400000,61.261556897844585,65.65840422858317
2019-09-23,61.28212738037109,61.53340615402711,60.79247817089335,60.88335559716085,21248000,61.25999559674944,77.8229133360379
2019-09-24,60.52381896972656,61.91331236824684,60.122565526241566,61.57860108694271,31664000,61.11243438720703,65.53529242238054
2019-09-25,61.90238952636719,61.99078531782688,60.0932708240808,60.37782260162092,29060000,61.22041048322405,64.8898344033299
2019-09-26,61.64762878417969,61.82690200020933,61.19462832342842,61.67593468262966,30760000,61.30724443708147,65.62389109910143
2019-09-27,60.838172912597656,61.77823871517594,60.30978727146025,61.72808297903912,27078000,61.25531441824777,57.80618342908739
2019-09-30,60.53573989868164,60.88335952672294,60.20301771344643,60.63356972337542,28082000,61.11548505510603,54.745917472254064
2019-10-01,59.84546661376953,61.1430862253723,59.76998294990111,60.5357426123736,25470000,60.939334869384766,44.48762258001073
2019-10-02,58.431640625,59.4422230070693,58.16645325394761,59.4422230070693,32302000,60.532122475760325,30.93067395980941
2019-10-03,58.98782730102539,59.048909844312,57.72645876370944,58.598989667049366,32424000,60.3126950945173,33.522343286248045
2019-10-04,60.03913497924805,60.16030361920413,59.0543731449456,59.18945035803195,23248000,60.046515873500276,43.43655042685574
2019-10-07,59.97358322143555,60.496206110741845,59.77841990658086,59.810700224232654,16858000,59.80736650739397,43.64979397614235
2019-10-08,59.052391052246094,59.894130669586495,59.04643131737063,59.472516367653085,20786000,59.552254813058035,38.26083586622333
2019-10-09,59.706912994384766,60.00685853512725,59.47450227577442,59.55991630271113,17354000,59.433850969587056,40.48216264161462
2019-10-10,60.022743225097656,60.337093640378384,59.460095801712434,59.52167467212858,16932000,59.459176199776785,44.36969880182291
2019-10-11,60.35943984985352,61.00204167615114,60.274522159352486,60.69514377020528,25454000,59.734576089041575,45.14830274741704
2019-10-14,60.44336700439453,60.89974703768053,60.17619812590616,60.20500035255357,17350000,59.942510332380024,49.544673391136136
2019-10-15,61.72808074951172,61.942612260668966,60.60526367063044,60.60526367063044,27634000,60.18378829956055,49.0028874236465
2019-10-16,61.75936126708984,62.31058935219601,61.501626428149486,61.636699852179454,21892000,60.43889944893973,50.65592287833915
2019-10-17,62.2276611328125,62.73692484016027,62.07222685071434,62.12138992797225,19048000,60.89250946044922,58.497317221107636
2019-10-18,61.85123443603516,62.51667876109587,61.63223219092888,62.24702445615143,27056000,61.1988410949707,57.97266098764649
2019-10-21,61.88401412963867,62.30508286657615,61.60840005977367,62.18743777092177,20544000,61.46473693847656,63.42467288235826
2019-10-22,61.71764755249024,62.104996202513206,61.64713097247706,61.968433790628666,20476000,61.65876661028181,75.89412772609096
2019-10-23,62.528602600097656,62.56634253601734,61.69580068918184,61.69580068918184,18230000,61.95665740966797,76.82466616303822
2019-10-24,62.6209716796875,62.77045002072806,62.259693520614114,62.61650093114042,20562000,62.08421325683594,72.88492633210514
2019-10-25,62.82655715942383,63.048537372883416,62.07569504053402,62.126347099346106,24262000,62.23666981288365,74.67567175209852
2019-10-28,64.06159973144531,64.52393565167738,63.19453233693792,63.339043569355816,52264000,62.498661041259766,91.09415076790984
2019-10-29,62.7019157409668,63.64396682372008,62.433352584353166,63.37779059206365,37728000,62.620186941964285,72.02221738525552
2019-10-30,62.635860443115234,63.036617529584646,62.17451714468901,62.222687559223374,28178000,62.72759355817522,69.94690438654686
2019-10-31,62.5772705078125,62.95269971367393,62.11706757623557,62.635371293682766,29114000,62.85039683750698,67.68019696056476
2019-11-01,63.2541389465332,63.29783861878018,62.596639603541234,62.82010883091002,33402000,62.95404488699777,70.47170435141146
2019-11-04,64.129638671875,64.26670120084444,63.38399365995271,63.38871067810195,30020000,63.169568743024556,68.5999940910569
2019-11-05,64.16242218017578,64.50507851901453,64.12264009749326,64.2051291931279,25654000,63.36040660313198,68.60730269904971
2019-11-06,64.1510009765625,64.24684928299422,63.68916505432356,64.03479939705974,23060000,63.37317820957729,66.02669080774285
2019-11-07,64.99819946289062,65.73713835848879,64.27241517544036,64.27415043192991,40600000,63.70121874128069,74.31516176153308
2019-11-08,65.12284088134766,65.45209253183815,64.77497121734183,64.82041371919429,25028000,64.05650166102818,74.67466682011343
2019-11-11,64.51799011230469,64.8772791475001,64.42959053654617,64.71612761504201,20238000,64.33374731881278,69.99803314022508
2019-11-12,64.49861907958984,65.05481045407937,64.3481443069112,64.55820884755968,21718000,64.51153019496373,65.86174614719295
2019-11-13,64.45889282226562,64.77174669514169,64.2359161452668,64.26372571519087,16534000,64.55856650216239,64.92468886763183
2019-11-14,65.1273193359375,65.40243707980748,64.34219526405447,64.43406535871058,23870000,64.6964089529855,67.37694007554302
2019-11-15,66.28986358642578,66.29036370404955,65.26735794955577,65.49877601364408,35652000,65.00196075439453,67.01572449794048
2019-11-18,65.58617401123047,66.32258195695339,65.4272578691305,66.15825545220515,29748000,65.08595711844308,74.47744040816723
2019-11-19,65.32595825195312,65.93379814001467,65.19385901029838,65.93379814001467,25384000,65.11497388567243,72.10133367766458
2019-11-20,64.70967102050781,65.30311359879565,64.11872145269366,65.14121946879514,26172000,65.1423568725586,66.04871494522152
2019-11-21,64.62525177001953,65.18343607560185,64.21059364355068,64.63170783382844,19910000,65.1604472569057,61.32949787959424
2019-11-22,64.32678985595703,64.99174164026378,64.13163033770898,64.83729623933458,27714000,65.14157540457589,51.8007841191482
2019-11-25,64.89044189453125,65.1198670598301,64.46534950267933,64.51749055240094,20724000,65.10773577008929,56.06187466251628
2019-11-26,65.2311019897461,65.2931771906439,64.81098048542756,65.0478543599473,21394000,64.95648411342076,58.526021133928104
2019-11-27,65.20328521728516,65.46996152390618,65.0364278231501,65.30310412977113,19912000,64.90178571428571,51.859424955487526
2019-11-29,64.80452728271484,65.06499004817489,64.75536420639608,64.91179493197015,11740000,64.8272955758231,47.250645790500286
2019-12-02,64.05764770507812,64.84773511772092,63.61467984402647,64.60788322908518,30218000,64.73414938790458,46.11912382167703
2019-12-03,64.32382202148438,64.48179100297033,63.51535530890274,63.543661210487656,22876000,64.6910879952567,48.58526042792306
2019-12-04,65.5782241821289,65.83943709304285,64.80004885472384,64.90632383370875,30750000,64.86986432756696,57.57083808511406
2019-12-05,65.95514678955078,66.01613082090294,65.37461639567003,65.94869072658955,24254000,65.02196502685547,55.82904546660836
2019-12-06,66.57540130615234,66.74325137232466,66.21884020896762,66.21884020896762,26296000,65.21400778634208,52.17682121054199
2019-12-09,66.7214126586914,67.51051492322146,66.43735342335297,66.44728757806071,27086000,65.4308831351144,59.458878751818055
2019-12-10,66.7760238647461,67.03996467146457,66.34795358301838,66.61909305092146,21882000,65.71252550397601,62.51067992095871
2019-12-11,66.79391479492188,67.10081273636702,66.67721310369951,67.08293731986201,17008000,66.10342080252511,70.05270343673385
2019-12-12,67.05463409423828,67.32801660327978,66.56945932598867,66.83960622520256,25620000,66.49353681291852,72.60641394449351
2019-12-13,66.93346405029297,67.19482098224645,66.73680415481331,66.93941999672872,30992000,66.68714250837054,75.08384235874544
2019-12-16,67.59593200683594,67.77023816325757,67.17381755438957,67.36401381253778,27946000,66.92154039655414,75.54885358909037
2019-12-17,67.29547882080078,67.78612451939068,67.10691932174733,67.68134229977522,37080000,67.02440861293248,69.6437749919416
2019-12-18,67.17132568359375,67.56115977757484,67.09088252490885,67.36897822232179,30452000,67.08868190220424,68.38991714538696
2019-12-19,67.34117126464844,67.44346805104348,66.990816137555,67.13160682579351,29398000,67.16941724504743,74.76245447571665
2019-12-20,67.02085876464844,67.71858344404939,66.99155641951448,67.7041861190547,66300000,67.20183781215123,81.5544802529597
2019-12-23,66.98361206054688,67.52788396295335,66.86790303817719,67.33272444290547,17662000,67.19169180733817,79.77513887275634
2019-12-24,66.7214126586914,67.05413485477206,66.6826762751171,66.96673551045554,6950000,67.16139875139508,66.4522660295403
2019-12-26,67.55767059326172,67.60371171533289,66.76659076080833,66.85101211383582,13350000,67.1559328351702,70.36971667080437
2019-12-27,67.13507843017578,67.76278667677775,67.00695738628835,67.68630656700985,20768000,67.13301849365234,57.49046308171117
2019-12-30,66.3529281616211,67.19020079771188,66.24764582949587,67.0412187959907,21018000,67.01610456194196,45.78592668081304
2019-12-31,66.3966293334961,66.44529987002558,66.00257454427881,66.05348045497554,19236000,66.88117000034877,45.650302820375565
2020-01-02,67.90382385253906,67.9420601209077,66.62159794771749,66.62159794771749,28132000,67.00730787004743,59.48565005111941
2020-01-03,67.57058715820312,68.15856627305749,66.81992586515675,66.93493774743344,23728000,67.0911614554269,54.35551828651732
2020-01-06,69.2366943359375,69.35041046473987,67.04121605389896,67.04121605389896,34646000,67.4504874093192,65.42083190731839
2020-01-07,69.19348907470703,69.67270781341017,69.04649239035008,69.42192915117019,30054000,67.68417576381138,61.66328939350561
2020-01-08,69.73876190185547,70.0992936464338,69.06933934334683,69.1309144280784,30560000,68.05613054547992,67.22204535383477
2020-01-09,70.50898742675781,70.88143863523739,70.03423186106627,70.54573849204765,30018000,68.6498532976423,71.562382324006
2020-01-10,71.0006332397461,71.25881518379731,70.43550030398244,70.89286546537721,36414000,69.3075681413923,72.69758105349432
2020-01-13,71.4723892211914,71.53644973201895,70.81637897706158,71.31844394818779,33046000,69.81736319405692,77.10120235919912
2020-01-14,71.05773162841797,71.60001823554667,70.93308868283479,71.46147050516532,31178000,70.3155266898019,73.71375789899062
2020-01-15,71.47089385986328,71.5798967478345,71.02444803778471,71.02444803778471,25654000,70.63469805036273,77.16732331228692
2020-01-16,72.09166717529297,72.10607207981073,71.55632909303593,71.88011739921365,23474000,71.04872349330357,76.59023264887541
2020-01-17,73.51641082763672,73.5613532153852,72.41544735720358,72.64835061632296,47924000,71.58838762555804,83.48785104801927
2020-01-21,73.7155532836914,74.08551910391431,73.06003544050274,73.45334766192397,40734000,72.04646846226284,91.15578429499426
2020-01-22,73.79252624511719,74.64985671867298,73.74187038901091,74.04331251492921,32216000,72.445310320173,91.18855993956375
2020-01-23,73.8272705078125,74.26776041302352,73.60132345729586,73.8764411567763,27024000,72.78172193254743,89.45994023053935
2020-01-24,72.8370590209961,74.2665239390797,72.76454954658043,74.17191835980502,35692000,73.0359115600586,82.25968813645503
2020-01-27,71.20770263671875,71.41478920034972,70.57701648729619,71.06369150781515,35104000,72.99831281389508,62.127983595506045
2020-01-28,72.13435363769531,72.30518923990853,71.13667978280085,71.6596057046786,31548000,73.00441087995257,66.32124308454198
2020-01-29,72.43580627441406,72.77349174300416,71.84534166690698,72.44424765337486,21554000,72.85003880092076,65.38443795907602
2020-01-30,72.2972412109375,72.36875044119347,71.33184765863578,71.50863920797372,26788000,72.64742279052734,60.99268561266201
2020-01-31,71.22409057617188,73.0068884324344,70.94102403792905,72.94580589242007,48344000,72.28050340924945,51.281977209877645
2020-02-03,73.79202270507812,73.99364588484838,72.45368519801852,72.60315974868554,60736000,72.27546800885882,60.727605291700506
2020-02-04,71.86173248291016,72.97560806049543,70.8302929578195,72.35833411323341,78660000,72.13613564627511,53.26109829279887
2020-02-05,71.91934204101562,72.69453954452206,71.04184774666115,72.62402295669747,39724000,72.23779841831752,51.872967438872614
2020-02-06,73.30982971191406,73.5963668176804,71.98588946273676,72.02363319055773,33588000,72.40572357177734,54.78036608945114
2020-02-07,73.45880126953125,73.78705268744903,72.81917361335594,72.86635137202896,23446000,72.55186571393695,49.74877080351422
2020-02-10,74.92129516601562,74.96201686466415,73.2149771862286,73.2149771862286,28398000,72.92673056466239,54.736241467129304
2020-02-11,74.92675018310547,75.96166771448218,74.77022096189218,75.07672483316374,26892000,73.45568193708148,54.48048765933285
2020-02-12,75.39752960205078,75.51795943123352,74.89298673750011,75.20931868546857,23352000,73.68504006522042,55.996373338678545
2020-02-13,75.21826171875,75.84000639352533,74.71868213211165,75.12042810921417,18590000,74.16454424176898,59.693506438650665
2020-02-14,75.52019500732422,75.52019500732422,74.85474309784867,75.26493802395396,23956000,74.67895180838448,69.68268659564495
2020-02-18,75.46705627441406,76.06099138957565,75.11546602411893,75.23514568129174,22414000,74.98712703159877,66.52875800473132
2020-02-19,75.815673828125,76.0846310031763,75.55296812288319,75.7352230948315,18986000,75.32382311139789,66.68461902337171
2020-02-20,75.39157104492188,75.9621672981893,74.82892362991262,75.58275992775464,21932000,75.39100537981305,64.85625788453451
2020-02-21,73.75080108642578,75.09683723926696,73.51889050316402,74.8890080751722,34634000,75.22301265171596,61.50402976769002
2020-02-24,70.59638214111328,71.36016015828893,70.08985398658058,70.82084399363352,57342000,74.5371344430106,36.187985767847074
2020-02-25,68.95065307617188,71.41826363554055,68.65021121542527,71.16301421993741,49566000,73.64176177978516,37.100596556967716
2020-02-26,69.18553924560547,70.3038930958197,68.48135853104596,69.33253592785813,44048000,72.73681095668248,38.07350839389358
2020-02-27,65.4565658569336,68.11904040245773,65.41087329449262,67.64011718123767,59566000,71.30674089704242,21.545192131729777
2020-02-28,66.51134490966797,66.60122968273528,63.11806590820636,63.440857722867264,75782000,69.97755105154855,26.377785467810213
2020-03-02,68.9834213256836,69.07082823713633,65.8898455959875,67.1211653604801,48630000,69.06210109165737,31.10753684725654
2020-03-03,66.61365509033203,70.02828410757648,66.14734084879593,69.49543148623361,48046000,68.04250880650112,27.009278038150256
2020-03-04,68.85481262207031,68.93278551165616,66.69907060737945,67.4995922737942,38266000,67.79371316092355,33.5192865974896
2020-03-05,65.50374603271484,67.48369652452459,64.81147716481703,67.0511554058777,51226000,67.30129786900112,28.9011331704813
2020-03-06,64.47925567626953,64.86709689198965,62.62395190626873,63.41901010678455,53212000,66.62897164481026,26.75001686925843
2020-03-09,60.36491012573242,62.31158768699376,59.59219807855447,59.85539634719823,67308000,65.90159225463867,22.842926447267317
2020-03-10,63.58437728881836,63.62212101344055,60.52431674969943,62.5718058305141,52228000,65.48345402308873,30.063755224902906
2020-03-11,60.357460021972656,62.619480640458136,59.39703339121399,62.06030746741676,52170000,64.2511738368443,27.546848447599317
2020-03-12,55.36661148071289,59.287779834392445,55.28666086053564,55.917343269090544,84534000,62.64445332118443,25.041097496592513
2020-03-13,60.57199096679688,60.57347995332645,55.47750501442033,58.549333478932624,74002000,61.4611930847168,37.10851158855149
2020-03-16,53.84800338745117,57.22176643234208,53.35686516792831,54.427537393440815,85048000,59.796086992536274,32.821555651765905
2020-03-17,55.60945510864258,56.15869414570267,52.44163044726034,54.28402213645753,77230000,58.52897262573242,35.076210149952914
2020-03-18,54.46726608276367,54.94897026257438,51.51149149929896,52.46645848002609,84668000,57.68645204816546,37.19133803029195
2020-03-19,55.38547897338867,57.50497346006347,52.64513398475478,54.28103751071133,73022000,56.51518086024693,36.99074715470167
2020-03-20,53.251583099365234,56.81072662261276,52.91240487844155,56.400035377852085,72036000,55.500055585588726,31.458438783413087
2020-03-23,52.471923828125,53.20192884609394,50.332363822196605,52.70532720543696,80882000,55.08652877807617,32.68348221025427
2020-03-24,56.33746719360352,56.36428410553778,54.160364348778806,54.81339669421403,66890000,54.48159681047712,35.2589544964509
2020-03-25,54.74983215332031,57.05455969067583,53.93143138205992,55.94068413874498,81630000,54.61042949131557,36.78686321523659
2020-03-26,57.69269561767578,58.100901458540704,54.30487622162832,55.21216912318002,71434000,54.90803527832031,42.03687112509069
2020-03-27,55.15803527832031,57.14245634110623,54.91966863467143,55.900952354857296,64170000,55.00671659197126,43.65521468502845
2020-03-30,56.951271057128906,57.190137849348936,54.45138000336739,55.869671946812446,51482000,55.23040117536272,41.626236046246994
2020-03-31,57.74533462524414,58.36608667743064,56.52022073924125,56.97510802494447,49728000,55.87236567905971,46.48658782907021
2020-04-01,54.905269622802734,56.10059242596996,54.499549198520704,55.71870336433194,46884000,56.21998650687082,49.34137005137116
2020-04-02,55.66109848022461,55.96005136655423,54.44740394113542,54.53977036171498,39298000,56.12336240495954,41.96865597244031
2020-04-03,54.520904541015625,55.79518156293612,53.62354572731836,55.57046961285702,46268000,56.090658460344585,51.34636788189375
2020-04-06,58.9426383972168,59.32700907022602,56.16266282319555,56.513264193015694,53294000,56.26922171456473,56.02750411687055
2020-04-07,58.92227935791016,60.83369851021976,58.70973316720613,60.63505710426919,47746000,56.80697086879185,58.39682905571543
2020-04-08,60.10269927978516,60.5392110015241,59.00421752445156,59.91498469056219,39502000,57.257174900599885,58.804017554623975
2020-04-09,60.16080093383789,60.86200368668178,59.43005335532061,60.78800901556082,43508000,57.60224151611328,63.9781426028158
2020-04-13,60.46422958374024,60.61072995170736,58.97631521213278,60.0480786690902,34796000,58.39637865339007,66.48704941121812
2020-04-14,63.03016662597656,63.66780520695061,61.42614549120685,61.83137335877478,49408000,59.44910267421178,64.58833795067747
2020-04-15,62.69446563720703,63.58785374129268,61.59846549641983,61.85719300099704,33434000,60.616754259381985,68.3169246843893
2020-04-16,62.74412536621094,63.51534838440943,61.70871143617545,63.27201464982272,50362000,61.15982382638115,63.43937998292526
2020-04-17,63.72639846801758,64.28159717465645,63.129485409059896,63.805856542207415,38980000,61.84612655639649,74.84879829631885
2020-04-20,62.90006256103516,63.64446870036649,62.63984226827033,63.11806837981865,33910000,62.24574988228934,68.27686644517155
2020-04-21,60.40364456176758,62.28725419824514,60.0743966777643,61.92622232442697,43060000,62.28044182913644,57.39386557225375
2020-04-22,62.7312126159668,63.84374694238709,61.67791949213439,61.8537184049048,41848000,62.60429654802595,72.40598225628607
2020-04-23,63.38175964355469,64.22598088095572,62.85337782412955,63.14537830328555,31324000,62.65452412196568,72.23862222674435
2020-04-24,63.53074264526367,63.584869009749326,62.0478901562001,62.6299058083651,32792000,62.773992265973774,77.5236194752616
2020-04-27,63.36040878295898,64.36702430836527,63.01874888535672,64.35957558686549,32012000,62.86203275408064,68.23104295320691
2020-04-28,61.26425552368164,63.964773326191775,61.19125729213543,63.95881737975535,59026000,62.51029804774693,58.25112470435937
2020-04-29,66.61811065673828,67.53731921132398,65.81659644188422,66.61711799909568,75872000,63.04144777570452,67.73837891371466
2020-04-30,66.97467803955078,67.18126451164983,65.67506931502436,65.79376390105523,53378000,63.98016684395926,68.25429787435824
2020-05-01,65.58171081542969,67.1440176191019,65.10447737169582,65.97353023284143,41450000,64.38738087245396,62.95348449628046
2020-05-04,65.88910675048828,65.93182134473103,64.50855469707568,64.96692010522611,30080000,64.74557331630162,58.170847591855996
2020-05-05,67.09634399414062,68.23008796278566,66.4184875690936,66.44133385242301,33030000,65.25494493756976,61.983577499670794
2020-05-06,66.90713500976562,68.09004196319698,66.90664246970033,67.62175002419323,24308000,65.76162011282784,61.247824247876196
2020-05-07,68.16154479980469,68.41183090485656,67.30291872848656,67.83279328095287,27952000,66.74694715227399,61.809433554052944
2020-05-08,68.94668579101562,69.46265563072474,68.30656553930811,68.68646549692158,27738000,67.07960074288505,66.1357002900807
2020-05-11,69.68611907958984,70.34510735075402,68.38958697310302,68.44560772016183,28242000,67.46694946289062,77.33387281902014
2020-05-12,68.3194808959961,70.26913651210896,68.2713104732438,69.87781718353037,27812000,67.85805947440011,67.44276538839904
2020-05-13,67.0079574584961,68.80327386510248,65.9685689340413,68.38453896631944,36252000,68.0178952898298,60.86999676616836
2020-05-14,67.34563446044922,67.4096949741675,65.74558408249679,66.29730468858001,32062000,68.05350821358817,61.307710764414274
2020-05-15,68.19284057617188,68.25690109642692,66.49495642044602,67.04122125427448,34154000,68.2371804373605,63.77121053175127
2020-05-18,68.7266845703125,69.14308552192315,67.25227724099612,67.62472846340052,36448000,68.31791469029018,73.3447417882395
2020-05-19,68.20748138427734,69.1269399575353,68.20748138427734,68.87849518877472,25612000,68.21231406075614,57.1282121471343
2020-05-20,69.85794830322266,70.04169607289217,68.8910693426762,69.00677080232748,33108000,68.23686109270368,61.58651593898619
2020-05-21,69.66328430175781,70.2934704506056,69.19896293511565,69.92151930165662,27700000,68.4288330078125,68.1499273975763
2020-05-22,70.04168701171875,70.15788857398324,69.11850026676878,69.36084512261117,26188000,68.86222294398716,68.34980011287269
2020-05-26,70.36943817138672,71.56029390552685,70.1266007759835,71.37506096232993,41212000,69.29419490269252,65.68239325462363
2020-05-27,70.41015625,70.60383056180191,69.09167967012947,70.38086148536028,33716000,69.61095428466797,67.02631664822434
2020-05-28,70.35504150390625,71.55234573499438,69.32558734289624,69.36829435363889,33844000,69.84357670375279,62.068380746738036
2020-05-29,70.96039581298828,71.14165812703393,70.18719129549719,70.3654680591171,36418000,70.23685019356864,61.302821455152454
2020-06-01,71.10441589355469,71.40932849735742,70.41811058181692,70.437478772262,24342000,70.4149169921875,58.531022525875436
2020-06-02,71.47188568115234,71.49125386873627,70.45931440945286,71.04132996185724,25562000,70.67328861781529,71.55220617076856
2020-06-03,71.33087158203125,71.83601314446132,71.00296868490636,71.42621977038247,25124000,70.85745784214565,85.18622937218923
2020-06-04,70.12908935546875,71.45898541414964,69.75912357005502,71.03389302934043,29686000,70.8231222970145,69.86192636726214
2020-06-05,71.43067932128906,71.76141616660131,69.82218753740298,70.17824851809759,34698000,70.96891130719867,71.69727397288288
2020-06-08,71.8388900756836,71.90742134684552,70.63363688396181,70.63363688396181,28084000,71.18088967459542,71.21255770852812
2020-06-09,72.31314086914062,72.90112004210671,71.67004267427679,71.77681020500805,28184000,71.37413896833148,78.15640300914275
2020-06-10,72.79435729980469,73.21194794835758,72.31860903221238,72.48099571312636,30504000,71.61555916922433,73.9841593289837
2020-06-11,69.71492767333984,72.22946607759391,69.62355012018367,71.63379566930075,39826000,71.36456516810826,50.286706136587156
2020-06-12,70.17874145507812,71.3616483445136,68.82997739078206,70.9390414138141,38928000,71.1999751499721,50.75373089239321
2020-06-15,70.50997924804688,70.75579461791511,68.92433371669215,69.06735219051745,30078000,71.25438799176898,50.77260934009659
2020-06-16,71.64570617675781,72.25652401081639,70.81041890754537,71.76985657427194,34184000,71.2851061139788,56.06242335215558
2020-06-17,72.06285858154297,72.50384109038218,71.08256740683144,71.8662062674768,30992000,71.31710161481585,58.092179419235094
2020-06-18,71.30999755859375,72.07725367365481,70.86554459700417,71.96551528630526,31638000,71.17379542759487,51.633687263849254
2020-06-19,71.09944915771484,71.89798545037623,70.58447197958613,71.70927440074308,63158000,70.9316656930106,49.97693388635315
2020-06-22,72.099609375,72.14380158720957,70.67684292152231,70.96437266985775,30848000,71.27233450753349,52.75341696512055
2020-06-23,72.72282409667969,73.29545866095597,71.77084281337734,72.28730508673156,28596000,71.63577488490513,55.85779673946826
2020-06-24,71.11186218261719,73.26959673401689,71.00161656714448,72.57882069771837,35120000,71.72175816127232,53.99814019779953
2020-06-25,71.57669067382812,71.6546559889747,70.51744142961496,71.00907984073605,24610000,71.71189880371094,50.637403014025665
2020-06-26,67.53285217285156,71.1853547034498,67.14004013783271,71.08305792934624,85354000,71.06475503104073,35.73142978202294
2020-06-29,69.2744369506836,69.30572461242006,66.89274042358561,67.44743906783222,36204000,70.77396065848214,40.71106293282908
2020-06-30,70.2000961303711,70.45038982710655,68.72767418167281,69.04947711567303,40848000,70.64548165457589,42.27945233347698
2020-07-01,71.41329956054688,71.65961505445209,70.01188670171123,70.07545467926525,35504000,70.5474373953683,55.685957784619724
2020-07-02,72.73724365234375,73.64354014024406,71.82945438911075,71.85527864461241,37182000,70.54949733189174,58.09912900333869
2020-07-06,74.2767105102539,74.81750435855518,73.1424664907637,73.50002027573657,31280000,71.00161852155414,61.076568324047386
2020-07-07,73.75428771972656,75.32453585801346,73.67333686045679,73.99364705161962,29164000,71.31270381382534,56.43258466193413
2020-07-08,74.29161071777344,74.78224884952299,73.77663352782716,74.20818200334445,24994000,72.27824074881417,56.749696511230816
2020-07-09,75.0360107421875,75.61852652719074,73.89854626151997,74.81055620422666,28466000,73.10132271902901,61.28988409962217
2020-07-10,76.56305694580078,76.66684650358317,74.31842305623277,74.79565649049827,37126000,74.01031712123326,65.33166227635982
2020-07-13,75.05339050292969,78.32062845929656,74.75061476268897,76.9732510304685,36928000,74.53033011300224,58.05830415905221
2020-07-14,75.51223754882812,75.62993187326946,73.67084270595447,74.00902823903562,31700000,74.9267578125,57.678753098896706
2020-07-15,75.16761779785156,76.24475002117451,74.39093505432963,75.63889535010237,32214000,75.0540302821568,62.001513520542694
2020-07-16,75.38411712646484,75.41838275480134,73.81038365555855,74.49023281715137,30386000,75.286863054548,61.434728513785686
2020-07-17,75.26245880126953,75.65427822729781,74.41178145493603,75.56390091055303,29134000,75.42555563790458,80.36853435743288
2020-07-20,77.75391387939453,77.98086118912214,74.66902175040603,75.24805943564259,31146000,75.81382751464844,81.46090760968639
2020-07-21,77.39138793945312,78.81018368976436,77.1857941396302,78.81018368976436,24324000,75.93216051374164,77.84499418921706
2020-07-22,77.8914794921875,77.96646683378641,76.779589074896,77.49469673469518,18640000,76.33760179792132,76.54999080717965
2020-07-23,75.2689208984375,78.05932740694908,74.85733921571824,77.81599743059809,32552000,76.30284227643695,59.377568126351534
2020-07-24,75.0797119140625,75.3660519890377,73.91418778068258,74.43711380413019,30880000,76.29028429303851,53.30498867993255
2020-07-27,75.98997497558594,76.5248128096962,75.24556515459534,75.26493334342516,24920000,76.37683541434151,58.91695169005684
2020-07-28,74.50713348388672,75.80524946511352,74.37404914617177,75.74069640054633,34044000,76.26893179757255,50.79931706196298
2020-07-29,75.58377075195312,76.04223469544677,74.55630170159073,74.80411001430369,22130000,75.9589113507952,51.98263797222827
2020-07-30,76.05206298828125,76.37088040383222,74.10389262408187,74.34126664032823,33428000,75.76757921491351,47.996913589477494
2020-07-31,73.64404296875,74.93471020848018,72.20737168755205,74.7390505471381,68798000,75.16080256870815,44.838885244362686
2020-08-03,73.221435546875,74.01698631572827,72.78392354272167,73.82679006188766,46604000,74.86830466134208,41.58862063015031
2020-08-04,72.75064849853516,73.77315413869968,72.43680195599123,73.32670822757262,38070000,74.53558131626674,41.20682964903038
2020-08-05,73.1797103881836,73.61672225544746,72.6756600275489,72.96567520295099,39590000,74.13411494663784,42.10230248376103
2020-08-06,74.49520111083984,74.60892481376608,72.80179546326212,73.0873398594088,39908000,74.13241032191685,47.46776987692122
2020-08-07,74.21661376953125,75.3267611105131,73.57847890605598,74.49023870030395,31556000,73.93710218157086,36.32871865186429
2020-08-10,74.29656982421875,74.69260992541598,73.15339190731413,73.85360202098929,25786000,73.68631744384766,37.77177419063111
2020-08-11,73.51292419433594,74.98683884068578,73.39771529466907,74.1148080999226,29088000,73.66758619035993,33.078645881245706
2020-08-12,74.8189926147461,75.10533266498275,73.75775067614931,73.77414089337864,28740000,73.89580862862724,48.06423637895052
2020-08-13,75.4064712524414,76.34008469384933,74.8877735437597,75.0037250475616,29104000,74.27521187918526,51.35926157017896
2020-08-14,74.87411499023438,75.57780319699117,74.63326289685403,75.26791971865897,27096000,74.51726967947823,45.207540641109155
2020-08-17,75.38314819335938,75.76205553935272,74.88604636726835,75.21876860259397,27566000,74.64411926269531,54.10579719784106
2020-08-18,77.40032958984375,77.59251114525708,75.66768730796404,75.79034493896614,40542000,75.09893580845424,57.824217019660104
2020-08-19,76.8505859375,78.14919419688756,76.67280172628168,77.13761552307406,33212000,75.4637952532087,53.41540521878511
2020-08-20,78.54996490478516,78.75456605084094,76.38726691231699,76.64797973892323,34138000,76.1833724975586,72.33746320390232
2020-08-21,78.4839096069336,79.34302820770624,77.86737832885545,78.31555943050128,28930000,76.7069320678711,74.76499281568442
2020-08-24,78.87026977539062,80.1599441916389,78.49136251198364,79.15729937763432,28198000,77.20176042829242,79.02936627022817
2020-08-25,79.8644790649414,80.03332181878403,78.56586293419522,78.56586293419522,44942000,77.91466958182198,80.09653578597799
2020-08-26,82.05746459960938,82.39713539106306,79.63503884299774,79.85354477576797,79868000,78.86814335414341,81.5540279414583
2020-08-27,81.16108703613281,82.18756319004888,80.7350020229949,82.1220099009033,37232000,79.40539441789899,77.55561825509076
2020-08-28,81.66166687011719,81.79872940677315,80.983310368209,81.11938024717467,29980000,80.09269169398716,78.28062490771924
2020-08-31,81.15363311767578,81.83819551686672,80.96145158804603,81.8344749454982,36468000,80.46464429582868,79.97333928720005
2020-09-01,82.47113037109375,82.72042384830421,81.05631278645836,81.2753112601159,36506000,81.03424726213727,79.99128053532012
2020-09-02,85.82666778564453,86.06999773421208,82.75021705698761,83.11994036448972,50224000,82.02801840645927,83.558696686284
2020-09-03,81.53404998779297,84.90468375126595,80.20414625325805,84.90468375126595,62156000,82.2665285382952,67.26660840786121
2020-09-04,79.01130676269531,81.696430593167,76.85471630763008,80.66101287251233,52172000,81.83136313302177,58.5170835986993
2020-09-08,76.0987319946289,77.66178886886009,75.88121873526735,76.15435113149405,52218000,81.10816955566406,47.06777312456796
2020-09-09,77.31888580322266,77.91679155012265,76.28054315583707,77.34719549044677,35494000,80.48777226039341,51.02404924966008
2020-09-10,76.08036041259766,78.66571837375648,75.77172722974485,77.50163402685257,32372000,79.76301901681083,44.48853594499705
2020-09-11,75.51920318603516,78.22468778948516,74.3591349740814,76.27801038608244,31942000,78.76988656180245,43.52665899041268
2020-09-14,75.44768524169922,77.66848767072217,75.27189391194321,76.427233722132,33932000,77.28717476981026,42.42271713673111
2020-09-15,76.54815673828125,77.44849721003351,76.0711733800464,76.27800988927446,26622000,76.5749043055943,42.69235489429664
2020-09-16,75.52814483642578,77.5691779671439,75.47451100832949,77.24837523384565,26234000,76.07730974469867,34.82809592037388
2020-09-17,74.26825714111328,74.90232288704672,73.00043632835278,74.2916035393257,37596000,75.81581333705357,34.24950322992079
2020-09-18,72.50333404541016,74.63936654832457,71.36810502194668,74.3914143131961,62078000,75.12787737165179,30.215868363446262
2020-09-21,71.0716323852539,71.92578773304085,69.84949659000128,71.51360750076257,57776000,74.41234479631696,29.056324715181304
2020-09-22,72.77497863769531,72.9765942138725,71.23898878022005,72.0117007268917,31664000,74.0203127179827,30.175660481663996
2020-09-23,70.2795639038086,72.5515150577612,69.90662010640514,72.4432623180634,33148000,73.28200966971261,17.05430617754999
2020-09-24,70.92910766601562,71.69481799201958,70.01337722091985,70.07197433077626,29004000,72.47928837367466,23.423825447537325
2020-09-25,71.7569580078125,72.00724416533171,70.1867022102976,71.14464728288071,26460000,71.94054739815849,30.132779382463454
2020-09-28,72.7282943725586,73.33811955209461,71.97251821532628,73.20950598351357,40158000,71.72055271693638,39.67127259124174
2020-09-29,72.96717071533203,73.33133212996597,72.4444947426073,73.01981188532375,19564000,71.7868150983538,35.81076374723126
2020-09-30,72.98058319091797,73.98123523138912,72.49788631741788,72.84152775496563,34032000,72.0595223563058,39.01524532350215
2020-10-01,73.99810791015625,74.44256845643194,73.45780665142134,73.70908542006934,35590000,72.2342551095145,44.77854524293528
2020-10-02,72.42536926269531,73.6559540472513,72.05291805714296,72.60464626204758,25682000,72.54079873221261,40.59467059587196
2020-10-05,73.7959976196289,73.90475046640069,72.7158875630726,72.81222840015846,22266000,72.95035443987165,41.57701523665689
2020-10-06,72.17806243896484,73.83273938886849,71.93721035186023,73.27754066084998,24908000,73.01051221575055,40.10906781035446
2020-10-07,72.51824188232422,72.94879009438718,71.31199611535075,72.71687950056844,34924000,72.98050471714565,44.53646485376139
2020-10-08,73.7915267944336,73.99364250506075,72.75660918447879,72.75660918447879,23756000,73.09826987130302,54.14909678522774
2020-10-09,75.2460708618164,75.31062391850578,73.96633057163652,74.2270433863395,28706000,73.42191096714565,63.42555377906549
2020-10-12,77.92424774169922,79.1513545908883,76.10768404553953,76.62563922381217,49652000,73.9827880859375,65.58359066432263
2020-10-13,78.04988098144531,78.95965548891367,77.62876681977845,78.64828682700247,32020000,74.78628976004464,77.45372090051848
2020-10-14,77.87110900878906,78.84464856971861,76.99957070901655,78.39303478443533,38586000,75.36844852992466,75.37115585590308
2020-10-15,77.42664337158203,78.21996625540591,76.72644086637881,76.8317156177969,30800000,76.11824580601284,71.31860067897122
2020-10-16,78.11592864990234,78.51917498369669,77.61883449131766,77.76036777120736,28694000,76.91791534423828,70.69706124755416
2020-10-19,76.208984375,78.86779152424204,75.88073293035221,78.4859062532082,32142000,77.26326642717633,61.03894889273038
2020-10-20,77.26773834228516,78.33890690327483,75.76502132933967,75.83355259656041,44834000,77.5520760672433,63.62830287337979
2020-10-21,79.1240234375,80.38638835563604,78.047391572424,78.13181293198265,51366000,77.72347259521484,65.46967330278068
2020-10-22,80.21755981445312,80.54829670808118,78.71136458721318,79.11112529379649,28672000,78.03314099993024,74.21676051408849
2020-10-23,81.49232482910156,81.55985585659518,80.47478258314635,80.75089294892422,27516000,78.55045754568917,74.06220944128287
2020-10-26,78.98200988769531,81.35527266965207,78.28924845219359,80.6982696452081,37066000,78.77265276227679,70.14797507436256
2020-10-27,79.66780853271484,79.79617962647981,78.60111074389548,79.2412309562141,24580000,78.99434988839286,70.7467619298951
2020-10-28,75.31560516357422,77.53690047427607,75.21628634321627,77.45694984685586,36680000,78.8667242867606,53.752135609112536
2020-10-29,77.82939147949219,79.14389753821341,75.59468419892224,75.6006401448401,40062000,78.94696044921875,56.04463088051053
2020-10-30,80.49962615966797,83.77670009021313,79.67775100323058,83.0372609927354,86582000,79.14347512381417,56.0282877348382
2020-11-02,80.74891662597656,82.47411027540336,80.25231497531756,80.85469150454024,50708000,79.2193832397461,56.28137420064147
2020-11-03,81.94969177246094,82.52028804891705,80.2816101889804,81.03445385982764,33234000,79.28472137451172,59.06092413331146
2020-11-04,86.8620834350586,87.96628256152133,84.72173149118909,84.93278871236234,71418000,80.41044616699219,67.48964244662267
2020-11-05,87.56924438476562,89.07245394160914,86.93060935423904,88.44475330060617,41316000,81.53922271728516,67.51117250299399
2020-11-06,87.48880004882812,88.0191672335344,86.42607278637671,87.10145135543723,33218000,83.27825055803571,72.41105415634387
2020-11-09,87.55087280273438,90.28515986313532,87.40288344928055,88.93638807832393,45366000,84.66703360421317,71.2733440302637
2020-11-10,86.42804718017578,87.55086419350906,85.28139122878906,85.96620374870092,52722000,85.51395089285714,65.58318040752651
2020-11-11,87.03985595703125,87.61144487612894,86.77442234467743,86.9052788650388,25280000,86.41265651157924,64.86088260027056
2020-11-12,86.89732360839844,87.8125614294318,86.6867665487704,86.78757811969534,24950000,87.11946105957031,62.38449258549909
2020-11-13,88.2470932006836,88.44673103970828,86.63463081719998,87.28418502653102,29998000,87.31731959751674,72.4215692899537
2020-11-16,88.46361541748047,89.34210224720016,87.78376619529506,87.98290392040381,24936000,87.44508688790458,71.78062119367547
2020-11-17,87.90593719482422,88.64339091816939,87.7495064690329,88.24313012579633,22942000,87.50467790876117,88.39149535693315
2020-11-18,86.74536895751953,88.07080174601607,86.71358875951046,87.6615994921091,23470000,87.38960593087333,79.63285370085153
2020-11-19,87.5965576171875,87.87813142026519,86.2599553640355,86.3282365755733,24998000,87.55653599330357,76.83144007462657
2020-11-20,86.51744079589844,88.09713053872399,86.50105815463596,87.6606187752798,46270000,87.48190525599888,70.52146403372493
2020-11-23,86.15342712402344,87.09896008839227,85.30225725984842,86.88542502347123,43232000,87.3756343296596,65.90144309855806
2020-11-24,87.8428726196289,87.97794984411425,85.79736879323788,85.93691676620557,31560000,87.31788853236607,54.90632661722455
2020-11-25,87.96949768066406,88.32258068192824,87.23005870495021,88.04199957258817,20916000,87.24730028424945,52.125702597747804
2020-11-27,89.05010223388672,89.58692541003835,88.01965543168285,88.05193574801741,17698000,87.41075243268695,57.49561382624525
2020-11-30,87.43863677978516,88.79559980634644,87.15358490191596,88.45388308870092,36476000,87.5097906930106,49.53094919099815
2020-12-01,89.29393768310547,90.62135589829056,87.86720065764494,88.11550147210329,34738000,87.75227355957031,61.28601937057062
2020-12-02,90.77629852294922,91.15868391861666,88.86552333067591,89.29394228119898,24440000,88.36068180629185,63.770139556278856
2020-12-03,90.71768951416016,91.73224619755354,90.51308838630666,90.58062699052718,24546000,89.0127192905971,64.16706134119174
2020-12-04,90.7782745361328,91.03501671651,90.23201731869553,90.60595371906308,27564000,89.43206242152623,60.378726686992344
2020-12-07,90.3556671142578,90.99578730528738,89.67532534581,90.33182817632304,26418000,89.77294376918248,57.62913650584651
2020-12-08,90.30948638916016,90.47585126764606,89.19983151302829,89.88985740984829,21926000,89.9528557913644,60.108568978971604
2020-12-09,88.60018920898438,91.0901536915818,87.78974099788228,89.98471942656874,30152000,90.11879185267857,57.456623287398145
2020-12-10,88.16317749023438,88.46014125711915,86.42457170810688,87.88855230933521,27256000,89.95725468226841,52.356355827878275
2020-12-11,88.48298645019531,88.61607834959379,87.40188377022606,87.55384374235868,24414000,89.629638671875,58.72496586253985
2020-12-14,87.40486145019531,89.25867611149724,87.26357823134042,88.14678589327933,32004000,89.15637751988002,55.22387489299255
2020-12-15,87.78773498535156,87.96899729214239,86.9027921109497,87.6213776974754,29646000,88.72915758405414,49.74165831980319
2020-12-16,87.55087280273438,88.04747445495914,87.20722379257133,88.0415109310898,30270000,88.32847268240792,48.0586309721776
2020-12-17,86.8010025024414,87.9870921256089,86.34214456016367,87.82450084714381,32494000,87.82726069859096,39.23974396785579
2020-12-18,85.96222686767578,87.1590384634366,85.4263963832509,87.11285336589343,80328000,87.45040893554688,42.372551338141946
2020-12-21,86.37739562988281,86.45089776294904,84.37261358419228,85.0931845470445,36568000,87.19529724121094,32.29853239845927
2020-12-22,85.58930206298828,86.27982057221251,85.04676533706252,86.13208127020164,18734000,86.78191375732422,15.621112673064928
2020-12-23,86.0302734375,86.80546328080491,85.66576348918727,85.81822357899378,20676000,86.58554404122489,20.43099141694097
2020-12-24,86.35157775878906,86.70665370806366,85.86788822221988,86.16038884574894,6936000,86.38037872314453,22.96492339806916
2020-12-28,88.20092010498047,88.9278486626272,86.72328466948211,86.9864829403542,27860000,86.4732426234654,38.793335370233024
2020-12-29,87.33831787109375,89.01286315485197,87.20771140146256,88.78194521823438,25988000,86.5500019618443,35.75676891510831
2020-12-30,86.38484954833984,87.65491344135812,85.6935808891122,87.50171073870466,26122000,86.6103766305106,38.550362097967955
2020-12-31,86.99864196777344,87.34874700149244,86.18123768239506,86.18123768239506,20238000,86.69912610735211,44.08928762281231
2021-01-04,85.8246841430664,87.43416872026468,84.81211267442745,87.27972330707433,38038000,86.73275211879185,37.58406959184066
2021-01-05,86.45436096191406,86.78956854803462,85.31689660509608,85.6637736010461,22906000,86.79333605085101,45.366467962040325
2021-01-06,86.1747817993164,86.80596048792144,84.37260812123313,84.55287777406056,52042000,86.76807948521206,42.05712954648773
2021-01-07,88.755126953125,88.8122312894058,86.26218471621473,86.41165925675016,45300000,86.84725189208984,54.81819291819292
2021-01-08,89.746337890625,89.87694435913419,88.07403557290453,88.79137849204815,41012000,87.19125475202289,61.56095381440113
2021-01-11,87.73561096191406,89.10598639588073,87.42772034369571,88.69653400477449,24194000,87.38422066824776,56.37438344751632
2021-01-12,86.73395538330078,88.29775491609885,85.6791770578104,87.09995053496378,27140000,87.34640829903739,51.229793986153474
2021-01-13,87.12378692626953,87.65191867243024,86.30985313597574,86.33816282224139,21882000,87.53199441092355,55.44202814633149
2021-01-14,86.41761779785156,88.14728197733925,86.08091743532361,87.0850474222712,23590000,87.52674538748605,51.348348147369116
2021-01-15,86.21949005126953,87.20325938884481,85.49246293754388,86.31880887329885,26844000,87.53313228062221,49.5362247251449
2021-01-19,88.93440246582031,89.84889786069577,86.48118909961785,87.0170272514447,34692000,87.55874306815011,52.42777582209123
2021-01-20,93.70376586914062,94.53855311547628,90.65611726122197,90.9506031893154,49806000,88.12408992222377,66.73988623012076
2021-01-21,93.91978454589844,96.08546052520305,93.71419074084986,94.25499216619674,41278000,89.0075432913644,70.61500240670722
2021-01-22,94.40645599365234,94.89809436257674,93.44851097182696,94.13977963050202,25442000,90.1036148071289,70.40917263729717
2021-01-25,94.32451629638672,95.82325512902538,92.74184863470316,95.38078743440724,38546000,91.13229043143136,74.91709138600301
2021-01-26,95.21044921875,95.5958125637096,93.5719124038081,93.80010242602992,26262000,92.38840920584542,75.28836382449711
2021-01-27,90.91732788085938,93.8577087603916,89.83523249678757,93.48675031044844,54966000,93.05952889578683,61.11915055746456
2021-01-28,92.52234649658205,94.29620299289358,91.50580443786548,91.57035749557768,35462000,93.57209232875279,59.25574912264986
2021-01-29,91.16315460205078,92.23283044287376,89.89483355305028,91.68110976359064,32252000,93.20914786202567,53.41917684935295
2021-02-01,94.42134857177734,95.46629885336267,91.91748702295024,92.04858603471745,32044000,93.28079986572266,65.21827471817173
2021-02-02,95.72045135498048,97.1233492544962,95.07387515023768,95.47462842864842,45474000,93.46851348876953,70.18204098920748
2021-02-03,102.80001831054688,105.10573483141508,100.23308126265648,102.94552222839214,82364000,94.67929949079242,77.07155074439302
2021-02-04,102.41763305664062,103.2211326377597,101.43535658050055,102.74142132961344,37046000,95.70889718191964,77.94318609408258
2021-02-05,104.18701934814452,104.41098867484232,102.26665873893616,102.7965333239075,30702000,97.6045673915318,79.74677148804588
2021-02-08,103.93424987792967,105.45569096544332,102.89585419269478,104.5798334997149,24838000,99.2348393031529,77.03779840374585
2021-02-09,103.46743774414062,104.5410916640509,103.22062972216716,103.22062972216716,17798000,100.99259403773716,70.83040075941999
2021-02-10,104.05691528320312,104.70200641313257,102.45339416940318,103.998818284505,22710000,102.36910356794085,71.28793297034576
2021-02-11,104.08223724365234,104.38714984460404,103.16004314219794,104.2620067842716,18914000,103.56364440917969,70.72059649092996
2021-02-12,104.49044036865234,104.72434385194158,103.44857417935044,103.80214974089506,17114000,103.80513327462333,71.47021232576081
2021-02-16,105.37389373779295,106.90243490328484,104.50285563064796,104.50285563064796,22676000,104.22745622907364,71.46722393809077
2021-02-17,105.69222259521484,105.95790629651488,104.23271264976394,104.28634647663638,21418000,104.44248526436941,87.5050401800637
2021-02-18,105.1405029296875,105.91197226654648,104.47058778252092,104.80231732410832,22432000,104.61480712890625,83.83988181831201
2021-02-19,104.34294128417967,105.8024509919462,104.15770835335393,105.2432816867948,29148000,104.73987906319755,86.44392322456488
2021-02-22,102.5422821044922,103.86025872703895,102.40621222539536,102.64755686254156,27350000,104.52350289481026,74.42423013080547
2021-02-23,102.83924865722656,103.3929622253904,99.42064156189564,100.56233433334488,33348000,104.34593309674945,72.78363343616486
2021-02-24,104.04647827148438,104.32507407718936,101.2138653056676,101.39760547584478,24966000,104.28250994001117,56.39192230286986
2021-02-25,100.87767028808594,104.03208635193012,100.37759056353808,102.66990237188516,36568000,103.64019230433873,43.85818002568141
2021-02-26,101.15080261230467,102.84669385638274,100.11787030544605,101.8291591099359,41670000,102.99141802106585,36.249570691033604
2021-03-01,103.36812591552734,103.61691926949968,101.60965936958632,102.12711438606556,28090000,102.73822130475726,47.823436824434765
2021-03-02,103.0865478515625,104.50335066083667,102.85910801329427,103.10393072642464,22692000,102.55873652866909,48.51444255590628
2021-03-03,100.64675903320312,103.7161553068746,99.81693504118692,102.65798972200092,29684000,102.28794751848493,38.37716789159344
2021-03-04,101.75814819335938,103.7520035618548,100.32694032520229,100.48089320545296,42360000,102.13350459507534,42.62481545272611
2021-03-05,104.71043395996094,105.18568204695694,101.6252920248894,102.9514674242567,43904000,102.22835540771484,50.60106801876224
2021-03-08,100.52062225341795,105.71705670681982,100.39348628723236,104.3424682174904,32948000,102.17734854561942,38.76899793716001
2021-03-09,101.93741607666016,103.19580287718117,101.69557133158328,102.7965347526403,33946000,102.2897218976702,41.73133969266088
2021-03-10,102.05313110351562,103.04484162091262,100.97749175562625,102.88394014143672,25372000,102.10186549595424,43.0680186155634
2021-03-11,105.01982879638672,105.56261554735316,102.91473520665971,102.99816391948156,24782000,102.37804848807198,51.384897605833764
2021-03-12,102.3952865600586,103.80265543335705,101.68167175761587,103.54144248438116,34516000,102.62783813476562,49.709058698355136
2021-03-15,102.62223052978516,102.65053263968964,101.48103793116822,102.41415129605636,25962000,102.75127846854073,49.569272413355534
2021-03-16,103.91487884521484,105.4563321720482,102.79653257266412,103.24297844757092,29832000,102.63762773786273,49.739690151447235
2021-03-17,103.84337615966795,104.77201879784444,102.00197340640412,103.09598826972228,25980000,103.112306867327,56.685494653441054
2021-03-18,101.11901092529295,103.06966655194852,100.9864191429741,102.3495957268019,27228000,102.99539184570312,49.935465086565365
2021-03-19,101.46565246582033,101.95728324824417,100.19832408883477,101.4085405483245,46298000,102.91146632603237,45.820706059181
2021-03-22,101.23670196533205,102.20011027796797,100.61495731014804,101.39810354673163,39096000,102.3710196358817,45.92689876639279
2021-03-23,101.95033264160156,102.91085399063236,101.26799792835692,101.88775731913692,27340000,102.30745479038784,53.10642141387608
2021-03-24,101.55802154541016,103.2042573272124,101.38396544508429,102.5666224673856,23080000,102.15542493547711,49.506173257863374
2021-03-25,101.52326202392578,102.24382547508134,99.85318732250208,101.54560818992772,28378000,101.81376538957868,40.812585084132984
2021-03-26,101.0857391357422,101.8524951893837,100.0165559083559,101.25011869726772,29870000,101.41981724330357,52.07870166389315
2021-03-29,102.09881591796876,102.22197367164188,100.096019117373,100.70485170424156,24596000,101.5597893851144,50.61185863303469
2021-03-30,102.07845306396484,102.83527498742784,101.50686409622791,102.1822426239804,20732000,101.64733232770648,50.09669331583784
2021-03-31,102.72850799560548,103.95496309783704,102.1382934324015,102.25623783702686,29198000,101.86044747488839,39.36970304487326
2021-04-01,106.1610107421875,106.41875317220656,104.13189720333584,104.18453837054176,33980000,102.46197291782924,66.25220200131045
2021-04-05,110.52117919921876,111.10518778495326,106.84980802395869,106.91536132254296,43298000,103.74242401123048,75.12628291158131
2021-04-06,110.48145294189452,111.12256584129652,109.98732915713552,110.36971454182618,27060000,105.02216557094029,72.69724350643855
2021-04-07,111.71947479248048,111.98366570346272,110.51025105593808,110.5499800949824,25798000,106.54127066476006,75.1920758639875
2021-04-08,112.50212097167967,113.42405745735331,112.11675762816488,113.12386565664774,27166000,108.02745710100446,91.57340095016492
2021-04-09,113.51717376708984,113.67410461282402,111.91980568049868,112.0680905535152,20888000,109.66156005859375,91.96566482557427
2021-04-12,111.97323608398438,112.99275609515576,111.16253032044648,112.5423395877862,31318000,110.98223549979073,84.24999501069158
2021-04-13,112.59300231933594,113.08661840783516,112.03779598848432,112.30497245933866,23310000,111.90109143938336,84.15510579847106
2021-04-14,111.9757080078125,113.12534188362672,111.69513447885198,112.98480884913565,20220000,112.10888126918248,82.95715490454371
2021-04-15,114.0525131225586,114.54598524165246,112.52993533428274,113.0751999373532,27472000,112.61903272356305,85.10196072731489
2021-04-16,114.1071319580078,114.53818027600758,113.44615836773826,114.36735223204192,22596000,112.96012660435267,87.28059637071493
2021-04-19,114.33755493164062,115.134598376673,113.6147486366865,113.82009236741744,24688000,113.22233145577567,86.68382985846522
2021-04-20,113.90204620361328,114.69511909010087,112.81349473259375,114.61019760226046,21774000,113.27731323242188,84.57893252460187
2021-04-21,113.8851547241211,113.98596631177932,112.16095377197584,113.48588658181056,23930000,113.55044446672711,83.88325425902931
2021-04-22,112.62528228759766,114.4052008828342,112.0556786331666,113.88217636454505,21096000,113.5550558907645,72.61700429498447
2021-04-23,114.9781723022461,115.50059817563802,113.13627707825276,113.39749001494872,28670000,113.98397936139789,68.14226185189337
2021-04-26,115.54627990722656,116.26735095454649,114.90566717052828,115.20809433526924,20834000,114.19737461635044,69.76620239829977
2021-04-27,114.57196044921876,116.07814801121413,114.43042716309434,116.00614622918422,31972000,114.26377868652344,61.366174806607155
2021-04-28,118.1867218017578,121.78549247633474,117.9354430039248,119.53921415086738,59728000,114.81365966796875,68.48019762688999
2021-04-29,120.66873931884766,120.99798342910626,119.2976213549641,119.69738962941548,39554000,115.78033011300224,71.2247724162417
2021-04-30,119.68695068359376,120.53217218777338,119.29166075067968,119.40736978099824,39142000,116.60915810721261,73.6834017641471
2021-05-03,118.9445343017578,120.16269958102548,118.41465968441923,119.31947096521988,33788000,117.51190839494977,69.35532169746746
2021-05-04,116.91243743896484,118.15443402408344,114.7993951294573,117.68167134481466,35120000,117.7882319859096,63.84969732876207
2021-05-05,117.03609466552734,118.30044506666133,116.77141120077286,117.61612502605117,21806000,118.00106266566685,59.40044133978839
2021-05-06,118.25823211669922,118.32577072968984,116.3208900719667,116.73316886200304,20618000,118.52767290387835,62.1826830370358
2021-05-07,119.11933135986328,119.99931097512678,118.6877829307849,119.18438453300575,23272000,118.66090284075055,63.532641857424245
2021-05-10,116.28721618652344,118.09186782363436,115.94307465547668,117.9374224148402,26006000,118.03497096470424,55.943853853317165
2021-05-11,114.65339660644533,115.31089210533828,113.37414886106842,113.81413867474863,32110000,117.31589181082589,51.77168575384841
2021-05-12,111.19307708740234,113.49184487851753,110.74464588842024,112.3168867877798,34934000,116.20854078020368,47.00143952371124
2021-05-13,112.32979583740234,113.05636817448878,111.37383623652822,112.28608859184448,26670000,115.55387769426618,44.15766010187168
2021-05-14,115.02088165283205,115.26818980983752,113.39004359937368,113.81265055541596,26624000,115.26599012102402,48.940231617831536
2021-05-17,115.28160095214844,115.37744167096106,113.97007284866896,114.68120976985234,19842000,114.84075709751676,51.47382718443768
2021-05-18,114.38870239257812,116.36120398929212,114.37529014856742,116.0511235163191,17302000,114.16495295933316,41.10654481296403
2021-05-19,114.65090942382812,115.0506700757916,112.4067681810586,112.45046784896128,19350000,113.93119485037668,34.27375507962921
2021-05-20,117.0038070678711,117.21486427042537,115.26570140984182,115.61084317058364,23832000,114.2669677734375,43.45708412014769
2021-05-21,116.45804595947266,117.64492355651544,116.32247619940796,117.495449011379,22832000,115.01910618373326,43.87791636251205
2021-05-24,119.515625,120.10211138815971,117.2034449625636,117.54560117294324,21244000,116.04565320696149,56.10131176280622
2021-05-25,119.63480377197266,120.81771069476024,119.332869142229,120.17759048740628,18838000,116.7047849382673,56.09209414596072
2021-05-26,120.84950256347656,121.3170064714063,119.80589344431624,119.8217835456993,21856000,117.50019945417132,56.07677523680499
2021-05-27,119.30904388427734,121.17079991286172,119.28371216920269,121.01883993257228,38962000,118.20310538155692,50.4311558569643
2021-05-28,119.75846862792967,120.58182893798092,119.56627948820844,120.27493100209598,24108000,118.93275669642857,58.847215848545865
2021-06-01,120.66475677490234,121.07003388087556,119.42673084469872,120.27690800906336,19166000,119.45574951171875,65.9112893031085
2021-06-02,120.24114990234376,121.27010388651864,119.39295052703925,120.93788185597012,17158000,119.9961929321289,78.53647315410895
2021-06-03,119.413330078125,119.66833702895616,118.3317347629738,118.93708927187338,18346000,119.98157937186105,72.78451408981259
2021-06-04,121.75479888916016,121.8590355229707,120.0668489154952,120.30273772114523,25948000,120.28443581717355,72.15832178506153
2021-06-07,122.4664306640625,122.56128630571682,121.2240854567715,121.7329551336605,23850000,120.51542554582868,72.96071373190777
2021-06-08,123.29873657226562,123.87702407383424,122.57320232387482,123.15224000185016,25060000,121.08538164411273,78.58468768357156
2021-06-09,123.72332763671876,124.3987061448382,123.5212119286207,124.12557373759516,20126000,121.65179007393974,78.80551372909244
2021-06-10,125.22306823730467,125.30550428934926,123.85244289546972,123.85294301307565,31234000,122.30297742571149,77.59149784941442
2021-06-11,124.84217834472656,125.4907399632111,124.0654881083316,125.3879430603444,25240000,122.96026720319476,78.45998936109055
2021-06-14,125.4932098388672,125.5523070668252,124.19707934200984,124.81535349520618,22550000,123.82882145472935,74.25350633784427
2021-06-15,125.17638397216795,125.99975184122712,124.79449871188604,125.6620663690918,22182000,124.31761932373047,72.1295282988975
2021-06-16,124.84217834472656,125.66355333242664,123.30613528265158,125.38942825811544,26316000,124.65701184953961,67.1502429023488
2021-06-17,125.5120849609375,126.3319746952827,124.66190022513288,124.66984906368488,25756000,124.97320447649274,78.79847918442121
2021-06-18,124.71405029296876,125.5299694558261,123.75610530384152,124.85111283074656,53306000,125.11473628452846,72.28560410182102
2021-06-21,125.59551239013672,126.1733073208028,124.28373429375335,124.88536816229404,26256000,125.16794259207589,72.2235824077577
2021-06-22,126.13630676269533,126.4049684111792,125.16992046975793,125.59054208717976,20984000,125.35281808035714,76.29252557148787
2021-06-23,125.60196685791016,126.92739208529922,125.39388763803706,125.68986630985948,19694000,125.36835479736328,78.34344205184972
2021-06-24,126.4168930053711,126.66867190696708,126.09708295505482,126.1899457003842,18934000,125.54557037353516,74.82296873070449
2021-06-25,126.13184356689452,126.63837174489356,125.58458611628768,126.09409984468807,33484000,125.7298082624163,70.4449492443462
2021-06-28,125.9575424194336,126.47151933869633,125.11758733316614,126.13681184631469,28110000,125.79344504220145,66.00514192654154
2021-06-29,125.1619873046875,126.1368150392278,124.58443481532572,125.91086038644728,20950000,125.85743604387555,58.290015123272184
2021-06-30,124.46424865722656,124.94496013682812,123.90954251190972,124.79950170333404,24006000,125.69582693917411,45.18213524510764
2021-07-01,125.50960540771484,125.6029682717638,124.00117493171685,124.00117493171685,17120000,125.6062981741769,53.90786862778556
2021-07-02,127.8441162109375,127.97225239581252,125.90737301210788,125.97739705021728,21160000,125.92660522460938,61.49811560132832
2021-07-06,128.88897705078125,129.0017156843559,127.53623468851816,128.56965953372003,21350000,126.2797600882394,66.95086649830193
2021-07-07,129.19338989257812,129.75196061243904,128.87804302390012,129.45510293925253,16680000,126.71712384905133,69.92085059414448
2021-07-08,128.29901123046875,129.14869583747404,127.16973058817216,127.37830992763304,19780000,127.05161939348493,62.50222466821641
2021-07-09,128.69381713867188,128.96695714492856,128.06710911677033,128.0681093520482,15106000,127.55616651262555,68.52347944660654
2021-07-12,129.6765899658203,129.88119869446976,128.71915266183112,128.95105568870275,16944000,128.3007866995675,68.81755608698676
2021-07-13,130.1041717529297,131.1445527781521,129.74908824958715,129.99193323710574,16618000,128.9571533203125,68.48856720323067
2021-07-14,131.1847686767578,132.09205775802025,131.00151346820178,131.0049991362441,17912000,129.43438938685827,74.75337921721369
2021-07-15,130.3743133544922,131.6937903398888,129.71036932726855,131.5994348157278,16586000,129.6465802873884,67.55361954337516
2021-07-16,130.94937133789062,131.28457134076675,129.93232924579308,130.74626299000448,14856000,129.8974347795759,70.83275871739131
2021-07-19,128.37547302246094,130.3549230687828,127.66335111861817,130.2640532282788,25710000,129.90835789271765,58.658980068578295
2021-07-20,130.21043395996094,131.10415924897688,128.31033568347462,129.12038978411883,19084000,130.12501743861608,66.82659787963149
2021-07-21,131.69923400878906,131.71587428440154,129.71382786408205,129.89806814697903,14742000,130.4139665876116,72.90646914801725
2021-07-22,132.4223175048828,132.59711620003762,131.50011571895735,131.748416553136,13608000,130.74513026646204,72.3420592817404
2021-07-23,136.8793182373047,137.86508052241467,133.7849991338086,134.34069051221013,26378000,131.55863734654017,75.67888717059586
2021-07-26,138.69537353515625,138.76340468505092,136.71542307644862,137.31035085997834,23052000,132.7473602294922,76.70025774951932
2021-07-27,135.86669921875,139.05935853330465,134.18174267497218,139.05935853330465,42164000,133.44983564104353,65.97393281146361
2021-07-28,135.45455932617188,138.72666234133217,135.4232792410278,137.62023541491996,54688000,134.4611336844308,67.53305117698082
2021-07-29,135.61244201660156,136.21929673674794,135.21268141404877,135.45363197208906,19284000,135.23284912109375,67.15166444367613
2021-07-30,134.3019256591797,134.84853902782945,133.89789126835674,134.58996307973413,23954000,135.6046622140067,61.283120618906665
2021-08-02,135.06520080566406,135.09598076758107,133.7541653819737,134.56362836863565,20140000,135.98221697126115,61.907004611535285
2021-08-03,135.35374450683594,135.40886353152425,133.27149718319697,135.07564879525208,19064000,135.7642778669085,60.401457630938566
2021-08-04,135.1039276123047,135.60995560620051,134.49458746403965,135.32341858072616,16528000,135.25121416364397,62.13985032374501
2021-08-05,136.00927734375,136.01920392201734,134.67838841202416,135.10397340576947,11866000,135.2715824672154,62.77109194711724
2021-08-06,136.10459899902344,136.14835171271093,135.12182242222875,135.36863804228918,13560000,135.36444527762276,72.29801590376042
2021-08-09,137.0640411376953,137.3813733514827,135.50149180055726,136.01820424284583,12374000,135.57181658063615,70.82416125305298
2021-08-10,137.1578826904297,137.60979196627912,136.29380075368363,137.1409999333521,16034000,135.9798104422433,68.1218681423335
2021-08-11,136.75364685058594,137.90402333162834,136.41646152740478,137.3431187518154,15204000,136.22101702008928,64.69034444354739
2021-08-12,137.4488983154297,137.4772080030543,135.84935549940246,136.77699788671617,14646000,136.52032470703125,52.59363431201431
2021-08-13,137.4652862548828,137.73145488877051,137.0670108065785,137.41710826210658,12580000,136.857661655971,43.30067396308577
2021-08-16,137.97183227539062,138.0458193754736,135.24028067380144,137.0620576737761,18040000,137.13802664620536,65.34677695658559
2021-08-17,136.3673095703125,137.7756710534001,135.85779581736506,137.25174482040944,21272000,137.17555672781808,55.668598590668395
2021-08-18,135.64178466796875,137.35406622148545,135.49379531221848,136.18356362124237,14934000,136.97237723214286,50.170229114401394
2021-08-19,135.98294067382812,136.51777860048685,134.43603135275737,134.54676952198167,18296000,136.80452837262834,60.988152779079954
2021-08-20,137.49607849121094,137.67237752864176,135.53946682383835,136.15127737495007,15564000,136.91059003557478,64.4710977723357
2021-08-23,140.14048767089844,141.21066359063633,137.80492325587718,138.0537696568132,21090000,137.29510280064173,72.25368738259681
2021-08-24,141.43064880371094,142.03551830058282,140.39275324615252,140.58146428481382,15126000,137.86158316476005,76.81884980388504
2021-08-25,141.97840881347656,142.33894815864903,141.47138046828576,141.91186285867823,12838000,138.43395124162947,76.09411124348136
2021-08-26,141.1570281982422,142.16194633566536,141.1257481150613,141.64915908057404,14922000,139.11819675990515,70.76837388542383
2021-08-27,143.56805419921875,144.0254193927158,141.05475069928977,141.14662080111486,24562000,140.25052097865515,73.88486991409792
2021-08-30,144.4807891845703,145.49386082231186,143.61720725668386,143.7209892450342,16916000,141.4644993373326,75.36645235220865
2021-08-31,144.47332763671875,145.11890364656043,144.01446218702657,144.89295658963923,26756000,142.46124921526228,77.49671452749524
2021-09-01,144.85073852539062,145.82258823480043,144.62479146225667,144.66004217450092,15824000,143.13414219447546,76.97538395491637
2021-09-02,143.23876953125,145.33045830352296,143.12704629293356,144.95750697800352,21844000,143.39244515555245,68.84886574334685
2021-09-03,143.79100036621094,144.38891371814972,142.52964309852874,143.16627767861758,19104000,143.65138680594308,68.94151234092686
2021-09-07,144.5299530029297,144.8328879000874,143.55860329566937,143.76568231086588,15170000,144.13323320661272,78.15614259472717
2021-09-08,143.8987579345703,144.56171684076733,143.2199013510936,144.40528612114758,15486000,144.18047659737724,78.66808365906145
2021-09-09,143.92855834960938,144.67941673959078,143.4523251465258,143.89876346425862,14798000,144.1015864780971,78.19668651408199
2021-09-10,140.95640563964844,145.0265446135277,140.7781212891025,144.45495565014875,32896000,143.5991690499442,61.127423463880135
2021-09-13,142.48988342285156,143.21094683421506,141.3154255711307,142.2276854346635,20176000,143.26190403529577,58.13631511641425
2021-09-14,142.4313201904297,143.74382588138897,141.93421841606153,143.18117838664207,18916000,143.14655412946428,53.78866658347545
2021-09-15,144.21905517578125,144.5920064872075,141.2891088151266,142.78189914089353,20648000,143.20770481654577,57.755199690727856
2021-09-16,143.39224243164062,144.213117327754,142.44159458739804,144.13465947974922,20292000,143.04517473493303,57.7334903045629
2021-09-17,140.5020294189453,143.26908959112603,140.1027536523281,142.821150859102,60040000,142.55992780412947,39.73248822942078
2021-09-20,138.07212829589844,138.41528473171914,136.12147271475675,138.05544255479353,34918000,141.7232949393136,30.51827209238465
2021-09-21,138.69737243652344,139.85455376648324,137.9614114151825,139.16467934507432,18130000,141.40057591029577,33.07725665338894
2021-09-22,139.9805908203125,140.62119603940354,138.52380878375874,139.0986258018544,22068000,141.04210553850447,36.45033274522024
2021-09-23,140.862548828125,141.28560285700897,140.13749954100814,140.64701329530078,17272000,140.81799534388952,43.10899024369522
2021-09-24,141.66355895996094,141.93222820638988,139.89317290234948,139.98802854389947,14950000,140.45292445591517,43.91820212171971
2021-09-27,140.5392608642578,141.5314638843748,139.5450573737169,140.62317453651056,18844000,140.04535566057478,38.8375868762452
2021-09-28,135.25840759277344,138.65764658589288,134.77768845314273,138.14316192787953,42190000,139.29626682826452,30.82073466313149
2021-09-29,133.60667419433594,136.46461862194366,133.33752002616163,136.17777847886734,26338000,138.65834481375558,28.62713576984396
2021-09-30,132.35972595214844,134.6684202783138,132.09602758880325,133.41201881760085,35294000,137.75296674455916,30.829782108359197
2021-10-01,135.5349884033203,136.13935777628743,132.47096495519594,132.64676386505874,28388000,137.11788068498885,35.549021522572005
2021-10-04,132.85580444335938,134.77764990679086,130.27497082197448,134.77714978929177,31530000,135.97406005859375,32.05782064939871
2021-10-05,135.25143432617188,136.42837769527313,133.08922901640608,133.08922901640608,24126000,135.05804225376673,33.57113225459095
2021-10-06,136.42044067382812,136.91505697476907,133.5724225240494,133.71048529028317,19764000,134.46963936941964,37.385674182740196
2021-10-07,138.239501953125,139.20186468657073,137.6212353104949,137.91919933786892,18250000,134.89550999232702,45.74125443101744
2021-10-08,139.10406494140625,139.3632925486433,138.48167620279116,138.9550905257886,18924000,135.68085152762276,52.06404084315927
2021-10-11,137.90380859375,139.80693816575743,137.8630868918461,138.8498341977493,16584000,136.47286333356584,48.448433158248655
2021-10-12,135.7837677001953,138.7455090522457,135.32391722843695,138.6883895707159,22536000,136.50840323311942,42.05442245259832
2021-10-13,136.96270751953125,137.60829865629057,136.0454919328051,136.8137331099361,16380000,137.09510367257255,42.69878234955344
2021-10-14,140.45086669921875,140.68874082788375,138.39195821145665,139.00078322234216,21426000,137.83787972586495,47.93717273138316
2021-10-15,140.71206665039062,141.23349226932052,140.10571197349168,141.23349226932052,21250000,138.45096915108817,50.302840361814674
2021-10-18,141.98883056640625,142.02682434979795,140.2537104011497,140.2537104011497,16564000,138.98658752441406,63.72057721081135
2021-10-19,142.84449768066406,143.12754911615338,142.12341895814004,142.31760100252214,15316000,139.52093505859375,69.46388085498202
2021-10-20,141.447021484375,143.2673281563743,140.94744950875403,143.24224650306607,17940000,140.02710832868303,69.02603638538375
2021-10-21,141.81004333496094,141.8785745941508,140.674306693,141.22554231673126,14850000,140.88800484793526,64.89169858108774
2021-10-22,137.6828155517578,140.5963797858195,136.2382029644016,139.39708248718503,30182000,140.99087742396765,60.71858640960916
2021-10-25,137.8297882080078,138.25964686111496,135.81905782730348,137.86703939152696,21082000,140.61643763950892,56.3605401462162
2021-10-26,138.72268676757812,139.88224736319526,138.06071289625487,139.65034433711952,28258000,140.33224051339286,55.757846821735725
2021-10-27,145.43226623535156,148.10447021617642,138.9516062974403,138.9516062974403,51850000,140.82415989467077,64.45330489594454
2021-10-28,145.13580322265625,146.42249979853773,143.77959029623452,146.2978492680835,32418000,141.1514892578125,62.403497740174686
2021-10-29,147.2627410888672,147.60292715853765,144.1798493505246,144.53094707743935,28954000,141.98230634416853,68.53889181407276
2021-11-01,142.7967987060547,147.3908636161742,142.60361692550896,147.1579452208492,32272000,142.12327139718192,62.710638189603955
2021-11-02,144.87161254882812,145.9219201385942,143.6579180531797,143.82516950418773,21150000,143.1502423967634,63.883493065190954
2021-11-03,145.79229736328125,145.91199217548763,144.06760393285256,145.28079829936905,17886000,144.2877437046596,60.30541542432678
2021-11-04,147.6724395751953,148.9308264133786,145.63835516823806,146.19951743723934,24700000,145.5662798200335,62.63932475739911
2021-11-05,148.2266387939453,149.5473584112733,147.64163761262552,148.3383771869888,20408000,145.9654758998326,61.6324816336426
2021-11-08,148.3363800048828,150.00793955344773,148.10644717379196,148.98047078535745,18388000,146.4227011544364,60.53452971079479
2021-11-09,148.23410034179688,149.3564097124549,146.5044360276713,148.72821653544935,16876000,146.56146676199776,63.69969927053701
2021-11-10,145.6294403076172,147.6893339766813,144.33727269624433,147.00377876436102,22708000,146.96612984793526,57.0696731729306
2021-11-11,145.75057983398438,147.49289849249797,145.69744613170067,146.10713334614317,12464000,147.0916966029576,67.53369754024371
2021-11-12,148.62838745117188,148.8409374295706,145.4585815059369,146.82672138828437,17048000,147.4968523297991,70.97850916483421
2021-11-15,148.37265014648438,149.45425299023046,147.64214502137054,148.9804900609706,16248000,147.59688241141183,69.2229364568908
2021-11-16,148.0627899169922,148.81414851055274,147.3417263298564,148.15664533209406,17254000,147.57347542898995,57.0333319733997
2021-11-17,148.0488739013672,148.60905113741535,147.55327246281385,148.2147462561151,15290000,147.53240312848772,57.90827591292035
2021-11-18,149.68466186523438,150.57953892529528,147.98579274933263,148.13228173562428,26658000,147.73962620326452,56.755061305959515
2021-11-19,148.93331909179688,150.817929045252,148.86875845168012,149.9737001677065,19766000,148.21160888671875,71.58905094990901
2021-11-22,146.07884216308594,149.71992543024416,146.00632511481075,149.1212695387152,24608000,148.25850350516183,54.026306334548266
2021-11-23,145.75953674316406,146.69016469557673,143.90472174702623,146.11311989749078,18126000,147.84866768973214,49.88617193075097
2021-11-24,145.72030639648438,146.00088754584112,144.21213346468224,145.35531145205812,16464000,147.46976143973214,42.22225734792563
2021-11-26,141.83538818359375,144.309454901125,141.51707089517092,144.0298739957344,16992000,146.58013262067522,29.8766725119508
2021-11-29,145.1208953857422,145.86381249404158,143.3177289782317,143.3177289782317,26276000,146.16184997558594,41.56305150650358
2021-11-30,141.48379516601562,145.63190725432978,141.10041710850942,144.46167744579685,41590000,144.99029758998327,35.059607837839664
2021-12-01,140.6554412841797,145.5034141829971,140.53824706981743,143.23230457794105,28476000,143.8077436174665,38.05159160118994
2021-12-02,142.79930114746094,143.69169287261596,140.0237846584891,140.860072277834,21250000,143.3392377580915,43.538441288229315
2021-12-03,141.55181884765625,144.22602349422434,140.19063510360218,143.51340136241285,26688000,142.7381352015904,33.315393282842166
2021-12-06,142.81915283203125,143.3703885477596,139.6910685963369,142.59817661420388,22198000,142.3236846923828,37.50252384778622
2021-12-07,147.03033447265625,147.2920475344647,144.7121984110845,144.9580137948666,23258000,143.0658198765346,48.023615087624805
2021-12-08,147.70968627929688,148.14271234135333,146.19951300271396,147.32332270438113,18964000,143.4356471470424,49.36683838470728
2021-12-09,147.099365234375,148.58816989341202,146.52629107389916,147.1688815821325,18580000,144.23787144252233,44.9819096406096
2021-12-10,147.66448974609375,148.38455297770415,146.35593967200518,148.08660413983958,21634000,145.2391640799386,47.51925431447003
2021-12-13,145.7073974609375,147.55277096105374,145.36524121443088,147.43507660793463,24104000,145.65460641043526,49.247361296877216
2021-12-14,143.9851837158203,144.453475676983,141.27571311088354,143.7860459692288,24778000,146.00222996303015,46.598128391369116
2021-12-15,146.36688232421875,146.5146140427253,141.73558084850194,143.38478694937584,27280000,146.50904846191406,51.13747520983724
2021-12-16,143.8540496826172,147.5418102856595,143.11311797989157,147.07053286369882,27400000,146.0552934919085,53.73142747867253
2021-12-17,141.8323974609375,143.4782390274072,140.8242967688565,141.74449800342808,43404000,145.21568080357142,43.62338265621625
2021-12-20,141.43362426757812,141.6412033642859,139.2967431830419,139.72341923536803,20264000,144.40628923688615,49.88874286201543
2021-12-21,143.24026489257812,143.7086022655274,140.77165425025518,142.17703009097306,19548000,143.77425711495536,55.4936498351571
2021-12-22,145.95025634765625,146.30183908750843,142.98454325897097,143.12062073735936,18438000,143.80895124162947,56.539506344082135
2021-12-23,146.14239501953125,147.56277432252065,145.95204724955434,146.08974628124307,13818000,144.11712428501673,59.963767875949685
2021-12-27,147.05764770507812,147.41768692965346,146.24918483206406,146.4612347049545,13256000,144.21580505371094,59.342367600407904
2021-12-28,145.45265197753906,147.36605678300575,144.94363825767678,147.36605678300575,18624000,144.44417681012834,46.07113191071538
2021-12-29,145.50875854492188,146.18338693573227,144.51555521525435,145.43427132621284,17022000,144.96937125069755,44.343493919961844
2021-12-30,145.0101776123047,146.0629707608466,144.7678327162614,145.45463066503817,12978000,145.48030744280135,44.5996549572483
2021-12-31,143.69615173339844,145.37019687634756,143.69416641809505,144.55477786949103,17298000,145.5454341343471,40.12457955160779
2022-01-03,144.08847045898438,144.56074822207472,142.5271637905284,143.49354263214246,25214000,145.2794647216797,45.63095042002965
2022-01-04,143.43495178222656,145.6135400008662,142.8386751586961,144.56124701942412,22928000,144.89268711635046,48.424174199108165
2022-01-05,136.71791076660156,143.31725067199832,136.58878949088935,143.20104152385736,49642000,143.41558183942522,27.863105561012773
2022-01-06,136.6160888671875,138.73658740768985,135.83395043682168,136.56295516304942,29050000,142.15321568080358,31.32896420066521
2022-01-07,136.0733184814453,137.3150650478679,134.8660800302803,136.96769547833836,19408000,140.80529567173548,33.91676005982845
2022-01-10,137.63214111328125,137.69768682416424,132.23556950904512,134.1807540369648,34096000,139.75129045758928,40.029694728585376
2022-01-11,139.06581115722656,139.37568699571284,135.88359376896267,137.24129156044648,23502000,139.08981323242188,38.833017534779344
2022-01-12,140.68524169921875,141.8435746287931,140.152889270692,140.5923865356812,23642000,138.6036376953125,35.04299216448513
2022-01-13,138.1853485107422,142.21229517301762,137.96982814883617,140.87643568208395,26566000,137.85369437081474,30.01570467545588
2022-01-14,138.83641052246094,140.24080142733288,136.5654521731575,136.5654521731575,23826000,138.15633719308036,29.07449395794447
2022-01-18,135.3641815185547,136.45769637406875,134.69526656196567,135.67158717761154,27382000,137.9774932861328,26.55075601306318
2022-01-19,134.72999572753906,137.45883429829988,134.57903599165317,136.0077658521999,20796000,137.78559003557478,25.601924223344184
2022-01-20,132.59909057617188,136.97464981865753,132.23955148290565,135.58615663934722,21930000,137.06658281598772,23.840218702259378
2022-01-21,129.20777893066406,133.84455060592666,129.1174092047253,132.10793029814172,41920000,135.65829249790735,21.920648796223247
2022-01-24,129.48587036132812,129.88961676245856,123.79477529965224,125.17090173866907,55148000,134.05838230678015,21.57340804478885
2022-01-25,125.87410736083984,128.4594198525649,125.51903901665524,127.56255743673402,36008000,132.2996335710798,19.345309838465013
2022-01-26,128.361572265625,131.90481396879233,126.28925196599668,129.70487277094642,39630000,130.8032281058175,32.88576950144942
2022-01-27,128.24339294433594,131.70863187790096,128.0685942727313,130.46815841958804,30248000,129.78597259521484,32.8637502108018
2022-01-28,132.38357543945312,132.46401860176192,127.81980509066948,129.11642823265385,30518000,129.45076969691686,43.41756542664104
2022-01-31,134.77618408203125,134.9202027873915,131.37496025728166,133.28587918578657,34056000,129.76178305489677,45.052217022754704
2022-02-01,136.9413604736328,137.26067796683688,133.65361785494792,136.89816850136742,51204000,130.86658041817802,46.410489369502415
2022-02-02,147.03033447265625,151.06622298026883,144.56817969394015,150.83131925347337,89750000,133.37293243408203,58.33520082519755
2022-02-03,141.6809539794922,148.10420757945724,141.23848624533957,144.30748100394734,56930000,135.6310533796038,54.272153610149566
2022-02-04,142.04397583007812,143.55289140192704,138.86721335908675,142.04496091029878,49224000,137.58568246023995,53.94792097058934
2022-02-07,137.99365234375,142.86878272644037,137.75627838496425,142.7322203346496,44610000,138.97857666015625,53.19098388036972
2022-02-08,138.2667999267578,138.88665780131754,135.94270798535706,138.0465663228581,34256000,139.81903730119978,54.33001746667789
2022-02-09,140.49159240722656,141.20918544454267,139.42290163188508,139.8924363199976,28628000,140.6355242047991,59.64042274175282
2022-02-10,137.6604461669922,140.46972797265894,137.11171107310065,138.5518527480684,33018000,140.73825073242188,60.467893212575966
2022-02-11,133.21835327148438,138.33657184426212,132.38256584785577,137.8069473162825,38808000,138.7651105608259,54.190198978436435
2022-02-14,134.3804168701172,135.24102842531744,132.39599547702588,132.45905576690186,26792000,137.72217668805803,60.1052526442316
2022-02-15,135.49826049804688,136.96272612403433,134.61828081664774,136.5371411862396,26578000,136.78707449776786,58.76335366392911
2022-02-16,136.55303955078125,137.008419376831,133.90729609790216,135.50321689003454,25610000,136.5812726702009,59.97424116380708
2022-02-17,131.4092254638672,135.9094197485801,131.30344302041073,135.22460724536123,30968000,135.60161917550224,48.857982817251134
2022-02-18,129.58074951171875,132.91444267162132,129.4213938501965,132.13328925103136,31858000,134.04292733328683,43.828921899127856
2022-02-22,128.52297973632812,131.0042601787714,126.87277350874812,129.10152487204434,38906000,132.7375749860491,39.73058244746692
2022-02-23,126.71783447265624,130.85352664157858,126.63689119712654,130.187597326834,26432000,131.80892944335938,18.94473693542035
2022-02-24,131.77174377441406,132.13278321849418,123.91651024825588,124.15040615809976,43166000,131.43626185825892,34.711937217737855
2022-02-25,133.6051788330078,134.46877567717863,130.86939968951367,132.61793172469987,26236000,131.1658216203962,37.5455855282922
2022-02-28,133.9741973876953,134.71859977074612,131.92248747870286,132.37860992669,29676000,130.79741559709822,43.34470765566173
2022-03-01,133.25608825683594,135.1858753146005,132.47194934752673,133.5659641440172,24640000,131.0612531389509,41.82389028871915
2022-03-02,133.8356170654297,134.69374305838318,132.525581795612,133.6933411912823,23966000,131.6690913609096,38.52304515574977
2022-03-03,133.3951416015625,135.78459743953013,132.524103437031,135.05428933843208,19780000,132.36511448451452,41.98445701937453
2022-03-04,131.2239990234375,133.28689328782372,129.52214421761676,132.47594498459415,24446000,133.00885227748327,45.90237840251008
2022-03-07,125.60496520996094,131.00750130702747,125.55083884037954,131.00750130702747,39178000,132.1278839111328,34.76086200756356
2022-03-08,126.4134292602539,130.35446224720434,125.00531019351016,125.39241639194996,35250000,131.1004911150251,34.05224334154674
2022-03-09,132.9561309814453,133.28637527415663,129.20380958023114,130.50688860460804,32258000,130.95505305698939,44.70591670129024
2022-03-10,131.78021240234375,132.63088221284184,130.50791310372205,130.5689880772003,24266000,130.7442136492048,50.61824710049662
2022-03-11,129.58868408203125,133.28787210455567,129.4108998529499,133.08873436948377,26600000,130.13750893729073,50.013064814544954
2022-03-14,125.87957763671876,130.13545744347022,125.553811619861,129.68553343572566,30254000,129.06385694231307,45.99697019552317
2022-03-15,128.7792205810547,129.63013268589725,125.70773356047486,126.87325748501355,30292000,128.71460287911552,53.02149568453614
2022-03-16,132.7818603515625,132.86180340191797,128.32287190648438,130.10964075840084,32058000,129.73987361363,51.52766758558875
2022-03-17,133.68563842773438,133.82370118602773,131.81692641081665,132.4148396932478,23994000,130.7787606375558,50.12520521260193
2022-03-18,135.8717041015625,135.98294238982905,132.0285121724344,132.9740376227,45900000,131.19527108328683,52.794714191003784
2022-03-21,135.5509033203125,136.6474036948022,133.6965883073058,135.91739862875295,26632000,131.73394121442522,53.419908340371315
2022-03-22,139.32406616210938,140.53826078027453,135.572244498286,135.572244498286,29776000,133.1247100830078,57.46840331632812
2022-03-23,137.5621337890625,139.073292314683,137.2274338398249,138.19282761235758,25302000,134.79364667619978,55.47338985877193
2022-03-24,140.35154724121094,140.43547607592194,137.101191703657,138.3259192080811,20544000,136.44683619907923,61.797517914710724
2022-03-25,140.55960083007812,140.99462733071132,138.74997848689367,140.79051874647416,19270000,137.55794198172433,72.47248798835915
2022-03-28,140.98519897460938,141.01152334676246,138.87777915970216,139.7282973460028,23774000,138.6007363455636,72.15204907071512
2022-03-29,142.2763671875,143.18267122550785,141.5155670635571,142.18748264880705,28678000,139.51568821498327,66.86077742573582
2022-03-30,141.6749725341797,142.50528894244454,141.2017097613591,141.89893427546133,21046000,140.39055524553572,68.28010610677772
2022-03-31,138.70034790039062,141.6749868930872,138.6700528965879,141.48031989766645,29516000,140.30145263671875,66.36000100821587
2022-04-01,139.74368286132812,139.99198365360309,137.85361735177182,139.05837024983683,23480000,140.61310250418526,77.5282342262204
2022-04-04,142.66619873046875,143.06471668231862,139.8673436245369,139.8673436245369,19076000,140.94376700265067,77.54862722567671
2022-04-05,140.10423278808594,142.6140502336185,139.98553821089865,142.42485422983833,19256000,140.87871442522322,65.40656292438928
2022-04-06,136.24363708496094,138.89797324343422,135.49089950949372,138.21564616094292,23574000,140.20134844098772,54.78656184489965
2022-04-07,135.53749084472656,136.76559793501727,133.94067580488647,135.68945083527822,19448000,139.2386518205915,49.337947919657836
2022-04-08,133.0996551513672,135.32393565189548,132.84341309108885,135.32393565189548,16434000,138.01360648018974,45.520010128745504
2022-04-11,128.914306640625,132.03564686822963,128.73652239994706,131.99671346832326,24188000,136.6156005859375,31.25713626348265
2022-04-12,127.50196838378906,131.5234443825534,126.7088955200656,131.5234443825534,23004000,134.86678423200334,31.65564749176275
2022-04-13,129.40048217773438,129.76772007214777,127.56564150777218,127.752261160785,19542000,132.97168186732702,29.360537847837932
2022-04-14,126.38809967041016,129.82185431291754,126.24756661483694,129.76152193998138,23484000,131.0122342790876,25.844386039973116
2022-04-18,127.09127807617188,127.83718073982732,125.71812943757428,126.544028184169,14918000,129.70475442068917,26.53952960127465
2022-04-19,129.64381408691406,130.01402233925847,126.58523892006583,127.20648346666104,22720000,128.86280059814453,29.54090745988927
2022-04-20,127.37384796142578,131.02684338606394,127.02478860174018,130.39169402041003,22610000,128.0448281424386,28.02618181204342
2022-04-21,124.0883331298828,129.42182982228826,123.8027887062224,128.4708486061064,30158000,127.35540335518972,27.760961449140723
2022-04-22,118.80101776123048,124.59934364890012,118.33074048533156,124.15041230265555,46410000,126.11241040910993,21.772457168641708
2022-04-25,122.41229248046876,122.44010204839203,117.96199628130796,118.61775650149382,34522000,125.11409759521486,23.19842085199042
2022-04-26,118.69374084472656,121.9156953668597,118.35193320549875,121.9156953668597,49394000,124.01490347726005,22.509413926733984
2022-04-27,114.23873138427734,116.70137859150265,112.35537189616588,113.59563320730122,62238000,122.17882537841797,22.170989826229032
2022-04-28,118.59988403320312,119.6199041532883,114.36128901176208,116.31899171172512,36790000,120.6011210850307,30.392166214459337
2022-04-29,114.1851043701172,118.15146143141592,113.91445738527396,116.778858315771,33694000,118.71701485770089,29.061936995143114
2022-05-02,116.3607177734375,116.54198010525135,112.62875664282735,113.13231447896962,30280000,117.61306980678015,35.45628623279997
2022-05-03,117.32659912109376,118.48914516775888,115.83430888353642,115.97137141053472,21216000,117.40243857247489,38.088303171817756
2022-05-04,121.74188232421876,122.30602254431852,114.95185399011818,117.20145868947984,33232000,117.3066656930106,41.53342458109418
2022-05-05,115.95301055908205,120.40927092964644,114.39964515981488,119.40339795378192,43090000,116.91513279506138,39.13123150260439
2022-05-06,114.87388610839844,116.69988358969378,113.3671909691171,114.73383803100742,35310000,117.00586918422154,37.3737380108866
2022-05-09,112.31539916992188,114.77744789119988,111.78651721177197,112.53340498595678,34520000,116.10808563232422,32.093870887480264
2022-05-10,113.80570220947266,115.89788360569034,112.6126640760728,115.2517998529397,31158000,116.05388532366071,35.74989030388947
2022-05-11,113.18643188476562,115.87801172984584,112.87754865050653,112.9376385371114,36502000,115.6004159109933,37.8708516226817
2022-05-12,112.3918685913086,114.075840225044,109.36508128199884,111.1771815216723,41464000,114.89545440673828,42.07733029627535
2022-05-13,115.72357940673828,117.28240813192907,113.22517365203588,114.06492417413358,29738000,114.03569684709821,41.67420230925896
2022-05-16,114.01229095458984,115.81494975666094,113.5578962101648,114.59977002840716,23282000,113.75845118931362,43.86623997402579
2022-05-17,115.9083023071289,116.43072815630084,114.55357472870791,116.43072815630084,21576000,113.9062249319894,52.344748814414324
2022-05-18,111.63704681396484,114.90930135246086,111.37980448800576,114.45427007892953,27982000,113.80931745256696,40.196623317529195
2022-05-19,109.99279022216795,112.8154767343306,109.71717995492364,111.08084912114552,29192000,113.26461574009487,43.597940976556444
2022-05-20,108.57003784179688,111.78503649794904,105.65001766138406,111.32369313228835,37586000,112.60513087681362,37.822899350564185
2022-05-23,110.90753173828124,111.24423214026388,108.41236155628438,109.35565159411144,31558000,112.39308275495257,40.37928944690287
2022-05-24,105.2060546875,105.67186121319772,101.51332253396392,105.65448591446945,60386000,110.89057922363281,26.136618372891576
2022-05-25,105.12013244628906,105.82053954981043,103.5029491848717,104.4273710798225,37900000,109.62027086530414,31.28643340326434
2022-05-26,107.55994415283205,108.21471938095944,104.77103056977111,105.32970743609884,30288000,108.42764827183315,37.93262228779094
2022-05-27,112.03234100341795,112.10086469507476,108.80542298250522,109.04229687404464,29924000,108.48411887032645,49.56072125021754
2022-05-31,113.263916015625,115.64214211698204,111.80738399886378,112.31044172803831,51302000,108.95142255510602,49.15239388183383
2022-06-01,113.3612289428711,116.60105864816693,112.77871323440436,114.15033108836371,28630000,109.63587842668805,50.27800434837582
2022-06-02,116.94570922851562,117.09667654320673,112.5378697956403,113.4118934841274,27472000,110.49847521100726,56.65226504073848
2022-06-03,113.78533935546876,115.5736007647939,112.89542555147902,115.20412752147398,25052000,111.72408730643136,47.15436772949575
2022-06-06,116.2152099609375,118.58697986846538,115.7362867230286,115.94903372597987,23786000,113.30909837995257,53.167390188781255
2022-06-07,116.4327163696289,116.94833760160844,114.34302049846592,114.86196827015152,26414000,114.5766372680664,50.79225047729126
2022-06-08,116.44116973876952,117.83960474098376,115.90359632038924,116.08213073971824,22544000,115.2064699445452,58.33074907231203
2022-06-09,114.13693237304688,117.54560519921974,114.08627652096877,115.55075728502683,23142000,115.33118656703404,57.0254796363903
2022-06-10,110.67015838623048,112.72559637027354,110.107510900143,112.01470947285269,31324000,114.94674791608539,53.329541740621714
2022-06-13,106.15009307861328,108.47617042658251,105.86360145932794,106.71571852617872,36756000,113.4045170375279,42.94572513887001
2022-06-14,106.4654312133789,107.72033996425871,105.6291512136606,106.16349657161696,25480000,112.35881587437221,52.22236792468326
2022-06-15,109.64021301269533,111.30134615654562,107.38390199666424,108.1593419657488,33192000,111.4195305960519,57.19231830065617
2022-06-16,105.91122436523438,108.5476776894181,105.0734591737636,107.41443392201762,35314000,109.91646030970982,47.47995812155243
2022-06-17,107.13235473632812,108.50694297241267,104.91060526142162,105.810900200962,43516000,108.58662959507534,41.683911705745224
2022-06-21,111.253662109375,111.90718700263724,108.55066284303652,108.95638703991682,39010000,108.17473384312221,46.893020710994136
2022-06-22,111.27252960205078,112.99623796594392,109.971731292393,110.40745496583804,23922000,108.26078687395368,46.763931159925654
2022-06-23,111.91861724853516,112.42713836119684,110.27436690601084,112.18230805303996,24710000,109.0848617553711,41.43122322220681
2022-06-24,117.73233032226562,117.83114901539103,112.83086706945218,112.83086706945218,39122000,110.69441877092633,56.16965636728952
2022-06-27,115.82984161376952,118.43948553324545,115.21231762490288,118.12662409004317,32840000,111.57865142822266,49.387521398737114
2022-06-28,111.80638122558594,117.0554564099158,111.67974538764318,115.56018814367552,28232000,112.42081669398716,43.44074273988636
2022-06-29,111.49351501464844,112.89194226797524,110.7957903744075,111.3862473719189,18628000,113.04383959089007,43.04520676197843
2022-06-30,108.62911224365234,110.57311469347712,106.58063068746858,109.74845113494447,38046000,112.66890389578683,42.37783188725053
2022-07-01,108.33961486816406,109.0600343414316,106.3770471282448,107.60066830926613,31028000,112.24991607666016,46.46383659993771
2022-07-05,113.11293029785156,113.27740077801062,105.52733655081326,106.78374553048306,36398000,112.4205322265625,60.48422838938159
2022-07-06,114.430419921875,115.56117820891916,111.48756133312514,113.31654439216727,28852000,111.94883074079242,61.64186198066221
2022-07-07,118.4951171875,119.04733800088404,114.74875104473244,115.219536034506,32184000,112.32958439418248,62.61443011768959
2022-07-08,119.35173797607422,119.61642140765092,116.71527731097514,116.75103571674696,29082000,113.40749250139508,70.85356040208157
2022-07-11,115.73052978515624,117.98709081883324,115.44448523633667,117.84357221556846,26718000,114.01278032575335,62.41577066618014
2022-07-12,114.0688934326172,117.0485030317856,113.83598261451812,116.04437302073772,24970000,114.7898919241769,54.376050139133085
2022-07-13,111.42449188232422,114.37430681051724,111.06296746769613,111.8734232163138,38958000,115.2305886404855,50.21838753294233
2022-07-14,110.68257904052734,111.22635845772392,108.58244870643873,110.07274620815696,32366000,114.88339560372489,48.228547835659626
2022-07-15,112.00054931640624,113.22567073995222,111.06247266484746,112.19521630493216,34330000,114.53627123151507,40.57023709588664
2022-07-18,109.16297912597656,114.01974269173246,108.55712450241242,112.6689855878065,33354000,113.20310865129743,39.35925558541088
2022-07-19,113.84095764160156,114.0296611037204,109.74895758124636,110.9706008956798,30992300,112.41585431780133,53.18085788551603
2022-07-20,113.92040252685548,115.5393285714179,112.49019509018932,113.28475309332852,26780100,112.15726470947266,53.82209327725784
2022-07-21,114.2581024169922,114.42694515033254,111.14937898253623,114.30775803280672,27267800,112.18429456438336,59.631608780210954
2022-07-22,107.6235122680664,112.41075196321306,106.86867562380984,111.05006068807872,44455300,111.64129747663226,48.993291613906024
2022-07-25,107.47451782226562,109.82841214424514,106.28267700818483,108.13996215050174,28289900,111.18300301688058,40.88880275407838
2022-07-26,104.72335815429688,107.00772119291918,104.04797960863031,106.69983059538612,36626600,110.14340427943638,35.00880861689163
2022-07-27,112.82789611816406,113.62246180857213,107.6831025954989,108.85508282120378,41474600,110.66696384974888,42.218717382186185
2022-07-28,113.81114959716795,113.92040255397568,111.09076764324122,112.033322560109,23303800,110.66270555768695,42.418950744099796
2022-07-29,115.84723663330078,116.10547162265836,112.46041719410596,112.62925994280356,31336200,110.93796757289341,50.16692802027102
2022-08-01,114.6951141357422,116.3239668523193,113.91048266241526,114.74476975149842,22856200,111.00039781842914,50.90894352590357
2022-08-02,115.11225128173828,116.28423134950036,113.48339865570138,113.65224137945836,17911000,112.07021767752511,55.722698427732524
2022-08-03,117.9726791381836,118.60832860290463,115.36055735589358,115.54926081797244,25302800,113.56995500837054,60.61490669153886
2022-08-04,118.06208038330078,118.68779574172352,116.909960904572,117.49595479876405,15757700,115.4754867553711,59.15351393724251
2022-08-05,117.41648864746094,118.05213811703544,115.916749628212,116.13525555416687,15615700,116.13099997384208,63.347234080354546
2022-08-08,117.3370361328125,120.0385502953638,117.02914553757196,118.31037869161456,17061100,116.63469805036273,56.641511599796154
2022-08-09,116.7013931274414,117.39663243846115,115.76777955760902,117.18806064515525,15424300,116.75672040666852,55.173724502541205
2022-08-10,119.82997131347656,120.95228823638466,118.548738236419,118.77717073608471,20497000,117.49027143205915,59.3906920645697
2022-08-11,119.00560760498048,121.50847634504426,118.73744607400684,121.250248967822,16671600,118.04646519252232,73.85508316085448
2022-08-12,121.81637573242188,121.81637573242188,119.5816685005584,120.33650506503211,16121100,118.59556470598493,77.04120677730486
2022-08-15,122.04481506347656,122.42223715562083,120.74372120486863,121.37937069132896,15525000,119.1645268031529,86.09267901530542
2022-08-16,121.67733764648438,122.39045233747292,120.7089659505267,121.48862659584758,15626200,119.77321951729911,77.21440818820261
2022-08-17,119.50221252441406,121.31977625687284,119.3830254087065,120.10806710190032,17589200,120.08253043038505,66.306195943054
2022-08-18,120.03854370117188,120.86290420560644,118.73744988691108,119.41282839044769,15652000,120.55926622663226,63.13818600466544
2022-08-19,117.31717681884766,119.18439629962748,116.87023078620014,119.05528259821722,20187000,120.20029558454242,57.48301141571897
2022-08-22,114.28789520263672,115.70817612252117,113.89061239572106,115.31089331560553,19316000,119.52633666992188,47.952647706851735
2022-08-23,113.98992919921876,115.14204856126692,113.52313005515352,113.54299078525747,14390700,118.40827287946429,38.66591225785498
2022-08-24,113.92040252685548,114.93049604828424,113.00665741335288,113.67210173008591,16051200,117.24764251708984,38.200288483859964
2022-08-25,116.90001678466795,116.97947486143588,114.26803429519929,114.36735310238954,14874700,116.56516810825893,48.70128350293351
2022-08-26,110.54351806640624,115.80749042633003,110.46405999260524,115.02285899700776,31698700,115.28535461425781,37.01593363841984
2022-08-29,109.59004974365234,111.19904183604932,109.06365320101196,110.02706162548508,20386100,113.79271262032645,36.571631087151275
2022-08-30,109.16297912597656,110.61305504510946,108.06052284883788,110.27536198035804,20548200,112.62782723563058,27.56895632268875
2022-08-31,108.40813446044922,111.01032208279608,108.30881565259938,110.87127423629843,25898000,111.78786141531808,27.649797613844925
2022-09-01,109.7986297607422,110.464074164737,107.4546693256638,108.45779922032824,22784400,111.18910435267857,23.039276095175097
2022-09-02,107.94132995605467,110.9159764299258,107.39506513529724,110.58324667157568,20618100,110.33495112827846,20.514992187614595
2022-09-06,106.74948120117188,108.13995959219132,105.78607290343774,107.40002807215716,20565100,108.88487461635044,19.83142439692881
2022-09-07,109.72909545898438,110.2356236471069,106.88356276802084,107.0275814788406,22987200,108.76852852957589,30.870952828092385
2022-09-08,108.67630004882812,109.82841947992604,107.32554299462905,108.43793338559875,21660700,108.63799285888672,28.201254230877524
2022-09-09,111.02024841308594,111.23875432148076,109.25234799431146,109.3020111835062,21732900,108.90331704275948,37.74166498093412
2022-09-12,111.10965728759766,111.87442050403838,110.17604374911632,111.2288368354617,19732900,109.28924887520927,43.01314189069065
2022-09-13,104.59423828125,108.62664887758756,104.2863476795802,108.14990795407763,33015000,108.54576437813895,33.779195845828625
2022-09-14,105.15042114257812,105.37885362566416,103.78973008720511,104.723343481223,22115800,108.14706311907086,35.10963437935163
2022-09-15,103.19380950927734,105.48810637672295,102.60781570643243,104.29626561955249,26494900,107.6391100202288,25.89100614420363
2022-09-16,102.92565155029295,103.32293437151624,101.16272181821267,102.2701413361832,64540100,106.6671894618443,32.94800116265688
2022-09-19,103.14414978027344,103.31299250398746,101.67421330229176,101.84305602600575,19738600,105.87688228062221,35.08045191091614
2022-09-20,101.13788604736328,102.46877472936796,100.43271266812418,102.18074488530593,24001700,104.46511622837612,32.69065514405301
2022-09-21,99.33026885986328,102.7866122641637,99.31040054949985,101.54510808035518,26596800,102.7823464529855,31.27051838232984
2022-09-22,99.88644409179688,100.98890023422688,98.73433233660076,98.77405379579808,21272700,102.10980442592076,28.8199724557427
2022-09-23,98.4959716796875,99.42958522770692,97.34385976583845,99.3799220305629,25657000,101.15916878836495,29.406635536529166
2022-09-26,98.13841247558594,99.75733865187506,97.71133476729084,97.9397748530234,22437900,100.43696921212333,30.5168194705102
2022-09-27,97.42330932617188,99.77720390568412,96.678406841489,99.23094663010733,24225000,99.65092032296317,18.97838605075185
2022-09-28,100.05529022216795,100.7108079843318,97.1352779092305,97.35377625241256,24617000,99.20965467180524,29.870057223847084
2022-09-29,97.42330932617188,98.62509200302873,95.86398042800398,98.62509200302873,21921500,98.67900085449219,18.672713529856395
2022-09-30,95.49649810791016,98.81777167666374,95.37731098487272,97.06576112897416,26277800,98.13131931849888,16.83531683651607
2022-10-03,98.62507629394533,99.29052058899325,96.3605667360688,96.55921191353448,24840000,97.9511239188058,35.189648370802686
2022-10-04,101.71394348144533,102.02183404903307,100.35325236776238,100.35325236776238,22580900,98.41083417619977,42.4255530675076
2022-10-05,101.52523803710938,102.0417003960936,99.06209062819975,100.00563826788984,18475500,98.89466639927456,46.011402817986415
2022-10-06,101.54509735107422,103.0249756376386,100.81012907362776,100.81012907362776,17156200,99.48349325997489,46.66024130897164
2022-10-07,98.89324951171876,100.7306740498155,98.53569572751684,99.9659108643245,24249900,99.31748744419643,40.79964280076436
2022-10-10,98.03909301757812,99.31039197968714,97.2048059152714,99.1713441293027,16529900,99.40545654296875,42.94115418424723
2022-10-11,97.38358306884766,99.43951352228164,96.58901742661035,97.5822206906372,21617700,99.67504010881696,45.319928510218695
2022-10-12,97.6318817138672,98.97071925966216,97.00615882181884,97.60207925147586,17343400,99.5331551688058,44.498311383176436
2022-10-13,99.03229522705078,99.84672158959768,94.62247036872678,95.27798815146768,32812200,99.15006256103516,51.30812714719719
2022-10-14,96.51950073242188,100.60156705960168,96.37051871614828,99.94108593023618,22624800,98.43495723179409,46.42701749564899
2022-10-17,100.0950164794922,101.07828551788228,98.8336517597424,98.84357833583454,23311600,98.22780282156809,55.23549610925195
2022-10-18,100.70087432861328,103.51164127263478,99.96590606417412,103.23354558217343,21610500,98.48603493826731,51.37421494775849
2022-10-19,99.6083526611328,100.96804357643693,98.9578057590965,100.0155620443566,21573700,98.71021488734654,54.97737918300891
2022-10-20,99.8467254638672,102.29993880091688,99.29053404665552,100.13475532707746,25125100,99.06209237234934,60.73531200377755
2022-10-21,100.79027557373048,100.92932343139746,97.5623648053156,97.79079732396568,28988700,99.51329149518695,55.989065092413625
2022-10-24,102.27013397216795,102.39924765931433,99.61828326607534,101.3961103129034,24680800,99.97583988734654,51.688776439181396
2022-10-25,104.21681213378906,104.38565485926829,102.31979038357484,102.5978936448536,29910200,101.07545580182757,57.38419586590522
2022-10-26,94.17552947998048,97.8702466889388,93.92722867376058,96.10234616105942,71504300,100.22981480189732,36.95497395435222
2022-10-27,91.97062683105467,94.52315908573566,91.27538753115718,93.66900361583868,54036500,98.98263658796039,37.549111303586045
2022-10-28,95.92356872558594,96.20166441454592,91.69549886314016,91.90109265695114,35696900,98.45623888288226,46.576655189919435
2022-10-31,94.01661682128906,95.69512504571324,93.7385135652675,95.1289995352196,29868700,97.6233662196568,44.763650886803084
2022-11-01,89.88489532470703,95.51139272035944,89.81537139938067,94.94029629746328,43220600,96.0654547555106,39.25025910630292
2022-11-02,86.47821044921875,90.67946371422306,86.41862067643025,90.29211503601825,43553600,93.80946568080357,33.498678581793484
2022-11-03,82.92253112792969,85.96173800234615,82.88280209154411,85.75812953244713,48510400,90.76742553710938,32.60479394935099
2022-11-04,86.1107177734375,86.14052023573473,83.30988494310704,84.92881107198549,40173300,89.6153095790318,31.93018492638592
2022-11-07,88.0474624633789,88.33549229174598,86.36894668265106,86.74636115902575,26899900,89.0548575265067,34.19353990185081
2022-11-08,88.30570983886719,89.79054393617074,87.05427154783787,88.55401066611286,30172000,87.96659197126117,35.58034848707835
2022-11-09,86.80596923828125,88.88176048138935,86.76624019729557,87.9431836735296,26743900,86.9364994594029,33.881663692473296
2022-11-10,93.52994537353516,93.907367446618,91.02707659419583,91.71238166301086,42371200,87.45722089494977,42.14820963278453
2022-11-11,96.07256317138672,96.69827855261605,93.52003087052076,94.06628816531268,30569100,88.82784271240234,43.448151931175964
2022-11-14,95.37731170654295,96.51949701728984,94.46654446211345,94.85091516983924,24170100,90.60709708077567,40.401222759606505
2022-11-15,98.04901885986328,99.73746122998912,96.36056891219856,97.99935566999062,31831000,92.31256866455078,55.0076973820221
2022-11-16,98.3171844482422,99.17133982210024,97.23658189289009,97.35377611417864,24660200,93.77967180524554,58.63744765755897
2022-11-17,97.83052825927734,98.80387085932485,96.44004207815524,96.51950016337138,21818700,95.14036015101841,52.86568368182952
2022-11-18,97.13528442382812,98.4860414992974,96.08248378770254,98.33705949085572,24969900,96.61597660609654,54.86370396811231
2022-11-21,95.1786651611328,98.04902182363357,95.0197490107678,96.89690246610458,18696900,96.85150800432477,58.85674679710142
2022-11-22,96.66846466064452,96.88497767394324,93.7683132736775,95.5064187907181,18868900,96.93663678850444,68.21728877316781
2022-11-23,98.14834594726562,98.39565410483333,96.678401786893,96.678401786893,17568900,97.33249882289341,79.40159572117123
2022-11-25,96.93663787841795,98.2675342038601,96.86711395244603,97.795756587401,8567800,97.17358725411552,72.63287678661706
2022-11-28,95.59581756591795,97.16508059755766,95.23826377193576,96.53935766931887,19974500,96.78482055664061,66.18399322658478
2022-11-29,94.79132080078124,95.73486085921613,93.74845435510947,95.34751219711848,20220000,96.35064806256973,63.58716395791381
2022-11-30,100.76046752929688,100.76046752929688,94.02655065004306,94.4734966628274,39888100,96.86853136335098,74.62318945156622
2022-12-01,100.59162139892578,101.89271519864762,99.98576682557302,100.71080851382015,21771500,97.64181082589286,66.2106628873988
2022-12-02,100.14469146728516,100.46251622307057,98.4959703370897,98.694615545418,18821500,98.13841465541294,60.34308352724679
2022-12-05,99.19121551513672,101.0584349764682,98.6797164258816,99.13658903096676,19955500,98.28739602225167,59.56177310624115
2022-12-06,96.64859771728516,99.5288884159404,96.10234052217704,98.99255779667035,20877600,98.24624742780414,46.46615435441033
2022-12-07,94.50328063964844,96.648595489745,94.37913024668453,96.1122648828362,26647900,98.09017072405133,41.20878347864133
2022-12-08,93.31144714355467,95.21840324133728,93.16247271036372,95.0396263439683,25593200,97.8787602015904,39.911295363615764
2022-12-09,92.43743133544922,93.84777821058351,92.3877681391606,93.26179189758514,21885300,96.68975503104073,39.59524396108576
2022-12-12,92.92408752441406,93.23694895236896,91.2753741783329,92.45728081525564,27380900,95.59439304896763,44.65880262266547
2022-12-13,95.19852447509766,99.12168163156254,94.731717762268,97.40343677461024,34788500,94.88779776436942,46.64246703773543
2022-12-14,94.66220092773438,96.55922280441791,93.30151730193226,94.89064101320092,26452900,94.2407956804548,41.678504150039565
2022-12-15,90.58013916015624,93.39090635596996,89.81537594287904,92.90423885406628,28298800,93.37387302943638,36.655530779479015
2022-12-16,90.24243927001952,91.12638947177147,89.39821810377244,90.58012470550288,48485500,92.76518140520368,38.26726657030933
2022-12-19,88.54407501220703,90.58013721462576,88.32060578697738,90.26231246423389,23020500,92.08412824358258,36.82445141772002
2022-12-20,89.02080535888672,89.16978736321556,87.44161581460381,88.12692848799274,21976800,91.59603881835938,17.77528704507654
2022-12-21,89.63658905029297,90.29707008944192,88.30570039579547,89.12012671896804,20336400,91.12639617919922,20.649213563806512
2022-12-22,87.66011047363281,88.57385553564636,86.34908264366686,88.32555475286843,23656100,90.04947989327567,19.085015032613796
2022-12-23,89.19957733154297,89.48760717002418,87.02446746738481,87.02446746738481,17815000,89.26910509381976,25.955960704799097
2022-12-27,87.33235931396484,88.89168806405394,86.94004737673795,88.70297702770877,15470900,88.80513654436383,26.828028813675104
2022-12-28,85.87236022949219,87.91835669371382,85.78297556573423,86.90529261675617,17879600,88.18083953857422,27.774913812546316
2022-12-29,88.34542846679688,88.75760873609705,86.39875095299075,86.4384799933794,18280700,88.15246146065849,38.00380247758177
2022-12-30,88.12693786621094,88.22625668715288,86.4384876000366,86.77120981783928,19190300,88.02476610456195,39.24676642633345
2023-01-03,89.09032440185547,90.92775639198943,88.41494591977562,89.21944566804987,20738500,87.9467282976423,40.6582481047825
2023-01-04,88.10707092285156,90.61987426162707,87.20325978745099,90.39144172766956,27046500,88.01057979038784,31.55987691917018
2023-01-05,86.18023681640625,87.61045182410166,85.97166505737383,87.4714039847467,23136100,87.57924543108258,29.431515101282045
2023-01-06,87.56079864501953,87.86868921535695,84.98839839038199,86.76623304587501,26612600,87.61187962123326,41.574247986234425
2023-01-09,88.19644165039062,90.21264280732376,87.97793574771123,88.58875355562785,22996700,87.94389125279018,44.38384209845144
2023-01-10,88.63345336914062,88.8668567324073,86.11071627710662,86.13058458495952,22855600,87.98503766741071,50.263591915164575
2023-01-11,91.63292694091795,91.82163039122264,89.1300506993995,89.44787541192927,25998800,88.48589324951172,56.705770735876705
2023-01-12,91.28530883789062,91.990482193546,89.95441262285705,91.77197627932117,22754200,88.7994624546596,54.29164033638679
2023-01-13,92.16925811767578,92.3480349931437,90.31196544351118,90.90590052069729,18630700,89.37977491106305,62.44522524138799
2023-01-17,91.53361511230467,92.33810731959731,90.22257954851013,92.14939627737728,22935800,90.14454323904853,56.78020381812126
2023-01-18,91.15619659423828,92.95190680596517,90.7787820725718,92.30831604596712,19641600,90.65817151750835,62.160513596925426
2023-01-19,93.271728515625,93.75839602643876,90.75891772133188,90.76885187635992,28707700,91.38321249825613,72.58951255938238
2023-01-20,98.60520935058594,98.7442571879648,95.25811952255884,95.2978409810624,53704800,92.80774906703402,76.66499312738493
2023-01-23,100.5220947265625,100.71080575893173,98.0788157696066,98.45623025680598,31791800,94.07763017926898,79.60151795741882
2023-01-24,98.5356903076172,100.40290962876882,98.02915454493623,98.87338334191756,27391400,95.11339896065849,71.50612704777788
2023-01-25,96.07256317138672,97.05583236404428,94.61453835317468,96.53936237974118,31000900,95.67101396833148,66.99154013982483
2023-01-26,98.4860382080078,98.5356938241358,96.1619386555892,97.61201449571318,24542100,96.66421726771763,75.71613790306176
2023-01-27,100.02549743652344,100.88958698363004,98.29732591984958,98.37678399769511,29020400,97.93126024518695,75.8763464617812
2023-01-30,97.28425598144533,98.7333391695272,96.85717827788066,98.07385832960358,24365100,98.50447845458984,67.34930247868408
2023-01-31,99.19121551513672,99.23094455612755,97.12535084885096,97.19487477620002,22306800,98.58819362095424,69.08443130800694
2023-02-01,100.74060821533205,101.4954448240124,97.75106424391362,99.062092260285,26392600,98.61940983363561,67.3740508587753
2023-02-02,108.06050872802734,108.08036945745748,105.8158674254778,106.06416821981836,46622600,99.98009817940849,75.27689801567824
2023-02-03,104.50484466552734,107.2858091521604,102.59789628997224,102.80646805815428,36823400,101.18470982142857,67.20224481927139
2023-02-06,102.7667465209961,103.9883823348809,101.51530824301912,101.9870782943574,25573000,101.79623958042691,65.19755336101142
2023-02-07,107.3056869506836,107.93140231057068,102.84421329966486,102.92565669885428,33738800,102.83626665387837,69.63771353589541
2023-02-08,99.32032012939452,102.87598940863624,97.78582300200476,101.99203916568776,73546000,103.12713296072823,56.436261043637415
2023-02-09,94.8111801147461,99.9261783018846,93.22205645071824,99.85665437838148,97798600,102.50141361781529,45.89071059022627
2023-02-10,94.21525573730467,96.36057069940036,93.88749686415954,95.08927182148604,49325300,101.5692204066685,42.9678815123125
2023-02-13,94.35430908203124,94.70192870524664,93.41076902222672,94.36424323627725,43116600,99.61119188581192,45.1374473918905
2023-02-14,94.30464935302734,94.5281261553057,92.02028633258648,94.01662706716678,42513100,98.15402112688335,47.821815310573015
2023-02-15,96.44003295898438,96.67839961455326,93.71865820674988,94.09607270952888,36964500,97.25020490373882,47.46179546637643
2023-02-16,95.1290054321289,97.21473072757868,94.32451322985784,94.89063877544476,35642100,95.51067897251673,43.89095434461827
2023-02-17,93.94709014892578,95.0992095361386,92.81483906979004,94.4238310347647,31095100,94.74307468959263,45.66786671090487
2023-02-21,91.4243621826172,92.78008249699454,91.37469898910732,92.60626889724948,28367200,94.25924355643136,40.07613369505776
2023-02-22,91.17606353759766,91.7322549459406,90.25238419014836,91.30914786599992,29891100,93.8250732421875,37.358886523973084
2023-02-23,90.45101165771484,91.50380458459308,89.39821873083663,91.50380458459308,32423700,93.26745932442802,21.81240379678755
2023-02-24,88.74270629882812,89.51740359895886,88.25603884215047,89.02080198835822,31295600,92.47289603097099,23.18351137222386
2023-02-27,89.48760986328125,89.83522947965548,89.00094240035733,89.47767570923075,22724300,91.47969273158482,26.617696804384664
2023-02-28,89.6862564086914,90.8284340829204,88.91155150939896,88.93141981779948,30546900,90.70215715680804,13.37739732761601
2023-03-01,89.89482879638672,90.58013389010252,89.2393110103965,89.5472091723947,26323900,90.12326267787388,21.049459382191273
2023-03-02,91.6825942993164,91.85144461943293,89.15985700522896,89.24924924264828,23328600,90.16015298025948,38.4615644348201
2023-03-03,93.38096618652344,93.47035841930148,92.03021673850138,92.10966723953366,30242500,90.47513907296317,47.15447619900144
2023-03-06,94.9303741455078,95.645481740791,93.65907512168872,93.71866489544904,28288200,91.11504799979073,51.79235752008705
2023-03-07,93.52994537353516,95.43689373660692,93.20616470053572,94.77144939806718,24101500,91.79893929617745,47.77649799858104
2023-03-08,94.00668334960938,95.5858727828209,93.76334584040264,93.76334584040264,25395200,92.44452122279576,42.281040746803676
2023-03-09,92.03022003173828,95.26805728523551,91.72729272669056,93.84777628448488,24438900,92.77937316894531,40.568354605568075
2023-03-10,90.39143371582033,92.546683040593,90.18286193383004,91.87130449901218,32850100,92.8503167288644,39.470629407599645
2023-03-13,91.0370101928711,92.4473569375284,89.3286994531277,89.94945146160775,31508600,92.75809042794364,48.70945619278515
2023-03-14,93.60940551757812,94.18546521629575,92.14939554007007,92.43742538942888,32303900,92.7907246180943,57.02003334121304
2023-03-15,95.89378356933594,96.58902286226429,92.40763779470394,92.90423945466418,38367300,92.92835453578404,64.40592605875418
2023-03-16,100.38304901123048,101.27693342357118,95.21839530498951,95.91363452706608,54499500,93.90736934116909,76.85609104987664
2023-03-17,101.76361083984376,102.7866090428348,100.0652340789256,100.1546187401392,76140300,95.01550183977402,77.51558721831006
2023-03-20,101.23719787597656,101.88278144213052,100.10494688566168,100.37310840335154,26033900,96.3307843889509,75.51552481418729
2023-03-21,105.1206283569336,105.23981547486385,101.16768366482349,101.28687078275374,33122800,98.4349550519671,78.93540441617841
2023-03-22,103.51164245605467,106.77928201141202,103.50170830198483,104.42538761445692,32336900,100.21704537527901,72.63395277584188
2023-03-23,105.53778839111328,106.37306821219376,104.6935670727328,105.17030042962384,31385800,101.92110007149833,72.9729636211441
2023-03-24,105.33912658691406,105.43845296670092,104.02809869564,105.02130187319727,25236200,103.2704347882952,70.72776973223225
2023-03-27,102.35952758789062,104.68362720286412,101.93244987448958,104.60416912187333,25393400,103.55278887067523,66.54260426973235
2023-03-28,100.67107391357422,102.29992650610916,99.5984126714057,102.29992650610916,24913500,103.39671216692243,61.943730476403765
2023-03-29,101.20740509033205,102.12115019310482,100.34331559980669,102.02183139107106,26148300,103.3924560546875,67.3422851922935
2023-03-30,100.63134765625,100.9193774927972,99.60834957534662,100.75053476785062,25009800,102.75113024030414,70.16028296609699
2023-03-31,103.29313659667967,103.48184763642853,100.75053873603554,101.018700275775,28108000,102.71991511753627,72.35502185216998
2023-04-03,104.19694519042967,104.23666664784749,101.68413487782205,101.97216469810208,20719900,102.52836608886717,70.56321574061828
2023-04-04,104.40552520751952,105.37886011963424,103.8890552897312,104.1274219408047,20377200,102.3949944632394,67.98147650894205
2023-04-05,104.23667907714844,105.81587620043211,103.39444313724364,105.398732649957,21864200,102.6631589617048,59.95890276454023
2023-04-06,108.15985107421876,108.88488530809504,104.10261612083002,105.05111960274924,34684200,103.7329842703683,64.6097765162578
2023-04-10,106.22307586669922,107.23614734224502,104.88225310439572,106.66008768576124,19741500,104.44950866699217,60.69901681728031
2023-04-11,105.3987274169922,106.49124943293918,104.56443277992452,106.19328543879948,18721300,105.13056291852679,50.686950854867604
2023-04-12,104.50484466552734,106.85575348889417,104.2565438589955,106.6600938476143,22761600,105.3036640712193,52.5432225339742
2023-04-13,107.45466613769533,107.52915335326844,105.71656038395147,105.74635527018071,21650700,105.76905277797155,54.68671363161037
2023-04-14,108.7160186767578,108.83520578572724,106.85872601073,106.9580523903073,20758700,106.3848375592913,57.8485584425164
2023-04-17,105.69669342041016,105.98472328685942,104.60417130537007,104.71342427462808,29043400,106.59341103690011,57.741930345299984
2023-04-18,104.40552520751952,106.32240772509635,104.06783217242112,106.2727445330839,17641400,106.0570787702288,58.82629571900797
2023-04-19,104.30620574951172,105.00641588467008,103.09450410586554,103.5066768012728,16732000,105.78324018205915,57.47843372065359
2023-04-20,105.18022918701172,106.16151300008715,103.92879092869914,103.93872508324044,22515300,105.7520261492048,60.82231524516662
2023-04-21,105.1901626586914,105.91519680716492,104.76804823513352,105.36893197403585,22379000,105.8499287196568,55.16496728572246
2023-04-24,106.0542449951172,106.5905756754658,104.6438981565373,105.32921084435048,21410900,105.64986855643136,55.06776870790225
2023-04-25,103.89900207519533,106.70976934794172,103.84933887714504,105.88540875656405,31408100,104.96172332763672,48.75063934913043
2023-04-26,103.74008178710938,106.29261396828336,102.56810158850384,104.8425380577273,37068200,104.68220738002232,48.774521801801264
2023-04-27,107.6334457397461,108.4081431113503,103.71028810752745,104.5147879436502,38235200,105.14333888462613,48.6990490577877
2023-04-28,107.48446655273438,107.55399048335872,105.31928297073873,107.06732296898826,23957900,105.59737614222936,53.41955878502281
2023-05-01,106.9779281616211,107.94133658968804,106.76935637475196,106.98786231648342,20926300,105.85419028145928,54.35618663989675
2023-05-02,105.25968170166016,106.99778735502116,103.78973758641467,106.9282634319883,20343100,105.86412157331196,51.99162109236606
2023-05-03,105.3987274169922,107.3950604140951,104.90212581178544,105.49804622252572,17116300,105.77047620500836,43.630740053378915
2023-05-04,104.49491119384766,105.57750665771565,103.98837542350432,105.43845881135304,19780600,105.85560607910156,36.62683416973689
2023-05-05,105.49307250976562,105.71654928810872,104.02710667184996,104.60415899455307,20710600,106.10603332519531,49.2601436744488
2023-05-08,107.50431823730467,107.68309512636915,105.07097329271453,105.07593658107706,17266000,106.08758653913226,60.69957319196666
2023-05-09,107.20635986328124,109.8433132460124,106.99281722693271,108.04064694542788,24782400,106.04785701206752,59.878206664071406
2023-05-10,111.51686096191406,112.73850430738176,107.74269311564817,107.8122170408348,47533500,106.69627598353794,67.48901349965567
2023-05-11,116.10546875,117.63500276059747,114.14885701191398,115.07253639566636,57115100,108.24567413330078,74.0481288330255
2023-05-12,117.1185302734375,117.45622333274814,115.75784661419164,116.20478506419184,31293800,109.91993168422154,74.21737858396716
2023-05-15,116.16505432128906,117.9875814245368,115.68832099194547,115.6982475688829,22107900,111.58709498814174,78.33863888741993
2023-05-16,119.27377319335938,120.37622939354988,116.03593609387347,116.03593609387347,32370100,113.55576651436942,81.58317319654535
2023-05-17,120.6543426513672,121.44890076086725,118.64806770148412,119.36317530431214,26659600,115.43434143066406,79.48716088058828
2023-05-18,122.6804656982422,123.0578877939192,120.6642642541096,120.73378818054384,27014500,117.64492797851562,81.71638582534226
2023-05-19,122.41229248046876,125.61934186514036,121.88589600512935,123.3558324746576,30268900,119.201418195452,82.53764322180749
2023-05-22,125.01448822021484,126.18646828720703,122.61093074211966,122.67052808623043,29760200,120.47413526262555,90.14934621105078
2023-05-23,122.4520263671875,124.56754650589102,122.21365971519508,124.08087904795757,24477900,121.23606327601841,81.55088743531613
2023-05-24,120.81324005126952,121.91569624058508,119.92928978452667,121.05160670428556,23087900,121.90008980887276,79.39176004599614
2023-05-25,123.50482940673828,125.12375564279937,122.06468764613976,124.35898485486452,33812700,122.50452641078404,80.57663141671142
2023-05-26,124.57748413085938,125.14360968107697,122.45202977898713,123.22176381435877,25154700,123.06497519356864,79.93729501683208
2023-05-30,123.79286193847656,125.52103360389422,122.05475611808832,125.4316489417792,27230700,123.22388894217355,78.5958977084095
2023-05-31,122.53148651123048,124.05108625682428,122.26331739286722,122.85923782167312,41548800,123.2409166608538,71.2208099928417
2023-06-01,123.52468872070312,124.19013306768964,122.46196156531563,122.66059918074647,25017700,123.02808816092355,66.59260341157352
2023-06-02,124.37884521484376,125.88354751888016,123.5048215130662,123.64386936061456,19367500,123.30334799630302,66.35345672011138
2023-06-05,125.76932525634766,127.12008228724162,123.53461793608714,123.7630580184978,22672500,124.01136016845703,71.21542899843571
2023-06-06,127.0406265258789,128.0040348542417,125.1138098691533,125.7395251650048,19450100,124.51647404261998,68.67239301612805
2023-06-07,122.10440063476562,128.66947422102234,121.79650249810324,126.70789189036708,34179300,124.16317640032086,52.977122481471085
2023-06-08,121.83624267578124,122.88904328920802,121.1807324613264,121.75182130757705,24815000,123.88365936279297,48.13186828028689
2023-06-09,122.03488159179688,123.4402650484475,121.58793559912095,121.72698344283192,20304500,123.81271580287388,49.1622715332185
2023-06-12,123.50482940673828,123.90211224407092,121.5184227976149,122.5563184322723,22255700,123.80987875802177,46.47170466694864
2023-06-13,123.58428192138672,125.00456288601804,123.003258923702,124.79599111076249,19287700,123.69636971609933,52.993707459184414
2023-06-14,123.53461456298828,123.94183152300236,121.32970976566908,122.95856245064682,24659600,123.3771253313337,57.85549428284505
2023-06-15,124.93504333496094,125.30253128187114,122.30305308880676,123.0380214050874,24517100,123.07632773263114,54.46096733892557
2023-06-16,123.21680450439452,125.83886072789556,122.94864293547428,125.83886072789556,56699200,123.23524257114956,45.920220263772975
2023-06-20,123.00822448730467,124.32422337741932,121.99516047767672,122.6953706074044,22698000,123.40266854422433,47.563215558419856
2023-06-21,120.43582916259766,122.5712176823766,120.03854634396956,122.39740408124572,22612000,123.17423248291016,43.981756977631754
2023-06-22,123.02809143066406,123.09264449030236,118.78710923648109,119.83990985239453,20781900,123.1061270577567,48.69384790120682
2023-06-23,122.1838607788086,122.60101190375572,121.03174894631988,121.21052583485736,29573100,122.90606689453125,44.22372748777387
2023-06-26,118.28057861328124,121.88591148011491,118.18125979773666,120.64043671104724,23185000,122.15549033028739,32.59468026514624
2023-06-27,118.2011260986328,119.0801055576817,116.1154006974822,117.03907248613568,27221700,121.19350215366907,28.25028937390489
2023-06-28,120.25704956054688,120.44575302254566,116.80069896724603,117.1582527381923,19753100,120.77068001883369,44.70389530626227
2023-06-29,119.19432830810548,120.08821277976504,118.39976264939926,119.27377881194433,18517500,120.22583770751953,42.75601254661372
2023-06-30,120.14778900146484,121.20058193960524,120.05839677561092,120.27690268598847,23871800,120.18468911307198,45.03136320776131
2023-07-03,119.74058532714844,120.19745792784616,118.89140076393556,119.50221866103216,13888300,119.71504538399833,39.50136332666174
2023-07-05,121.79651641845705,122.53149230703713,119.24398427267846,119.24398427267846,17830300,119.65971047537667,45.508979511106176
2023-07-06,120.10807037353516,120.32657630284793,118.43948859587532,119.8200405192174,17732500,119.92078072684151,42.04703455769285
2023-07-07,119.3234405517578,120.92249842668345,119.27377735711704,120.06834300613164,20997700,120.08111136300224,36.592278571095235
2023-07-10,116.0756607055664,118.26070471443128,115.84722063546172,118.26070471443128,32960100,119.48377009800502,34.099909220382514
2023-07-11,116.90995025634766,117.42144930905464,115.04273092843452,115.96641022723789,18286600,119.15743037632534,36.7899834898138
2023-07-12,118.80697631835938,120.13786504538716,118.1911875711668,118.48915157925278,22059600,118.96588570731026,46.36524505742994
2023-07-13,123.9815673828125,124.48313231179095,120.2371867701117,120.71392767909752,31535900,119.57174028669085,51.90779378351164
2023-07-14,124.84563446044922,126.22618624973646,124.05107647719387,124.27950896108352,20499800,120.00732857840401,55.32167321445023
2023-07-17,124.20999145507812,126.41490380144694,123.65380008033252,125.20319466857477,20675300,120.59331730433873,63.63637320689011
2023-07-18,123.23666381835938,124.14047485563204,122.46196647854292,124.05605348680996,21045800,121.15234919956752,61.123323963031154
2023-07-19,121.94549560546876,124.61721481184262,121.63760501827991,123.94183628886682,22313800,121.99089704241071,53.86013726451924
2023-07-20,118.71759033203124,123.85244962180236,117.87833232338085,121.28999084308816,27541700,122.24913133893695,49.00826155091909
2023-07-21,119.49227905273438,120.47555571347311,118.26070916021418,120.04847801833976,56514600,122.34703172956195,48.62615108356559
2023-07-24,121.0516128540039,122.5116228857852,120.55501121476073,121.09730541816155,22276100,121.928466796875,52.62112956332251
2023-07-25,121.9554214477539,122.84930584040646,120.70398329804031,121.05160290142214,31820800,121.51557922363281,50.33304060895196
2023-07-26,128.77871704101562,130.477085848022,127.83517713100358,129.47395617707312,46216900,122.16825430733817,64.95374582136067
2023-07-27,128.9873046875,132.6919638210211,128.3019920018063,130.90419489205476,35931600,122.98977443150112,67.00455741717366
2023-07-28,132.10595703125,133.1587651922078,130.03016590418054,130.07982909702133,26971000,124.44126892089844,78.33571091229172
2023-07-31,132.20530700683594,132.9204146771228,131.23197190481045,132.1059806034311,18381900,126.36808558872768,77.75781224255603
2023-08-01,130.99359130859375,132.01658956295688,129.86134007778986,129.96562218777584,22154300,128.0111301967076,72.68025369469737
2023-08-02,127.76566314697266,129.53356368736996,126.98103168445736,128.95750399425148,22705800,128.97028023856026,57.59264843880358
2023-08-03,127.894775390625,128.88797855244223,126.90653551670292,127.4974850328516,15018100,129.81875937325614,56.30391117989672
2023-08-04,127.66634368896484,131.033302221636,127.44288204270669,128.71915190218343,20521900,129.65984889439173,57.26817472844074
2023-08-07,131.04324340820312,131.162422952378,128.55029347196347,128.6297515531065,17621000,129.95355442592077,64.90893407701407
2023-08-08,130.94390869140625,131.0432350752888,129.2455396745946,130.08975331728277,16836000,129.7875475202288,68.00471642235789
2023-08-09,129.26539611816406,131.56963491821122,128.62479093757165,131.29153922235432,17745200,129.36756025041853,72.49992025471622
2023-08-10,129.3249969482422,131.74542966075936,129.1511833550654,131.07302914614883,17855700,129.12918962751115,71.63455824537678
2023-08-11,129.28526306152344,129.5534321779395,127.87491628883082,128.32384002810613,15205500,129.34627532958984,69.41444071818972
2023-08-14,130.93399047851562,131.01344855968142,128.7092096711116,128.96745222367028,17526200,129.78044891357422,70.45243073115712
2023-08-15,129.38458251953125,131.09289320176865,128.93664388435008,130.6956028366682,14769200,130.02591160365515,51.81657970972057
2023-08-16,128.23248291015625,130.00832489221827,127.58690680583736,128.40132565813073,17548400,129.62437438964844,47.857994027948095
2023-08-17,129.57330322265625,131.59048969658667,128.96744863133736,129.56336149086283,23665600,129.42857360839844,42.00635715661722
2023-08-18,127.2392807006836,128.94759166067027,126.13682438528616,128.18282084420312,23627200,129.13912854875838,36.26374507608356
2023-08-21,128.05368041992188,128.38143929227465,126.29572167968156,126.9810267302367,21851100,128.95751190185547,41.68531684004926
2023-08-22,128.80853271484375,130.05996336176372,128.04873283009252,128.25234131621266,15557900,128.88940756661552,53.42914842642651
2023-08-23,132.30462646484375,133.15878196200924,129.6229652645024,129.96066592530224,26497000,129.08521270751953,61.87171170460633
2023-08-24,129.53358459472656,134.05266306034392,129.4144050372861,133.81131839449455,18680400,129.10649871826172,54.42148358701964
2023-08-25,129.80174255371094,130.50690841449438,127.16974469838917,129.25547770410984,20678100,129.33067866734095,46.552689870467944
2023-08-28,130.89425659179688,132.33441350474482,129.96065821754578,131.18229403641834,16715500,129.5193862915039,49.869336475040214
2023-08-29,134.56912231445312,136.36184701971675,132.0761722999378,132.0940552941573,30803300,130.5665065220424,62.63012203346472
2023-08-30,135.9993133544922,136.31714566801028,134.10329175046678,134.64857148727685,21773400,131.70159694126673,64.92005602252362
2023-08-31,136.4164581298828,137.45930930885152,135.89006167504502,136.11849415514433,28147900,132.78844342912947,65.67685715493303
2023-09-01,135.87020874023438,137.63810932726088,135.01605333205805,137.48911974549722,16671600,133.29781232561385,61.40432948535628
2023-09-05,135.7808380126953,136.43634071242855,134.63864505565655,135.512668862075,17730200,134.19027709960938,65.84657456775712
2023-09-06,134.44992065429688,136.5455801421819,133.7745497109416,136.0837442628217,15814300,134.85430254255022,65.26827568375731
2023-09-07,135.2742919921875,135.6517141113346,133.04952620794418,133.6851757398823,16976000,135.48002188546317,64.3643757944005
2023-09-08,136.26748657226562,136.58034802933074,134.94652439525694,134.94652439525694,17810700,135.72264535086495,74.39611952963645
2023-09-11,136.80381774902344,137.3242583003249,135.62190348575507,136.4462639816068,17180800,135.8375745500837,74.00547381852006
2023-09-12,135.14517211914062,136.70449332504472,135.00610911668778,136.1979651285559,15212900,135.65596226283483,66.56283602043324
2023-09-13,136.56544494628906,136.76408256246793,134.01290535540068,134.97631370670078,16394900,135.75528172084265,62.49267405330873
2023-09-14,138.04531860351562,138.60150997223292,136.1284285416027,137.4493906198453,19064600,136.07877894810267,77.00063408471566
2023-09-15,137.3600311279297,138.41282429084436,136.24763303166813,137.85663282025402,48958800,136.49450901576452,73.35799879659197
2023-09-18,138.0155487060547,138.97894204444447,136.6945863886662,136.6945863886662,16233600,136.88611711774553,72.61843027364026
2023-09-19,137.8863983154297,138.22905462249415,136.56543627683354,137.31033865652535,15479100,137.11739022391183,63.599274875486515
2023-09-20,133.6752166748047,137.89633032608708,133.60570033060074,137.88640374979462,21473500,136.67044721330916,42.24137755382725
2023-09-21,130.46719360351562,132.2847575657389,130.1990244536583,131.4901918489901,22058400,136.00216456821985,33.2588501711939
2023-09-22,130.35792541503906,132.1059576638238,129.6229495606802,130.78499553434196,17348700,135.11537606375558,34.09741413995569
2023-09-25,131.27166748046875,131.32133067237535,129.1462132005402,129.88118903755412,14650000,134.14771161760603,37.581995147316015
2023-09-26,128.57015991210938,130.51187411815656,127.3187292512261,130.0242139812398,20378800,132.8920157296317,34.944048512128035
2023-09-27,130.56649780273438,130.82472517586547,128.5006333524518,128.5602231189376,18764200,131.82786560058594,38.627601022052566
2023-09-28,132.2251434326172,133.26799464147877,129.80172526272474,129.80172526272474,18201400,131.0191149030413,40.53926263680302
2023-09-29,130.953857421875,133.97318869928992,130.42746090033583,133.1686964741104,23237300,130.6303492954799,36.76404078540983
2023-10-02,134.2512664794922,134.43997750071378,131.16737497633093,131.25675962162205,19210400,131.17093113490515,48.117102633542906
2023-10-03,132.3939971923828,134.320813935823,131.91229300652276,134.01290819587905,19628700,131.46179853166853,41.37221485829704
2023-10-04,135.34381103515625,135.64177504098322,132.52310228908374,132.75154994809577,22848000,132.0435333251953,44.732761564980834
2023-10-05,135.06570434570312,135.57223250583104,133.54113384477424,135.20475218309574,15922900,132.97146824428015,45.45448499318903
2023-10-06,137.78709411621094,138.2400036865355,134.0228601531263,134.0228601531263,20826700,134.00298200334822,49.5816329838186
2023-10-09,138.5518798828125,139.0186867120285,135.77090721973968,137.0521481442115,16599100,134.90680149623327,51.19096447559932
2023-10-10,138.25389099121094,139.78343250100227,137.48912023631527,138.561781577511,19554900,135.94966343470983,59.528751254334594
2023-10-11,140.73687744140625,141.2533473012403,138.8895190534198,138.89946078375377,20146300,136.87617928641183,72.03744014501409
2023-10-12,139.3364715576172,141.41227778281169,138.50218449906495,141.19377186437015,18173100,137.86796133858817,68.25525551612023
2023-10-13,137.63812255859375,140.37935835866287,137.0322679067029,139.69404561987548,19438700,138.19572012765067,62.544105444181206
2023-10-16,139.53512573242188,139.9472984001884,138.37307978447413,138.78028158651918,17345600,138.83420889718192,72.31211374520596
2023-10-17,140.03173828125,140.28996568260703,137.58746642254545,139.07825644802168,17424000,139.15487234933036,70.51235078205086
2023-10-18,138.33334350585938,141.02493090489875,137.76225468439802,139.79335345416348,18304900,139.1236528669085,63.2144613789939
2023-10-19,138.03536987304688,140.04661534964382,137.65796298059868,138.84980373242794,21831200,139.0924355643136,65.99366723919749
2023-10-20,135.81060791015625,138.0949630937213,135.31896203197488,137.64802469498372,24970300,138.38868277413505,53.7011135247662
2023-10-23,136.96270751953125,138.0751053464584,134.19167741552045,135.30406008737037,20780700,138.04957362583704,61.21944876820821
2023-10-24,139.16763305664062,139.75363448575294,137.8069494682728,138.21416643365018,26535200,138.26807512555803,59.74679901053254
2023-10-25,125.80904388427734,129.2157386423228,125.23298422634004,128.8879797771993,58796100,136.3072062901088,35.84446858232228
2023-10-26,122.60101318359376,124.60728044031188,121.48862280135486,123.62401133186098,33907400,133.81710270472936,27.11761527584582
2023-10-27,122.56128692626952,123.59421925232624,120.63447012790029,123.18700226811843,37367700,131.56395176478796,25.367139010628023
2023-10-30,124.8953094482422,125.6898750840977,123.03801663151516,123.6140763386334,24165600,129.68680027553015,30.63630263059531
2023-10-31,124.44837951660156,125.69981024889596,123.082724946229,125.41178037565804,21123400,128.0636247907366,24.908210775326353
2023-11-01,126.70293426513672,126.87177699365124,124.0759150866492,124.48808775404078,26536600,126.59794289725167,31.037543054513193
2023-11-02,127.70606994628906,129.2058013303489,127.2392632274276,128.6794048439865,24091700,124.96057673863002,34.77461811812657
2023-11-03,129.48390197753906,129.8414557513251,128.1331449604673,128.21260303853958,19529400,125.48555646623883,34.53543165856094
2023-11-06,130.55654907226562,130.66580202332503,129.04687606355694,129.33491345956676,15360400,126.62206159319196,35.67561071144674
2023-11-07,131.5001220703125,132.3741458984615,130.24869126143807,131.08297846735437,19223800,127.89903804234096,39.42841157765772
2023-11-08,132.35426330566406,132.63235901096158,131.26174879344643,131.46038641793334,15093600,128.96460287911552,41.359525716943295
2023-11-09,130.79493713378906,133.04951273258644,130.6161526699025,132.45358472640288,17976500,129.87125396728516,42.2139966004764
2023-11-10,133.14881896972656,133.35739831059152,129.9804983273355,130.63601607853604,20872900,130.79209463936942,44.29251969726587
2023-11-13,132.731689453125,133.19849622021474,131.86760742493237,132.45359373933704,16409900,131.51004028320312,39.824118845112565
2023-11-14,134.50950622558594,136.30721680296887,134.18176249600617,134.7280121486915,22317300,132.22798374720983,71.70476463461003
2023-11-15,135.45306396484375,135.90992897259557,134.41019752225017,135.711291353787,15840900,132.927485874721,86.14538282421404
2023-11-16,137.7572784423828,137.936062895952,135.1550909527121,136.0291146033218,17615100,133.8213653564453,87.90892428565171
2023-11-17,136.00927734375,137.06207053317732,134.5591936974096,136.88330119387743,25565300,134.343510219029,78.56071246795386
2023-11-20,136.9825897216797,137.4841622099929,134.56911311094566,134.57903968756656,19569400,135.22746058872767,81.36198910518672
2023-11-21,137.67782592773438,138.02048225208836,136.76905164689023,137.00245501050702,17648100,135.8744615827288,79.78454103679532
2023-11-22,139.0683135986328,140.14097485234876,138.05524211094365,138.1545684910402,17306400,136.77969360351562,80.20080985846944
2023-11-24,137.2805633544922,138.72766131128793,136.53566086855264,138.59158384910427,8828600,137.1755589076451,70.71258202549255
2023-11-27,137.1116943359375,138.68095709088703,136.6051510433126,136.63496107971136,17886400,137.41250610351562,68.29278470620697
2023-11-28,137.67782592773438,137.71756254349978,136.10856301672683,136.69456443617818,17046900,137.40115574428015,67.61047488803749
2023-11-29,135.47291564941406,138.72069448225272,135.36863355280897,138.04035268879304,21014700,137.32453264508928,58.25449751861042
2023-11-30,133.00978088378906,136.0291273292303,131.8874563324484,135.47292076448537,29913500,136.75698852539062,55.59461259527862
2023-12-01,132.41384887695312,132.5926181663359,131.25377319075582,132.41384887695312,24268000,136.00499180385046,47.962546075044905
2023-12-04,129.7421417236328,130.5565604849325,128.5204908490656,130.40163011784776,24117100,134.6726815359933,42.63333822130479
2023-12-05,131.4901885986328,132.63236636910744,128.84826409665897,129.48391362332904,19235100,133.8454851422991,42.54904943653019
2023-12-06,130.53671264648438,132.40393984604052,130.41753309079553,131.9967228239959,16360600,132.9062020438058,37.87356209361879
2023-12-07,137.50900268554688,139.04847093043568,135.30409000552925,135.67158555558592,38419400,132.882084437779,49.50223963103753
2023-12-08,135.71128845214844,137.05211887182605,134.6485688789512,134.7379535322421,23016100,132.9161376953125,49.40375983327624
2023-12-11,133.78448486328125,133.87386952532327,131.98678926961836,132.91047624262595,24502900,133.0268096923828,43.836164329739375
2023-12-12,132.731689453125,133.62556636814634,131.92719719858985,132.36420907885085,26584000,133.0722154889788,40.596716175446744
2023-12-13,133.05943298339844,133.86392514494486,132.04636148308018,133.63052178837836,25414500,133.5461142403739,38.09524097434509
2023-12-14,132.29466247558594,134.11719700571678,130.1692082455719,133.853998765379,29619100,133.6610390799386,39.7046461362018
2023-12-15,132.9303436279297,133.9136204808937,131.728575962722,132.01659828960632,58594000,134.00298636300224,41.52925836922713
2023-12-18,136.25753784179688,137.4394519740675,132.8607850053577,132.95016964853528,25699800,133.82420567103796,47.4122189527438
2023-12-19,137.16136169433594,137.82680598922155,136.515770550884,137.06203531685796,20661000,134.03135899135046,53.229483814931726
2023-12-20,138.71078491210938,142.10555326956867,138.46248407207844,139.37622934478264,33507300,134.73511614118303,61.29922948183121
2023-12-21,140.8362274169922,141.06465992680535,139.51825079333318,139.81322925621407,18101500,135.89290727887834,65.73869672850535
2023-12-22,141.75,142.27639662501932,141.0895112077045,141.16401359178334,18513500,137.13441685267858,74.0166986809153
2023-12-26,141.84930419921875,142.96665792446996,141.53147186515343,142.0082052111716,11170100,138.4993656703404,72.18203715526757
2023-12-27,140.4786834716797,142.34591060897586,140.09231985374717,141.85923551433922,17288400,139.57769993373327,70.91515961220298
2023-12-28,140.3197479248047,141.303024555929,139.87082419725482,140.88588102744305,12192500,140.15801565987724,58.28931535353735
2023-12-29,139.97213745117188,140.47370998040037,138.9491392378536,139.7238366196853,14881000,140.55955505371094,63.74119765959855
