Date,Close,High,Low,Open,Volume,SMA_7,RSI_14
2012-05-18,37.99576187133789,44.724282100009326,37.76717155111898,41.79235618185496,573576400,,
2012-05-21,33.821495056152344,36.43538195928824,32.797807137508464,36.3061774150545,168192700,,
2012-05-22,30.81006622314453,33.384197714086056,30.75043436769169,32.4102025271521,101786600,,
2012-05-23,31.803937911987305,32.300874441862106,31.167859760359534,31.17779871843652,73600000,,
2012-05-24,32.8276252746582,33.00652272503711,31.57534691333061,32.748117403003555,50237200,,
2012-05-25,31.714488983154297,32.74811786863476,30.91939129867887,32.698424974228445,37149800,,
2012-05-29,28.663299560546875,31.49583819610612,28.474463145999607,31.28712386515125,78063400,32.519524982997346,
2012-05-30,28.01728057861328,29.36894657814204,27.689302562358076,28.524156039309936,57267900,31.09402765546526,
2012-05-31,29.418642044067383,29.48821285280686,26.66561329816687,28.375074225988158,111639200,30.46504865373884,
2012-06-01,27.550161361694336,28.97140018315004,27.222183317947824,28.7129929523706,41855500,29.999347959245956,
2012-06-04,26.735183715820312,27.480588476832004,26.278003038984394,27.03334675762239,35230300,29.275240216936385,
2012-06-05,25.711498260498047,27.589917836951688,25.59223265287856,26.53641286824006,42473400,28.258650643484934,
2012-06-06,26.645734786987305,27.00352967612063,25.363639593696767,25.91026898928395,61489200,27.534542901175364,
2012-06-07,26.1487979888916,27.182426814448583,25.989778461215497,26.83457088678374,26159500,27.175328390938894,21.179867512843785
2012-06-08,26.933961868286133,27.589917974302555,26.27800576226971,26.38733051616409,38034000,27.020568575177872,24.08011306201061
2012-06-11,26.844512939453125,27.898017905694356,26.675554434858185,27.013471444048065,28219600,26.652835845947266,29.78111111061979
2012-06-12,27.23212242126465,27.599856300470996,26.794817728720947,27.311632193030547,15816800,26.60740171160017,37.77173073405482
2012-06-13,27.102922439575195,27.92783711428889,26.93396392086696,27.49053237839769,17102800,26.659935814993723,32.92419148736285
2012-06-14,28.116670608520508,28.146485587977967,27.212244353173865,27.480590542265865,16855000,27.003531864711217,32.875724016155445
2012-06-15,29.82612991333008,29.915578637849663,28.176300832110293,28.335320365553475,43563800,27.457874025617325,43.42104703569543
2012-06-18,31.217554092407227,31.883451044587748,29.229807881387792,29.776437331153133,42978900,28.181982040405273,60.06265579602933
2012-06-19,31.714488983154297,31.982835162538155,30.51190349842741,31.346757014957813,30849000,28.86491448538644,64.73852526699483
2012-06-20,31.406391143798828,31.73436919937549,30.959147479074957,31.72443024064134,15553600,29.51661137172154,58.68057909786874
2012-06-21,31.644920349121094,32.30087645784274,31.31694229476027,31.47596184259203,21875300,30.147011075701034,70.85024127752092
2012-06-22,32.847503662109375,33.24505440006592,31.863571462220392,32.21142551443876,74834000,30.96766553606306,79.94163437939484
2012-06-25,31.863569259643555,32.81768641519591,31.356691914220733,32.65866688927051,24352900,31.50293677193778,80.25418166107849
2012-06-26,32.89720153808594,33.23511857912172,32.30087913217593,32.4897136760715,24858700,31.941661289760045,80.44534824379323
2012-06-27,32.032527923583984,32.698424838095654,31.704549893145536,32.26111826996118,28568000,32.0580861227853,77.66356399030116
2012-06-28,31.167858123779297,31.99277074856755,30.71067555455603,31.76418041178708,17713300,31.97999600001744,69.75881013880064
2012-06-29,30.90945053100586,31.793996890154933,30.571533560972263,31.724426083794302,19526900,31.90900448390416,68.67579449315922
2012-07-02,30.58147430419922,31.53559152542428,30.362821019255005,31.05853291481175,14122000,31.757083620343888,65.47291916431213
2012-07-03,31.008838653564453,31.24736794835651,30.611287933248704,30.72061457090177,8763600,31.494417190551758,67.56030654271643
2012-07-05,31.277183532714844,31.436203065663843,30.82994180716917,31.128102957532956,10032100,31.410647800990514,65.2298728554572
2012-07-06,31.535593032836918,31.704551535796263,31.068473357908125,31.24737081935479,10945600,31.216132300240652,59.57684343745733
2012-07-09,31.97289276123047,32.678545476412665,31.79399721262965,31.90332195416421,17785200,31.207612991333008,54.738126716159876
2012-07-10,31.277183532714844,32.28099551924437,30.96908342458396,32.23130262607119,14269500,31.22323090689523,47.32359148681839
2012-07-11,30.780244827270508,31.36663002415204,30.362818109077928,31.287120263337364,13030300,31.20477294921875,46.25442153306283
2012-07-12,30.62122917175293,31.20761444266908,30.41251673413657,30.511904421618752,11300700,31.210452216012136,43.8175129055958
2012-07-13,30.531782150268555,30.879638128081,30.37276259966788,30.849823147132483,8108300,31.142301286969865,33.841901220536315
2012-07-16,28.076913833618164,30.313128209747045,28.037158001457914,30.313128209747045,24672100,30.685119901384628,28.078256276075777
2012-07-17,27.91789436340332,28.41483089262636,26.98365315767853,28.30550424958532,30438600,30.168305805751256,17.925697347576502
2012-07-18,28.9316463470459,29.110543807111707,27.977527191915744,28.136546735160355,16841800,29.733842032296316,30.40200744546634
2012-07-19,28.82231903076172,29.31925556577485,28.454585160760526,29.22980683781949,13685100,29.38314710344587,33.611106520650935
2012-07-20,28.583789825439453,29.28943879780769,28.544033992575777,28.82231913563417,11869100,29.069367817470006,33.70473522713908
2012-07-23,28.573850631713867,28.822318898076595,27.83838479075968,27.94771143457126,12390700,28.776885168892996,35.2769572455706
2012-07-24,28.27568626403809,29.26955921678934,27.9278303514427,28.64341819498521,11539800,28.454585756574357,29.569079162174262
2012-07-25,29.160236358642575,29.30931694171351,27.907956048654327,28.21605617308925,17230200,28.60934611729213,35.51022635530667
2012-07-26,26.685489654541016,28.05703352063822,26.566224063911488,27.57997494944461,64597400,28.433288301740372,24.530264686421376
2012-07-27,23.564727783203125,24.389644188247303,22.143490993814915,23.047915266908458,123102300,27.666585649762833,15.55377293354671
2012-07-30,23.008161544799805,23.892709879737964,22.888897836138742,23.85295404640929,29285900,26.835991723196848,15.733141865386543
2012-07-31,21.576984405517575,23.22681551956962,21.47759861059925,23.22681551956962,56179400,25.835019520350865,14.602475793659664
2012-08-01,20.7520694732666,21.447781400839585,20.71231553505065,21.36827162874517,44604400,24.717622212001256,13.890932833258574
2012-08-02,19.91721534729004,20.712312969758557,19.698562079364503,20.64274216475034,56374500,23.523554938180105,13.172434659095387
2012-08-03,20.960783004760746,22.024226876553158,19.778073531576105,20.235256125306798,80647000,22.35220445905413,22.62999297501817
2012-08-06,21.78569984436035,22.014290217264588,21.169497648202604,21.258946384671678,27778900,21.652234486171178,27.563666135458377
2012-08-07,20.59305000305176,22.312451911221387,20.374398602922312,22.063983635575998,36782900,21.227709089006698,19.885165056804382
2012-08-08,20.59305000305176,21.02041574046784,20.09611345176097,20.58311104454644,29537400,20.882693154471262,20.043442319156597
2012-08-09,20.88127326965332,21.040292807993083,20.483724423803917,20.6228660459356,15610700,20.783305849347794,22.062029295201356
2012-08-10,21.67637062072754,21.686309578675395,21.000536645572456,21.278821781125256,25794700,20.915348870413645,26.330165194916148
2012-08-13,21.46765899658203,22.31245149723453,21.268883621488808,22.014288434594693,24973100,21.1368408203125,26.49281612923575
2012-08-14,20.2551326751709,21.467659054307543,20.12593000797661,21.27882263702746,39308800,21.036033630371094,19.93289310668645
2012-08-15,21.07011032104492,21.27882276056956,20.275010709580265,20.513540024320918,47861100,20.933806555611746,28.647034436860494
2012-08-16,19.74825668334961,20.35451790401481,19.569359246029236,20.314763971089302,157565300,20.813121795654297,33.187406229330094
2012-08-17,18.933279037475582,19.956968863725677,18.883586147982623,19.887398060170643,129293400,20.576011657714844,32.44863354129113
2012-08-20,19.887401580810547,20.00666529497164,18.63512120814378,18.93328238920905,101186600,20.434029987880162,42.410730808614595
2012-08-21,19.04260635375977,19.857581902981902,18.973035547703574,19.46003308575919,70640600,20.057777949741908,42.33512170316528
2012-08-22,19.320894241333008,19.41034297497929,18.843833696665325,19.241384466498825,49892200,19.75109727042062,47.185759462564704
2012-08-23,19.320894241333008,19.60911646423348,19.241384466498825,19.380526098543008,32813700,19.617634637015207,41.41521958451518
2012-08-24,19.29107666015625,19.559422851291885,19.13205711629717,19.400403307432804,29622200,19.363486971173966,35.75484453634061
2012-08-27,19.03266716003418,19.41033995345274,18.98297426937176,19.37058412439299,20704000,19.26125989641462,40.025423836273
2012-08-28,19.221508026123047,19.261261968764103,18.83389808097486,18.982978683288568,25417000,19.3024354662214,41.439249617191685
2012-08-29,18.98297500610352,19.26125823767291,18.953158133151504,19.20162638743123,16124700,19.17323166983468,38.07744012634915
2012-08-30,18.97303581237793,19.33083070070077,18.94321893979692,19.151933256539348,30647500,19.163293021065847,31.1635109625212
2012-08-31,17.94934844970703,18.58542855091236,17.91953346861133,18.565550633073507,58764200,18.967357907976425,27.985155141564633
2012-09-04,17.621368408203125,18.15806075557777,17.44247095907824,17.969224348650133,46622400,18.72456850324358,31.468604482317033
2012-09-05,18.466163635253903,18.635122151924527,18.068614741812045,18.158063479794297,60781800,18.60672378540039,31.75495945303018
2012-09-06,18.843828201293945,19.14199119171665,18.605298946352985,18.62517685818024,46066500,18.579746791294642,42.6966222911962
2012-09-07,18.86370849609375,19.30101313322603,18.66493503969708,18.982974086461557,36371700,18.52863257271903,49.35544078661144
2012-09-10,18.69474983215332,19.082361575299657,18.436342635276507,18.943218071958466,24797800,18.487457547869003,37.068973004808896
2012-09-11,19.310955047607425,19.46003563665017,18.73450871315627,18.80407952833205,50508200,18.535731724330358,53.06124491612973
2012-09-12,20.8017635345459,21.030353884325816,20.15574642202497,20.63280503782543,121584000,18.943219593593053,63.23263332133468
2012-09-13,20.58310890197754,21.348391566263363,20.483723118594803,20.831577151758992,65041600,19.36632537841797,60.85463316954816
2012-09-14,21.865203857421875,21.9447136138042,20.77194328541836,21.000533598059768,72819800,19.851902553013392,68.21371734825861
2012-09-17,21.388147354125977,22.610610685690048,21.36826943922356,22.531100921742684,50667600,20.215376717703684,66.16642536045389
2012-09-18,21.736003875732425,21.845328619356025,21.23906736357785,21.467657704209987,36760500,20.625704629080637,66.88915308261122
2012-09-19,23.14730262756348,23.22681239018317,21.636615242127014,21.85526661541561,78782800,21.261783599853516,74.16377749253107
2012-09-20,22.45159339904785,23.097610532567263,22.40190050249347,22.878959133800496,57248900,21.710446221487864,68.69659407684793
2012-09-21,22.719940185546875,23.097611137981836,22.461532946233465,22.82926493996454,51218100,21.984471457345144,77.90697778210193
2012-09-24,20.66262435913086,21.845332080572327,20.2352585876593,21.646558581613856,79106500,21.99583080836705,64.79692913149076
2012-09-25,20.155744552612305,21.080044824124933,20.09611080942136,21.07010776258869,46291700,21.751622336251394,58.49998378354624
2012-09-26,20.4936637878418,20.65268332933138,19.678686268129592,20.02654222601148,38271900,21.62383896963937,58.33335741848766
2012-09-27,20.195499420166016,20.871333375635423,20.036479888957015,20.861394417977067,30215900,21.403766904558456,56.542968091127506
2012-09-28,21.52728843688965,21.815512508888663,20.374395940218093,20.443966745000683,65486000,21.172336305890763,62.48903788728172
2012-10-01,21.855268478393555,22.451592696704022,21.59686125393694,21.944717205923247,51262700,21.08714703151158,61.51077814393809
2012-10-02,22.13355255126953,22.35220393264736,21.68630893519859,21.94471614718821,29341400,21.00337736947196,56.76766783887188
2012-10-03,21.69624900817871,22.352205081694905,21.66643213368709,22.163368667906173,32000100,21.151038033621653,55.53360635717221
2012-10-04,21.815513610839844,22.26275533374579,21.278821268557884,22.183245567740578,46892100,21.38814789908273,49.72068967735433
2012-10-05,20.78188705444336,21.497475027594955,20.75207017802192,21.358333395620008,40529300,21.42932265145438,46.79286350960653
2012-10-08,20.27500915527344,20.62286509014326,20.03647985881873,20.27500915527344,32236700,21.440681185041154,42.39917154976794
2012-10-09,20.10605239868164,20.424091488018497,19.847645164679815,20.26507194335007,27161800,21.237647465297155,31.829000873170145
2012-10-10,19.51966857910156,19.817831669437748,19.33083404045089,19.80789271019361,39321800,20.90399033682687,32.25032060142125
2012-10-11,19.62899398803711,19.837706431915947,19.48985235878455,19.758196658676983,21817300,20.546196256365096,30.920252332949545
2012-10-12,19.4004020690918,19.678685305250934,19.36064623783342,19.628992411840336,18809400,20.218218122209823,39.93659351969231
2012-10-15,19.4004020690918,19.75819507210531,19.37058519564801,19.55942160280055,20189700,19.873202187674387,43.44828886908759
2012-10-16,19.360645294189453,19.569359606798372,19.18174785357103,19.55942064946821,21834700,19.670167650495255,39.63633990923675
2012-10-17,19.758195877075195,20.354520100609093,19.25132227751695,19.38052494304578,44074500,19.596337182181223,46.07143530298747
2012-10-18,18.86370849609375,19.66874696583636,18.77425977723346,19.57929824697607,52157400,19.418859481811523,24.031028510242507
2012-10-19,18.88358688354492,18.943218732391724,18.684811526505847,18.88358688354492,34835000,19.327990668160574,19.175267359101042
2012-10-22,19.201629638671875,19.31095629567821,18.93328342365414,19.08236591799465,32447300,19.266938618251256,19.836471925352
2012-10-23,19.380525588989254,19.678686762862547,18.9829767252707,19.132057312207344,78381200,19.26409912109375,24.83805745209284
2012-10-24,23.087671279907227,24.10142228026284,22.710000342184284,23.98215667612469,228949900,19.790851865495956,57.76698565585081
2012-10-25,22.42177391052246,23.16717864593828,22.33232519061958,23.14730262703052,76142000,20.228155953543528,60.48280962751571
2012-10-26,21.805574417114254,22.739813683648,21.745940671509043,22.26275509278026,73175800,20.520638602120535,59.649121119372396
2012-10-31,20.98065948486328,21.368269345447843,20.60298668602401,20.69243540703004,99378200,20.823060171944753,55.092581280993876
2012-11-01,21.080047607421875,21.308639861844764,20.881274124193823,20.95084493810677,37713900,21.13684027535575,59.631880402338545
2012-11-02,21.050233840942383,21.557109380234667,20.94090718668445,21.12974361794925,38344400,21.40092658996582,58.85997548206517
2012-11-05,21.119802474975582,21.34839282327517,20.79182444177893,20.970721895461185,31806700,21.649394716535294,60.93551925401849
2012-11-06,21.040292739868164,21.23906810998048,20.861395285899565,21.10986355070875,29062700,21.356912067958287,60.32540254988893
2012-11-07,20.344581604003903,20.8216421310529,20.245195810878588,20.72225444226509,33396800,21.060170309884203,55.722553560818795
2012-11-08,19.867521286010746,20.602987087544907,19.857582328409457,20.394274664904906,34254600,20.78330557686942,50.630007702805386
2012-11-09,19.092300415039062,19.87746103587404,19.012790646722063,19.83770520388434,42295500,20.51353999546596,51.33566271150853
2012-11-12,19.947031021118164,20.046418701319013,18.754384545694982,19.032667775462563,67349200,20.351680483136857,55.66137609117487
2012-11-13,19.738319396972656,19.9867876596912,19.440156344312967,19.48985113425412,71775100,20.164264133998326,52.890785075502734
2012-11-14,22.22300148010254,22.362143097206538,19.807889722298256,19.976848212636977,229751000,20.321863991873606,62.26415218557741
2012-11-15,22.034162521362305,22.36214050629481,21.51734815248013,22.20312099212524,78857700,20.46384538922991,43.47288457420635
2012-11-16,23.415647506713867,23.78338135327875,22.044103591579947,22.113674398741928,107182200,20.90256908961705,55.656113312440255
2012-11-19,22.779571533203125,23.972220011749624,22.680183844047164,23.81319857170259,85021300,21.31857626778739,55.53048489525812
2012-11-20,22.958465576171875,23.75356317970922,22.560916774403204,22.59073174974697,46655300,21.870885576520646,62.1193690176876
2012-11-21,24.17099380493164,24.379708144406823,22.90877449645858,23.077733001495623,89862400,22.474308831351145,66.66668037947736
2012-11-23,23.852954864501957,24.528788888968847,23.733689256087928,24.42940119790092,29520900,23.062113898141043,64.6569635371584
2012-11-26,25.78106689453125,25.93014746969954,24.657989310561224,24.787193865859475,123865000,23.570408957345144,70.4090537765909
2012-11-27,25.989782333374023,26.33763831286513,25.304009333310123,25.880457576597596,85760600,24.13549750191825,71.42857850666404
2012-11-28,26.1984920501709,26.32769470195442,25.59222893291517,25.78106532767162,49205600,24.53304672241211,76.46001747370629
2012-11-29,27.15261459350586,27.351389984983296,25.999721872527036,26.337638900641096,88759700,25.157767159598215,81.56763099722977
2012-11-30,27.82844352722168,27.82844352722168,26.59604125563848,27.09297774719601,127049600,25.853478295462473,88.18419899095954
2012-12-03,26.874330520629883,28.703055347763435,26.814696767563383,27.82844782174304,123526100,26.239669254847936,80.01727032354088
2012-12-04,27.291751861572266,27.58991490106169,26.51653212935688,26.89420303791536,72869200,26.730925968715123,82.14892481183966
2012-12-05,27.54022026062012,27.729056663740547,27.092978542487305,27.57997609102961,58976300,26.982233592442103,77.95195929643084
2012-12-06,26.80475807189941,27.579979808412237,26.655677479094567,27.51040899148081,46001500,27.09865869794573,73.71548540224327
2012-12-07,27.321571350097656,27.6097954596336,26.6755542128451,26.9041445713762,51751900,27.259098597935267,71.24330826593447
2012-12-10,27.66942596435547,27.997403996222644,26.93396013215824,27.00353094260545,50608500,27.332928793770925,77.45541279310352
2012-12-11,27.80856704711914,28.066974263538597,27.490527979422083,27.89801577186673,77099100,27.33008929661342,77.35432077463226
2012-12-12,27.41101837158203,27.967586743282016,27.20230594306793,27.82844512427262,46704200,27.406758989606583,70.12350078257123
2012-12-13,28.06697654724121,28.57385206349931,27.26193985467248,27.420959401459815,81051600,27.517505373273575,75.11854036579984
2012-12-14,26.645734786987305,28.156422212592087,26.596041894902044,28.007341640673975,91631600,27.389721734183176,55.48549740653896
2012-12-17,26.586105346679688,26.83457362094772,26.15873961163267,26.60598326358013,57742500,27.358485630580358,53.8560454114114
2012-12-18,27.54022026062012,27.73899562134292,26.73518365145119,26.7948155014031,60512900,27.389721189226425,57.9132624754599
2012-12-19,27.2420597076416,28.047096334317963,26.78487902196393,27.65948645770756,61390300,27.32866886683873,50.57177128758334
2012-12-20,27.192367553710938,27.43089686085512,26.96377530899314,27.32157021754063,35574800,27.24064036778041,45.58011672127569
2012-12-21,26.09910774230957,26.844512564705703,25.95996611540762,26.496656601788345,54555200,27.053224563598633,44.71542284158492
2012-12-24,26.76500129699707,26.794816275002656,26.03947443203794,26.337635586068096,28230100,26.86722809927804,46.52687596788674
2012-12-26,26.34757423400879,27.01346923946088,26.218369678629912,26.864388664199566,33175400,26.824633734566824,42.30769041507889
2012-12-27,25.8903923034668,26.635797094111663,25.36364079796837,26.387328830563376,43481700,26.72524615696498,43.88295476440517
2012-12-28,25.75125312805176,25.95002851603277,24.995909307651534,25.323887370856397,56574800,26.46967942374093,38.93556602315567
2012-12-31,26.45690155029297,26.824633518962237,25.9500260649148,26.03947479149109,60374500,26.357513972691127,41.86665922905009
2013-01-02,27.82844352722168,28.007340967488357,27.25199727284144,27.271875187462683,69846400,26.448381968906947,50.114410999089856
2013-01-03,27.599855422973636,28.29556542989055,27.42095796827252,27.709180170886867,63140600,26.662774494716103,51.108526918264964
2013-01-04,28.583789825439453,28.752748323785188,27.65948756364588,27.838385020207536,72715400,26.92260142735073,52.92134988943551
2013-01-07,29.23974609375,29.607479967495856,28.47446336707785,28.51421920020171,83781800,27.335768835885187,66.05171687319347
2013-01-08,28.88195037841797,29.41864273675196,28.68317690529096,29.32919401036296,45871300,27.763134275163928,63.70108317056181
2013-01-09,30.402576446533203,30.41251540441311,29.309315723354693,29.488213173868207,104787700,28.427609034946986,66.00003198515888
2013-01-10,31.108226776123047,31.257309255277885,30.094477670977454,30.412516754604503,95316400,29.092084067208425,70.66952840291586
2013-01-11,31.525653839111328,31.76418315403952,30.909453582795784,31.08835104290755,89598000,29.620256968906947,72.29040704724935
2013-01-14,30.760372161865234,32.01265055728605,30.432394125795508,31.88344978841417,98892800,30.071759360177175,74.8148364767115
2013-01-15,29.91558074951172,31.51571515469081,29.69692745384641,30.452271238850432,173242600,30.262015206473215,66.45900571049364
2013-01-16,29.667110443115234,30.16404696009987,29.34907137555105,30.02490344629376,75332700,30.323067256382533,67.65328977945069
2013-01-17,29.95533561706543,30.233620776698032,29.84601086150401,29.895703759880785,40256700,30.476408004760742,72.01294168659626
2013-01-18,29.478271484375,30.25349306620995,29.090661641288627,30.124288521406356,49631500,30.344364438738143,69.470368542123
2013-01-22,30.54171562194824,30.700735143979127,29.5577816185088,29.56772057559351,55243300,30.263434273856028,70.57053924571645
2013-01-23,30.631166458129883,31.307000421324776,30.611288542585942,30.90945158875789,48899800,30.135650362287247,66.206883012262
2013-01-24,30.88957405090332,31.297061846224565,30.62122787476619,31.078410459554892,43845100,30.154107775006974,68.9575814278221
2013-01-25,31.346757888793945,31.7343677838231,30.93926818152072,31.21755332667592,54363600,30.358561652047293,66.9511932258464
2013-01-28,32.27105712890625,32.310809167013815,31.61509921291203,31.684670018755977,59682500,30.730554035731725,68.00468469823846
2013-01-29,30.60135078430176,31.873507019574504,30.52183912393489,31.803936212415817,72976500,30.822841916765487,58.83553664460907
2013-01-30,31.048593521118164,31.29706178095009,30.690798620348225,30.790186303413478,87682100,31.047173636300222,53.73133637760751
2013-01-31,30.79018783569336,31.27718542171998,28.56391234428773,28.97140015903781,190744900,31.08266966683524,48.06295872065872
2013-02-01,29.54784393310547,30.829941017278443,29.448456253643155,30.82000205976598,85856700,30.927909306117467,39.05390467053893
2013-02-04,27.93777275085449,29.021094554489856,27.838385064200686,28.881951034909545,92362200,30.50622340611049,35.714298125860466
2013-02-05,28.464523315429688,28.782562385554336,27.86820100677716,28.08685239357226,47948200,30.094475609915598,42.41163337025251
2013-02-06,28.872011184692383,29.11054238355721,28.484401303946232,28.563911071680373,38375900,29.608897617885045,45.910018262902994
2013-02-07,28.474462509155277,28.971399034256283,28.096791584169967,28.93164509799265,34540100,29.305056435721262,42.46712875283308
2013-02-08,28.37507438659668,28.991276502292827,28.33532045094726,28.71299137009741,37708800,28.92312513078962,44.16404714909647
2013-02-11,28.08685111999512,28.504277854521412,27.8681997431146,28.43470704804408,37361800,28.53693417140416,35.85338723540835
2013-02-12,27.20230484008789,27.98746352422793,26.93395867516843,27.500465981779087,93498700,28.20185715811593,31.899258314137228
2013-02-13,27.738994598388672,28.14648236674705,27.14267043387374,27.19236522005297,50164000,28.173460279192245,33.84299581219658
2013-02-14,28.325382232666016,28.45458489647794,27.83838466035581,27.848323618443253,35615800,28.153582981654576,34.708230869879245
2013-02-15,28.146482467651367,28.57384815201353,27.917892137394205,28.34525782175637,33109300,28.049936022077286,27.42109785880676
2013-02-19,28.752748489379883,28.90182907215237,27.94771182587848,28.057036575558325,49396400,28.089691162109375,38.54681106917857
2013-02-20,28.285625457763672,28.87201069574597,28.156422798257125,28.742808036239424,42098200,28.07691274370466,32.923837673836445
2013-02-21,27.11285781860352,28.37507516686377,26.98365325894966,28.10673088077965,49642300,27.93777084350586,29.580584238589395
2013-02-22,26.963775634765625,27.46071217123553,26.65567551293977,27.450775108689086,36350200,27.903695242745535,33.668357216080764
2013-02-25,27.102922439575195,27.470654459570213,26.983656822272987,26.993595781686725,34652000,27.812827791486466,43.51855252184464
2013-02-26,27.22218132019043,27.291752128051897,26.5364103035597,27.192366342914,31611700,27.655227661132812,39.70346510659569
2013-02-27,26.705368041992188,27.17248766426956,26.46683685650769,27.17248766426956,44319700,27.44935417175293,32.36247733484129
2013-02-28,27.08304214477539,27.132735041821903,26.178617769758823,26.67555432287397,83027800,27.210824693952286,38.636395498703806
2013-03-01,27.60979461669922,27.947711612760013,26.64573652384124,26.88426583359078,54064800,27.11427743094308,44.15784067820401
2013-03-04,27.550161361694336,27.888078363816497,27.271878109826076,27.58991719519693,32400700,27.17674936567034,45.75473605375421
2013-03-05,27.35138511657715,28.007341137768208,27.04328312506144,27.709178103623543,40622200,27.23212214878627,51.32274272678503
2013-03-06,27.281816482543945,27.95764857661772,27.182428796583483,27.92783359779329,33532600,27.25767844063895,45.5769654476548
2013-03-07,28.40489196777344,28.50427965286673,27.30169226499645,27.40107995008975,74540200,27.42663710457938,50.69686236408295
2013-03-08,27.788692474365234,28.29556801035635,27.560102103917064,28.25581406994313,44198900,27.58139773777553,47.08741466886568
2013-03-11,27.967586517333984,28.46452303339557,27.659486408161264,27.83838385724941,35642100,27.707761219569615,43.13040959113647
2013-03-12,27.65948867797852,28.14648627620381,27.430898316790373,27.927834873632,27569600,27.714860371180944,44.36495642692553
2013-03-13,26.91408348083496,27.480590844711276,26.755063936436784,27.45077586492568,39619500,27.623992102486746,48.06201550387594
2013-03-14,26.874330520629883,27.261940437249283,26.66561617622228,26.93396237803381,27646400,27.55584144592285,49.1089435504006
2013-03-15,26.48671531677246,26.894203098902626,26.397266594289025,26.8643881218497,31597400,27.442255565098353,44.150876852484856
2013-03-18,26.327695846557617,26.625858887398245,25.62204691832656,26.208432146751232,26653700,27.14551326206752,41.57302926604523
2013-03-19,26.387327194213867,26.735183120742462,26.049410225090345,26.367451175066,25254200,26.9453182220459,46.7212931017871
2013-03-20,25.70155906677246,26.526473666968126,25.62204929430767,26.516534708452216,44006500,26.621600014822825,36.60883819082918
2013-03-21,25.582294464111328,25.9500283609802,25.403396995129853,25.502784688526518,24336100,26.32485798427037,28.66104637344145
2013-03-22,25.572355270385746,25.850640430208504,25.472967577901716,25.64192608642579,18456300,26.133182525634766,28.964020510556793
2013-03-25,24.976030349731445,25.64192540737893,24.926337452636677,25.59223251028416,39199000,25.861996786934988,26.705615028476203
2013-03-26,25.0555362701416,25.323882422784628,24.87664073070847,24.926333620162858,26957200,25.657542637416295,28.210013583131555
2013-03-27,25.93014907836914,26.118985496317386,24.56854211052521,24.846827258256173,52297400,25.6007502419608,24.539845278125725
2013-03-28,25.42327308654785,26.00965835023372,25.363641233058807,25.930148580360843,28585700,25.46302822657994,25.104557322144146
2013-04-01,25.373580932617188,25.73137395966792,25.12511265754689,25.472966726115303,22249300,25.4161742074149,21.935493190260004
2013-04-02,25.264253616333008,25.959965526382195,25.14498801336424,25.6121095713576,35153300,25.370739800589426,22.921337751160394
2013-04-03,26.089170455932617,26.228312091752223,25.54254097607336,25.67174365281119,48195200,25.444570541381836,40.83887388719385
2013-04-04,26.904142379760746,27.063161911494923,25.950025189355653,26.45690065763174,82016800,25.720015117100306,50.28244483380754
2013-04-05,27.22218132019043,27.629669105375303,26.44696158040572,26.695429834575144,64566600,26.029535838535853,57.06107527228272
2013-04-08,26.685489654541016,27.033345573576373,26.46683638766392,27.02340661638539,27256000,26.137441635131836,53.20284533453442
2013-04-09,26.427082061767575,26.725243190416357,26.25812358335668,26.417143104724325,21311100,26.28084291730608,50.343642328398914
2013-04-10,27.401079177856445,27.669425351346927,26.73518417085916,26.844510810946915,45949400,26.570485523768834,63.99342415636284
2013-04-11,27.84832191467285,27.927831678845543,27.08303924972176,27.31162958476046,33368500,26.939638137817383,67.70183170333479
2013-04-12,27.23212242126465,27.828446657340148,27.073102877732847,27.828446657340148,28697400,27.102916990007675,61.843964912739125
2013-04-15,26.35751342773437,27.311630634477982,26.198493893277107,26.99359156556345,30275400,27.02482713971819,59.481579322866786
2013-04-16,26.755062103271484,26.94389851017933,26.23824767155652,26.64573546311499,27365900,26.958095823015487,61.176484754646665
2013-04-17,26.46683692932129,27.03334612682764,26.228307638842857,26.486714844110065,26440600,26.92685971941267,53.82433650149028
2013-04-18,25.53260040283203,26.65567616879552,24.995908020321384,26.65567616879552,39059000,26.799076625279017,50.734321413426834
2013-04-19,25.572355270385746,25.80094563613521,25.1748063961122,25.46303051474962,20380900,26.537830352783203,51.336897023715615
2013-04-22,25.810884475708008,26.19849628503876,25.54254017160217,25.651864926733232,25687600,26.246767861502512,53.613672723751336
2013-04-23,25.82082176208496,26.168677713810418,25.612109328447147,26.059351070097797,25191500,26.0451534816197,48.01175772307171
2013-04-24,25.950027465820312,26.23824968149941,25.641925437352548,25.77113000301,19729900,25.986941201346262,42.13117193597982
2013-04-25,25.97984313964844,26.23825038220169,25.840701507374597,25.910272323511517,17150000,25.876195635114396,39.2427089605804
2013-04-26,26.685489654541016,27.45077229728635,26.43702141175323,26.43702141175323,33018000,25.907431738717214,50.0
2013-04-29,26.814695358276367,27.242061087812576,26.69543164973659,26.9935928167485,29201100,26.09058816092355,53.33335957754692
2013-04-30,27.599855422973636,27.679365192211637,26.84451166738139,26.96377537340718,36245700,26.380231039864675,51.7668005069702
2013-05-01,27.261938095092773,27.74893566265432,27.14267249486882,27.679364852383014,64567600,26.5875244140625,44.684692223427106
2013-05-02,28.79250144958496,28.84219623926411,27.808567361886567,27.838384235694058,104257000,27.012050083705358,62.13291498559332
2013-05-03,28.13654518127441,28.891888917802486,27.977525646811912,28.862073939879757,58506400,27.32440975734166,64.32000162126258
2013-05-06,27.401079177856445,28.28562556936689,27.31163045335962,28.156422909350564,43939400,27.527443477085658,54.93171440993835
2013-05-07,26.72524642944336,27.67936556894809,26.68549249211449,27.381202508500536,41259100,27.533123016357422,51.862484036067144
2013-05-08,26.953840255737305,27.132735827683707,26.486718669055534,26.7153090351503,34654900,27.553000858851842,61.403518974517496
2013-05-09,26.874330520629883,27.381204152057144,26.685494093911107,26.91408446034498,33457200,27.449354444231307,60.38036026895471
2013-05-10,26.516530990600582,27.1327311668904,26.407204357916616,26.97371164425676,30847100,27.342867715018137,55.5209639100796
2013-05-13,26.65567398071289,27.16254944625537,26.367451791872465,26.43702259967317,29068800,27.037606648036412,56.402422167294986
2013-05-14,26.904142379760746,27.11285669995082,26.65567412446829,26.7252449326442,24930300,26.86154910496303,57.18559786301325
2013-05-15,26.43702507019043,26.82463497596612,26.238249690188145,26.755064161664077,30299800,26.72382708958217,53.23033772220992
2013-05-16,25.96990203857422,26.387328796624963,25.74131169136277,26.31775798622691,35499100,26.615920748029435,44.76745645613984
2013-05-17,26.089170455932617,26.43702644114424,26.039477556186363,26.238251050833995,29462700,26.49239649091448,44.68707155379805
2013-05-20,25.6021728515625,26.02953861404382,25.532602033607425,26.019599654955577,42402900,26.310659681047714,34.703238494943605
2013-05-21,25.50278091430664,25.920207648266533,25.43321010792371,25.711495229117737,26261300,26.16583824157715,36.01897516293425
2013-05-22,25.00584602355957,25.69161896535048,24.7673167167763,25.49284359519988,45314500,25.93014853341239,13.988764004182215
2013-05-23,24.906457901000977,25.373579443951147,24.618235704573905,24.6480506826091,37663100,25.644765036446707,15.644931464164458
2013-05-24,24.16105079650879,24.81700678948824,23.932460473792784,24.81700678948824,58727900,25.319625854492188,15.611917528912102
2013-05-28,23.952342987060547,24.389647698239774,23.77344551904802,24.389647698239774,50079700,25.031403132847377,17.330337078651795
2013-05-29,23.1771183013916,23.664115849053708,23.11748645154747,23.644239829547217,64237800,24.61539568219866,10.580978120650286
2013-05-30,24.39958381652832,24.62817606994882,23.783383556862177,23.982157039218595,60733200,24.44359724862235,29.145758527466995
2013-05-31,24.20080947875977,24.797133696076088,24.121299709495087,24.47909272335493,35925000,24.25760132925851,29.94842202443975
2013-06-03,23.703872680664062,24.1709923328889,23.56472916426711,24.12129943853011,35733800,24.071605137416295,25.931978493593576
2013-06-04,23.37589454650879,23.783382344580943,23.17711917862181,23.743626512738587,34760800,23.852953229631698,21.600053796325625
2013-06-05,22.759693145751957,23.56472980951478,22.650368396036605,23.206936789877112,53819700,23.652759279523583,21.093792870591585
2013-06-06,22.82926368713379,22.948529289372782,22.531102525029947,22.849141603450693,31260700,23.492319379534045,23.66671048620816
2013-06-07,23.14730262756348,23.25662736637664,22.71993694260927,22.888895425133903,38699200,23.488059997558597,26.129022073426214
2013-06-10,24.180931091308597,24.44927726822098,23.84301410460316,23.91258491439621,58393000,23.45682389395578,39.40739165442232
2013-06-11,23.882768630981445,24.20080768446007,23.852951758844466,23.882768630981445,29885900,23.4113894871303,38.27338955901141
2013-06-12,23.624361038208008,24.111358567808555,23.43552464243236,24.011970891312835,26445800,23.40003068106515,39.64231985859822
2013-06-13,23.584606170654297,23.683993851201063,23.12742549406644,23.574667213033383,31189300,23.429846627371653,39.99999999999999
2013-06-14,23.485219955444336,23.74362718272405,23.117487978838067,23.4156491434195,30677100,23.533493314470565,44.333356575852385
2013-06-17,23.872833251953125,24.10142361894701,23.60448704948418,23.76350660005928,33664500,23.682574680873326,49.35275251750485
2013-06-18,24.061664581298828,24.53872506519856,23.932461924524567,23.94240088207064,36709100,23.81319781712123,57.960638049885105
2013-06-19,24.16105079650879,25.035660050922854,23.95233838767997,24.051726061453685,31790600,23.810357775006974,47.309375747634675
2013-06-20,23.75356674194336,24.59835925718107,23.5050984666183,24.13123958200845,42765600,23.791900362287247,45.182007216181304
2013-06-21,24.37970733642578,24.54866583586328,23.90264681729125,24.439339190444173,45833900,23.89980697631836,57.08335332405763
2013-06-24,23.79332160949707,23.962280105682,23.236751330498212,23.80326056758588,40626000,23.929623467581614,54.15020632319923
2013-06-25,24.10142135620117,24.280318807718132,23.892708926539648,23.992094714571387,24713200,24.017652239118302,64.2105429020009
2013-06-26,24.011972427368164,24.498969988122138,23.843013935215776,24.35982836952454,29890300,24.037529264177596,62.473808381961504
2013-06-27,24.508909225463867,24.68780667750793,24.06166559535371,24.09148246924852,34694100,24.101421356201172,63.83840404571431
2013-06-28,24.72756004333496,24.82694772502944,24.27037936146768,24.52878657560837,96778900,24.18235124860491,56.65859215376669
2013-07-01,24.65799140930176,24.906459687617836,24.46915688265856,24.81701095577105,20582200,24.311554772513254,60.00004920799735
2013-07-02,24.26044273376465,24.61823766396332,24.151116083834488,24.54866684879414,18394100,24.294516972133092,57.9208508697759
2013-07-03,24.369770050048828,24.55860458333926,24.00203615110479,24.07160696817628,10404400,24.37686674935477,59.61077989704972
2013-07-05,24.220685958862305,24.50890814448366,24.0517274722352,24.498969186957087,20229500,24.393904549734934,58.894242302340956
2013-07-08,24.558603286743164,24.88658322818572,24.270381074712198,24.32007397123607,27064600,24.47199467250279,58.39414797323706
2013-07-09,25.32388687133789,25.333825830107152,24.87664510069643,24.91639904011092,30387900,24.588420050484793,63.53948942731208
2013-07-10,25.641923904418945,25.671740778325645,25.313945874094838,25.423272516090336,26721800,24.719043459211075,65.17314968262409
2013-07-11,25.65186309814453,25.840699509964363,25.29407008628778,25.80094367772338,26777400,24.86102512904576,71.17514846479996
2013-07-12,25.75125312805176,25.771131045982376,25.39345818795097,25.582294616966674,16537900,25.073998042515345,67.3366819632545
2013-07-15,26.11898422241211,26.26806479955802,25.49284314447194,25.77112827863006,24234000,25.323885781424387,81.11701191020016
2013-07-16,26.15873908996582,26.58610481649016,25.8506389668032,26.228309902067465,30817600,25.600750514439174,79.6561555740685
2013-07-17,26.48671531677246,26.615919869542896,26.138859384410477,26.20843208741273,21518500,25.876195090157644,83.37800960273964
2013-07-18,26.01959609985352,26.605981336302648,25.959964249134284,26.58610342084212,24806900,25.975582122802734,70.54055049354798
2013-07-19,25.721435546875,25.95002780549284,25.443152286116387,25.66180369037852,46539700,25.986940928867885,63.22755392414446
2013-07-22,25.8903923034668,25.969902071975756,25.56241427140955,25.83076045100068,27526300,26.02101652962821,65.97936563600362
2013-07-23,25.96990203857422,26.138860533396244,25.810882501760837,25.940087060210715,28221600,26.052252088274276,74.15727732558359
2013-07-24,26.34757423400879,26.3674521495536,25.89039165479007,26.15873782765786,82635600,26.08490780421666,75.97908322764877
2013-07-25,34.14948272705078,34.66629723039829,32.54934631677441,33.33450703097497,365457900,27.22644260951451,93.32179095116963
2013-07-26,33.8016242980957,34.51721418217306,33.35438441187255,33.56309686428671,136028900,28.2714296068464,90.29462608604548
2013-07-29,35.21292495727539,35.41170033961023,33.8016231548906,33.86125690698857,124718800,29.58476230076381,90.81213945906698
2013-07-30,37.39944076538086,37.72741687261276,35.10359284945964,35.431572748016016,173582800,31.253048760550364,92.0397979413588
2013-07-31,36.57452392578125,38.07527420851287,36.10740621579758,37.72741640003842,154828700,32.779353278023855,86.9039459360949
2013-08-01,37.26030349731445,38.05540120432835,36.69379235278432,37.07146518536277,106066500,34.39226777212961,87.4030885460477
2013-08-02,37.81686782836914,38.25417438564794,37.27023842309535,37.429257955380905,73058500,36.03073828560965,87.55582493535415
2013-08-05,38.94988632202149,39.07909088957099,38.01564695136178,38.19454441679184,79994800,36.71651022774832,88.3720818457018
2013-08-06,38.31380844116211,39.00952039111582,37.70754522464995,38.8703787593901,63950800,37.3611079624721,84.83606193589037
2013-08-07,38.63183975219727,38.70141055403575,37.46901024319044,38.37343445841498,68854800,37.84952436174665,87.47783335215028
2013-08-08,38.30387115478516,38.94988641136435,38.19454450440212,38.89025645030095,41301000,37.97872870309012,87.32313882753374
2013-08-09,38.26411437988281,38.502645592252094,37.77711489231949,38.35356311060567,43532300,38.22009876796177,86.98753959940707
2013-08-12,37.9858283996582,38.26411163468656,37.86656090636772,37.96595048410979,31161000,38.32374518258231,85.49619232451771
2013-08-13,36.79317855834961,38.08521268756195,36.54471031075783,38.00570481982136,65379200,38.177503858293804,79.43977342280847
2013-08-14,36.42544937133789,37.31993285559692,36.39563060126852,36.60434682645467,48423900,37.81687000819615,61.041463482340276
2013-08-15,36.33600234985352,36.84287596893357,35.79930995930402,36.1372269691324,56521100,37.53432628086636,62.61130266351916
2013-08-16,36.85281753540039,37.26030536765735,36.67392006842659,36.74349088432472,45840800,37.280180249895366,58.95767956491841
2013-08-19,37.578346252441406,38.04546406834061,36.91244925120699,37.2006733829551,57609600,37.17653383527483,51.16284605325601
2013-08-20,38.17465972900391,38.343620101422346,37.45906999419528,38.11502598732838,57995200,37.16375459943499,60.719071630156705
2013-08-21,38.08521270751953,38.61196417946627,37.91625611890439,38.14484645184966,46116900,37.177952357700896,56.00577456425533
2013-08-22,38.31380844116211,38.5125838256239,38.10509599357353,38.13491097427901,21931200,37.39518519810268,53.799434649257364
2013-08-23,40.301551818847656,40.38106348347197,38.69147852345382,38.76104933433767,86442300,37.948914119175505,59.13980380675758
2013-08-26,41.08671569824219,41.68303806482663,40.371125825280735,40.649412882168605,94162400,38.6275874546596,68.37950580461867
2013-08-27,39.39712905883789,40.94757245898487,39.17847576371685,40.43075799226921,72695100,38.99106052943638,54.292129042858775
2013-08-28,40.301551818847656,40.59971297853913,39.63565868858086,39.71516656188032,57918200,39.38008989606585,60.52354051386254
2013-08-29,41.02708053588867,41.52401708808238,40.55002190074171,40.63947063178958,58303400,39.78757858276367,63.574217542065746
2013-08-30,41.037017822265625,42.00107207160435,40.808427483089446,41.76254467043124,67735100,40.2092650277274,65.39619281318129
2013-09-03,41.61346435546875,41.90168845552146,41.25566944386192,41.583649376609806,48774900,40.68064444405692,75.93585785379226
2013-09-04,41.524017333984375,41.91162724037886,41.18610032483853,41.752607694388175,42581900,40.85528237479074,78.28005604557109
2013-09-05,42.398624420166016,42.50795106294536,41.51407800687834,41.53395592295866,50035400,41.04269790649414,80.93306011673464
2013-09-06,43.68072509765625,44.33668121594632,42.14022249469133,42.82599359384567,117535700,41.654640197753906,82.3142085786077
2013-09-09,43.77016830444336,44.51557306252452,43.43225132912691,44.088207364585344,75794700,42.15015683855329,81.18117191255007
2013-09-10,43.33286285400391,43.988818906125054,42.96513089224691,43.96894478177041,54540300,42.47955431256975,76.39878051827974
2013-09-11,44.764041900634766,44.81373479355845,42.84586666144772,43.12414989488013,72328300,43.01198632376535,80.05365943254209
2013-09-12,44.47582244873047,45.3404910079504,44.37643665252592,45.251042274836266,68072300,43.420894622802734,77.5800808961753
2013-09-13,44.038516998291016,44.80379971544203,43.66084417096295,44.76404388281279,52765300,43.78010886056082,69.42149645104081
2013-09-16,42.249542236328125,44.664654082517245,42.17003436278386,44.57520535520191,70424200,43.75881140572684,55.47238030267671
2013-09-17,44.793853759765625,45.16158569139062,42.17002976627749,42.23960056979237,91934600,43.91782978602818,73.50647727926028
2013-09-18,44.952880859375,45.19141207687133,44.127968139488914,44.56527094835292,79317000,44.08678872244699,71.66667258983375
2013-09-19,45.69828414916992,45.76785496205116,44.952879332878126,45.23116258440308,63972400,44.42470605032785,71.71903711218795
2013-09-20,47.199031829833984,47.30835467834466,45.45975402855184,46.03619841405934,115508400,44.772561754499165,75.16233740946166
2013-09-23,46.90087127685547,47.2586662074985,46.00638774157297,46.99032000951623,75177000,45.118997301374165,72.09303141086868
2013-09-24,48.15314483642578,49.35573018728346,47.86492077309892,48.21277478654555,136716100,45.70680127825056,75.24601185924185
2013-09-25,49.156959533691406,49.23647119654162,48.16308649601228,48.92836918998418,87879700,46.69357517787388,75.48725031109963
2013-09-26,50.08126068115234,50.28997310464245,49.196714303320746,49.70358787341453,98220100,47.448919023786274,74.80737954568306
2013-09-27,50.92605972290039,50.96581176581399,49.5545137722679,49.9818795120206,81410500,48.30223029000418,76.20087982765482
2013-09-30,49.92224884033203,51.28385402073883,49.49488307421543,49.8328001034396,100095000,48.90565381731306,73.16563751073545
2013-10-01,50.1110725402832,50.71733564907029,49.14701835262985,49.663832743869264,98114000,49.32165963309152,70.59723354518957
2013-10-02,49.9719352722168,50.78691086226924,49.64395914028095,49.82285659090951,62834000,49.760383061000276,71.41750316110314
2013-10-03,48.8786735534668,50.40923885552067,48.759409857208894,50.16077061004405,82045000,49.864030020577566,67.94398862281275
2013-10-04,50.72727966308594,50.84654336347389,49.26628511586602,49.46506047739572,74447000,50.08836146763393,81.29129673726207
2013-10-07,50.2104606628418,50.97574327061287,50.091196973325005,50.41917306732727,57204000,50.106818607875276,73.51164860100549
2013-10-08,46.851173400878906,50.28997312876154,46.791543446324376,50.28997312876154,136081000,49.524691990443635,56.44833489781945
2013-10-09,46.48344039916992,47.54688419978326,44.98269005460932,47.08970353231529,147297000,49.033433641706196,52.737343060008655
2013-10-10,48.74946975708008,49.37561080692146,47.53694727853003,47.57669931701352,99774000,48.83891895839146,55.13157004291733
2013-10-11,48.80910110473633,49.56444287737164,48.491062064539946,48.87867190782151,58428000,48.67279979160854,56.41709617838268
2013-10-14,49.20665740966797,49.32592491601957,47.61646190489805,48.014012676753104,68781000,48.71965462820871,53.75889050039416
2013-10-15,49.19671630859375,50.68752589370265,48.87867723374317,49.683715774578914,81167000,48.501002720424104,50.1526788680844
2013-10-16,50.82666778564453,50.926057366642524,49.59426731186822,49.73340893394056,64678000,48.589032309395925,52.71543189769509
2013-10-17,51.890113830566406,51.90005468474471,50.637835388176526,50.8067919959575,71522000,49.308880942208425,53.45686932423615
2013-10-18,53.88779830932617,54.494061480095695,53.27159428485479,53.84804247716837,88260000,50.36664635794504,63.27344305230774
2013-10-21,53.52006530761719,54.47418637196165,53.182148299507176,54.3449818064512,58235000,51.04816000802176,61.27549754806155
2013-10-22,52.357234954833984,54.42448902121854,51.880176324129856,53.99712707833097,83204000,51.55503627232143,57.38917047848593
2013-10-23,51.58201217651367,51.92986622320138,50.81672948247594,51.43292970431907,57207000,51.8943726675851,58.542719140858
2013-10-24,52.12864303588867,52.51625292476332,51.27391159307543,52.05907222462014,46775000,52.313219342912944,54.82546648973941
2013-10-25,51.63171005249024,52.91380730484427,51.56213923643925,52.85417355194694,45085000,52.42822538103376,54.90065368005458
2013-10-28,49.92224884033203,51.38324361246668,49.306048536920414,51.224224057027385,73472000,52.147101811000276,61.94898057324425
2013-10-29,49.09732818603516,50.47881106263399,48.94824571807968,50.41917731718687,102143000,51.46274893624442,59.82075930063739
2013-10-30,48.70970916748047,49.90235740590846,48.45130388162778,49.69364500679772,127073000,50.77555520193918,49.82606249067566
2013-10-31,49.9023666381836,51.68140036847803,46.21509840642747,46.871054490220544,248809000,50.424859728131985,54.351275215921774
2013-11-01,49.44518661499024,51.77084981546891,49.41537163528057,50.53844550602786,95033000,50.11959893362864,50.944878819960024
2013-11-04,47.924564361572266,49.44518906325847,47.7257889739072,49.06751620582736,80371000,49.51901626586915,45.4993221053575
2013-11-05,49.802982330322266,49.87255314496996,47.21890996010424,47.49719701002005,76835000,49.25776944841658,46.440929371905
2013-11-06,48.81904602050781,50.14089907444735,48.411558197737925,49.95206075741311,67889000,49.10016904558455,39.263389189639035
2013-11-07,47.26860809326172,49.56445262944121,47.01019895268102,48.93831527847871,97128000,48.83892331804548,26.11194523198735
2013-11-08,47.23878860473633,48.35192923889007,46.96050534186045,47.51707565893732,70731000,48.62879180908203,26.764736677674264
2013-11-11,45.91693115234375,47.238780207351255,45.44980965156112,46.75178458388907,80910000,48.05944388253348,26.453504832766043
2013-11-12,46.32442855834961,47.07977049118176,45.54920870737382,45.71816532460692,68196000,47.613621303013396,30.24651652090664
2013-11-13,48.41154861450195,48.4413673799507,45.77778767353564,45.946744248673326,79245000,47.68319048200335,37.48324958123955
2013-11-14,48.68984222412109,49.26628661969577,47.73572121791938,48.40161813067136,75117000,47.524170466831755,39.945660180567735
2013-11-15,48.70970916748047,49.17683064376812,48.41154805570453,48.80909873228861,42453000,47.50855091639927,45.314850976119395
2013-11-18,45.5492057800293,48.540762128869694,45.519387009067614,48.17303014515874,85910000,47.26292201450893,38.386481896342254
2013-11-19,46.07595443725586,46.71203257205055,45.43987630246117,45.97656485911622,75602000,47.096802847726,41.457146470164496
2013-11-20,46.1455307006836,47.25866756814685,46.02626698414383,46.32442817115584,53933000,47.12945992606027,36.85674477449802
2013-11-21,46.41387176513672,47.16921360798642,46.40393091158652,46.70209585689605,34886000,47.142237527029856,39.2529727264637
2013-11-22,45.94675064086914,46.9803795226595,45.67840446244329,46.75178917614669,40545000,46.7901235307966,42.42190117216207
2013-11-25,44.545387268066406,46.36417666611754,43.770167546313246,46.07595258806716,82565000,46.198058537074495,29.09086440595169
2013-11-26,45.60883331298828,45.88711655165993,43.28317024192225,44.38636992569168,82016000,45.75507627214704,37.31341078511893
2013-11-27,46.20516204833984,46.38405571817045,45.25104099173494,45.68834758181531,44993000,45.84878431047712,45.45453656086844
2013-11-29,46.72197341918945,46.92074880024694,46.21509979925165,46.46356807774225,22953900,45.94107273646763,47.87927588573261
2013-12-02,46.77166366577149,47.24872223980594,45.976562251056194,46.61264414109333,50774000,46.03052030290876,53.91622542866245
2013-12-03,46.44369125366211,46.91081284144322,46.00638843810275,46.46356917136824,32086000,46.03478022984096,50.55045083303579
2013-12-04,48.32210159301758,48.471184051509255,45.97656083287156,46.175336180419,60890000,46.37411608014788,49.579051983704964
2013-12-05,48.0438232421875,48.4016181457087,47.57670169688762,47.85498872814011,43855000,46.873892647879465,46.95975567458421
2013-12-06,47.64627456665039,49.08739130532245,47.41768421092412,48.67990349010172,42938000,47.16495568411691,45.16714658937051
2013-12-09,48.54075622558594,48.66996077384008,47.44749747018032,47.79535149472088,36056000,47.49861199515207,67.12173723571809
2013-12-10,49.94212341308594,50.45893788147389,48.242601317304896,48.34198711104969,68479000,47.95863342285156,70.11380104048703
2013-12-11,49.07745361328125,50.45893658396528,48.709717844966505,50.240283293759205,65776000,48.288031986781526,64.08788537098769
2013-12-12,51.5124397277832,51.75096712611367,50.34960633911712,50.7372162048976,92723000,49.012138911655974,70.27670680159801
2013-12-13,52.99331283569336,53.17221029513251,51.025444573187634,51.3434836585628,82641000,49.6794548034668,75.93274048250926
2013-12-16,53.480316162109375,54.1660872783713,52.58582880061535,52.92374582703251,85119000,50.45609664916992,85.25498110392566
2013-12-17,54.52387619018555,54.84191526323289,53.90767596007193,54.42448661028025,78751000,51.4386111668178,85.23180531145815
2013-12-18,55.22952651977539,55.54756560073044,53.42067782509671,54.52387754586418,76003000,52.39414978027344,85.35831924141905
2013-12-19,54.712703704833984,54.85184530757421,53.61944500502568,53.99711777769509,89753200,53.07566125052316,81.30841400866046
2013-12-20,54.78227996826172,54.812098737053645,53.89773358437021,54.59344545876147,239824000,53.8906364440918,81.33749587749938
2013-12-23,57.41604995727539,57.96267940891646,55.11026464788667,55.15995754506767,98297000,54.734009334019255,86.36362487060572
2013-12-24,57.60488128662109,58.22108530971269,56.56131533842702,57.91298329816689,46617800,55.39280482700893,84.6439105560195
2013-12-26,57.37628936767578,58.02230835146208,57.01849447150644,57.96267460499229,55101000,55.94937242780413,84.9589943264244
2013-12-27,55.10032272338867,57.326600112309656,54.911488201238775,57.12782473612163,60466000,56.031721932547434,74.47778297778952
2013-12-30,53.38092422485352,54.84191892063412,53.102640965209616,54.59345064128776,68307000,55.76763589041574,65.07740230924756
2013-12-31,54.315162658691406,54.52387508527583,53.57969494759545,53.78840737417987,43076200,55.710844312395366,64.0305970083491
2014-01-02,54.374794006347656,54.88167138825936,53.85797956205477,54.4940615028709,43195500,55.65263203212193,67.92197098755875
2014-01-03,54.22571563720703,55.30903742663202,54.19589686724085,54.68289633589009,38246200,55.19686998639788,60.85919138628439
2014-01-06,56.84953689575195,56.90916684986797,53.71883539962272,54.086567351528565,68852600,55.088963644845144,64.13992692847833
2014-01-07,57.565128326416016,58.19126944309991,56.86942018712837,57.34647882177919,77207400,55.115940638950896,64.73116131696689
2014-01-08,57.87322998046875,58.05212744122584,56.87935688351825,57.24708886781894,56682400,55.51207024710519,62.755487320681304
2014-01-09,56.869422912597656,58.59876007216981,56.3029155198421,58.29066182181252,92253300,56.01042720249721,56.1066085735626
2014-01-10,57.58500289916992,57.94279780221021,56.71039734876565,56.779968158654064,42449500,56.47754723685129,60.53978616841689
2014-01-13,55.56744003295898,57.89310303619473,55.04068854902952,57.5551860599528,63010900,56.6479252406529,52.52074462912689
2014-01-14,57.38623428344727,57.425986325916455,55.75627921981094,56.11407414130855,37503600,57.09942790440151,49.898991517665394
2014-01-15,57.24708938598633,58.2111475119784,56.919113232513006,57.62476222781699,33663400,57.156221117292134,48.783790898083176
2014-01-16,56.839599609375,57.66451607877607,56.48180848825243,56.909170421092576,34541800,57.052574157714844,48.19760103759966
2014-01-17,55.95505142211914,57.46573889864444,55.72646107776216,56.9489244626233,40849200,56.77854864937918,53.16641521358062
2014-01-21,58.151512145996094,58.22108674949942,56.15382892669829,56.25321471800319,48669200,56.96170425415039,67.06969745528515
2014-01-22,57.15763854980469,58.94661310768424,56.75015074302654,58.48942861437897,61352900,56.90065220424107,60.12747655889401
2014-01-23,56.28303527832031,56.33272817555306,55.34879212851463,56.02462614659001,47951800,57.00288009643555,56.42572231154079
2014-01-24,54.11639404296875,56.07432158003503,54.06670114348842,55.80597916457624,55200700,56.53576006208147,49.67591170612617
2014-01-27,53.221900939941406,54.60338386947336,51.53231600078101,54.39467143939834,73924100,55.960733141217915,38.01707815512782
2014-01-28,54.80215835571289,54.941299973524686,53.6691437063029,53.68902162189383,48191200,55.66967010498047,41.36645163135989
2014-01-29,53.20202255249024,54.61332423904196,52.86410556765318,54.27540725420491,92995600,55.276380266462056,36.494241907601
2014-01-30,60.70577239990234,62.1170704200089,60.08956833158179,61.73939757028422,150178900,55.64127458844866,58.06181540671573
2014-01-31,62.18663787841797,62.98173557860559,59.80134098653021,60.09950594150985,87794600,56.359703063964844,59.36867563077683
2014-02-03,61.10331726074219,63.37928755206804,60.32809746195826,62.643819795569854,74866600,57.0483147757394,61.71645065088927
2014-02-04,62.36553192138672,62.753141792055104,61.44122971071995,61.66982005005452,45985500,58.22676304408482,60.79274559560514
2014-02-05,61.8089599609375,62.77301797567351,60.89459862882365,62.355593139184464,51685100,59.453485761369976,59.71221362229355
2014-02-06,61.77914810180664,62.39534832590406,61.08343621456128,61.08343621456128,42086500,60.45019858224051,60.68817111995781
2014-02-07,63.925907135009766,64.1743753697669,61.83877547957958,61.88846836826613,60704300,61.98218209402902,66.35398988101221
2014-02-10,63.1606330871582,64.0948724117336,63.08112521273631,63.90604168389722,43666100,62.33287647792271,60.91855446900317
2014-02-11,64.45266723632812,64.60174971373593,62.961857627549605,63.35940837308716,45675600,62.656594957624165,65.69719127224255
2014-02-12,64.05511474609375,64.66137791042928,63.65757159403403,64.52223629067846,47282100,63.07828031267439,67.07422706884017
2014-02-13,66.91747283935547,66.91747283935547,63.65757051858228,63.78677128255398,61911700,63.72855758666992,77.28812892237896
2014-02-14,66.67893981933594,67.16594307724755,66.31121164078392,67.08643141277426,36694900,64.42426899501255,79.51177699667512
2014-02-18,66.88765716552734,67.12618456678065,65.66519001663659,66.5298622723227,43809900,65.15405600411552,78.20038293133852
2014-02-19,67.64299011230469,68.6567447610201,66.58948721857779,66.63918389881535,62087100,65.68506785801479,85.07967867213641
2014-02-20,69.20338439941406,69.68044684567539,65.32728519763607,67.31503148886596,130928900,66.54831804547992,79.02241435018709
2014-02-21,68.16974639892578,69.53135515802607,68.0306047835607,69.26301278057896,70932400,67.07932935442243,71.07839790650782
2014-02-24,70.34634399414062,71.00230394685143,68.12007014575843,68.3188417530128,76620300,67.9780763898577,80.2340508470262
2014-02-25,69.42204284667969,70.56499856532427,69.02449204245754,70.51530187130241,52077000,68.33587210518974,73.60372449021257
2014-02-26,68.83565521240234,70.78364564026876,68.42816358880593,69.75995752802444,55322700,68.64397430419922,73.45720360480777
2014-02-27,68.51760864257812,69.58105247404528,68.44803783426343,68.91515178571959,41653700,68.87682451520648,72.07026413395134
2014-02-28,68.04055786132812,69.4518559751053,66.96717299339166,69.04437190908263,66783700,68.93361990792411,65.13160017473929
2014-03-03,66.99699401855469,67.63307224063993,66.102506649169,66.54974654253658,56824100,68.61842128208706,63.825214407337235
2014-03-04,68.37847137451172,68.47785716661757,67.20570082930291,68.23932974903354,42013500,68.64823913574219,64.05692453025024
2014-03-05,71.13148498535156,71.52903567214067,69.1934358133966,69.26300661488605,74567700,68.76040213448661,71.6808367204016
2014-03-06,70.40596008300781,71.44952977203609,69.81957864932569,71.43958891883744,46026500,68.90096173967633,62.29849392583619
2014-03-07,69.3723373413086,70.74387932997016,69.04435743663439,70.64449354806409,38927000,68.97763061523438,58.991377646062226
2014-03-10,71.58868408203125,71.70795159361847,70.07800018184625,70.33640174964263,59871600,69.41635567801339,63.838517502381755
2014-03-11,69.67050170898438,72.14524356632074,69.53136008376224,72.05579862838503,59408300,69.64920479910714,55.586001511741216
2014-03-12,70.44571685791016,70.91283839007032,68.5772383119189,69.4319697148823,46340500,70.14187949044364,53.57753474713716
2014-03-13,68.40828704833984,70.91284391502238,67.73245303944933,70.8532139556835,57091000,70.14613887241909,50.649381399104755
2014-03-14,67.3050765991211,69.00459841380284,67.04666751200523,68.07035542529464,48227000,69.59950910295758,41.206841557045834
2014-03-17,68.31883239746094,68.52754483129227,66.21182635155435,67.76226590724407,52197000,69.30134800502232,46.826723291148795
2014-03-18,68.76607513427734,69.17355912033878,67.8815287729753,68.33870944197923,40827000,69.21473911830357,49.79824472914354
2014-03-19,67.82188415527344,68.86545372690748,67.05660536335066,68.74618624988837,43981000,68.67662484305245,48.05335419091346
2014-03-20,66.5596694946289,67.81195147493892,66.41058704272201,67.59329822316195,44439000,68.23222024100167,46.03085213281655
2014-03-21,66.82803344726562,67.50386754277686,65.77453025645289,67.11625759209478,59999900,67.71540832519531,49.527509664865974
2014-03-24,63.70726013183594,66.94728835441107,62.97179620786718,66.77833175801884,85696000,67.04383305140904,38.095238095238095
2014-03-25,64.49241638183594,65.78445427519732,63.3892167791202,64.49241638183594,68786000,66.64202444893974,31.19375064294242
2014-03-26,60.01999282836914,64.55205150580458,60.00011491242822,64.34333907541212,97503900,65.45647593906948,25.731599027416692
2014-03-27,60.59644317626953,61.52074544817701,57.62476098537857,60.13925867598443,112650000,64.28938565935407,29.046099622810345
2014-03-28,59.64231872558594,61.57043482581999,58.97642561684615,60.96417167229586,67052000,63.12087631225586,19.646509114185037
2014-03-31,59.87091445922852,61.14307075550886,59.50317869938356,60.40760302714377,53011000,62.16533987862723,22.762501889944517
2014-04-01,62.236328125,62.276083956148575,59.87091304153057,60.089562530198286,59291000,61.50938197544643,29.035589704103643
2014-04-02,62.335716247558594,63.518423761681376,61.828838890559794,62.82271189812253,66277000,61.31344713483538,32.7887700500069
2014-04-03,59.12550354003906,62.78295251274392,58.767708670965085,62.16675234451898,83859000,60.54674530029297,29.290444088160868
2014-04-04,56.40230178833008,59.83116494606189,55.9749360265398,59.572755801510674,125214400,60.0299322945731,22.23257477616528
2014-04-07,56.601070404052734,57.64463633811574,55.10031999003923,55.55750446998973,108488000,59.45916475568499,21.321502153371867
2014-04-08,57.83346939086914,58.35028381374334,56.81971846038413,57.32659582128897,78836000,59.200757707868306,26.768412103622126
2014-04-09,62.02761459350586,62.077307485894,58.82734227822442,59.2646488304192,100215000,59.50885772705078,40.72418518041388
2014-04-10,58.79752731323242,62.79289728152538,58.32046872182315,62.69351149672853,114988000,59.01760046822684,35.34105163442321
2014-04-11,58.17139434814453,59.940491136039554,56.95887168133076,57.24709201387879,91452000,58.422697339739116,38.88224074644968
2014-04-14,58.52919006347656,60.07963356530964,57.42599024403046,59.72183861940007,72325000,58.33750970023019,37.81480154613701
2014-04-15,58.72796249389648,59.31434778316878,55.53763070591974,58.92673787508329,108623000,58.66974694388254,46.80119060256592
2014-04-16,59.35409927368164,59.82121702525954,57.38623110573863,59.42367008330653,78774000,59.06303678240095,46.931753025304914
2014-04-17,58.57887649536133,60.20883149023351,58.36022700136767,58.93667140176437,88040000,59.169523511614116,47.35017498207786
2014-04-21,60.864784240722656,60.864784240722656,58.78758951727659,59.09568772109479,60364000,59.003404889787944,52.24617708397093
2014-04-22,62.643821716308594,63.051309545,61.83878691329573,62.266152659401975,60631000,59.55287551879883,50.94602229956517
2014-04-23,60.98404693603516,63.09105660162167,60.8846573627896,63.06124162531028,95908700,59.954683031354634,47.07400424383839
2014-04-24,60.49705123901367,63.2600208845636,59.403792405114096,63.21032419921152,138769000,60.235806056431365,53.365863942493384
2014-04-25,57.35641479492188,59.642322130940926,57.21727316970788,59.602570088969024,92502000,60.03987067086356,52.294443999017346
2014-04-28,55.79603576660156,57.952742385933,54.32510401934546,57.69433325429373,107758000,59.53157588413784,48.18304686772209
2014-04-29,57.79371643066406,57.92291719083016,55.49786843721197,55.74633668705777,75557000,59.41941016060965,49.9132739824777
2014-04-30,59.41372680664063,59.48329761342818,56.80978060471127,57.22720923676118,76093000,59.21211624145508,43.575957205486326
2014-05-01,60.77533721923828,61.89841101187304,59.84109414584776,60.05974742537741,82429000,58.945189884730745,55.35234877504363
2014-05-02,60.08956527709961,61.51080407937079,59.81128202898773,60.92441881276012,54189000,58.8174067905971,55.17425182099065
2014-05-05,60.84490966796875,60.974110435423576,58.8174077249296,59.30440339895896,46057000,58.867100851876394,56.11547362351172
2014-05-06,58.17139434814453,60.77534473501103,58.131642303488896,60.60638432775509,55901000,58.98352650233677,48.70009452983216
2014-05-07,57.03837203979492,58.936669357294,55.91529446506074,58.40991786965372,78587000,59.16100311279297,44.71654845669051
2014-05-08,56.412235260009766,58.45961520261891,56.15382992323627,56.879356828347404,61251000,58.963648659842356,45.02283649211852
2014-05-09,56.88929748535156,57.29678530164124,56.03456601915248,56.50168379454677,52584000,58.6030158996582,40.03985777205529
2014-05-12,59.46342468261719,59.532995490800346,57.62475731846677,57.62475731846677,48575000,58.41559982299805,42.337156228917856
2014-05-13,59.46342468261719,60.51692765871908,59.14538182779101,59.29446429751189,48525000,58.32615116664341,46.01770654135021
2014-05-14,58.86709976196289,60.07962608517576,58.58881652371395,59.1652609159903,47429000,58.04360689435686,45.75569325272817
2014-05-15,57.565128326416016,59.01618593871957,57.16758135986951,58.89691843656311,56814000,57.956997462681365,50.6010310671314
2014-05-16,57.664512634277344,58.09187833291436,56.95886370539285,57.95273671779061,47933000,58.04644611903599,55.87498836540963
2014-05-19,58.84722137451172,59.19507921085952,57.21727020698984,57.535309274246565,43034000,58.39430127825056,53.49143506742413
2014-05-20,58.20120620727539,59.82121652214435,57.82353339297032,59.13544549389873,53931000,58.58171680995396,45.704240713345634
2014-05-21,60.119384765625,60.12932182832273,57.89310738016197,58.2012094023411,58992000,58.67542539324079,47.76424001011042
2014-05-22,60.149200439453125,61.10331770509882,60.02993672907866,60.56662532142624,54200000,58.77339335850307,50.21277591931365
2014-05-23,60.9741096496582,61.07349922871744,59.78146503154564,60.03987035445009,38294000,59.074394771030974,50.45870341964219
2014-05-27,63.09106063842773,63.1208756166468,61.19276326820977,61.24245616234981,55682000,59.86381367274693,68.18514466912525
2014-05-28,63.12087631225586,63.74701740103003,62.236329896310906,63.00161260674049,47795000,60.643294198172434,74.48002898621925
2014-05-29,63.43891906738281,63.90604061753841,63.12087620102753,63.4488561297729,42700000,61.29925101143973,78.99919866622795
2014-05-30,62.91216659545898,63.77683513258846,62.17670262315461,63.55818562825946,45253500,61.972245352608816,74.75491387374207
2014-06-02,62.69351577758789,63.2003893807818,61.66982392592188,62.84259446496261,35996000,62.3399783543178,66.46406173500597
2014-06-03,62.48479843139648,63.03142785797535,61.93816900481762,62.23633016555838,32217000,62.67363521030971,65.0793668925806
2014-06-04,62.95192337036133,63.20039164956368,61.68970405705437,62.06737690301296,36514000,62.95618002755301,70.6532909111108
2014-06-05,62.80283737182617,63.965670824909374,62.43510540075621,63.26995892381022,47352000,62.915005275181365,79.97720653412684
2014-06-06,62.11706161499024,63.09105668615433,61.769207586476114,62.98173005110002,42442000,62.77160317557199,73.88054662951764
2014-06-09,62.4947395324707,62.95192023350398,61.41141773747673,62.01768091513274,37617000,62.63672038487026,71.41187245696575
2014-06-10,65.36702728271484,65.41672396836637,63.11093879141893,63.14075376974999,69338000,62.98741476876395,83.34867787782997
2014-06-11,65.37696838378906,65.39685009118476,64.5023628246197,64.91978768813351,44242000,63.3707651410784,79.75244647882337
2014-06-12,63.89609146118164,66.06273474787156,63.66749735133993,65.4465308026602,55730000,63.57237843104771,68.21246819574327
2014-06-13,64.10480499267578,64.57192649034235,63.438911938944166,64.30357654874084,29419000,63.73707580566406,66.18697685757351
2014-06-16,63.79671859741211,64.48248590043983,63.35941199406384,63.76690361675658,31046000,63.879058837890625,54.48803362483009
2014-06-17,64.00542449951172,64.48247930651733,63.53830296327536,63.70725955814613,27715000,64.14882496425084,55.50062080329147
2014-06-18,65.19808197021484,65.34716447032753,63.65758302278629,64.0948820850923,35570000,64.53501674107143,59.86624892812581
2014-06-19,63.94578552246094,65.1781935085622,63.81658476152339,65.05892601817035,34245000,64.3319822038923,55.36076130934132
2014-06-20,64.10480499267578,64.41290317937126,62.961849588679705,64.065049164933,46466000,64.1502445765904,57.36506671264014
2014-06-23,64.96949005126953,65.25771417249611,63.826534420929725,63.92592021864399,34560000,64.30358723231724,62.13591617971863
2014-06-24,65.31734466552734,66.75845770072404,64.87009719820223,64.95954972472741,57335000,64.47680718558175,61.689562019164626
2014-06-25,67.02680206298828,67.0665578955851,65.16825669799816,65.1781975518098,44308000,64.93824768066406,68.08508205755219
2014-06-26,66.71869659423828,67.5833688966404,66.49011003396,67.5833688966404,47714000,65.32585797991071,70.36055825107525
2014-06-27,67.18582153320312,67.28520732887684,66.4304758373126,66.89759741789423,46461000,65.60982077462333,70.59332413637884
2014-06-30,66.87771606445312,67.50385333391704,66.71869274244045,67.0466726571046,27102800,66.02866799490792,58.558532079637416
2014-07-01,67.64299011230469,68.02066668375305,66.97709705995462,67.1659353456788,33243000,66.53412301199776,61.8256468407289
2014-07-02,66.0428695678711,67.88154101114314,65.38691721413586,67.62313186202293,41895000,66.68746294294085,61.06563066416396
2014-07-03,65.88385009765625,66.58949910361233,65.35709855677707,66.45035747329142,25203200,66.76839229038784,59.21736057528113
2014-07-07,64.88997650146484,66.16213287373907,64.72101989197688,65.89379046941407,28745000,66.46313149588448,55.288439359477174
2014-07-08,62.37546920776367,65.15831291177805,61.82883980379517,64.66137640065675,68926000,65.84267044067383,43.55346372159028
2014-07-09,64.57192993164062,64.72101239795903,62.76308137751211,63.02148668896278,51432000,65.46925735473633,47.705714426287436
2014-07-10,64.47254180908203,64.93965573204608,62.66368952925871,62.92209862265825,44422000,65.12566103254046,52.108206380283875
2014-07-11,65.93353271484375,66.18200097062652,64.39303407858023,64.88002973677263,39212000,64.88145283290318,56.628242154619066
2014-07-14,67.4839859008789,67.75232830506918,66.49011278770735,66.71869935745275,38537000,65.08732659476144,58.68221024130949
2014-07-15,66.75846099853516,67.67282252234796,65.85404032986077,67.54362173615182,44213200,65.21227100917271,54.84949841362429
2014-07-16,67.24544525146484,67.52372845519794,66.65905628704273,67.12617777158697,29541600,65.548766544887,50.80171701386849
2014-07-17,66.00312042236328,67.43429262148508,65.63538462214389,66.6193169307871,38188000,66.06700243268695,47.5443764828597
2014-07-18,68.00080108642578,68.04055692350332,65.75465316142454,66.3907313893639,42456000,66.55684116908482,52.53088110419494
2014-07-21,68.97480010986328,69.53136666341894,68.0803127326127,68.38841099152378,49539000,67.20002092633929,56.25375404071291
2014-07-22,68.84558868408203,69.34252525128608,68.18963635835082,69.33259197945017,40398000,67.61602892194476,53.72770735131218
2014-07-23,70.85321044921875,70.89296628102719,69.18350342651277,69.31270419290297,78435000,68.09734671456474,64.54326157900127
2014-07-24,74.5206069946289,76.26981815873455,74.05348543305358,75.49459836831161,124168000,69.2062247140067,71.54189647744417
2014-07-25,74.72930908203125,75.20636384884381,74.20255763496168,74.53052994365201,45917000,70.27534811837333,75.54178665219578
2014-07-28,74.46096801757812,75.03741621362468,73.39752414408176,74.70943628318616,41725000,71.48361206054688,85.51408270242968
2014-07-29,73.25838470458984,74.46097023604419,72.97016059797932,74.26219865069551,41324000,72.23469543457031,77.10924787528734
2014-07-30,74.22244262695312,74.72932002573864,73.67580939466973,73.75532106166548,36853000,72.98435865129743,78.86999523328657
2014-07-31,72.20487976074219,73.71556348468192,71.99616732680215,73.54660688329946,43992000,73.4642573765346,67.97726024137702
2014-08-01,71.91665649414062,72.7713879473982,71.11162172781772,71.77751486990333,43535000,73.61617824009487,63.697812071353226
2014-08-04,73.05960845947266,73.42733662717886,71.91665295999105,71.91665295999105,30777000,73.40746416364398,68.9820573425892
2014-08-05,72.24463653564453,73.13911624058363,71.73775914223582,72.7515063464034,34986000,73.05251094273159,64.76811108166146
2014-08-06,72.0259780883789,73.268319348127,71.35014413976998,71.57873068528002,30986000,72.70465523856026,68.9374668354202
2014-08-07,72.72169494628906,73.54661146225581,72.25457336296691,72.5527383343875,38141000,72.62798527308873,66.16744641525545
2014-08-08,72.61235809326172,72.98009382865861,72.11542159914927,72.95027885223573,27202000,72.3979731968471,63.24160509421114
2014-08-11,72.99003601074219,73.45715753693746,72.61235941544426,73.00991013450295,24591000,72.51013837541852,64.81874203782561
2014-08-12,72.38378143310547,72.88071799505295,71.77751822091753,72.64218298581002,27419000,72.57687050955636,56.08217292574301
2014-08-13,73.31800842285156,73.79507080279085,72.60242622691656,72.67199703413175,29266000,72.61378479003906,43.894983822154465
2014-08-14,73.84477996826172,73.9242840594825,73.2385167246312,73.51680000053034,22207000,72.84237670898438,45.65014298545833
2014-08-15,73.17886352539062,74.19261819378795,72.55272628854448,73.86463829620946,38846600,73.00707462855748,43.932251271696835
2014-08-18,74.13298797607422,74.26219632689262,73.50685067743395,73.54660650978964,23974000,73.20868791852679,54.23887625924606
2014-08-19,74.82869720458984,75.11692127728439,74.05347749724199,74.35163484018014,26679000,73.52530779157367,53.01676126117575
2014-08-20,74.35164642333984,74.71938221116666,74.16281568485599,74.51066976380015,22917000,73.7198235648019,62.616771305354554
2014-08-21,74.11312103271484,74.72932511996306,73.9541052705333,74.46097512122174,20102000,73.9668720790318,62.984702230665356
2014-08-22,74.11312103271484,74.27214437754681,73.11924787546634,73.8845268701815,20897000,74.08045959472656,57.20110056071024
2014-08-25,74.56036376953125,74.81877292343236,74.33177718091355,74.48085967672768,19734000,74.18268585205078,66.6665934536589
2014-08-26,75.49459838867188,75.5244133679039,74.27213874425983,74.54048113999788,23993000,74.51350511823382,72.63288585859692
2014-08-27,74.17274475097656,75.02747620086107,74.00378814830515,74.8088229114511,36323000,74.51918465750558,58.7529430823069
2014-08-28,73.40746307373047,73.9739704011618,73.27826230875473,73.54660469221189,21947000,74.31615121023995,54.44447477102954
2014-08-29,74.36157989501953,74.36157989501953,73.55654516615269,73.8447692551339,26241000,74.31757027762276,57.20249652036857
2014-09-02,76.21018981933594,76.23006394502418,74.36158524167783,74.5504235576413,34979000,74.61715153285435,67.77465507525793
2014-09-03,75.36540222167969,77.0052944234668,75.13680806252013,76.66737361201142,32389000,74.79604884556362,59.590362892504565
2014-09-04,75.48466491699219,76.458663968843,75.06724000162066,75.42503495269642,26676000,74.92809186662946,57.986414293453336
2014-09-05,76.7866439819336,76.90590391059371,75.1368108640631,75.63374745388182,29476000,75.11266980852399,66.54523392829776
2014-09-08,77.41276550292969,77.69104872301784,76.53816001370278,76.78662825773135,28183000,75.57552991594586,65.50755127675124
2014-09-09,76.20024871826172,77.69105836750062,75.7331271482762,77.1146101499589,28882000,75.97449929373605,56.18284821254151
2014-09-10,76.95559692382812,77.47240761616757,76.04123546210819,76.05116873392127,29909000,76.34507315499442,61.451089833876075
2014-09-11,77.44258117675781,77.87988771663599,76.57791653264303,76.65742060863523,32219000,76.52112906319755,64.32846807837204
2014-09-12,77.00529479980469,77.82027047739723,76.6276181508823,77.54197962668849,26676800,76.75539943150112,61.99512073182694
2014-09-15,74.12306213378906,76.77670165262624,72.98010648262441,76.67731585310116,49679000,76.56088474818638,48.49108678185913
2014-09-16,75.61386108398438,75.76294355332212,72.62230117449808,73.06954099986193,37742000,76.39334433419364,50.39629583057846
2014-09-17,75.96171569824219,76.77669127644671,75.10698428907044,75.49459416268908,28693000,76.18605150495257,56.355957931258814
2014-09-18,76.52822875976562,76.85620870285777,76.05116633502706,76.2996346102211,23031000,76.23290579659599,61.2464786447642
2014-09-19,77.43265533447266,77.82026522922087,75.9716606930449,76.92577794032123,76671000,76.30105699811664,61.107186730491804
2014-09-22,76.3294448852539,77.05496788574276,75.48464681946867,76.52821644035114,31961000,76.14203752790179,50.45589159165693
2014-09-23,77.81031799316406,78.14823117311568,75.5741037456573,75.86232782525386,36814000,76.25704084123883,58.913025822909866
2014-09-24,78.05879211425781,78.13830377998563,77.035104061624,77.62148553540462,30680000,76.8192879813058,59.29648933508648
2014-09-25,76.74687957763672,78.45634246901129,76.65742705847654,78.11842168267806,37533000,76.98114776611328,49.85649337204231
2014-09-26,78.30725860595703,78.35694770892218,76.8562048612714,77.11460639504924,28872000,77.31622532435826,53.024222567180445
2014-09-29,78.51597595214844,78.71474754175206,77.43265789830349,77.64137034218233,34031000,77.60018920898438,58.39943901719532
2014-09-30,78.55572509765625,79.22161820704336,78.11841853858438,78.86382331010265,35899000,77.76062774658203,56.12165316041596
2014-10-01,76.08099365234375,78.33708239573944,75.4349745799347,78.29732655930576,55090000,77.72513471330915,45.478604276915156
2014-10-02,76.60774230957031,77.00529307617681,75.176562582847,76.10086489258077,36488000,77.55333818708148,48.68765293673796
2014-10-03,76.96553802490234,77.58173451589876,76.78664055724042,77.28357712489573,23340000,77.39715903145927,61.259841091866306
2014-10-06,77.08479309082031,77.41277302464155,76.37914411913358,76.7170649068236,25729000,77.4454323904855,56.537103192363716
2014-10-07,75.82257080078125,77.47239600997088,75.77287411855994,76.57791639118025,25317000,77.0904769897461,49.428093712605644
2014-10-08,77.0450439453125,77.23388227196084,74.63987272049351,75.71325755199388,32976000,76.88034384591239,52.0155075663356
2014-10-09,75.44490051269531,77.28356398384955,75.38526297851507,76.80650162365247,32487000,76.43594033377511,42.64703309158252
2014-10-10,72.46328735351562,76.03128794553632,72.31420488022975,75.1268598348784,52146000,75.91912514822823,37.443535618091396
2014-10-13,72.54279327392578,74.32182697957948,72.07567171768741,72.78132827029204,43938000,75.33841814313617,31.178970496433024
2014-10-14,73.13911437988281,73.72550342452575,71.60855654996313,73.54660597155922,50299000,74.79178619384766,32.848187392341
2014-10-15,72.76144409179688,73.347833126306,69.88915162294161,71.250760412692,61528000,74.17416490827289,35.137097577283654
2014-10-16,72.18500518798828,72.90059507945516,70.14756975091504,70.35628220548446,53529000,73.65451267787388,25.359963840875295
2014-10-17,75.48466491699219,75.53436160900571,73.29814695610752,73.7752094184254,76342000,73.43160138811383,40.230608007695125
2014-10-20,76.47852325439453,76.61766486584945,74.91814296937947,75.13679623956551,34701000,73.57926177978516,43.69338505321394
2014-10-21,78.20787811279297,78.25756721912254,76.67731260054974,77.0847966361128,32252000,74.39991760253906,56.76358284652035
2014-10-22,77.88983917236328,79.36076714421192,77.53204424242169,78.3370790434652,41862000,75.16378130231585,54.13197068891668
2014-10-23,79.54960632324219,80.13598783091967,78.5259182114322,78.89364641704341,35056000,76.0795658656529,57.68321470100252
2014-10-24,80.17572784423828,80.32481030101361,78.83400089855779,79.70860635157833,32248000,77.13874925885882,58.92137929212075
2014-10-27,79.78812408447266,80.30494229631185,79.27131345528278,80.24530475946929,30169000,78.22490910121373,62.054401151790834
2014-10-28,80.2751235961914,80.6627410650321,79.08247895908823,79.68874213136642,74212000,78.90926034109933,60.27830391828883
2014-10-29,75.39521026611328,76.40895744191053,74.32182555104588,74.98771867547396,106120000,78.75450134277344,49.86918707994953
2014-10-30,73.65593719482422,74.88833773487721,72.4533516350116,74.59018034982333,83270000,78.1042240687779,53.359477382632235
2014-10-31,74.53053283691406,75.23618174459371,73.99384051642903,74.47090288440987,44544000,77.62432316371373,55.35905506433861
2014-11-03,73.4273452758789,75.05729662824412,73.24844780634368,75.00760752054843,40727000,76.74971444266183,50.756412961953714
2014-11-04,75.29582214355469,75.30575541425046,73.19874946404053,73.77519763566941,39326000,76.05258505684989,56.16838430542402
2014-11-05,74.37152862548828,76.32945991765305,73.96403699984371,76.04123579814477,35913000,75.2787857055664,55.23313481194517
2014-11-06,74.79888153076172,75.13679469946905,73.85469766364325,74.43114580365466,21383000,74.49646541050502,48.097037596882
2014-11-07,75.13678741455078,75.39519648375156,74.56033933042914,74.92807502188224,20774000,74.4595478602818,46.136195462846274
2014-11-10,74.54048156738281,75.01754398578002,74.15287166984442,74.89827648551824,21575100,74.58591134207589,38.70168294961117
2014-11-11,74.15287017822266,74.52060594297852,73.57642197919446,74.49078338152555,18715700,74.5319595336914,38.53648855362021
2014-11-12,74.26219177246094,74.67961661262083,73.08942132916702,73.82488522601768,26536600,74.65122331891742,32.07529992095908
2014-11-13,73.79507446289062,74.77900666592059,73.18881129166769,74.28207013755096,26448500,74.43683079310826,28.13340758810564
2014-11-14,74.42121887207031,74.47091556271717,73.58636906428615,73.81495564290069,19476900,74.44392939976284,31.90341021639729
2014-11-17,73.78514099121094,75.19644663579226,73.4273460483763,74.42121920455023,28701200,74.29910932268415,28.334337676203603
2014-11-18,73.884521484375,74.34170977611498,73.44722248326482,73.99384813031502,20690500,74.1202141898019,42.59251638737733
2014-11-19,72.8807144165039,74.08329992745008,72.66206112675918,73.55654841087404,25441200,73.8831045968192,45.903311540235514
2014-11-20,73.1490478515625,73.5366576967652,72.06572997205977,72.35395403845517,19154900,73.73970140729632,42.19968570256848
2014-11-21,73.29814910888672,74.0435540150788,73.0496808068227,74.0435540150788,23060400,73.60198102678571,49.182430018442886
2014-11-24,73.55654907226562,73.89446228116417,72.90058919713331,73.08942750954714,22103800,73.56790597098214,36.17683369027667
2014-11-25,75.16661834716797,75.27594499263307,73.67580872644362,73.7553203927182,32250200,73.6743916102818,55.6979923016359
2014-11-26,77.1444320678711,77.30344781948342,75.04735923884958,75.0672333643074,32695300,74.15429033551898,63.75303971899486
2014-11-28,77.22393798828125,77.79044536042139,76.75682399374298,77.19412300806074,15992000,74.631349836077,62.62034833779743
2014-12-01,74.63986206054688,76.83632051821004,74.34170470503499,76.7866314169494,31789900,74.88265664236886,50.48446340080959
2014-12-02,74.99766540527344,75.44491286291864,74.58024051092475,74.86846462825605,16773900,75.14674486432757,54.130239685124664
2014-12-03,74.42121887207031,75.26601711716432,73.94416400552232,74.9181554479372,16689900,75.30718340192523,50.74352890145781
2014-12-04,74.77899932861328,75.08710510217293,74.20255877507854,74.37151535831029,14362800,75.48181915283203,54.64784630986988
2014-12-05,75.89214324951172,76.28969396794257,74.89827024475923,75.33557679329809,24306400,75.58546556745257,56.642697914477374
2014-12-08,76.05115509033203,76.77668568298986,74.93802223494319,75.71324192570295,25733900,75.42928314208984,60.694119892126615
2014-12-09,76.36920166015625,76.4586541777955,74.3218255999091,74.73925046182654,25358600,75.3071779523577,61.48895878576983
2014-12-10,75.71324920654297,77.07485801397384,75.60392256449708,76.18037075298456,32210500,75.46051897321429,63.53274546339955
2014-12-11,77.25375366210938,78.03890668006792,76.01141237937195,76.05116062768805,33462100,75.78281729561942,67.48520290832889
2014-12-12,77.3531494140625,78.39671167642057,76.54810700292866,76.68725622056014,28091600,76.20166451590401,67.34692678609079
2014-12-15,76.5182876586914,78.09854982680403,76.09092192343077,77.97928232534176,29396500,76.45013427734375,62.07452344323962
2014-12-16,74.23238372802734,76.91583804553993,74.13299035262693,75.72319336723432,31554600,76.21302577427456,46.390197770891405
2014-12-17,75.6436767578125,75.94184169923334,74.4410913040075,74.55041794368518,29203900,76.15481458391461,43.93571781343393
2014-12-18,77.91966247558594,77.91966247558594,76.04124268407791,76.41891178040062,34222100,76.37630898611886,52.387490273575644
2014-12-19,79.39057159423828,79.5098390826159,77.85007301160208,78.26749784695002,43335000,76.90164075578961,67.65139261418688
2014-12-22,80.9509506225586,81.38825715715204,79.50983784468332,79.58934950236377,31395800,77.4298117501395,70.305053696008
2014-12-23,80.11611938476562,81.66655915275875,79.90740692235507,81.51747665599386,19865800,77.82452174595424,69.08734680350958
2014-12-24,80.2751235961914,80.93108345445292,80.25524947138787,80.5335327145353,7685500,78.36121259416852,68.66988583293855
2014-12-26,80.28507232666016,80.78200890464905,80.01672991091235,80.5235997609527,10647400,79.22588239397321,66.1314633435686
2014-12-29,79.52970886230469,80.46395184694711,79.22161067913484,79.9968303546259,14134700,79.7810298374721,62.237759985398675
2014-12-30,78.734619140625,80.09622027814284,78.61535165258694,79.36075639186429,14370800,79.89745221819196,58.05143110006793
2014-12-31,77.54197692871094,79.31107743902187,77.38296117363193,79.05266830653711,19935400,79.63336726597377,56.0052352112048
2015-01-02,77.96934509277344,78.4464075381313,77.22394023497388,78.0985534543549,18177500,79.20742361886161,52.53522512509353
2015-01-05,76.7170639038086,78.76443998031914,76.38908397427544,77.50222453088053,26452200,78.72184426443917,47.916640637064724
2015-01-06,75.68343353271484,77.11460555449486,74.8982729209875,76.756818236037,27399300,78.06588854108539,47.30076271102823
2015-01-07,75.68343353271484,76.88601900151762,75.35545360959148,76.2896966938885,22045300,77.40851157052177,55.50527335902955
2015-01-08,77.70098876953125,77.75068545088082,75.61385705788155,76.26980927233193,23961000,77.1472658429827,57.46214632731652
2015-01-09,77.26367950439453,78.13829253624817,76.72698721193399,77.72086014256863,21157000,76.9371316092355,47.25445403610999
2015-01-12,76.24993133544922,77.52208745481731,75.74305402510304,77.36306414857201,19190200,76.75255366734096,36.33214822173496
2015-01-13,75.98158264160156,77.6016003741527,75.38526039874874,76.7568098982238,25179600,76.46858760288784,25.633474666624764
2015-01-14,75.8126220703125,76.72698330004236,75.56415385032189,75.95176366689537,25918600,76.33938162667411,27.424276383196712
2015-01-15,73.5963134765625,76.10087060363473,73.08943602153391,75.93191397950878,34134000,76.04122161865234,21.183592451289883
2015-01-16,74.7193832397461,74.85852487323916,73.38758928433337,73.58636846264514,21791500,75.90350014822823,28.09072856513022
2015-01-20,75.77288055419922,75.84245136562846,74.36158261797765,75.25606989538912,22821600,75.62805611746651,35.55044835088218
2015-01-21,76.26982879638672,76.82640295591142,75.38528223700477,75.69338809147497,25096700,75.48607744489398,40.297375172164415
2015-01-22,77.17424774169922,77.27363353518231,76.21018962134819,76.69718531727037,19519500,75.61812264578683,48.51882696036704
2015-01-23,77.3531494140625,77.71094435619966,76.56798871229762,77.1742519429939,16746500,75.81406075613839,47.467337477610364
2015-01-26,77.02515411376953,77.98921209461085,76.81644170286299,77.50221646916226,19260800,75.9872796194894,51.37042366324135
2015-01-27,75.3156967163086,76.40895552865817,75.16661424584059,76.23999893403085,20110000,76.23290579659599,48.45702922425063
2015-01-28,75.77288055419922,77.16430436543375,75.53435314110608,76.42884041851755,53306400,76.38340541294643,50.36143998875356
2015-01-29,77.52210235595703,77.54197648173356,73.75532237002521,76.37914676623022,61293500,76.63329424176898,49.26112783021098
2015-01-30,75.44490051269531,77.68111468690562,75.2858771984133,77.52209137262359,42649500,76.51544734409877,43.383978521540904
2015-02-02,74.53053283691406,75.6734882833554,73.29813246171645,75.6436733071033,41955300,76.13777378627232,43.69993620683967
2015-02-03,74.93802642822266,75.11692387322762,73.40746108376884,74.7293140061584,26957700,75.79275621686664,46.214892261644835
2015-02-04,75.16661834716797,75.88220817833964,74.55042189016447,74.62992597378923,20277400,75.52725110735211,47.666956713895324
2015-02-05,75.14674377441406,75.51447954175676,74.7491930280584,75.24612956534052,15062600,75.50311497279576,56.65522192151202
2015-02-06,74.01373291015625,75.23619260891346,73.79507960920125,75.21631848275855,21211000,75.2518081665039,46.97357889976762
2015-02-09,73.98391723632812,74.37152714524343,72.99997739125071,73.59630732741282,16194300,74.74635314941406,41.588856453518694
2015-02-10,74.72930908203125,74.87838395750467,74.04353432425829,74.39138833811094,15811300,74.64412580217633,42.92230976685428
2015-02-11,76.04122924804688,76.27975665712269,74.57029379633848,74.62992375294503,20877400,74.85993957519531,44.98239359290311
2015-02-12,75.76294708251953,76.39902523751766,75.4250262974363,76.38908438372557,17235000,74.977785382952,43.01918768022989
2015-02-13,75.27593994140625,76.01141143111928,75.03741254123817,75.99152972455984,18621900,74.99340275355748,42.42687089547851
2015-02-17,75.13678741455078,76.43876602974252,74.61997685879747,74.83863010330211,25254400,74.99198041643415,49.103527476022705
2015-02-18,76.24000549316406,76.42884381084642,74.98772324920489,75.47472653347518,22426400,75.31001935686383,52.19832814033798
2015-02-19,78.93338775634766,79.35081257491532,76.47852036013249,76.51827618799354,45851200,76.01708657400948,56.09957964406259
2015-02-20,79.41045379638672,79.84775275787159,78.71473815047806,79.06259976475698,36931700,76.68582153320312,69.89027254686013
2015-02-23,78.35694885253906,79.6986835572241,77.89976815227924,79.47008941576932,24139100,77.01663861955915,68.928201032881
2015-02-24,77.96934509277344,78.99304080024444,77.62149100899704,78.01904178302021,18897100,77.33183833530971,65.02464395404434
2015-02-25,79.0725326538086,79.70861076076334,78.01902971091154,78.01902971091154,25593800,77.87420872279576,67.81502241684332
2015-02-26,79.9173355102539,80.87145272738182,79.23156067999182,79.390576424855,31111900,78.55714416503906,70.23607257259104
2015-02-27,78.48616790771484,80.73232346544675,78.13831380384393,80.18569017175622,30739200,78.87802450997489,68.50330572303893
2015-03-02,79.2613754272461,79.37070206893013,78.03890824416538,78.51597064266385,21662500,78.9248798915318,70.56543370054544
2015-03-03,79.11229705810547,79.2116828513426,78.03891229278447,79.12223791222418,18635000,78.88228607177734,67.91229294386233
2015-03-04,80.40433502197266,80.65280329609331,78.36689214112333,78.81413958413049,28126700,79.17476981026786,67.86006289799221
2015-03-05,80.71243286132812,81.48765265957529,80.55341710964534,80.73231456944468,27825700,79.56663949148995,70.21103324603888
2015-03-06,79.51979064941406,80.83170286772635,79.3408931840692,80.40433712177196,24488600,79.63053349086216,66.38533476454016
2015-03-09,78.95327758789062,79.42039913502542,78.14823526048082,79.19180499695854,18925100,79.49281093052456,64.26457596795285
2015-03-10,77.07485961914062,78.77438165908981,77.07485961914062,78.01903600267357,23067100,79.29119546072823,52.94944971062369
2015-03-11,77.0947265625,77.94945792977447,76.78662836591818,77.32332068369394,20215700,78.98167419433594,41.99133192122031
2015-03-12,78.44640350341797,78.56567100428576,77.43265628531651,77.62148701671143,16093300,78.8865465436663,46.09816469228118
2015-03-13,77.57178497314453,78.89363020303254,77.20404926045914,78.1184105333189,18557300,78.48189653669085,46.775486263552054
2015-03-16,77.59166717529297,77.64136385986973,76.88601823366992,77.48234053534368,19305400,78.03607286725726,48.400645389323934
2015-03-17,78.87377166748047,79.29119655940809,77.8600168354846,77.87989854423364,22170000,77.94378444126674,49.17086981650419
2015-03-18,80.41426849365234,80.74224082256815,78.68492400502701,78.76443566528205,36912400,78.15249742780414,51.9592354848607
2015-03-19,82.24299621582031,82.49146448233337,80.50371835022895,80.62298584790912,42099500,78.89080265590123,64.36165775847134
2015-03-20,83.28657531738281,84.08166930988622,82.56104456135598,82.87908367488747,44466300,79.77535247802734,65.07820738890493
2015-03-23,83.9126968383789,84.43944830978833,82.78962308957483,83.40581949040134,27357300,80.5562515258789,67.36157329686618
2015-03-24,84.78730773925781,85.54265338280689,84.00214711733766,84.19098542388734,32576500,81.58704049246651,66.34540259678182
2015-03-25,82.41194915771484,84.99601749817522,82.41194915771484,84.97614337410256,37436100,82.27565220424107,55.49130326102444
2015-03-26,82.50139617919922,83.25673416605514,81.63672397795098,82.21317211211647,32794800,82.79388427734375,60.37338395734757
2015-03-27,82.78963470458984,83.43564617252122,82.37220222746544,82.86913879212048,18372600,83.13322230747768,63.61071817766944
2015-03-30,82.69024658203125,83.82326141485674,81.9050934326975,83.29650983606165,24527700,83.19711521693638,72.80060667791797
2015-03-31,81.71624755859375,82.98840391435628,81.70630670444405,82.39208157042384,19734300,82.97278267996651,67.41571483115365
2015-04-01,81.16961669921875,82.21318651867541,80.3745227448877,81.99453321687305,22058200,82.58091408865792,60.925013023567296
2015-04-02,81.06028747558594,82.05416057394339,80.94102755667903,81.74606233990058,19664100,82.04848262241909,64.91078864830632
2015-04-06,81.93489837646484,82.30262655973476,80.30494714709882,80.30494714709882,19062900,81.98033251081195,67.30006685710812
2015-04-07,81.81563568115234,82.9088946065915,81.71624988477609,82.14361563357916,17467000,81.88236672537667,62.914466227784615
2015-04-08,81.77587127685547,82.59084685398052,81.33856471944466,82.12372531904614,18966700,81.73754337855748,56.884383341819806
2015-04-09,81.66654968261719,82.29269457989118,81.20936897283056,81.9945296209369,15927300,81.59130096435547,46.472029689563264
2015-04-10,81.53734588623047,82.10385322110706,81.40814511955672,81.70630248479989,12529700,81.56574358258929,37.94513993680104
2015-04-13,82.50139617919922,83.42569833134426,81.41807071446414,81.42801156716324,26883100,81.75599779401507,40.70683179637843
2015-04-14,83.0082778930664,83.17724208271234,81.93490070894808,82.66042382494241,19634200,82.03428213936942,37.689204157291144
2015-04-15,82.20323944091797,83.1474233924337,81.76593287042017,83.03809674980924,22390900,82.07261657714844,48.15469878607835
2015-04-16,81.80569458007812,82.56104027903065,81.6466788228856,81.96471791992084,13769700,82.07119641985211,44.166772217083306
2015-04-17,80.28507232666016,81.6069254439467,79.8775882756875,80.98078808543485,24215000,81.85822514125279,32.596686840241404
2015-04-20,82.58090209960938,82.64053963448876,80.74223860690017,81.04040353334992,28796800,81.98884691510882,49.417890564075904
2015-04-21,83.107666015625,83.9723307042111,83.02815435289423,83.48533503962184,27171900,82.21317836216518,57.77775882362975
2015-04-22,84.1114730834961,84.22079972507743,83.13748174550732,83.80337486593938,45548000,82.4431893484933,65.64479207493369
2015-04-23,81.90507507324219,85.06558383756806,81.90507507324219,83.58471523584605,73728100,82.28558894566127,53.67327711466882
2015-04-24,81.03047180175781,82.43183649810982,80.98078269685557,82.2628723100224,29660400,82.11805071149554,46.0674000752384
2015-04-27,81.40815734863281,82.42190467498337,81.12986648355842,81.36840151076504,25446000,82.06125967843192,48.26715792356145
2015-04-28,80.1856689453125,81.39819514295931,79.73842915624876,81.32862434060164,23775300,82.04705919538226,43.85559131727259
2015-04-29,79.97695922851562,80.89132054244484,79.03277535601673,79.51977857155102,26430300,81.67506735665458,43.5213237144044
2015-04-30,78.28738403320312,80.46396863991473,77.84014415251048,79.51979218838567,28999000,80.98645564488002,38.86999249079378
2015-05-01,78.50603485107422,79.27132139220757,77.63142924385761,78.7545031286227,24136400,80.18567875453404,35.58110080123352
2015-05-04,78.32714080810547,79.20175403616233,78.14824333715296,78.84395909425731,14692000,79.67454528808594,32.69656393827272
2015-05-05,77.08479309082031,78.31720116045467,76.7468798857801,78.068732892284,22311300,79.11087690080915,31.67260292010124
2015-05-06,77.6214828491211,78.32713179707271,76.57792070749527,77.49228208377205,28663000,78.5699234008789,35.16559490661973
2015-05-07,77.949462890625,78.45634026455781,77.08479061540429,77.52209717978941,19749400,78.2504653930664,40.95455901949834
2015-05-08,78.02897644042969,78.74456626030818,77.55191403296078,78.61535790898861,19943600,77.97218213762555,28.717598227292896
2015-05-11,77.53203582763672,78.54578296401277,77.45252416680152,77.99915735673181,18874100,77.86427525111607,23.85839350574372
2015-05-12,76.98541259765625,77.41277835162398,76.3195194129729,77.39290422516864,21285300,77.64704350062779,15.092628927432884
2015-05-13,77.95940399169922,78.04884892598042,77.17424337708279,77.24381418685137,21512300,77.59450966971261,28.017794311295035
2015-05-14,80.87145233154297,81.3485071464471,78.18799056277133,78.45634053097328,49438000,78.13546098981585,49.277980965551066
2015-05-15,79.92727661132812,81.02053555580628,79.68874917934116,80.91121648574378,27069900,78.46486009870257,43.605111640883116
2015-05-18,80.38444519042969,80.88138168845258,79.73843380911929,79.83781959219402,21613700,78.81271471296039,50.91912776348635
2015-05-19,80.13597869873047,81.18948925384304,80.05647462011675,80.75218269954539,17955400,79.11371503557477,50.7326016338461
2015-05-20,80.05648040771484,80.60310605745525,78.97315479697309,79.97696874070354,23056900,79.47434997558594,59.569937028321156
2015-05-21,79.98690795898438,80.42420695330381,79.58935721470782,79.69868385895012,13402700,79.90313502720424,58.14211418700507
2015-05-22,80.04653930664062,80.8118182469754,79.75831520160159,79.85770099373404,19567900,80.20129721505302,59.57919792574331
2015-05-26,78.84396362304688,80.10617926424356,78.59549532037698,79.93722263826425,16321300,79.91165597098214,59.84440429267226
2015-05-27,80.05648040771484,80.16580705419291,78.94333981750633,79.11229642291792,14160900,79.93011365618024,62.66815591723069
2015-05-28,79.6589126586914,80.57327388627675,79.50983021051702,79.75829842992489,11982000,79.8264661516462,58.82953779707838
2015-05-29,78.7048110961914,79.57941667088721,78.39670528728567,79.46014917234469,16134600,79.62201363699776,53.20152748673785
2015-06-01,79.79806518554688,79.88751011711454,78.17805490285481,78.81413302505595,18119000,79.58509717668805,60.16048067574844
2015-06-02,79.94715118408203,80.85157172356874,79.0725380404513,79.27131720157178,18923300,79.5794176374163,63.7708468871652
2015-06-03,81.93489837646484,82.0243433131576,80.75218699586213,80.851572786404,31775000,79.84918321881976,66.89196811676516
2015-06-04,81.54728698730469,82.4417666683979,81.01059462905899,81.63673192235416,20863900,80.23537227085659,53.65593749871027
2015-06-05,81.63673400878906,81.95477309039819,81.01059669949134,81.36839161413285,16143100,80.46112278529576,60.189601478538634
2015-06-08,80.17572784423828,81.4975806675848,79.63903554943634,81.31868323598415,16915500,80.53495352608817,48.88886542181036
2015-06-09,80.17572784423828,80.69254601670626,78.83400089855779,80.1061570420963,16497500,80.74508449009487,50.217360105200626
2015-06-10,81.65660858154297,82.09390754138856,80.31487397755208,80.33475568365594,21531200,81.01059068952289,57.5871429667027
2015-06-11,81.32864379882812,82.39208779367097,80.86152219295921,81.80569867694703,18656800,81.20794677734375,56.209790525853414
2015-06-12,81.03047180175781,81.58703830562249,80.70249186227332,80.87145605036073,11417900,81.07874298095703,54.45543665117102
2015-06-15,80.21549224853516,80.43414553083181,79.57941410875374,80.05647650491457,18805100,80.88848658970424,56.436481594861384
2015-06-16,80.56334686279297,81.01059428408466,79.95708369676282,80.3248194543605,13693700,80.73514556884766,52.588781375861934
2015-06-17,81.28887176513672,81.71623744890171,80.841624375532,81.25905678902622,18350300,80.89416612897601,58.05504404518986
2015-06-18,82.40201568603516,82.68029891826997,81.07022189693365,81.13979270499235,26782600,81.2122072492327,67.98833542195007
2015-06-19,82.00448608398438,82.4716077366898,81.61687611315462,82.32252522883574,23353200,81.26190403529576,61.51462739907979
2015-06-22,84.22079467773438,84.44938880079106,82.7995560050013,82.89894936968194,29383100,81.67506844656808,68.34469844093562
2015-06-23,87.34156799316406,87.43102051790211,84.24068867838264,84.43946027145573,50667900,82.57665361676898,71.15087416438195
2015-06-24,88.3155517578125,88.70316160527405,86.91418724572156,87.12290723987678,41370200,83.73380497523716,75.31598971299813
2015-06-25,87.44094848632812,88.85224630405709,87.30179929250286,88.71310469288095,27302000,84.71631949288505,70.50564250851471
2015-06-26,87.47076416015625,87.79873648474448,86.29799372614153,87.58009079590205,38214600,85.59944697788784,78.67199780261564
2015-06-29,85.2743148803711,86.96389611468207,85.20474406678535,86.07934966367044,35957900,86.00977543422154,67.08872671109225
2015-06-30,85.2444839477539,86.16878614186355,85.04571238064077,86.06940035830698,23016500,86.4726322719029,63.321054784385126
2015-07-01,86.37751007080078,87.41113136594826,85.9600776286513,86.2383608683179,25260000,86.78073447091239,67.68801796586123
2015-07-02,86.75518798828125,86.90427047699318,85.81100394820592,86.86451464115997,16908800,86.69696589878627,69.94465945095371
2015-07-06,87.01358795166016,87.64966609259707,85.86069158205603,85.96007736983063,24635900,86.51097106933594,74.63984850630044
2015-07-07,86.68560791015625,87.31174519667239,84.70780268031835,87.2620560941772,33059900,86.40306527273995,72.22228683877192
2015-07-08,85.12523651123047,86.21849545581155,84.92645733234733,85.76131471835583,24399300,86.06798989432198,63.12933823790515
2015-07-09,85.35382080078125,87.06328378010356,85.12523422950568,86.19861901875227,23307400,86.079347882952,60.753126585944365
2015-07-10,87.41114044189453,87.67949043847138,86.23836982249476,86.8148180688854,23245900,86.38887023925781,67.57104552854639
2015-07-13,89.5479736328125,89.66724114633948,87.87826635668854,88.1168013837425,29976700,86.84179360525948,67.40265644206642
2015-07-14,89.13054656982422,90.24368725473563,89.10073158782089,89.9057664325132,26627800,87.18113054547992,57.09782426418551
2015-07-15,89.2100601196289,90.43251990337656,88.8721392903002,89.44858756332222,30886600,87.49491228376117,53.820127996851234
2015-07-16,90.29336547851562,90.30330633220184,89.21998075989436,89.72685814079601,21804100,88.01030622209821,61.96831600001025
2015-07-17,94.38812255859376,94.80554740997044,91.9730108004152,91.982951653824,54001600,89.33357565743583,71.64180102008667
2015-07-20,97.31011199951172,97.99587923395752,94.77573274014622,95.26272840166703,54860500,91.04161725725446,86.02018794221631
2015-07-21,97.78716278076172,98.631953304879,96.544821544516,98.34372922815209,39453300,92.52390616280692,86.55854725943321
2015-07-22,96.4454345703125,96.98212688765632,95.33229410663836,96.14726964423848,28299500,93.50925772530692,78.99257182654853
2015-07-23,94.8552474975586,96.85292689338328,94.22910261537946,96.36593121597151,29418800,94.32707214355469,71.80313473289137
2015-07-24,96.35598754882812,97.16102986203164,95.292543706465,96.75353827869228,33444900,95.34791891915458,73.57074358714746
2015-07-27,93.59302520751952,96.01807792542702,93.2551120032995,95.98826294654287,38585400,95.81929888044085,65.5203542341298
2015-07-28,94.70616912841795,94.97451153052394,92.73829704325745,94.25892168137464,35236000,95.86473410470145,71.96903113121458
2015-07-29,96.39574432373048,96.68396841613726,94.15952997683426,95.72985120471284,64648300,95.73411015101841,73.7291984400531
2015-07-30,94.62664794921876,95.22297023602344,91.23754494324504,94.32849059714104,86211300,95.28260803222656,65.70069257287886
2015-07-31,93.43400573730467,95.73979086517474,93.37436819926228,94.36824122994162,46509000,94.85240391322544,58.81821543626572
2015-08-03,93.5632095336914,94.4974526392543,92.23142326909296,92.95694635871756,29343100,94.66782706124442,60.19195320596794
2015-08-04,93.48369598388672,94.14959668540892,92.75817290889104,93.2153535986834,20136000,94.25749969482422,59.82630466221186
2015-08-05,95.84912872314452,96.49514020257436,94.59684643478222,94.66641725176622,29813200,94.57980019705636,62.06304879289162
2015-08-06,94.53721618652344,98.1350321148878,93.841500436137,96.58459243670428,42271300,94.5556640625,50.368220092433724
2015-08-07,93.72222900390624,94.8154878115326,93.03645419230592,94.79560610480972,23199100,94.17373330252511,40.10958157353789
2015-08-10,93.57315826416016,95.31243627062167,93.05633998167023,95.09378296515676,21624200,94.02323477608817,38.169685120659665
2015-08-11,93.04639434814452,94.17940897807355,92.33080456447372,93.15572098635252,22491000,93.96786172049386,40.00001795655323
2015-08-12,93.61290740966795,93.86137567854794,90.63128818310824,92.13203106763544,27050500,93.97496141706195,46.110773546113904
2015-08-13,92.85755920410156,94.14959719992534,92.77804754040326,93.47376322378898,17451800,93.88551330566406,38.51178820317843
2015-08-14,93.84149169921876,94.13965664771725,92.63890621686753,92.96688614368594,15929700,93.5987080165318,50.92386398516245
2015-08-17,93.3544921875,93.88124366988583,92.8177998518665,93.84148783954456,18313500,93.42974744524274,44.72865675318803
2015-08-18,94.5868911743164,95.2627251146511,93.46381741900768,93.5035732487508,22278800,93.5532706124442,42.68489093209092
2015-08-19,94.72604370117188,95.51120436810196,93.5830956906288,94.0502096829694,23251300,93.7179685320173,50.46300047622087
2015-08-20,90.00514221191406,94.1893468996938,89.90575642208539,92.96688727776667,44598200,93.28350394112724,37.97913303226875
2015-08-21,85.53270721435547,88.6335936773105,85.08546740128033,86.98376087189716,62778700,92.12918962751117,28.418849507225744
2015-08-24,81.5870361328125,81.5870361328125,71.55886056302685,76.55804085858102,83710700,90.5191149030413,23.529471678933874
2015-08-25,82.49147033691406,87.13285606495015,82.49147033691406,86.41726619338179,52021200,88.89768327985492,18.21197716249486
2015-08-26,86.65579223632812,86.92413461906624,82.74987091051005,85.42338421501006,45124300,87.94072614397321,33.48605168807603
2015-08-27,89.18022918701172,89.50820151993778,86.65579081291636,88.55408433315873,42431400,87.16834586007255,41.11932521496514
2015-08-28,90.45240020751952,90.91952181520202,89.23987371506304,89.32931866156363,33215900,86.55782536097935,44.1548943564359
2015-08-31,88.88206481933594,90.49214184760218,88.34537247658052,90.04489443731462,32850700,86.3973857334682,42.49374211489977
2015-09-01,86.69554901123047,88.84231084445018,85.97001835235346,86.31787240141111,36097400,86.56350599016461,38.219378142743935
2015-09-02,89.33924865722656,89.33924865722656,87.09309342098781,88.26586393378685,27190500,87.67096492222377,44.37023581058975
2015-09-03,87.60991668701172,89.2696829708025,87.19249179815118,89.21005301029389,27048200,88.4021715436663,40.260974430772805
2015-09-04,87.71923828125,87.84843904912306,86.1687911535249,86.66572768285928,27328700,88.55409240722656,41.08772549638524
2015-09-08,88.98145294189453,89.68710189738631,88.28574484004336,89.140476269546,27012500,88.52569580078125,41.14323228455992
2015-09-09,89.88589477539062,91.41646041570866,89.61754476468542,90.22380802424811,32551100,88.44476645333427,42.532992598528175
2015-09-10,91.41644287109376,91.49594694914543,89.08083522955997,89.51814178076617,26437400,88.80682046072823,52.4149666258302
2015-09-11,91.48602294921876,91.51583792934058,90.57165392379886,91.11828716819934,21185000,89.49117388044085,61.99441899129281
2015-09-14,91.74441528320312,92.0525210730304,91.03876635481694,91.74441528320312,20127900,89.83476911272321,74.03573473795805
2015-09-15,92.330810546875,92.67866460796203,91.22761082267762,91.80405902827891,18859400,90.50918252127511,73.63895577146982
2015-09-16,92.87743377685548,93.02651625134672,92.06245817663944,92.33080814725366,16321200,91.24606759207589,68.09247031375288
2015-09-17,93.76199340820312,94.92483080707886,92.33082116617642,92.79794278021144,27841800,91.9290019444057,64.72844851477234
2015-09-18,93.82161712646484,94.60677774328796,92.47989002992897,92.6289649208166,62300000,92.49124799455915,61.74632137803366
2015-09-21,94.9645767211914,95.89881226898574,93.940881069727,94.04027444478272,28790000,92.99812425885882,71.85719855046955
2015-09-22,92.39043426513672,94.09989705862196,91.35680542296777,93.1954689782306,36888900,93.12732587541852,69.90963260907834
2015-09-23,93.39425659179688,93.74211066090592,92.23142688249663,92.82774922706216,21701400,93.36301749093192,66.01256426138869
2015-09-24,93.8315658569336,94.18935320774862,91.67485540169852,92.48983106511378,29106000,93.57741110665458,77.36009340526613
2015-09-25,92.20159912109376,95.26272992194696,91.49595016850446,95.20309996564774,28961600,93.48086329868862,67.38618863466615
2015-09-28,88.66340637207031,91.7245369266726,87.63971843048586,91.5158245137655,41199900,92.75249372209821,48.95148726477191
2015-09-29,86.13898468017578,89.50821407512184,85.19480821427425,88.55409675451017,42281800,91.65497480119977,38.83953832414118
2015-09-30,89.34918212890625,89.46844203322426,87.47076280940703,87.8981284927277,36169100,90.85277557373047,44.402578086266686
2015-10-01,90.39275360107422,90.39275360107422,87.8186259633145,89.4982738951136,29283700,90.56739262172154,47.18811897508025
2015-10-02,91.50589752197266,91.63509829734824,87.82857002441979,88.35532156287816,37881700,90.29762704031808,49.41237105263455
2015-10-05,93.43400573730467,93.6924072657737,92.0922786624175,92.3705618977838,27292500,90.24083273751395,52.549367797407406
2015-10-06,92.2314224243164,93.59302365510622,91.77423414684358,93.50357871993738,22172800,90.2450932094029,48.55106340453724
2015-10-07,91.8338623046875,93.0861443476677,90.81017437709096,92.53951119086912,24129300,90.69801548549107,45.57881728586503
2015-10-08,91.9034423828125,92.64884717222736,89.91569627770622,91.32699419249576,27290500,91.5215094430106,45.60365446146388
2015-10-09,92.66871643066406,93.16565293084535,91.6748434303015,92.33080325021244,20012900,91.99572862897601,44.64531719043882
2015-10-12,93.68247985839844,94.02039307030708,92.10221769773472,92.7482367246394,18449600,92.46568952287946,53.25002120609523
2015-10-13,93.54332733154295,94.78566855287995,92.97682003791928,93.08614667200884,19480300,92.75675092424665,50.39202680204118
2015-10-14,93.49364471435548,94.61671861764016,93.03646398604532,93.50358556876336,19253400,92.76527077811105,49.092838809098026
2015-10-15,95.37206268310548,95.70998348333264,94.3185596134238,94.40800455361185,27557500,93.21393367222377,58.39917988751751
2015-10-16,96.9423828125,96.99207191777089,94.76579830314596,95.5907147936724,25412900,93.94372231619698,74.48564313674883
2015-10-19,97.86668395996094,97.9660697519988,96.3261776440997,96.584586769518,23729900,94.79561397007534,88.31165076467644
2015-10-20,96.40568542480467,98.97981297327972,95.96837885828556,98.12508913008712,30881800,95.32946668352399,76.02635417745344
2015-10-21,96.51500701904295,97.57845081893235,95.87892890972496,96.77341612053128,21917800,95.73411342075893,74.25191215279334
2015-10-22,99.05933380126952,99.11897134572564,96.95232760252787,97.1908550324014,26392100,96.52211434500558,76.87407098565372
2015-10-23,101.56389617919922,102.2198484929666,99.54633496637288,101.28561291986456,42809700,97.67500741141183,77.78529310379902
2015-10-26,103.13420867919922,103.17396451328244,100.92781675745675,101.5738282090212,25961200,98.7838854108538,86.3484999710036
2015-10-27,103.06463623046876,103.46218698234505,101.7726057651832,102.3092981428187,23795500,99.65849304199219,88.27910953560806
2015-10-28,103.5615692138672,103.83986003846698,102.2894129177239,103.26341184719902,24081500,100.4720480782645,88.61089577144783
2015-10-29,104.2374038696289,104.47593886368904,102.88573590055354,103.32304247368076,20316700,101.59086499895368,88.54302073700748
2015-10-30,101.34523010253906,104.07838082770937,101.0271910487343,103.86966840952336,33487100,102.28089686802456,72.68977576165587
2015-11-02,102.67703247070312,102.8360558140201,100.56008539568586,101.09677780540513,24003900,102.79771096365792,75.26115244263477
2015-11-03,101.95149993896484,103.01494380594028,101.77260248551806,102.58757808840905,21242300,102.85308292933873,72.5489773319914
2015-11-04,103.30316162109376,103.5019331872156,101.85210795698642,102.55775687416298,43469300,102.87721906389508,71.75567726394699
2015-11-05,108.09363555908205,109.97205502597068,107.28859322852288,108.13339139119049,63232900,103.59564753941127,75.99625356652855
2015-11-06,106.4438018798828,108.07375307131116,105.26109810945772,107.3780449710611,35084300,104.00739506312779,69.34105998546602
2015-11-09,105.83753967285156,107.58675837558732,105.21140237695538,106.34441705485304,26383500,104.2359858921596,72.12118218985125
2015-11-10,107.24884796142578,107.48737537805977,104.59520106860464,105.3107909011564,25031700,105.07935987200055,73.7258198012362
2015-11-11,108.34210205078124,109.19683347050916,106.4537417610882,107.60663054277848,25057100,105.88865552629743,71.92484604813944
2015-11-12,107.358154296875,108.71976298809446,107.33828017394907,107.81534253330994,20924700,106.6610347202846,64.74448255256132
2015-11-13,103.31310272216795,107.58675996155284,103.19384280651522,107.05006759316616,30278400,106.66245487758091,50.404305139337644
2015-11-16,103.40255737304688,103.53175814521722,99.85443073889256,102.68696753378048,49309200,105.99230085100446,50.763024756098034
2015-11-17,104.48587036132812,105.54931421485138,103.50193817114202,103.97900056851532,26807200,105.7125963483538,52.033227109873785
2015-11-18,107.10968780517578,107.21901443967644,104.74427284060944,105.15176440241176,23836500,105.89433179582868,55.81954998794279
2015-11-19,105.60895538330078,107.0699500210724,105.30084957294258,106.70221425248674,25520600,105.66006142752511,59.15495080435396
2015-11-20,106.6624526977539,107.20908589434872,105.96674461358722,106.18539030957574,22129600,105.42011151994977,58.66089160045533
2015-11-23,106.2947235107422,106.81154176172716,105.43005877884984,106.53325851088135,19897200,105.26819283621651,59.587547261963934
2015-11-24,105.0921401977539,105.83754502790968,103.75041302000352,105.35054932868326,23577300,105.5223410470145,53.975285535307684
2015-11-25,104.76416015625,105.94686391053811,104.45605435950058,105.67852152771714,15150800,105.71685573032924,40.77133215219059
2015-11-27,104.8039093017578,105.31078667659013,104.21752784633674,105.1318892256287,5913100,105.76228986467633,45.00905569951795
2015-11-30,103.60133361816406,105.44993825853308,103.11433790445618,105.1915291199196,20383200,105.26109640938895,43.432578982747025
2015-12-01,106.46367645263672,106.49349142884236,103.85972651270798,104.1877064162681,22781900,105.38319941929409,47.87516156072825
2015-12-02,105.42010498046876,107.25876844720456,105.14182176379292,106.34440714022716,24429100,105.20572117396763,42.07114341054786
2015-12-03,103.74046325683594,106.1953308332221,102.71677525789096,105.6188826609028,23236500,104.84082685198102,40.54052005215523
2015-12-04,105.52943420410156,107.0699403690715,103.47211742156608,104.16782548033686,21224700,104.9032974243164,56.57042822150001
2015-12-07,104.96292877197266,106.1754550525362,104.01875244931706,105.8276010169604,15474900,104.93169294084821,54.49855994875908
2015-12-08,105.83753967285156,106.254972119432,103.31310119920158,103.3627978850908,20401800,105.07935442243304,53.94433589749527
2015-12-09,103.9591293334961,105.7878598612166,102.9155670820105,105.52945072066528,23517300,105.1304680960519,40.38813365696424
2015-12-10,104.77409362792967,105.74809253950713,103.7702873211478,104.4063654575312,17454300,104.88909912109375,47.341735005764576
2015-12-11,101.49432373046876,103.70071564366698,101.2856112893277,103.51188491081555,26427700,104.32827322823661,35.58756158929856
2015-12-14,104.0187530517578,104.09825712988612,100.83835486449696,101.66327128410376,24648100,104.36802891322544,44.33446549318074
2015-12-15,103.90943145751952,105.151772782537,103.64108148503196,104.65483625253,21764300,104.13659994942802,46.88643585077703
2015-12-16,106.13570404052734,106.4338614062778,103.55163562410864,104.72440612775284,22680500,104.30413927350726,53.28259763651365
2015-12-17,105.56919860839844,107.08982319083084,105.47974608920548,106.83141406973422,21675700,104.26580483572823,51.78656538735281
2015-12-18,103.40255737304688,105.93692920735714,103.33298655993208,105.43005939008503,35994200,104.18629455566406,49.555945362224776
2015-12-21,104.12808227539062,104.50575890964076,102.9652525578996,104.2672314866644,16138800,104.09400721958706,44.23171643042525
2015-12-22,104.86354064941406,105.01262311352176,104.16782501112787,104.57531657417896,14597100,104.57532392229352,48.60419426707471
2015-12-23,103.98894500732422,105.45988060643413,103.22366601780344,105.2412273000995,19599700,104.57106563023159,50.64938845548472
2015-12-24,104.37655639648438,104.67472137888618,103.85974568732514,104.09827312365628,6501800,104.63779776436942,46.748907481449976
2015-12-28,105.28097534179688,105.33067202870296,103.88955151757422,104.37654720212473,13069700,104.51569366455078,50.88011167603142
2015-12-29,106.6028289794922,107.07988381293087,105.59901504276722,105.76797164699968,17179900,104.6633551461356,52.06658700399691
2015-12-30,105.56919860839844,106.5928866563026,105.41017527767752,106.3444183890385,13115000,104.9728753226144,54.55568301676948
2015-12-31,104.0187530517578,105.51949584002644,103.978997221369,105.350539247861,18391100,104.95725686209542,47.94816656401006
2016-01-04,101.59371185302734,101.6135859791226,99.13884402583037,101.32536186351544,37912400,104.49013846261161,50.28312880915501
2016-01-05,102.1005859375,103.07457732004026,101.04707530522288,102.25960168902397,23258200,104.22037288120815,43.82598480033875
2016-01-06,102.33911895751952,103.13421292395763,100.28180185060224,100.5103884276762,25096200,103.92931038992745,44.98732120364301
2016-01-07,97.3200454711914,100.80854193656675,96.70384904426234,99.88423971352373,45172900,102.79203469412667,26.117361390141426
2016-01-08,96.73367309570312,99.884249082756,96.43550812508258,99.26804501537696,35402300,101.3821552821568,26.08927792753508
2016-01-11,96.91256713867188,97.99588516720756,94.80555345790852,97.31011789124136,29932400,100.14549364362445,30.31943985585505
2016-01-12,98.76116943359376,99.3475509036659,96.95232075429946,98.3934336689156,28395400,99.39441026960101,34.76296178848904
2016-01-13,94.8552474975586,99.9637544314486,94.6266533568512,99.9637544314486,33410600,98.43177250453404,25.92061223508321
2016-01-14,97.76729583740234,98.26423236839578,91.8835615476263,95.2627314749116,48658600,97.81273106166294,36.36758460621859
2016-01-15,94.38812255859376,95.78947958325816,92.96688382711172,93.40419038530602,46132800,96.67687443324498,30.650731699242513
2016-01-19,94.67635345458984,96.82311540365392,93.34455956006724,95.93856895289672,30998300,96.29920414515904,28.954652775822083
2016-01-20,93.77191925048828,94.417938239181,88.82243578697071,92.26123557502716,59051400,95.8760964529855,24.107504387076347
2016-01-21,93.58309173583984,95.40187368772428,92.05252630098454,94.32849653694568,30518900,95.40045710972377,24.958485780602786
2016-01-22,97.33992767333984,97.46912843840016,94.90493418302228,95.81930313990514,30495400,95.19742257254464,37.22433818543856
2016-01-25,96.41563415527344,98.87050199172565,96.33612248529236,98.11515629220568,32482000,95.4203349522182,39.49173320963519
2016-01-26,96.74359893798828,97.28029129429966,95.073899495219,97.1610313813302,26877100,95.27409253801618,39.04913945058465
2016-01-27,93.87129974365234,97.2504693855482,93.65265405790682,97.19083943331296,58699400,95.20026070731026,34.37266447581476
2016-01-28,108.4415054321289,109.66396522154596,104.1678476401123,106.54320398092014,107475300,97.16671098981585,65.17496506361836
2016-01-29,111.52249908447266,112.1486364045936,108.1731440244353,108.32222650522122,62739500,99.70250810895648,68.89283041627169
2016-02-01,114.38484191894533,115.01098677272655,111.32371878854012,111.58212031352508,46132700,102.67418670654297,70.88876913725557
2016-02-02,113.90779113769533,116.86952858744702,112.5064264941946,114.09662944409176,59778600,105.04102434430804,68.72235919504243
2016-02-03,111.9995574951172,114.63331503652228,109.07756827390588,114.56374422566722,56919300,107.26729910714286,72.29259005222713
2016-02-04,109.81302642822266,111.25414683806636,108.5806260225954,111.11500522368824,38890200,109.13436017717633,65.96416021976103
2016-02-05,103.432373046875,108.90861594218474,102.54782659591362,108.83904512860296,76894700,110.50022779192243,61.10298968720694
2016-02-08,99.13883209228516,102.0508802956452,96.86286200450928,99.79479191422156,71229700,109.17127445765904,54.98776989877207
2016-02-09,98.93013763427734,101.77261554681331,96.22680136087384,96.54484047641246,62709000,107.37236567905971,55.85649170768214
2016-02-10,100.38117218017578,102.61738641191238,99.625826583203,100.92780535877108,45179400,105.37184143066406,57.50328833797883
2016-02-11,101.28560638427734,104.46599711809746,98.2741646668372,98.98975447760913,43670600,103.56867218017578,54.647631646111094
2016-02-12,101.38499450683594,103.6013272178664,100.47062551499552,103.10439068035195,36176800,102.05230603899274,55.96943576741796
2016-02-16,100.98744201660156,103.29322720754983,99.62583319756824,103.16402643978086,45687200,100.79150826590401,55.08940068756669
2016-02-17,104.5554428100586,105.07226104720196,99.78485667479129,101.39492617803477,44073400,100.95194680350167,62.60259692013953
2016-02-18,102.83605194091795,105.35054969687408,102.39874534591688,105.15177810786452,29593500,101.48012106759208,40.511403084628924
2016-02-19,103.92931365966795,104.37655353837354,101.4346899620106,101.92169325877477,32404500,102.1942890712193,36.21931915610094
2016-02-22,106.50343322753906,107.58675114675862,104.6945771067446,104.84365957174568,35709700,103.0688977922712,35.54500499542435
2016-02-23,104.81385040283205,106.81153734617708,104.47593720724558,106.19533332859938,25319300,103.57293265206474,34.03138471448068
2016-02-24,106.22515106201172,106.29472187365168,102.11051715610584,103.57151178319484,34412400,104.26438358851841,39.68026200790003
2016-02-25,107.40786743164062,107.40786743164062,104.96294047417668,106.45375014940956,29906300,105.18158721923828,45.54165430394008
2016-02-26,107.25878143310548,108.77940603879364,106.50344334857856,108.0340012256014,26686200,105.56777845110211,59.22377128261984
2016-02-29,106.26490020751952,108.24271295317028,106.09594361597628,106.9407341563418,32779000,106.05761391775948,70.42737869037741
2016-03-01,109.14713287353516,109.14713287353516,106.94073359390636,107.1693277209356,26817300,106.80301666259766,75.39521861519307
2016-03-02,109.27633666992188,109.87266655433876,108.10356619063118,109.00799428805384,25670200,107.1991457257952,73.66471447645048
2016-03-03,108.90859985351562,109.62418959187404,107.8749710739589,109.57449291123572,21353100,107.78410993303571,70.87638699044435
2016-03-04,107.72589874267578,109.3757316370742,107.26871805188637,109.3757316370742,24938900,107.99850245884487,66.3925873943258
2016-03-07,105.08220672607422,107.40786615205924,104.07839276690076,107.40786615205924,31436400,107.66626521519252,59.4843712834947
2016-03-08,105.28097534179688,106.71215499901444,103.76035074732812,104.13801978680505,25617000,107.38372148786273,51.99128747601899
2016-03-09,106.8512954711914,106.8512954711914,104.84366763116688,106.0462531313609,20493300,107.46749223981585,61.11110641948955
2016-03-10,106.6624526977539,107.99424649370792,105.12194647654988,107.24884172525104,24854300,107.11253792898995,57.961750314702506
2016-03-11,108.73965454101562,108.74958781205363,107.25877823018712,107.8153522969524,20697600,107.03586905343192,56.708422365161404
2016-03-14,109.21671295166016,109.6540195364996,108.10357236418244,108.6104497618236,17249400,107.07988521030971,64.24437375227325
2016-03-15,109.99192810058594,110.15095142750152,108.17313860789947,108.4414885764071,17618500,107.40360369001117,62.7095763757709
2016-03-16,111.49268341064452,111.81072249577096,109.42542556599786,109.81303546403788,24744800,108.3193860735212,63.49308995930935
2016-03-17,110.33978271484376,111.9995564717623,110.05156620297038,111.46286411464877,24241200,109.04207284109933,59.544311719447585
2016-03-18,110.76715087890624,111.73120897229718,109.59438035024252,110.87647752347532,36256900,109.60148075648716,64.4543835713744
2016-03-21,111.16470336914062,111.68152162115142,110.34972774033888,110.97587263863468,18448000,110.24465942382812,57.70693553379116
2016-03-22,111.56224822998048,112.18838551256418,110.48886353185168,110.67770183503625,19001100,110.64788709368024,58.556557945871006
2016-03-23,111.8504867553711,112.49650582832152,111.3137943370423,111.32373519182168,18562000,111.02414049421039,61.077916220168454
2016-03-24,112.35735321044922,112.39710146038084,110.99574437947442,111.4429842263776,17839100,111.362058367048,68.37539623153248
2016-03-28,112.9934310913086,113.88791078293686,112.25795956431908,112.62569532781384,21351800,111.57645089285714,87.33572411011995
2016-03-29,115.42841339111328,115.60731084027418,112.94373080979491,113.13256911242296,29825300,112.30339813232422,89.54289366889168
2016-03-30,113.99723052978516,116.27320061894382,113.6593173480848,116.01479909740212,33235200,112.76483808244977,78.15180657129577
2016-03-31,113.40091705322266,114.30534519682512,113.07293711657672,113.99723938543808,21207500,113.08429718017578,75.72078562750383
2016-04-01,115.3488998413086,115.45822647970974,112.65550487714742,113.05305560018344,24760500,113.62524741036552,75.47889452349969
2016-04-04,111.86042022705078,113.84816642330118,110.92617708836512,113.3711039998351,48487900,113.62666647774833,58.27116915753024
2016-04-05,111.53244018554688,112.62569907598136,111.21440109773592,111.42311353823844,22962400,113.50882175990513,54.95844510736694
2016-04-06,113.01329803466795,113.11268381823888,111.73120095345011,111.7808976365602,20814600,113.51165989467076,54.90067833984268
2016-04-07,112.94374084472656,114.18608224576646,112.37723346915836,113.09282332938136,20714500,113.15670667375836,59.02210840296947
2016-04-08,109.9521713256836,113.6295061112411,109.22664825514124,113.54999444846538,48497800,112.57884107317243,47.602322327283346
2016-04-11,108.3222198486328,110.23046183665798,108.10356656793674,110.02174182679391,39762300,111.85331290108817,42.20279717352701
2016-04-12,109.93229675292967,110.47892995397136,108.32221971021109,108.6700737551242,26248100,111.07951245989118,45.807763176226494
2016-04-13,109.83291625976562,111.9598040456283,105.86735720868116,111.54237917161409,88227400,110.7898690359933,44.75989982962793
2016-04-14,110.16088104248048,111.35353320681727,109.58444045816611,109.94223534920224,28473300,110.59393201555524,44.2417391109554
2016-04-15,108.9682388305664,110.29009178549391,108.53093226920105,110.11119433608532,20922800,110.0160664149693,39.74678191326032
2016-04-18,109.77327728271484,110.13107219366071,108.53093594822217,109.06762831464096,21167200,109.56314304896763,34.290396335648
2016-04-19,111.6020050048828,111.76102074892252,108.49118510735693,110.41929365624232,30210500,109.79883357456752,43.49000464070989
2016-04-20,111.73120880126952,112.57599939493296,110.87647735375602,111.7411496551196,21027900,110.28583199637276,45.34366165059033
2016-04-21,112.74495697021484,113.34127926121548,111.62187561313682,111.86041059565656,20875200,110.68764059884208,42.3391716256837
2016-04-22,109.88260650634766,111.06531791099776,108.34210776500208,110.52862553197964,38458200,110.69473920549665,43.95867862582753
2016-04-25,109.42540740966795,109.99191467300992,108.40171951122976,109.19682088344418,21017900,110.58967154366628,43.614381947235074
2016-04-26,108.09363555908205,109.8229725512264,107.4873723890651,109.81303169753689,22521500,110.46472821916852,34.954408004031976
2016-04-27,108.22283172607422,108.27252840975969,105.6586375339514,107.27865539724532,52213100,110.2432359967913,35.61472183721209
2016-04-28,116.01480865478516,120.04993095713682,115.51787211182952,118.84734543310222,87110100,110.87363651820591,64.2924513370092
2016-04-29,116.85960388183594,117.11800543488198,115.13025918446525,116.10425818353552,37140600,111.60626438685826,70.90029824162957
2016-05-02,117.8435287475586,118.00255207727126,115.85578262204852,117.1080648042618,28095200,112.33463178362165,69.97995724778065
2016-05-03,116.71051788330078,117.43604857922902,116.3030262745596,116.79996282220498,24117500,113.31004769461495,66.50765647792859
2016-05-04,117.33663940429688,117.5751743745561,115.85577081485336,115.89552664322991,23448400,114.44022369384766,66.98025970630935
2016-05-05,117.08819580078124,118.25103317318616,116.53162925169892,117.31678996638324,22056700,115.72516087123326,70.11333248921383
2016-05-06,118.75788116455078,118.9069636292198,116.39246618382904,116.44216286626845,26395600,117.23016793387276,71.34094406625962
2016-05-09,118.50941467285156,119.54304350517666,118.17150149173624,118.80757960660564,21138100,117.58654022216797,67.73869319165914
2016-05-10,119.76170349121094,119.76170349121094,118.2708939041834,118.88709792990868,23220000,118.00112588065011,69.49813701506729
2016-05-11,118.78770446777344,120.33815159330634,118.688318678577,119.67225846477568,22038400,118.13600812639508,64.70023790318538
2016-05-12,119.54304504394533,120.0996115059579,118.17150301285028,119.24488768900255,22035500,118.54065486363002,76.18541448922424
2016-05-13,119.075927734375,119.90084418599024,118.9467269675851,119.64243506976084,18124300,118.78912462506976,76.14447292631135
2016-05-16,117.9429168701172,118.8771599940334,116.631004704638,118.64856584871244,31247800,118.9112276349749,76.97342825897363
2016-05-17,116.6310043334961,118.28083728472356,116.48192185507858,118.09199897321804,21328600,118.60738808768137,71.62585378948305
2016-05-18,116.92916870117188,117.5453651543064,116.01480729270465,116.0843781045956,21642300,118.38163866315571,53.8269651167469
2016-05-19,116.09430694580078,116.77014091380268,115.17000471871953,116.33284193402464,20544100,117.85772487095426,46.79425843437066
2016-05-20,116.6310043334961,117.26708249760432,116.233453585266,116.24339443920046,18944800,117.54962485177178,44.723162596238026
2016-05-23,115.2594757080078,116.87948628709634,115.22966072536366,116.70058880858068,20441000,116.93768637520927,43.813578893612565
2016-05-24,116.9788589477539,117.00868150969828,115.40854523792817,115.52780515510617,20183600,116.63810511997768,48.60469835360655
2016-05-25,117.16769409179688,117.94291386309035,116.66081670954742,117.40622150235264,20019800,116.52735900878906,50.31148215284991
2016-05-26,118.7380142211914,119.02623831494051,117.19750796420632,117.51554703616232,18481300,116.82836042131696,49.92154849532184
2016-05-27,118.64856719970705,119.11568876698402,118.28083900792298,118.82746465988438,13493600,117.07398877825055,50.55648070120419
2016-05-31,118.08203887939452,119.36413585264488,117.39627172265028,118.72805779217708,23547600,117.35795048304966,42.89310393137825
2016-06-01,118.05224609375,118.350411058045,117.09812882371604,117.77396283782136,15029500,117.5609850202288,46.61794156074712
2016-06-02,118.20132446289062,118.7082018514945,117.49567549344002,117.9627970493446,13228300,117.9812491280692,43.46565364270985
2016-06-03,117.744140625,118.25101800010444,117.13787746211908,118.25101800010444,14135100,118.09057508196149,43.50774934318777
2016-06-06,118.06218719482422,118.69826537617703,117.63482145585436,117.89323058660707,12744700,118.2183598109654,50.631609312893985
2016-06-07,117.03849029541016,118.56905567361352,116.94903777961056,118.50941813553064,17103000,117.97557067871094,52.22583215533566
2016-06-08,117.66463470458984,117.87334714390197,116.5514941122753,117.03849738665348,14505600,117.8350088936942,53.8784082268168
2016-06-09,117.83358764648438,117.95285514351856,116.98879706144554,117.40622192709066,13859200,117.79951586042132,59.86474920011801
2016-06-10,115.90547943115234,117.38634817308574,115.54768452156917,116.81984083002064,18510800,117.49283490862165,46.445960632593305
2016-06-13,113.2518310546875,114.77246319115358,112.61575290907342,114.29540079061822,31718200,116.7857644217355,41.26287927283745
2016-06-14,114.23576354980467,114.2456968201671,112.88409568090142,113.37109132137934,17618500,116.28456769670757,37.24582497050386
2016-06-15,113.8978500366211,114.7327073417686,113.37109853323796,114.59356572135228,19819400,115.68966238839286,35.004558969553884
2016-06-16,113.68912506103516,113.79845169110575,112.24801233032083,113.17231446832312,19236300,115.211181640625,23.54164134516347
2016-06-17,112.3275375366211,113.72890228610484,111.87035680787716,113.71896143168752,24644300,114.44873918805804,20.772073609035502
2016-06-20,112.6753921508789,114.01711927259998,112.0591881205949,113.07293531090755,20785400,113.71185411725726,24.484108466842912
2016-06-21,113.67919921875,114.50411568815106,113.27171520230416,113.42079767959888,19166300,113.39381408691406,31.09962870879025
2016-06-22,113.21208953857422,114.03699845661426,112.91392457267536,113.94755351643464,14846300,113.3881367274693,29.01339204051304
2016-06-23,114.37490844726562,114.38484171791342,112.84434309342832,113.66925951615578,16176900,113.40801456996373,36.621904581873146
2016-06-24,111.3932876586914,112.98348294214524,110.31990299886662,110.32984385200832,40643100,113.0502199445452,28.143240929294663
2016-06-27,108.3023452758789,110.88641363695665,107.56688135693244,110.88641363695665,36130400,112.28067997523716,24.78479085978833
2016-06-28,112.00949096679688,112.05918765291791,109.87266995128672,109.9521740333708,26813800,112.23524475097656,36.14218436555282
2016-06-29,113.4605484008789,113.5499933336363,112.34740788089604,112.67538779963868,20968300,112.347409929548,39.9174940887533
2016-06-30,113.57981872558594,114.4743060484244,112.97355551692044,113.96742863504092,23192700,112.33321271623883,44.14999760111308
2016-07-01,113.49036407470705,114.42459956960762,113.11268746923813,113.50029734553029,14980000,112.37296622140067,50.68887458186099
2016-07-05,113.50029754638672,113.50029754638672,112.2778379598095,113.24189601683432,14207000,112.2480218069894,47.74938749552327
2016-07-06,115.9849853515625,116.0744378717008,112.27784301108856,112.66545290550488,24337600,112.9039786202567,55.645173605106734
2016-07-07,115.14019012451172,116.25333065865024,114.65319445823528,115.91540988219856,16630200,113.88081359863281,53.79421234694001
2016-07-08,116.5216827392578,116.78009187420662,115.14019970582602,115.7166479366156,18142600,114.52541242327008,60.95535275504496
2016-07-11,117.1478271484375,117.97273607356357,116.78009136502338,116.9888038098854,17711600,115.05216653006417,61.514856872347
2016-07-12,117.20745086669922,117.9926114980204,116.849655956663,117.90315897918649,15217700,115.57039969308036,59.54815193795762
2016-07-13,116.06449127197266,117.67456831090628,115.96510548546676,117.66462745746084,16207700,115.93813214983258,57.44676697935373
2016-07-14,116.57138061523438,116.9192346950626,115.98499152410946,116.7800930631313,14579700,116.37685830252511,55.93768948690556
2016-07-15,116.14400482177734,117.55530272798572,115.86572158197846,117.01861037295237,16646000,116.39957536969867,64.9002163176232
2016-07-18,118.6386260986328,118.87715350224418,116.17381765248386,116.60118335788934,20868400,116.89935193743024,83.67864712366122
2016-07-19,119.87102508544922,120.10955248618536,117.93297573700052,118.26094806951922,21541300,117.37782941545758,80.54041846153123
2016-07-20,121.17301177978516,121.45129504661271,119.82134369863668,120.50711859378342,20046500,117.9528557913644,80.31239317520772
2016-07-21,119.87102508544922,121.35189375638308,119.51323019302032,121.17299631016864,17801700,118.33336639404297,72.62315833832203
2016-07-22,120.2586441040039,120.26858495806358,118.57899615246696,119.1653852195884,18422400,118.93253108433315,73.8277523270905
2016-07-25,120.88477325439452,121.10342653303414,117.05836362614951,120.64624585162832,18487400,119.5487300327846,74.91605391084259
2016-07-26,120.47728729248048,121.32207783309768,120.01016576530468,121.25250702581508,17612000,120.16777038574219,67.62861103376846
2016-07-27,122.58429718017578,124.23413006713916,120.76551527880652,121.66993580271752,52654200,120.73143768310547,76.57902822997173
2016-07-28,124.23412322998048,127.54372209266292,122.8725145096262,126.73867981793126,78955800,121.35473741803851,77.0193733037469
2016-07-29,123.18063354492188,125.0689863550735,122.95203939721776,123.8862825308738,35058800,121.64154052734375,70.52058463263234
2016-08-01,123.54834747314452,123.8166974234976,122.1072346880527,123.0911668131661,25006900,122.1668722970145,71.12577031125609
2016-08-02,122.33582305908205,124.03535254970971,121.32207594266735,123.29988107544013,23968400,122.46361214773995,70.79759940896086
2016-08-03,121.75938415527344,123.16074115152776,121.56060500437438,122.33582473625752,18525300,122.58855656215123,67.12596005834905
2016-08-04,123.59806060791016,124.02542634866032,121.75939687031986,122.18676261107004,21066000,123.03438132149833,72.50905183575568
2016-08-05,124.38322448730467,125.06899179494457,123.85647293844714,124.21426787402024,20184000,123.29137093680245,69.34410157968085
2016-08-08,124.49253845214844,124.68136917254354,123.7868895074153,124.48259759865938,15233900,123.32828739711216,66.83566693033012
2016-08-09,124.29376220703124,125.3174502435473,123.7670106995152,124.5720454500473,19621000,123.48730577741351,62.362194158525284
2016-08-10,124.1148681640625,124.71119808136986,123.7769549547282,124.30370647671982,10670100,123.5682373046875,68.45299743565084
2016-08-11,124.13475036621094,124.61180520277604,123.98566788629064,124.43290774340166,11729500,123.82522691999164,67.4108039383005
2016-08-12,124.1148681640625,124.23413566405397,123.41916003740374,123.93597070540028,12159000,124.16172463553292,65.34475547337067
2016-08-15,123.140869140625,124.15461628833172,122.94208998631528,124.14468301760328,19295100,124.0964115687779,62.00721283645511
2016-08-16,122.5445556640625,123.16075213015452,122.0277374083047,122.7433272500309,14222400,123.83374459402901,49.79260017821493
2016-08-17,123.60800170898438,123.61793498059951,122.09731033197404,122.90235270915524,13794200,123.70738220214844,46.51942568212326
2016-08-18,123.15081024169922,123.49866428412912,122.88246027850369,123.25019602772927,12400800,123.54410334995815,49.8224426333906
2016-08-19,122.80296325683594,123.39929320940789,122.52467998971586,122.8427190925174,11688300,123.35668836321149,45.5517239181291
2016-08-22,123.38933563232422,124.06516958201551,122.35570679264048,122.5743600679302,14386400,123.25020054408482,56.79492882562267
2016-08-23,123.60800170898438,124.32358398042864,123.48873420575195,123.74714333809716,13309500,123.17779105050224,62.50007738324931
2016-08-24,122.72344970703124,123.9260352087468,122.33583223468186,123.70738192068038,12243700,123.11815970284599,43.2098589930852
2016-08-25,123.13092803955078,123.60799042628506,122.34576744256796,122.36564914928366,10730800,123.2019271850586,39.67197683476415
2016-08-26,124.19437408447266,124.42296821988384,123.15081194276829,123.2899535616622,17504800,123.2856946672712,47.875337474543315
2016-08-29,125.76470184326172,125.953540156997,123.58811734755484,123.58811734755484,15925900,123.6591077532087,58.767807427390146
2016-08-30,125.06898498535156,125.82433065072983,124.38321771504944,125.82433065072983,17804300,123.98282514299665,55.35712449837731
2016-08-31,125.3472671508789,125.44665293566614,124.33351243116088,124.83044893774635,14200600,124.26252964564732,56.61599842142202
2016-09-01,125.39696502685548,125.85414573498836,124.83045767301148,125.60567746430851,13536100,124.51809583391461,56.97296821796718
2016-09-02,125.73489379882812,126.08274788332952,125.22801637132592,126.0728070287294,12118800,124.94830213274274,65.15685375947956
2016-09-06,128.93515014648438,129.14387016557004,125.69512937211864,125.89390095463376,26278400,125.77747671944755,78.62859400569538
2016-09-07,130.24705505371094,131.17134963151562,129.1537887264493,129.24323365359857,27990800,126.64214542933873,79.09398136260532
2016-09-08,129.4718475341797,130.27688228485005,129.01465925468946,130.1178589558709,15676600,127.17173767089844,76.94921384803635
2016-09-09,126.3212661743164,129.1538029183601,126.3212661743164,128.91528308641932,27100700,127.3506349836077,62.10668138245056
2016-09-12,127.90152740478516,127.97109063351188,124.97953816167464,125.188250595804,21252800,127.7155293055943,64.53266706048055
2016-09-13,126.43058013916016,127.56360230579509,125.88395455293484,127.24555567470526,18016200,127.86318860735211,58.41225389858117
2016-09-14,126.98715209960938,128.0108476769792,126.112546574032,126.112546574032,15691100,128.04208265032088,62.96067815981064
2016-09-15,127.5636215209961,128.3090263639346,126.88777991077566,127.19588573539237,15077200,127.84614998953683,63.33734600124328
2016-09-16,128.27920532226562,128.3885168020433,127.41452543290872,127.41452543290872,24119200,127.56502859933036,62.55346406834772
2016-09-19,127.86177825927734,129.14388315122233,127.47416832654308,129.11406816911207,14958800,127.33501870291573,56.93622772654
2016-09-20,127.85181427001952,128.37856571448086,127.24555117060022,127.86174753990272,11083800,127.55366843087333,59.64178902475317
2016-09-21,129.14385986328125,129.2134230872274,127.60335368240648,128.3388251608708,14068300,127.73114449637276,62.29080704430524
2016-09-22,129.28302001953125,129.92903149515303,128.76620173985347,129.70044491897465,15538300,128.13863590785436,62.50797475385692
2016-09-23,127.1760025024414,127.81208827016368,126.52005019149512,126.77845174110875,28326300,128.16561453683036,54.164236101466
2016-09-26,126.5299835205078,127.3747817322167,126.0231136926626,126.58962106345732,15064900,128.01795196533203,41.84642887809962
2016-09-27,127.90152740478516,128.2195589002349,126.64924521735928,126.8281426727058,15637100,127.96399797712054,42.08062878312889
2016-09-28,128.43820190429688,128.6767368807596,127.6132855049905,128.41833536356535,12047600,128.04634421212333,46.45289393293588
2016-09-29,127.30520629882812,128.4978510284833,126.76852147833849,128.38852437695573,14532200,127.96825735909599,53.919242936719925
2016-09-30,127.48411560058594,127.80214712862625,126.66913232287447,127.24558058057993,18402900,127.7311510358538,48.12842127300605
2016-10-03,127.98102569580078,128.29905715801584,127.01696770843677,127.59341584683057,13156900,127.54515184674945,57.61718135053723
2016-10-04,127.40459442138672,128.48791245481314,126.76851624746386,128.3785858077967,14307500,127.5778078351702,52.046857569538524
2016-10-05,127.682861328125,128.01084122718484,127.04678323563569,127.4642080620851,12386800,127.7425046648298,50.60228520780747
2016-10-06,127.9512176513672,128.2692491308103,127.2952578205612,127.64310427728653,11682700,127.74960327148438,48.26493151746459
2016-10-07,128.19969177246094,128.458093309165,127.5437319116359,128.24937329333906,12804400,127.71553039550781,51.820111760311185
2016-10-10,129.44203186035156,129.89920497208672,128.40839539283866,128.88545021191425,15138700,128.02079119001115,57.561558537295035
2016-10-11,128.09036254882812,129.8395736438273,127.44433597213194,129.4320820567988,17537900,128.1073978969029,45.01881597857519
2016-10-12,128.25933837890625,128.86560163225187,127.67295683567237,128.2195749586828,11073000,128.14715685163225,45.17340017439302
2016-10-13,127.03684997558594,127.46421568039344,125.97340614027186,127.42446743205502,17139300,128.09462193080358,49.28419884350959
2016-10-14,127.09648895263672,128.15993286343894,126.79833157303749,127.7027597312501,13345300,128.01085444859095,53.1011912269697
2016-10-17,126.7585678100586,127.682870036033,126.53991452910664,127.4145200702649,11351700,127.84047589983258,42.94473904812139
2016-10-18,127.78226470947266,128.59723272063698,127.22568306527118,127.89157618576496,13504000,127.78084346226284,46.180671242309145
2016-10-19,129.3128204345703,129.67061533169078,127.81207762000048,127.95121923747516,16752300,127.76238468715123,61.17248652807239
2016-10-20,129.20350646972656,129.8594663730142,128.70656990638147,129.27308486793908,13167500,127.92140524727958,59.64320434877862
2016-10-21,131.2608184814453,131.32044843685654,128.90532908560914,128.98484074792378,19088800,128.35018811907088,65.65467645809981
2016-10-24,132.46340942382812,132.5926177834981,131.34032793512864,131.90684289801968,17470200,129.1254108973912,72.78416943335517
2016-10-25,131.47946166992188,132.68205475655202,131.409898441024,132.68205475655202,13336800,129.75154985700334,66.0773686291842
2016-10-26,130.2371368408203,131.44966335232385,130.1377586204701,130.8334668241275,13084700,130.24848828996932,58.94247115678479
2016-10-27,128.89540100097656,130.99247378734222,128.47797613100371,130.93284382953175,16741400,130.40750776018416,52.50714851310927
2016-10-28,130.485595703125,132.15531043645296,129.1339276486406,129.70044260834305,24545500,130.5750470842634,53.66874196015994
2016-10-31,130.18743896484375,131.31050522210973,130.07811232047632,131.2011785777423,15669000,130.71560886928015,57.96225872908831
2016-11-01,128.70657348632812,131.13162640935263,127.8617752390234,130.60487485077937,22077800,130.35071672712053,51.54424084045479
2016-11-02,126.3908233642578,129.4320722161252,125.50627703044476,129.4320722161252,39640900,129.4832044328962,47.92594581142749
2016-11-03,119.26476287841795,122.52466518387082,118.76782636642456,121.2525089263916,63766300,127.73824746268136,32.704111101301194
2016-11-04,120.01017761230467,121.18294818130444,118.5193679525245,118.85728116906932,30545500,126.27725328717914,35.360088608269535
2016-11-07,121.40159606933594,122.45509908886407,120.6064945864828,122.0774300549662,23008900,125.20670972551618,36.37520017855195
2016-11-08,123.45890808105467,123.84651795325816,120.7953280771708,121.28232373510478,19460800,124.20289720807757,37.77500830099501
2016-11-09,122.42528533935548,123.05142264510008,119.77164605636425,120.75557827472002,31916000,123.0940181187221,36.37089106377419
2016-11-10,120.05988311767578,123.41917173465998,114.56375806556778,123.17070343978288,67846700,121.85877663748605,27.753672973178567
2016-11-11,118.29076385498048,119.96047083684014,117.4260991779108,118.7976412198261,32840100,120.70162527901786,22.47102594660825
2016-11-14,114.37490844726562,118.40008961058086,112.85428394672546,118.40008961058086,51377000,120.0030746459961,20.173309017103136
2016-11-15,116.48191833496094,117.76401547836647,115.12031711043188,116.01480437125548,34681400,119.49903760637555,26.715998630021645
2016-11-16,115.62718963623048,117.15775507807976,113.5102427211703,113.7785926970785,32397900,118.6741224016462,27.163863488280924
2016-11-17,117.0683135986328,117.0683135986328,115.29922069023434,116.0943146222724,18597800,117.7611803327288,26.7881871759363
2016-11-18,116.3030242919922,118.4000970939198,116.12412683458344,117.66463313908378,22879300,116.8865716116769,26.362103677148653
2016-11-21,121.02392578125,121.2028232451142,117.07825588725376,117.47579906681857,35415400,117.0242919921875,38.22005330677974
2016-11-22,120.72576141357422,122.22651185237044,120.15925407454712,121.65006365963418,26089200,117.37214878627232,40.74076752777466
2016-11-23,120.09961700439452,120.566738556105,119.20513731596564,120.48723447407,15672100,118.1899642944336,51.73267311055248
2016-11-25,119.64244079589844,120.39778647344728,119.33434256199628,120.26858570047378,8658600,118.64146750313895,49.22754974291191
2016-11-28,119.67225646972656,120.94441274859192,119.0858674327389,119.38403237800712,18101300,119.21933419363839,46.147033766064204
2016-11-29,120.1294403076172,121.3518999334337,119.66231875302154,119.8312753545328,18891000,119.65663800920758,42.012422842274304
2016-11-30,117.69444274902344,121.0437976000157,117.22732121028557,119.58280302826935,30188900,119.85541207449776,39.36550545152448
2016-12-01,114.39478302001952,117.7242561185847,113.30152421517492,117.65468531053048,43277000,118.90839168003627,37.77870605732022
2016-12-02,114.69296264648438,115.76634746476373,113.59970370163708,114.4047385240214,25070400,118.04656328473773,41.71251483702206
2016-12-05,116.71051788330078,116.8496595100295,114.36497677180256,115.23958236590448,20201500,117.56240626743862,55.895642393977504
2016-12-06,116.59124755859376,117.07825082300032,115.61725619508016,116.96892417855392,19131200,117.12652151925224,50.30675660864625
2016-12-07,117.22732543945312,117.22732543945312,115.85578333417466,116.2831490570922,21913700,116.7772456577846,54.54544272407974
2016-12-08,118.18145751953124,118.76783902651728,116.91923439823728,117.25715520539126,22442800,116.49896240234375,53.252040131274526
2016-12-09,118.9467315673828,119.20514069360516,118.22120087621424,118.48955085646628,17464700,116.67786080496651,57.72357433636043
2016-12-12,117.04842376708984,118.5094183389117,116.92916385601832,118.48954421461627,17805500,117.05695234026227,36.091802956643264
2016-12-13,119.57286834716795,120.7754538692679,116.88941405258464,117.13788232366272,29768000,117.75408172607422,46.51023797778918
2016-12-14,119.47348022460938,120.94441569706294,118.1218122497006,119.26476779089327,25913100,118.14879063197544,48.04227796031841
2016-12-15,119.83128356933594,121.74945902296292,118.8970403960994,119.34428785638616,20139600,118.61165291922433,50.594140781024365
2016-12-16,119.13557434082033,120.75558480641152,118.53924439911296,120.15926244735434,25324300,118.88425990513393,48.37938559306419
2016-12-19,118.50941467285156,119.62255516519764,117.78389162744548,119.1156778108754,15918100,118.93111092703683,45.1574413118558
2016-12-20,118.36034393310548,119.03617794494691,118.07212740660913,118.76783554410032,13684400,118.84734126499721,52.30558718099768
2016-12-21,118.3106460571289,118.46966179848884,117.75407958839496,118.19137856412188,10767600,119.02765873500279,67.49548006730149
2016-12-22,116.68070220947266,118.26095678191125,116.21358064424116,118.13175601004612,16258600,118.61449214390346,57.93646006775957
2016-12-23,116.55149841308594,116.8397225301954,115.58744784811311,116.28315600482551,10890000,118.19706617082868,49.252340404467226
2016-12-27,117.28695678710938,117.9528498882536,116.14400130173313,116.24338708684206,12051500,117.83359091622489,53.09185649727931
2016-12-28,116.20364379882812,117.5254968731358,115.93530139180524,117.46586691216407,12087400,117.41474369594029,45.62450921821884
2016-12-29,115.63713073730467,116.80990126888334,115.34890663569256,116.28314975245942,9934900,117.0044174194336,38.75215688496565
2016-12-30,114.34510040283205,116.11419326451632,114.06680957218468,115.88559912071842,18684100,116.4308112008231,30.562582782524103
2017-01-03,116.14400482177734,117.11799616107344,114.80227772551868,115.3190883733381,20663900,116.1212910243443,46.14735621485156
2017-01-04,117.9627914428711,118.92684948772305,116.5713676951255,116.82977680406456,19630900,116.30444662911552,42.702685506893616
2017-01-05,119.9306640625,120.20894731473598,117.59506381534813,118.13175619436748,19492200,116.7871845790318,51.77196624262963
2017-01-06,122.65388488769533,123.1209988827986,119.29458890265178,120.2387729124608,28545300,117.55388859340123,59.24480116745718
2017-01-09,124.13475036621094,124.66150189029943,122.28614581355886,122.79302321222796,22880400,118.68690381731305,65.57274738312094
2017-01-10,123.5881118774414,124.73106739801688,123.51854106745763,124.05523342275352,17324600,119.82275826590401,65.89922992004948
2017-01-11,125.31744384765624,125.34726640729993,123.29988285611152,123.58810693813923,18356500,121.3902359008789,69.81878657554046
2017-01-12,125.84420013427734,125.95352676927736,124.0353516042534,124.84038629593604,18653900,122.7759780883789,70.89306480197847
2017-01-13,127.5536651611328,128.47797499492043,126.58961466023923,126.70887457480562,24884300,124.14610290527344,80.02194228857904
2017-01-17,127.0865478515625,127.55366180908813,126.61942631138736,127.2554968652084,15294500,125.16837201799665,78.55603671121156
2017-01-18,127.13623809814452,127.64310789159316,126.06285338969528,127.62324134970828,13145900,125.80870819091797,77.72804302581082
2017-01-19,126.7685089111328,127.56361037384733,126.66911554130635,127.4443352969958,12195500,126.18495941162108,80.99123947232735
2017-01-20,126.26163482666016,127.69280688110152,126.00322570715213,127.3151454295854,19097200,126.56689126150947,81.27561711273685
2017-01-23,128.14004516601562,128.45809182162944,126.17218077162764,126.52997567654356,16593600,126.97012002127511,89.2533843821927
2017-01-24,128.5773468017578,129.1040982852717,127.59342222496328,128.58729523767607,15162700,127.36056954520089,88.3506966915097
2017-01-25,130.6744384765625,130.93285520325512,128.97492387013443,129.203510450031,18731300,127.806394304548,88.5473238251813
2017-01-26,131.96649169921875,132.3242866833612,130.63470515586175,130.82354350378452,20020100,128.50352913992745,88.05784282600172
2017-01-27,131.37013244628906,132.13541894093672,130.27688119066306,131.86706897120067,19539500,129.1083711896624,81.84439823615668
2017-01-30,130.17747497558594,130.7738048127626,128.80594061455596,130.7738048127626,18956100,129.59536634172713,72.5517273583542
2017-01-31,129.5215606689453,129.85947391196535,128.7264590883737,129.37247059210617,19790500,130.06107003348214,71.96475061244719
2017-02-01,132.41368103027344,132.6720976877402,129.87930212499896,131.4396898433131,50139800,130.67158944266183,74.1869785506922
2017-02-02,130.038330078125,134.65984828604502,129.60102356396854,132.40375249635457,54366400,130.88030133928572,62.69553108105304
2017-02-03,130.17747497558594,132.0360277077845,129.95882171297433,130.43589164883477,24804900,130.80930655343192,58.776566423715394
2017-02-06,131.25088500976562,131.25088500976562,129.50167373530644,130.1775001940859,17058500,130.7070770263672,63.38661544468362
2017-02-07,131.0322265625,132.1851230043149,130.8533366828908,131.42978490379826,14596400,130.65880475725447,62.389396633921415
2017-02-08,133.37774658203125,133.61628154904676,131.6285356531438,131.78755896448746,22390600,131.11598641531808,68.66924875263358
2017-02-09,133.31813049316406,133.67592539823974,132.49321404075909,133.66599212723457,16470600,131.6583535330636,70.44933262287941
2017-02-10,133.36782836914062,134.11323316425964,132.86094340266808,133.2783834333982,15061900,131.79466029575892,66.94592664256899
2017-02-13,133.22869873046875,133.87471021155707,132.88083706200536,133.87471021155707,13526200,132.25042724609375,65.37461731284266
2017-02-14,133.0299072265625,133.4075686544731,131.73786929243013,133.2783754767688,14364900,132.65791756766183,58.90305881158744
2017-02-15,132.62242126464844,132.88082279628233,131.84720150444764,132.63235453556928,13226500,132.85385131835938,52.65690689484243
2017-02-16,133.01995849609375,133.04977347282858,132.20499052317768,132.25468720616854,12831100,133.1378130231585,56.79218330093964
2017-02-17,132.71188354492188,133.26845009521722,132.35408859611758,132.68206856296328,12276500,133.04268973214286,61.25358248697432
2017-02-21,132.9007110595703,133.0895493734757,132.08572784488385,132.6820577661325,14759100,132.9830583844866,65.65383103792445
2017-02-22,135.28598022460938,135.95187327695945,132.64228972036366,132.78143132585026,27360100,133.257080078125,63.96147963989515
2017-02-23,134.53067016601562,135.28600830036925,133.50698203492686,135.05742172219527,18422500,133.44307599748885,75.91792466450457
2017-02-24,134.6101531982422,134.7890430478046,133.3379970503622,133.3379970503622,12625700,133.66882542201452,75.75098926347738
2017-02-27,135.57423400878906,136.33950538127817,134.19275099826837,134.43127083788053,14306700,134.09051295689173,75.43899973244315
2017-02-28,134.70956420898438,135.97178739447324,133.92441106914086,135.95190568457937,16112100,134.3318852015904,70.10904029851743
2017-03-01,136.57803344726562,136.63766340413912,135.46490047816204,135.63385707773674,16257000,134.88419233049666,68.46367023262039
2017-03-02,135.9220733642578,136.9755915400293,135.47483352315348,136.25005329181414,12294800,135.31581551688058,64.0559364529212
2017-03-03,136.32957458496094,136.48859792445637,135.24625651958652,135.79288977078932,11160600,135.46490042550224,65.39274696865161
2017-03-06,136.57803344726562,136.98552503963367,135.6736053272193,136.04134867010475,12748200,135.75738089425224,67.21152338236678
2017-03-07,136.4587860107422,137.5222223912543,136.1506877618583,136.1904360149753,13527100,136.02147129603796,67.765520272845
2017-03-08,136.87620544433594,137.14455542938268,136.21031228279782,136.30969049427063,10184500,136.20746721540178,72.01681256298393
2017-03-09,137.39300537109375,137.7209852723157,136.55814054739335,136.87618717838362,15535300,136.590815952846,72.35806988145055
2017-03-10,137.9396514892578,138.63537484502632,137.37315166462767,138.05892658283875,16314100,136.78533281598772,76.09150269058364
2017-03-13,138.7446746826172,138.82417117590347,137.82036492120838,137.86012833314973,10955500,137.18856157575334,77.47685570471724
2017-03-14,138.46641540527344,138.60555704053357,137.67131384722947,138.60555704053357,12944000,137.4938245500837,68.64848518467487
2017-03-15,138.86395263671875,139.24162927275916,137.64149295335136,138.4365793119414,19344800,137.8203844342913,76.52091893911094
2017-03-16,139.1322784423828,139.39067994748422,138.87386177198383,139.34098326738462,13612900,138.20231192452567,77.0513859679869
2017-03-17,138.98321533203125,139.4801518987207,138.8440736999702,139.4801518987207,20592800,138.50331333705358,72.59584556287587
2017-03-20,139.0825958251953,139.33106408551893,138.39682100025428,138.85400927198134,12099500,138.74468340192522,82.25857648089075
2017-03-21,137.6613311767578,141.43805126431008,137.55200455014744,140.28515505010938,29894800,138.70492335728235,58.55565544551592
2017-03-22,138.7347412109375,138.93351279618918,136.75694346452858,137.08490823927892,17055400,138.70350428989954,70.83971157172607
2017-03-23,138.67510986328125,139.52984132007452,138.23780328092658,138.625413176141,13022800,138.73331778390067,68.3231575760321
2017-03-24,139.4801483154297,140.15598991472098,138.903700093043,139.22174676689778,16664700,138.82134573800224,70.85737722536227
2017-03-27,139.4602813720703,139.7882461512542,137.91977502626997,138.1980582824442,12800500,138.86820329938615,71.88423404179572
2017-03-28,140.8914337158203,141.08027201588064,139.152155932547,139.50001755532116,14679400,139.14080592564173,75.50517582289768
2017-03-29,141.77598571777344,141.98470573277376,140.5634593732747,141.12004102484244,16527600,139.52557591029577,76.59849507649628
2017-03-30,141.5374755859375,142.07416040152063,140.98090906154005,141.52752714888015,12404000,140.07931082589286,72.68199019945476
2017-03-31,141.17967224121094,141.75612044007346,141.0206489107731,141.4380737791978,11478300,140.42858668736048,66.26846743248147
2017-04-03,141.40826416015625,141.5971024765462,139.95721791948606,141.06040250730103,13564000,140.81903730119978,69.78610558637774
2017-04-04,140.8616180419922,141.21941293367982,140.40444494807383,140.99082638672064,12948600,141.01639011928015,63.171588108053726
2017-04-05,140.9809112548828,142.56116591094653,140.42432955652583,141.38838771746296,17158100,141.23362295968192,62.43329337777705
2017-04-06,140.30506896972656,141.34863879692878,140.04666741354245,141.23931214521616,15103400,141.1498565673828,58.30207520733865
2017-04-07,139.91746520996094,140.68275180562625,139.3807803649458,140.33489012615078,11818300,140.8843536376953,55.06030113573305
2017-04-10,140.1758575439453,140.56346745239642,139.76838109219943,140.13610929205555,9039400,140.68983677455358,67.74208135053078
2017-04-11,139.0626983642578,140.1658979217298,137.95949880678583,139.93731139441144,16638100,140.38741193498885,52.301103818935154
2017-04-12,138.7248077392578,139.53977578720307,138.58566611325253,138.8639493652631,11612500,140.00406101771765,50.335599514478076
2017-04-13,138.5359649658203,139.71867633144026,138.47633500878052,138.7645515229059,10965600,139.6718248639788,43.0453527788018
2017-04-17,140.55352783203125,140.68273618411212,138.89376162387526,138.90369489507398,11519700,139.61077008928572,56.22163674540501
2017-04-18,140.09634399414062,141.04052030596844,139.74848237990483,140.4044421960246,14807500,139.58095223563058,44.91101826513451
2017-04-19,141.39833068847656,142.16360205919477,140.40445758492564,140.4839692530457,15563900,139.7925044468471,47.70542687404045
2017-04-20,142.91896057128906,143.36620045124843,141.81576077922895,142.07416233613202,15968200,140.1843763078962,57.26223688157847
2017-04-21,142.7996826171875,143.28668590554653,141.3983330434692,143.0183359168344,12382000,140.71823120117188,58.73518410949978
2017-04-24,144.5787353515625,144.77750695813697,143.45565378472966,144.0718654800024,14407200,141.55450657435827,64.64642192522416
2017-04-25,145.5924530029297,146.24839762023927,144.89672981000217,144.89672981000217,17767500,142.5625762939453,70.95063046504399
2017-04-26,145.66204833984375,146.68573648448867,145.19492674001927,146.18879990299888,12395000,143.29236493791853,70.82219655125137
2017-04-27,146.79505920410156,146.8447558939786,145.24461953786195,145.7713710868972,11275100,144.24932425362724,77.73996457240352
2017-04-28,149.32943725585938,150.6015936445488,148.15667424593957,148.5840324109882,30652200,145.38233947753906,83.99129308682114
2017-05-01,151.52589416503906,151.6352208088028,150.49225768485496,150.81030434500374,25218300,146.61190141950334,85.95710493088333
2017-05-02,151.8439178466797,152.49987767550925,150.73078492403468,152.4004843080022,21870400,147.9039350237165,92.63928537976926
2017-05-03,150.86993408203125,152.65890862950582,150.41274580006018,152.65890862950582,29782500,148.80267769949776,88.86763061386932
2017-05-04,149.92576599121094,150.5916591607671,147.8088113959188,149.24992438467766,36225500,149.42172241210938,84.76946496046267
2017-05-05,149.31948852539062,150.7009714215847,148.8722335325309,150.52206639138106,17148500,149.9442138671875,79.28284090746907
2017-05-08,150.1344451904297,150.15432689568522,148.8225407842206,149.78659875759513,15827500,150.4212690080915,82.74963584246092
2017-05-09,149.55799865722656,151.65507120779387,149.28966387725146,150.56182005182995,17453900,150.45392063685827,77.94411511416938
2017-05-10,149.36917114257812,149.59777285870243,147.94793998772178,149.30954118717142,12080700,150.14581734793526,74.30707854585685
2017-05-11,149.1207275390625,149.72699079476277,148.49459773847474,149.38907754805808,11841900,149.7567901611328,73.59067343349946
2017-05-12,149.40895080566406,149.5381591666302,148.71324264142436,149.47851403943773,9598200,149.54807826450892,70.28392743862977
2017-05-15,149.26979064941406,150.55188016689254,148.85236580266994,149.2499089428171,15064700,149.4543675013951,66.666758876333
2017-05-16,148.8623046875,149.2896779863099,148.11689989763792,149.19028461487522,14550800,149.38905552455358,64.07344182388671
2017-05-17,143.9625244140625,147.7591117651734,143.5351510956618,147.09321860887462,28300100,148.5073525565011,40.64343195970133
2017-05-18,146.7552947998047,147.2422828772212,143.62458566571803,143.83330567411002,23031600,148.10696629115515,41.63968255384185
2017-05-19,147.15284729003906,148.47470031967464,147.05346908021147,147.54045718855627,16187900,147.79034859793526,33.91800986269885
2017-05-22,147.3317413330078,147.6795877893853,146.7851081412161,147.17271801079593,12586700,147.53477913992745,33.23479787190617
2017-05-23,147.1627960205078,147.8982524028395,146.34781280567557,147.61003587887436,12817800,147.21389988490515,35.349517642617755
2017-05-24,149.1207275390625,149.30956587260377,147.5106578156919,147.60010276358994,17862400,147.1926051548549,47.054527995355045
2017-05-25,151.02896118164062,151.65509091491072,149.03126656822235,149.37912821527226,19891400,147.50212751116072,55.710557435876524
2017-05-26,151.19790649414062,151.31716640294195,150.22390002126755,151.2972846963755,14996200,148.53575352260046,53.71277766590701
2017-05-30,151.44638061523438,151.9631836835953,150.71090909676792,151.0388890239773,13226000,149.2059086390904,56.74727316541797
2017-05-31,150.53201293945312,152.410432323889,150.1642696129296,151.76440576747115,18023900,149.6886465890067,53.950082828999065
2017-06-01,150.60159301757812,151.35693113106154,149.37913332336274,150.82024631772074,14530600,150.15576825823103,55.092264165991544
2017-06-02,152.66885375976562,152.68873546886513,150.37300923104294,150.91964249152466,16854400,150.94234793526786,59.98782616663565
2017-06-05,152.68873596191406,153.76212077724412,152.47008265701533,152.69866923384558,12520400,151.45206342424666,60.55223276097543
2017-06-06,151.87374877929688,153.57327848430322,151.54576883042546,152.4700787163904,13457100,151.57274736676897,59.06646110423045
2017-06-07,152.18182373046875,152.80796855206523,151.4066040300626,152.33091377457637,12066700,151.7133069719587,84.20176412173609
2017-06-08,153.7620849609375,153.78195150017297,152.1619489652492,153.13594017318644,17799400,152.04412187848772,82.42866283150968
2017-06-09,148.68341064453125,154.636700360028,145.71172483950596,153.82173236527285,35577700,151.78003583635603,54.94223945178968
2017-06-12,147.530517578125,148.28585563461888,143.67428530143172,147.2621676090512,33170200,151.34131077357702,50.6038706686754
2017-06-13,149.75677490234375,150.25371139750465,147.98768219279484,149.2300234306971,20483400,150.92529950823103,57.00476244238549
2017-06-14,149.32943725585938,151.46625841170325,148.13679253712556,150.3332436541111,20808800,150.44539969308036,50.614385919521645
2017-06-15,148.88218688964844,149.12070671740548,145.47319442006062,146.7652324265088,18994200,150.01803370884485,43.08573742599988
2017-06-16,149.71702575683594,149.90586405031138,147.6895315414801,148.67345609020208,22882400,149.6659197126116,45.4265968104788
2017-06-19,151.93338012695312,152.62910344834694,150.78049882484137,150.78049882484137,19026500,149.40467616489954,51.341003895785214
2017-06-20,151.31716918945312,152.89742367136583,151.27742094088694,151.9433140527879,14743900,149.78092738560267,52.19810263280204
2017-06-21,152.96702575683594,153.13598237868595,150.94946440168994,151.4265192848724,15039800,150.5575714111328,56.08388820034709
2017-06-22,152.46011352539062,153.60307658500156,151.97312545673688,152.07250365846485,13005500,150.94376264299666,49.4162676975857
2017-06-23,154.11988830566406,154.24908147899964,151.71470237953702,151.78428076658523,18027000,151.62811279296875,53.66592091254039
2017-06-26,152.6489715576172,155.5411460275785,152.2613616405822,155.2926777431894,18049700,152.16622488839286,51.921187630886934
2017-06-27,149.6573944091797,152.3706633848972,149.46855611746452,151.90354187338016,19360800,152.15770612444197,44.47828742502979
2017-06-28,152.3011016845703,152.5296882248423,148.94180614229407,149.9953090799717,16719100,152.21023777553015,46.946432204843894
2017-06-29,150.1145782470703,151.56563956746422,148.0075722417167,151.34698628404462,23973500,152.03843906947546,53.40261447677452
2017-06-30,150.05494689941406,150.98918998076294,149.14058552509152,150.96930827373663,17666000,151.62242780412947,56.33096867368079
2017-07-03,147.52056884765625,151.217777789725,146.89443914146497,150.7904196595516,13862700,150.91677856445312,44.47721349357926
2017-07-05,149.4188690185547,149.92575397415118,147.22241809530016,148.0870827861896,14334300,150.24520438058036,50.20590994206697
2017-07-06,147.908203125,149.1207143639715,147.0932198975748,148.11690798498933,14951800,149.56795174734933,47.8621623739774
2017-07-07,150.5121307373047,151.05876392468934,148.27591646961167,148.33554642363572,13615900,149.69005693708147,51.61944175442217
2017-07-10,152.5595245361328,153.03657938937536,150.58171155983703,150.76061660811573,13378700,149.7269744873047,51.28414717418776
2017-07-11,154.3186798095703,154.4677547077995,151.97313869719832,152.43031182863442,13667700,150.3275604248047,55.88007583144662
2017-07-12,157.92642211914062,158.18483881881616,155.24296790802046,155.53119958607408,22739400,151.45205688476562,59.023447932751765
2017-07-13,158.28421020507812,158.80102841686207,157.4493605158646,157.7674071585928,13929200,152.9897199358259,60.65455706689832
2017-07-14,158.98988342285156,159.33774507922837,158.35380523585127,159.14890676092668,16371200,154.3570077078683,59.23138508956029
2017-07-17,158.75132751464844,159.794897181083,157.83696618905094,159.26814571269858,12858800,155.90602547781808,62.134323358642256
2017-07-18,161.86215209960938,162.7268167284708,158.4432266648361,158.68176163655212,23722900,157.52745710100447,74.15418920722658
2017-07-19,163.13433837890625,164.68477806783164,162.17028020932815,162.58770511286184,26273600,159.03814479282923,72.67055596534756
2017-07-20,163.5219268798828,163.9890484128281,161.81246407108276,163.7902768417511,18523100,160.35289437430245,80.34186499440585
2017-07-21,163.4225311279297,164.03874270416844,162.74670476306605,163.15419633527424,14744000,161.13805280412947,80.1975256213867
2017-07-24,164.98294067382812,165.15189728721225,163.3032926465441,163.6312726014546,17367000,162.09501429966517,91.26345985767814
2017-07-25,164.267333984375,164.52573551392456,162.85603609474458,163.99898401868572,15383200,162.84893580845423,87.16406190923207
2017-07-26,164.59532165527344,164.99286482180534,163.09457876152078,164.99286482180534,35236900,163.6837921142578,94.39424729580847
2017-07-27,169.3957061767578,174.41476755257176,166.47371730918186,173.62959943806928,68910700,164.760014125279,94.98083082420914
2017-07-28,171.3933868408203,172.3673780835274,168.0142248839113,168.03410658915362,24557600,165.93987819126673,94.96891549620078
2017-07-31,168.21304321289062,171.66178451443815,167.51733498894052,170.9461945797175,25478900,166.61003766741072,81.06667430896871
2017-08-01,168.81930541992188,169.4255686895277,168.0142705397719,168.77955716393376,14385000,167.3810054234096,78.13144790995112
2017-08-02,168.2626953125,169.50503651361814,165.88733954257404,169.2565682733945,17433800,167.84954180036272,75.50801496584629
2017-08-03,167.5570526123047,168.6602522962029,167.2191394174924,168.26270914528246,10793800,168.31950160435267,71.9003003471545
2017-08-04,168.5807342529297,169.01804080157154,167.65643963763546,167.93472286580783,10777700,168.88884626116072,74.15728146019212
2017-08-07,170.92630004882812,171.00581172064472,168.62052222734957,168.90873876804662,12787800,169.10750252859933,73.14721872389242
2017-08-08,170.18087768554688,171.98973391142982,169.57461451992995,170.8269042656333,14393500,168.93428693498885,68.49234761298383
2017-08-09,170.13116455078125,170.39951449395755,168.52109522231888,168.93852004209438,10815000,169.20830426897322,67.65787162848036
2017-08-10,166.37432861328125,169.54478580452752,165.8277106136578,169.01803434522998,20832700,168.85902186802454,56.59703679150119
2017-08-11,167.05018615722656,167.78565768295084,165.82772653669107,166.92097780621165,13791200,168.68580627441406,54.81032316890012
2017-08-14,169.70382690429688,170.03180683762284,168.25276554763963,169.04786703764498,12954200,168.99248831612724,61.60372897209655
2017-08-15,169.95228576660156,170.44922227469104,168.96834602107683,170.4392890040368,8729200,169.18842424665178,61.47293154946699
2017-08-16,168.9584197998047,170.32996947225183,168.20308173550157,170.2007611218621,15779900,168.9072984967913,48.88102418811975
2017-08-17,165.8873748779297,168.81929770403224,165.82774491402202,168.30247940799725,17216000,168.293940952846,36.644286359363086
2017-08-18,166.38429260253906,167.63656719854296,165.19164796368304,165.81777767903532,15093600,167.75867353166853,44.90016842137513
2017-08-21,166.75201416015625,166.97066743788213,164.80403153261494,166.13581774036444,11907500,167.81262860979353,44.1572163436824
2017-08-22,168.60061645507812,168.8292030006136,166.1258672058771,167.2489485577099,11391000,168.03411865234375,50.89006388718302
2017-08-23,167.6763153076172,168.32232667148244,167.16943038753098,167.80550848121143,9856500,167.74447413853235,50.3105535768493
2017-08-24,166.71224975585938,168.2527406560488,165.3903969469087,167.84526428277462,14030400,167.2816118512835,45.11941496591047
2017-08-25,165.30099487304688,167.34837120106613,165.16183806890845,166.83155290025604,12614500,166.75912257603235,34.55240266161607
2017-08-28,166.21533203125,166.6725051353281,165.310903928649,165.88735210947274,8553700,166.80597359793526,39.21034932286001
2017-08-29,167.0203857421875,167.3980472264475,163.9890696043202,164.2375378915995,11121000,166.89684404645647,41.8702027065827
2017-08-30,168.87890625,169.13730778259537,166.6029436461313,167.1396284185369,11138300,167.20068577357702,57.26653586252815
2017-08-31,170.91632080078125,171.09521064027211,169.0180199557124,169.35593309605963,17226500,167.53150068010603,60.395518009608956
2017-09-01,170.96604919433594,171.86052888832106,170.26039264418807,171.3437106473099,11677600,168.00146266392298,53.94659376625111
2017-09-05,169.67401123046875,171.33377743270873,168.51118156178444,170.22064445043986,13210900,168.42457144601005,49.18322066433357
2017-09-06,171.03558349609375,171.42319331997143,168.53103471040578,169.86282075498067,13906300,169.2437983921596,55.96797881621577
2017-09-07,172.1487579345703,172.24813614054742,169.22676873651685,170.88653491279703,18049500,170.0914306640625,70.27032634382681
2017-09-08,169.90260314941406,172.42704931208138,169.7535282507644,172.0294909735157,10998500,170.50317600795202,60.23125214097702
2017-09-11,172.44691467285156,172.82459130057487,171.14494334923677,171.34371493450698,12372000,171.0128914969308,64.69990948957317
2017-09-12,171.90029907226562,172.93392042968804,170.6977059413731,172.69538542475976,11186300,171.15345982142858,59.131014913777086
2017-09-13,171.98973083496094,172.10899074563784,171.00579107597986,171.9499674212027,9119300,171.29970005580358,62.51449851517497
2017-09-14,169.9125518798828,171.22445648616733,169.455363581067,171.20457477787969,15615700,171.33377729143416,58.72169664206258
2017-09-15,170.58837890625,171.2840870457547,169.2168291702979,169.8330408069735,15660500,171.26989092145647,65.01128941982952
2017-09-18,168.96835327148438,171.0157445115172,168.30246014190692,170.9362328469752,12954000,170.8155473981585,57.51491553831723
2017-09-19,171.46298217773438,171.50273042685097,169.3162127582577,169.57461429076355,13168600,171.03845868791853,61.102814772330326
2017-09-20,171.11512756347656,171.9897407329045,169.65413291240935,171.44310750201203,12264100,170.84820338657923,56.04516269012689
2017-09-21,170.06163024902344,171.21452670843252,168.9683637503941,170.63807847872798,11161400,170.58553641183036,47.55970580367684
2017-09-22,169.4951171875,170.6778286405323,168.18321253976617,169.1671523995419,12097100,170.22916303362166,45.92061018825479
2017-09-25,161.8721160888672,168.26272836885283,160.57014468076193,168.20309840593214,41251600,169.08052934919084,33.9861178883305
2017-09-26,163.20388793945312,164.4859774048017,161.78264169888263,163.4921044295461,23363300,168.02560206821985,33.90526124340698
2017-09-27,166.65261840820312,167.30857823199798,164.55556092370796,164.88352567030682,19242500,167.69478280203683,39.694303978191215
2017-09-28,167.6962127685547,168.03414116602022,166.13583980514645,166.91105965084242,12178700,167.15667288643974,45.66745488517698
2017-09-29,169.8230743408203,170.60824250192513,167.77569839108116,167.7955800973277,15340400,166.9720938546317,44.76185950393083
2017-10-02,168.4316864013672,170.81697593005146,167.7160965097017,170.3399210573748,13392300,166.73924473353796,43.30132895475872
2017-10-03,168.9186553955078,169.68392665769207,168.16330223814438,168.2626956005231,8190300,166.65689304896765,44.15875319247736
2017-10-04,167.38807678222656,169.62429087113904,167.25886844863868,168.78944125094975,12127900,167.44488743373327,45.09643872059979
2017-10-05,170.19082641601562,170.26038964350874,167.5670021725623,168.14343519567396,14580600,168.4430215018136,49.28672644286365
2017-10-06,171.17474365234375,171.31388526663298,168.70994284266382,169.20687934588227,13124500,169.0890393938337,54.05109039155479
2017-10-09,171.443115234375,173.80853814093962,170.94617866847827,171.6418868276736,14570400,169.62431117466517,49.96027532676747
2017-10-10,170.53868103027344,172.13881732263994,169.7535279565793,171.94004573635152,11341100,169.7265407017299,48.87247083430831
2017-10-11,171.681640625,171.72138887531216,170.34983917739845,170.89647240231332,11283700,170.1908198765346,53.157688420629356
2017-10-12,171.49281311035156,172.78485122368104,171.2343963885053,171.55244307222358,10351000,170.55855669294084,53.952052896489725
2017-10-13,172.67550659179688,173.57991952818404,172.13880666023186,172.38727491902702,13658300,171.31390380859375,78.68078538760993
2017-10-16,173.45074462890625,173.92779948979407,172.9935563118008,173.42092964793204,11498800,171.77960641043526,78.03162740373779
2017-10-17,175.03097534179688,175.05085704816054,173.2916975847895,173.63955920231035,15990100,172.33049665178572,75.53005110808579
2017-10-18,174.95144653320312,175.65710296961026,174.67316333258265,175.5676428823917,12752400,172.8316868373326,73.48770533508136
2017-10-19,173.49049377441406,174.9514885108695,171.57232588380157,173.85822198518832,14048400,173.25337437220983,62.40767087985496
2017-10-20,173.90789794921875,174.80239277234338,173.560051489086,174.4247161693375,12602200,173.5714111328125,69.83436772906384
2017-10-23,170.22064208984375,174.26569753093483,170.2007603824934,174.12655591008084,13852700,173.3896724155971,53.82821466033888
2017-10-24,170.74737548828125,172.1785549597552,170.44921057084125,171.2443119622487,12267900,173.11422511509485,60.49695754872165
2017-10-25,169.55474853515625,171.1946330028813,167.85521894553096,170.8467713689763,15868200,172.55765424455916,47.79004177534618
2017-10-26,169.58456420898438,171.23438195447633,169.34602921630275,170.3299690001528,11833100,171.77959551130022,44.08286509836341
2017-10-27,176.79014587402344,177.11812580571552,172.8345201514094,173.08298841796707,30285300,172.04226684570312,63.12200945291852
2017-10-30,178.76795959472656,179.58294286143433,176.52181172320897,178.1616963633686,24353200,172.7961905343192,69.1845582721611
2017-10-31,178.956787109375,179.69225865938895,177.8436540955592,179.4636720937589,20174200,173.5174604143415,67.74986151069496
2017-11-01,181.54086303710935,181.7793828739397,179.46367190977904,181.2426980757716,40918300,175.13463483537947,71.94972930703798
2017-11-02,177.82374572753906,180.8252462715704,176.25342465259016,179.52327513839884,35529900,176.14554486955916,60.12507990048828
2017-11-03,177.82374572753906,178.7579887234844,175.6272950088398,178.19147386476524,17822100,177.3268301827567,58.87091731777244
2017-11-06,179.06610107421875,179.34438430796345,177.21749664131528,177.46596489753728,13312700,178.68133544921875,58.299282067505004
2017-11-07,179.14559936523438,179.64253584058872,177.86350993155122,179.39406760291155,12928200,179.01782880510603,58.62637335047304
2017-11-08,178.4598388671875,179.24500705357298,178.01259903668003,178.68842541783818,10494100,178.97381155831474,60.55741091208984
2017-11-09,178.20143127441406,178.30080947486766,176.00496527980104,177.21749154854334,12610300,178.86590358189173,59.1836867909823
2017-11-10,177.36659240722656,178.00267055703102,176.86965587877623,177.2572657643555,11070200,178.2695792061942,67.40923031170429
2017-11-13,177.67469787597656,177.9430326932699,176.21370320951294,176.41247479594134,9523400,178.248286655971,67.05831605542062
2017-11-14,176.97898864746094,177.87346836351264,176.09442703751444,177.03861860649107,9585900,178.12760707310267,68.7405970583863
2017-11-15,176.85971069335938,177.47592231236823,175.31920439378666,175.5776210991225,10253700,177.81240844726562,68.28167921018047
2017-11-16,178.4896697998047,178.72820480787047,177.40635173977728,177.6647532912067,15607600,177.7187042236328,55.93336813731237
2017-11-17,177.90328979492188,178.87728121343676,177.80389641606712,178.20145476618572,13018000,177.63919721330916,46.65642358222375
2017-11-20,177.64488220214844,178.4002202937449,177.008804028883,177.7740753919071,10052400,177.55969020298548,44.954170437379155
2017-11-21,180.74575805664065,180.7755730356717,177.8933471838047,178.05235535020387,14504000,178.04242815290178,47.05880360791595
2017-11-22,179.7617950439453,180.61652638484856,179.3344369561425,180.18916829704577,10376300,178.34058489118303,58.986147075886805
2017-11-24,181.6601409912109,182.0278692197,179.18539128129734,179.2947179391321,9426300,179.00932094029017,65.12549331023183
2017-11-27,181.90858459472656,182.60429270227516,180.8749632871257,181.4414630442369,12344500,179.73058864048548,62.15986516672035
2017-11-28,181.3023376464844,183.121127325236,180.97435768815532,182.38565573698597,14379700,180.1323983328683,58.828438084007175
2017-11-29,174.05702209472656,180.85511128857277,172.9339405017896,180.77559961103452,41933500,179.5829315185547,38.274337182245354
2017-11-30,176.09442138671875,177.18768781818827,174.12655697537303,175.76645662257727,25307600,179.36143711635046,44.87427049716442
2017-12-01,174.0271759033203,176.3925834333643,171.28407659872434,174.9514705540087,20182500,178.4016396658761,42.33575159727293
2017-12-04,170.41941833496094,175.4881771118807,169.74357675423178,175.20987869725127,24459400,177.06701442173548,35.538798242327246
2017-12-05,171.7710723876953,174.30545157042835,167.9744702488414,169.4056497951047,20184900,175.65429033551897,39.884112437610426
2017-12-06,174.98129272460938,175.68694928690874,170.84677705592233,171.44310697238097,20255800,174.6646772112165,46.74250138128273
2017-12-07,179.03628540039062,179.28475365564628,174.72288012882447,174.72288012882447,20404500,174.34095546177454,50.874382162340275
2017-12-08,177.90328979492188,181.1631924393925,177.64488824132007,180.41778759388305,19883800,174.89042227608817,50.0
2017-12-11,177.9430389404297,179.11581712254062,177.70451909446174,178.20145566062897,13168600,175.15451049804688,50.47198797276092
2017-12-12,175.87576293945312,178.0821469242697,175.51796807280493,177.50571396189537,16854100,175.41859436035156,42.02988667635582
2017-12-13,177.20758056640625,178.06231205736307,176.16401075594845,176.2137074450751,14615700,176.3883318219866,45.86689461424465
2017-12-14,177.29702758789062,179.25495887310956,176.59137099073385,177.1976342084712,13591000,177.17775399344308,42.50080908313184
2017-12-15,179.07603454589844,179.38414792281043,177.26719352452815,177.92315336136195,28463100,177.7627171107701,45.37484315716773
2017-12-18,179.71212768554688,180.18918249133145,178.64867626930132,179.90095082147286,17265400,177.85926600864954,47.405938642194926
2017-12-19,178.41014099121094,178.97665589395646,177.12805146361137,178.84744754800423,14920600,177.93167332240515,58.80925619426397
2017-12-20,176.80007934570312,178.70831381519454,176.27332783322734,178.70831381519454,11860500,177.76839338030135,51.453148939753675
2017-12-21,176.36279296875,177.5852527353269,175.9652497623953,176.84979628704056,11600700,177.83796909877233,55.15580906391954
2017-12-22,176.11428833007812,176.44226823202357,175.15023033004704,176.0546583779604,8509500,177.6817844935826,64.76036198221729
2017-12-26,174.9117431640625,175.91554959773902,173.59982331144678,175.5478213808547,8897300,177.34102957589286,58.20361916286233
2017-12-27,176.53173828125,177.34672151696165,175.18007023480894,175.46830193145829,9496100,176.97755868094308,54.416781422133205
2017-12-28,176.8298797607422,177.8436344522381,176.59134478471427,176.8596947370834,12220800,176.56580897739954,42.00282502436224
2017-12-29,175.3788604736328,177.7542166650722,175.3788604736328,176.90941843228097,10261500,176.13276890345983,41.05632470361821
2018-01-02,180.30845642089844,180.46747975695737,176.4621723674355,176.59136555834587,18151900,176.63396562848772,56.22387314251392
2018-01-03,183.5385284423828,183.64785508099155,180.21899620142523,180.76562939446885,16886600,177.65907069614954,68.99962241907548
2018-01-04,183.20062255859372,185.0691087600973,182.97203600159045,183.76712231556704,13880900,178.67140415736608,65.62994952381095
2018-01-05,185.70518493652344,185.7548664566444,183.79693534042505,184.45289519125265,13574500,180.21332441057478,69.47524971531283
2018-01-08,187.1264190673828,187.74261551347772,185.18836962781052,186.05303433962757,17994700,181.72685023716517,68.96081548864912
2018-01-09,186.7189483642578,187.6432583021224,185.95367693922176,187.54386491859248,12393100,183.1395743233817,66.68260333463874
2018-01-10,186.6891021728516,186.73879885630856,184.49265131785876,185.79462253181987,10529900,184.7553231375558,70.98251231717603
2018-01-11,186.61956787109372,187.24569765073596,186.23195794453397,187.24569765073596,9588600,185.6569104875837,76.99484038759995
2018-01-12,178.27099609375,180.36806874138009,176.31306506023904,176.96902488335712,77551300,184.90440586635046,53.65570174412893
2018-01-16,177.29702758789062,180.6364419213569,176.94916592522313,180.3879736381088,36183800,184.06103515625,52.20459075478052
2018-01-17,176.51187133789062,178.22133430937728,174.7228966973464,178.16168918360896,27992400,182.7477046421596,53.02973395569433
2018-01-18,178.6983642578125,179.8711270910679,175.99502854775145,177.03859820642836,23304900,181.543696812221,54.01620147759285
2018-01-19,180.17921447753903,181.2525990478976,179.06608166322528,179.74192313284237,26826500,180.6094491141183,55.947757756401515
2018-01-22,184.23423767089844,184.2541193776691,179.30463596268885,179.69224583557346,21059500,180.25875418526786,64.39417314100953
2018-01-23,188.1898651123047,188.38863668610645,184.4131445488752,184.9100810660291,25678800,180.4830823625837,63.22991522871033
2018-01-24,185.4070281982422,189.49184720972636,185.37721321872988,188.72656068321083,24334500,181.5025155203683,53.18431884067015
2018-01-25,186.3313140869141,187.4643287507301,185.45671612039055,186.7984356309285,17377700,182.79312787737166,55.23081590560865
2018-01-26,188.8358612060547,188.8358612060547,185.6654040572528,186.59964706019352,17759200,184.55369785853796,55.230793078094266
2018-01-29,184.8404998779297,187.68297731965964,184.49265342036367,187.59353238759687,20453200,185.43114580426897,46.48315501443266
2018-01-30,185.97352600097656,187.0270290400326,180.72587734829392,186.47046254130865,20858600,186.25890459333147,48.87822499979333
2018-01-31,185.74496459960935,188.66695427902084,184.08519814990527,187.2158927119594,43275100,186.47472272600447,48.587628654189785
2018-02-01,191.90695190429688,194.1232998208945,186.73881485330983,187.06679479386415,54211300,187.00573512486048,56.69013105562723
2018-02-02,189.1141662597656,193.0200953049018,188.8160013061576,190.8633774008068,26677500,187.5353262765067,65.96438051864718
2018-02-05,180.14942932128903,189.4421487008838,179.50341788433315,185.7846878744373,33128200,186.6521998814174,53.39966006127331
2018-02-06,184.17462158203125,184.63180988038465,176.6510101072178,177.47592659937064,37758500,185.98630850655692,58.4781227272021
2018-02-07,179.07603454589844,183.94602147249304,178.8474479962014,183.0217116723547,27601900,185.1628134591239,50.392560836541094
2018-02-08,170.5287322998047,180.7258638884641,170.42933893302086,179.90094747311383,38478300,182.95641435895647,41.253845821952176
2018-02-09,175.03097534179688,175.81612834222886,166.15568153008388,173.68924072027175,39887600,181.42584446498327,41.72622671383003
2018-02-12,175.3291473388672,176.46216200246147,170.78714024825825,175.9751587513739,32092100,179.05758666992188,37.624316271519156
2018-02-13,172.089111328125,174.89184058870896,172.03942980821463,174.54397895754173,21809400,176.62543596540178,37.29614294875772
2018-02-14,178.4201202392578,178.7083367931181,172.148782804322,172.3873026653646,28929700,176.3783918108259,43.15919360848484
2018-02-15,178.85739135742188,179.39407610350435,175.7564972918725,179.39407610350435,20922100,175.61878749302454,41.05170628807599
2018-02-16,176.27330017089844,178.77786415388664,175.21979731127163,177.89331786936066,20645300,175.21839686802454,42.11776657043528
2018-02-20,174.9315948486328,176.85971104474038,174.03711514532293,174.69307501590998,21204900,175.84737723214286,39.87975598772669
2018-02-21,176.81996154785156,180.15937567012588,175.3192035061521,175.62731689674635,23200800,176.10294669015067,42.061510740886256
2018-02-22,177.89334106445312,179.10586738767222,176.3230198398694,177.60510939000153,18464200,176.4692600795201,36.29472440098852
2018-02-23,182.1669921875,182.26638556272584,178.41015311652038,178.79776301542145,19007300,177.9089573451451,43.39694335430466
2018-02-26,183.79693603515625,184.52247428137437,182.0974216105779,183.4490895664989,17599700,178.6770738874163,54.02852898856275
2018-02-27,180.3481903076172,183.56832892639983,180.3481903076172,183.31986069147908,15849800,178.89004516601562,45.719349192362564
2018-02-28,177.22744750976562,181.75950613900827,177.048542476875,181.18305795682576,18783000,179.02635192871094,47.836222382807655
2018-03-01,174.8620147705078,179.01639655333457,173.34139032221972,177.91319693739047,23201600,179.01641191755022,55.930350860193855
2018-03-02,175.53785705566406,176.02486032026303,171.93010811810697,172.2282579073517,20025900,178.83325413295202,50.77484970215672
2018-03-05,179.29470825195312,180.04011310637972,174.8123458535095,175.1204441002244,16189300,179.03344944545202,55.48228136753795
2018-03-06,178.67849731445312,181.26257333369315,178.01260418483113,180.666243432238,15086800,178.53509303501673,59.8222254570598
2018-03-07,182.5844268798828,182.69375352330707,176.97898341720986,177.644876548867,19097300,178.36187744140625,56.6911187823631
2018-03-08,181.2228240966797,183.270200331726,180.3382776116752,182.435350536614,17225900,178.48682512555803,53.69108692308389
2018-03-09,184.0950927734375,184.3733760020725,182.0874802190419,182.78318829062945,18526300,179.4679173060826,62.096550773707854
2018-03-12,183.6279754638672,184.9597768489733,183.0912907006893,184.09509700093815,15301200,180.72019740513392,63.823049751007275
2018-03-13,180.765625,184.8504436119154,180.00033854834328,184.47276702130333,18067500,181.46702139718192,56.08334113601749
2018-03-14,183.06146240234372,183.1210923533246,180.7358033223041,181.48120804016023,16821700,182.00512913295202,57.67865272062141
2018-03-15,182.7335205078125,182.8726621441362,181.0737541440578,182.11732399913615,15614300,182.58441816057478,50.953532497870945
2018-03-16,183.95594787597656,184.19448285282013,182.2862485339664,183.35963318181507,24403400,182.7803497314453,50.27135773652078
2018-03-19,171.5027313232422,176.08448669681098,169.01804869474066,175.92546336891508,88140100,181.39176504952567,38.45354056685399
2018-03-20,167.1197509765625,169.15719380705028,160.95774096374294,166.44392456700336,129851800,178.96671622140067,37.22679307889938
2018-03-21,168.35214233398438,172.33756749725168,162.29945956649945,163.7902690263902,106598800,176.78445434570312,41.53087472600419
2018-03-22,163.8797149658203,169.2267564478605,162.716885399764,165.1121229197774,73743000,174.37218148367745,36.19670207215317
2018-03-23,158.4134063720703,165.57923690022687,158.04567823931953,164.42634065690862,53609700,170.85103062220983,26.23831125782965
2018-03-26,159.07931518554688,160.1129516321095,148.1069635774061,159.83466839618086,126116600,167.47185843331474,27.722485157018525
2018-03-27,151.287353515625,161.85222865478082,149.8263589514319,155.35229055994236,79117000,162.80491638183594,17.31358439582354
2018-03-28,152.0924072265625,154.92495177568216,149.8760743440437,150.72085742400338,60029200,160.03201293945312,19.218585992786274
2018-03-29,158.81097412109375,160.43099210806523,153.1955972378106,154.1994035975765,59434300,158.8450448172433,25.291340949731506
2018-04-02,154.43792724609375,158.2245810080674,153.1657709996905,156.84309812336548,36796000,156.8572998046875,23.497525002805375
2018-04-03,155.1535186767578,156.42567493666044,149.8859886065334,155.59082523459287,42543900,155.61070033482142,25.80278254702087
2018-04-04,154.14971923828125,154.60689235795846,149.5878303209049,151.09852163373736,49885600,155.00160217285156,22.00190322513913
2018-04-05,158.36373901367188,160.58008698626506,155.6902178992767,160.57013854929093,41449600,154.89937700544084,28.052241529811937
2018-04-06,156.23684692382812,160.43099258245965,155.8492370248219,156.76359844900838,41644800,155.60644749232702,25.435982478757637
2018-04-09,156.9623565673828,159.54643244925282,155.0839371925453,156.85304509540305,34915200,156.30215454101562,33.73358196522068
2018-04-10,164.02879333496094,164.96303638190815,156.04799435391814,156.96235569457116,57889300,157.0475572858538,46.73797625025001
2018-04-11,165.30099487304688,167.61670604112993,162.24979692563673,164.34686994580522,56144600,158.59942408970423,46.78269308990181
2018-04-12,162.86593627929688,166.42400284102075,162.10066511695405,165.9568813963201,38263000,159.7011980329241,48.883020342314694
2018-04-13,163.5120086669922,164.6847716600553,162.76660383283505,163.5716386272767,19990600,161.0386679513114,56.28524070142068
2018-04-16,163.8201141357422,164.76429060095364,162.3889343645455,164.70466063803724,18119400,161.81815011160714,55.89617637536585
2018-04-17,167.6266326904297,167.96454588864034,164.64501353264316,164.8139701317485,22743000,163.4452623639788,72.5575508666704
2018-04-18,165.34072875976562,167.08993994818715,164.75434727314305,165.85754701566515,20969600,164.64217267717635,67.57177933082323
2018-04-19,167.07003784179688,167.29862435879997,164.18779737944536,165.1816702632983,22235000,165.0766361781529,62.625269292240745
2018-04-20,165.26119995117188,167.39802081855896,164.79407843155357,166.76194271008063,19119400,165.0709511893136,67.95246247343755
2018-04-23,164.8238983154297,167.41790750925108,164.0784935489902,166.2451446227297,23088100,165.3506600516183,66.18963100113626
2018-04-24,158.7115936279297,165.0823236725205,157.22078401679423,164.4164153674163,35079900,164.66488647460938,56.521720161581996
2018-04-25,158.7115936279297,160.07319488653755,155.2330378686136,159.1588334782104,41083600,163.93509783063615,50.565425064623206
2018-04-26,173.0929412841797,175.1900141142064,169.75352708957075,172.1586981515659,77556900,164.71599905831474,69.59331683826855
2018-04-27,172.5264129638672,176.01491695088666,171.54248838520934,175.72668528408687,29804700,165.7425253731864,68.15858116090331
2018-04-30,170.9461669921875,174.64337600314946,170.6579504763859,172.72519310385118,20750500,166.29625810895647,59.255315196056614
2018-05-01,172.79478454589844,172.9538078878039,169.1870201985837,170.946179900824,26025900,167.3724844796317,59.87424195937091
2018-05-02,174.99124145507812,176.98892089755932,173.13268847266448,173.18238516000278,30424500,168.82496207101005,66.0780866962717
2018-05-03,172.9538116455078,175.04093618348602,171.06544354127885,174.05701146033235,24026100,170.85956464494978,62.07425423023697
2018-05-04,175.52792358398438,175.89565176716593,171.9996711507225,172.01955285841595,17677800,173.26189749581474,64.15186003421016
2018-05-07,176.87957763671875,178.40020210157516,176.08447620989162,176.26338123444444,18697200,173.80284554617745,61.89017372095549
2018-05-08,177.82374572753906,177.94300562819672,176.02483812123043,177.15785267337108,15577200,174.55960736955916,66.6137574088869
2018-05-09,181.54086303710935,181.88870952092023,177.6846305784866,178.56917702576555,23282800,176.07313537597656,68.29151156286764
2018-05-10,184.39328002929688,184.9896099715854,181.3818456678708,182.02785713426636,21071400,177.73006330217635,73.56184853698704
2018-05-11,185.8443298339844,187.1661828299156,183.05153378323232,183.71744208206712,21207800,179.28050449916296,75.25677632454637
2018-05-14,185.4964599609375,186.7089862593115,185.0591534054192,186.5599113723388,15646700,181.0723114013672,87.35788398830164
2018-05-15,183.1906890869141,184.15473199981997,182.07754095102703,183.74725557220796,15429400,182.1669921875,82.07867028832496
2018-05-16,182.0775451660156,183.1906933276714,181.54086037571528,182.57448170586025,16975500,182.90955897739954,68.05110097261306
2018-05-17,182.6341094970703,182.93227445049905,181.10355164524216,181.56072476390665,14840700,183.5967538016183,70.31565698386927
2018-05-18,181.5607147216797,183.06147267698665,181.49115149673028,182.36576460099928,13130500,183.59958975655692,71.77810740362034
2018-05-21,183.35964965820312,184.1646844251041,182.0079816652275,182.644059828669,13532900,183.4519282749721,71.72045392231712
2018-05-22,182.67385864257807,184.28392803390147,182.3061153237796,183.7969248091674,12731400,182.99900381905692,66.84088844409871
2018-05-23,185.7548675537109,185.7648159900332,181.06378552997012,181.381832186298,16628100,183.03591918945312,76.83322351797212
2018-05-24,184.79080200195312,185.65548183554552,183.89632235649745,184.741120483549,12354700,183.26450674874442,70.82205425755653
2018-05-25,183.78700256347656,185.1883672034754,183.31988101681029,184.88026898446128,10965100,183.5087149483817,65.7739088741717
2018-05-29,184.60198974609372,185.6654260465633,182.5844286243238,183.21055834691825,16398900,183.7898406982422,65.57077670386138
2018-05-30,186.5201568603516,186.84813679264263,184.11498585551624,185.39707544056375,13736900,184.49833243233817,62.46883012177554
2018-05-31,190.60498046875,191.53922360215932,186.33132313788792,186.71893303735564,30782600,185.53337969098772,64.6506713346509
2018-06-01,192.8014373779297,193.3580038564476,190.8932029521685,191.88707599675035,17307200,186.9801766531808,65.85139618112686
2018-06-04,192.0957794189453,192.7914875119333,190.296871648041,190.66459981891344,18939800,187.88602120535714,64.79497763100002
2018-06-05,191.75787353515625,193.80524964340276,191.43982687178223,193.10954152389655,15544300,188.88131713867188,71.06542953727687
2018-06-06,190.1676788330078,191.3503902703396,187.95134602528293,189.8595805927551,22558900,189.7928423200335,69.43645480413426
2018-06-07,187.0270233154297,189.7999376181759,185.62567384021412,189.58128433389845,21503200,190.13927568708147,59.388235601035674
2018-06-08,187.94142150878903,188.31908299896617,185.2877668136049,186.38103336088304,12677100,190.3423134940011,63.729717306366275
2018-06-11,190.36643981933597,191.41995800499535,187.64323733243532,187.65317060355784,12928900,190.30823625837053,64.68132805501187
2018-06-12,191.2211761474609,192.09578931817367,190.38632639285325,190.9925895834064,11562700,190.08248465401786,67.78329258079455
2018-06-13,191.23110961914065,193.30830057173077,190.73417311381485,191.5590895324915,15853800,189.9589603969029,63.06305584896718
2018-06-14,195.6041717529297,196.07129334552627,191.7280725434056,191.9169108678979,19120900,190.50843157087053,72.18600725440314
2018-06-15,194.65005493164065,195.86258134075916,193.447461794128,194.5904098061052,21860900,191.14877101353235,72.33347324673768
2018-06-18,197.09495544433597,198.35717842137396,192.9405735153697,193.60646661648303,16826000,192.58704703194755,74.07119937483142
2018-06-19,196.27999877929688,196.7471203371474,192.6026562744651,195.03765743720493,19994000,193.7782723563058,69.6400245400129
2018-06-20,200.7623443603516,202.30285053082977,197.5918870897973,197.8801187500104,28230900,195.2634015764509,70.11810231181698
2018-06-21,200.2654266357422,202.1438461598575,198.86406194616256,201.5177012633858,19045700,196.55543736049108,65.85061100482682
2018-06-22,200.50393676757807,201.0008732484646,198.088817584515,199.92748862991408,17420200,197.880126953125,68.21709885567262
2018-06-25,195.14698791503903,198.7746186390824,191.926833633578,198.7746186390824,25275100,197.8148149762835,56.03116200386126
2018-06-26,197.7807464599609,197.8801398358598,195.0277137328021,196.38933018917663,17897600,198.2620566231864,63.06280030328796
2018-06-27,194.6400909423828,199.5200111690536,194.60034269383533,197.9596232295088,18734400,197.91136169433594,63.062800303288014
2018-06-28,195.0277099609375,196.13090968475896,192.0759057043693,193.9841401953821,18172400,197.73246329171317,62.382779982860676
2018-06-29,193.12942504882807,196.389327552586,192.77163013181567,196.11104430216517,15811600,196.64204624720978,54.91866378586746
2018-07-02,196.1508026123047,196.24024755482,191.0422953028787,192.18524334248684,13961600,196.05424281529014,58.147230575088564
2018-07-03,191.54916381835935,194.2028032517408,191.34045895393297,193.35802019165703,13489500,194.77498953683033,50.45638305698692
2018-07-05,197.2340850830078,197.4328566411461,192.84116843737104,193.54682490885443,19684200,195.07314627511158,52.253941834467
2018-07-06,201.9848175048828,202.39230909868533,196.48870070263683,197.23410549677837,19740100,195.67372785295757,59.1791084392473
2018-07-09,203.48556518554688,204.53906814793177,200.88160759131213,203.67438831827928,18149400,196.93736703055242,58.191112062056135
2018-07-10,202.29290771484372,203.65452406395207,201.0207514631168,203.2470324862884,13190100,197.9752524239676,57.633091256488015
2018-07-11,201.29904174804688,203.2470396072342,200.5138887078704,200.981010256622,12927400,199.14234052385603,50.74751780224279
2018-07-12,205.65220642089844,205.8112297460453,201.9450642495428,202.18358407196416,15454700,200.4996839250837,56.77499140239258
2018-07-13,206.0497589111328,207.15294338925543,205.18507908339285,206.5367469783476,11486800,202.57119750976562,56.94722721432348
2018-07-16,205.96031188964844,207.44118822230465,205.57270199926185,206.22866186462363,11078200,203.81780133928572,65.60525291246142
2018-07-17,208.7034149169922,209.17053648092343,203.5849594217647,203.64458938051337,15349900,204.77760096958704,65.71346159418442
2018-07-18,208.0772705078125,209.69728849568628,207.1629090858205,208.5344588014584,15334900,205.43355887276786,70.8384860501579
2018-07-19,206.81504821777344,208.70341619306052,206.4870682773504,207.4908898067572,11350400,206.07957894461495,67.79711935919809
2018-07-20,208.6537322998047,210.2041719930214,207.22255253212748,207.57041420201875,16163900,207.1302490234375,73.4816456061393
2018-07-23,209.61778259277344,210.323424012759,207.52070971082577,209.28980264456737,16732000,207.69675990513392,71.72168388015822
2018-07-24,213.354736328125,214.8753609562686,211.29742689928952,213.79204291810356,28468700,208.7403281075614,86.18071597334115
2018-07-25,216.1673889160156,217.2805218819058,212.95718320276504,214.398296095812,58954200,210.198481968471,84.72474324724439
2018-07-26,175.1800537109375,179.02635262534696,172.6854378807718,173.81845252126243,169803700,205.40943036760603,28.893415096638336
2018-07-27,173.81845092773438,178.82756424890258,171.94003153663397,178.7679342944706,60073700,200.51531328473772,26.58824311397663
2018-07-30,170.0119171142578,174.22594419689526,165.53948850480396,174.22594419689526,65280800,195.25772312709265,25.53481139793047
2018-07-31,171.52261352539062,173.17244643514718,168.9584192255435,169.6243123520671,40356500,189.95327758789062,27.608389034257712
2018-08-01,170.5983123779297,174.00730501345222,169.85290754930728,172.86434184371782,34042100,184.37906755719865,22.20648357136494
2018-08-02,175.2893829345703,175.706807790874,169.22676649934172,169.63424291946973,32400000,178.94115992954798,27.16541569366248
2018-08-03,176.69073486328125,177.7541862173338,175.07071707414613,176.6012899359211,24763400,173.30163792201452,28.687212245127412
2018-08-06,184.55227661132807,184.6516548104339,177.28706753316345,177.87344895337168,49716200,174.6405269077846,33.63414504517857
2018-08-07,182.68382263183597,187.14631856798692,182.5943776873438,185.35734385164017,33398600,175.9070085797991,33.07722861037797
2018-08-08,184.04537963867188,185.7051607568577,182.634081915233,183.618021563361,22205200,177.9117889404297,34.84583860819585
2018-08-09,181.9682159423828,185.4269051297121,181.36195276575037,184.71131530925084,19732100,179.40401785714286,32.295878349622896
2018-08-10,179.1555633544922,180.98430142299048,178.3207135724192,180.92465629687072,21500400,180.62648228236608,30.274126690022328
2018-08-13,178.94683837890625,181.4911508565705,177.80387531889554,178.99653506243692,17423300,181.1489759172712,26.652235982888527
2018-08-14,180.00035095214844,180.8749641000256,177.5256015670684,179.60280779327667,19102000,181.6217782156808,24.85833541057852
2018-08-15,178.43003845214844,179.76182478157125,173.70914117364055,178.2412001345601,33020200,180.74717276436942,54.998519155463356
2018-08-16,173.62960815429688,179.3940745238572,172.94383336540338,179.31456286489728,31351800,179.4537135532924,49.73734118649795
2018-08-17,172.7351531982422,175.14032435538968,170.9859267819164,173.43086135687156,24893200,177.8379669189453,54.121590975223825
2018-08-20,171.443115234375,173.50043989653173,169.8628605944955,172.9736731846047,21518000,176.33438110351562,49.87887844696596
2018-08-21,171.56236267089844,173.1028689461196,170.33990305404782,171.7512009786435,19578500,175.2496381487165,51.505739828748915
2018-08-22,172.5761260986328,173.17245603035497,171.07538316304226,171.15489483162523,16894100,174.33953639439173,45.21221598986736
2018-08-23,171.84063720703125,174.47440978032174,171.7710739823496,172.02947550520776,18053600,173.17386300223214,41.23561079070747
2018-08-24,173.57994079589844,173.74891257804538,171.86054448065224,172.6357643298523,14631600,172.48099190848214,24.53872252252124
2018-08-27,176.37271118164062,177.57528903222553,174.7129299080257,174.9117166424385,17921900,172.87286376953125,35.9574709357792
2018-08-28,175.1800537109375,177.14793321702564,174.752695590058,177.0087916003092,15910700,173.22213527134485,30.124834259019806
2018-08-29,174.82228088378906,175.7068273799935,173.67933282829256,175.21983924266232,18494100,173.70487322126115,32.641281721297375
2018-08-30,176.55162048339844,178.68844162592234,174.62350420356927,174.82227579456912,24216500,174.4176243373326,43.323160711770505
2018-08-31,174.65330505371094,176.53172449249243,173.9079002737929,176.06460295051986,18065200,174.71436418805803,39.868680009419094
2018-09-04,170.11131286621094,172.82458201434443,167.76577188933354,172.43697213603966,29809000,174.46731785365515,29.963766547743447
2018-09-05,166.15570068359375,170.08151163419504,165.6488308526299,168.45156032634827,31226700,173.4067121233259,27.322815067323035
2018-09-06,161.53419494628906,165.95692724153665,159.0196971975764,165.95692724153665,41514800,171.28692408970423,27.504658357772087
2018-09-07,162.0410614013672,163.62133113502875,159.1787172237477,159.32779212064983,24300600,169.40992518833704,29.819935202472124
2018-09-10,163.174072265625,163.9989887280625,161.16645959662233,162.50817913299943,20197700,167.7458953857422,34.30185670983232
2018-09-11,164.9232940673828,166.16563536273756,162.71689471360884,162.93554799481518,20457100,166.08470589773995,38.130794823027735
2018-09-12,161.00743103027344,163.4821803370982,160.808659457123,162.24977231908727,24078100,164.13529532296317,31.26206700878562
2018-09-13,160.371337890625,162.31933552193712,159.87440142159917,161.00741596436615,25453800,162.7438703264509,31.36305120987977
2018-09-14,161.32550048828125,161.8423036184799,159.35762068955958,160.7291705192199,21770400,162.05384172712053,29.56584087702005
2018-09-17,159.59613037109375,161.06705818519038,158.79109565638748,160.92791656987447,21005300,161.77697535923548,20.99663504303537
2018-09-18,159.3178253173828,160.76887122615864,157.89657921641555,158.413397359067,22465200,161.38794163295202,21.682107551368972
2018-09-19,162.06094360351562,162.4386202305523,158.50287612203812,159.09920604206445,19629000,161.22892325265067,29.005969913963156
2018-09-20,165.00279235839844,165.43015045002412,163.46228624394038,163.4921012193888,18936000,161.2402801513672,31.729593817168478
2018-09-21,161.93173217773438,166.22527112377293,161.81247226211093,165.6190079438545,45994800,161.37232317243303,30.594360426061414
2018-09-24,164.39654541015625,164.68476192292383,159.8943016912703,160.0433765831675,19222800,161.94735281808036,40.69281927385089
2018-09-25,163.89959716796875,164.57542351666055,160.16262504833765,160.9974898791839,27622800,162.31508091517858,45.859173358187554
2018-09-26,165.92709350585938,168.2627011105619,163.20389120496188,163.29333613485304,25252200,163.2195042201451,58.91120337909658
2018-09-27,167.80551147460938,170.7175672122871,166.18550881830643,166.52342199419311,27266900,164.4320308140346,61.07707527845234
2018-09-28,163.45236206054688,167.7558188526813,161.56399424048206,167.29864576019202,34265600,164.63080487932478,50.47587388794029
2018-10-01,161.4447479248047,164.8636737969209,160.27196978713695,162.0311294109886,26407700,164.1225128173828,44.10381140472936
2018-10-02,158.3538055419922,161.2857282039071,157.6978456451393,160.59002005510868,36031000,163.61138044084822,45.37266062701156
2018-10-03,161.43479919433594,162.65727401757292,158.5525732911542,159.01969485802366,23109500,163.18827383858817,51.70874267235145
2018-10-04,157.87673950195312,160.4707487599187,156.38592993220965,160.4707487599187,25739600,162.32786560058594,44.886502981429075
2018-10-05,156.36607360839844,159.91419307440987,155.24299203064922,158.23456009202334,25744000,160.96200561523438,45.17951378182896
2018-10-08,156.2865447998047,157.3698628379183,153.44406713037907,154.58701512797785,24046000,159.31643894740515,45.44916418268768
2018-10-09,156.9325714111328,159.60609273190536,156.45551652385748,156.72386653276925,18844400,158.38504028320312,41.783447151625325
2018-10-10,150.4525146484375,156.72385147955237,150.38293625213163,155.85918673592226,30610000,156.8147212437221,29.061801880374986
2018-10-11,152.41043090820312,153.8614769984168,148.24610060377472,149.21015862884616,35338900,155.96566772460938,35.845142885142025
2018-10-12,152.79806518554688,155.92875957563194,150.3730122469904,155.7697362302477,25293500,154.73184858049666,31.62206518511927
2018-10-15,152.57937622070312,154.61681875706876,151.61531826689057,152.3806046680742,15433500,153.97508239746094,31.90339265346266
2018-10-16,157.80714416503906,158.48298565004416,154.0602389357853,154.44784877568756,19180100,154.18094961983817,38.224264941812734
2018-10-17,158.44322204589844,159.5066733695038,156.98222761298683,158.58236365068538,17592000,154.48904636928015,35.91506714347433
2018-10-18,153.9708251953125,157.6879162024366,152.34087385056353,157.53882613209518,21675100,154.0659397670201,35.786664787969514
2018-10-19,153.1061553955078,156.38593968657548,152.60921884126424,154.90506329542157,19761300,154.44503130231584,37.056467810638324
2018-10-22,153.83168029785156,156.37599305856176,153.51364878541293,153.8117985891678,15424700,154.6480669294085,42.424237776509884
2018-10-23,153.44407653808594,153.82175319171404,149.92577222505352,150.29350044129083,19095000,154.74035426548548,35.28553943468688
2018-10-24,145.1452178955078,153.70246571885866,144.70792647926487,153.33473753224314,27744600,153.67833164760046,30.040518293514353
2018-10-25,150.02516174316406,151.27745172466484,146.09936549920502,146.82488871424303,22105700,152.56661987304688,41.00903687446343
2018-10-26,144.4793243408203,148.08708846298214,142.91895149599168,144.92657935767977,31303300,150.57177734375,35.50514458177982
2018-10-29,141.21942138671875,147.91813136222262,138.17817220798156,147.590151428102,31336800,148.7501482282366,31.873435805217284
2018-10-30,145.32412719726562,145.74155208316958,138.88383369784736,139.08260528656828,50528300,147.63842991420202,43.74091196224145
2018-10-31,150.8599853515625,155.44174077227288,148.04733793262284,154.05032455211548,60101300,147.21390206473214,48.25970461735766
2018-11-01,150.8202362060547,151.81410926177827,148.4349469384378,150.59164964952208,25640800,146.83906773158483,47.76251470292243
2018-11-02,149.42880249023438,153.18564098757363,148.04731971121595,150.86991521916335,24708700,147.45100838797433,46.52793612677785
2018-11-05,147.76904296875,149.26980103259015,146.5366500493896,149.18035609463007,15971200,147.12870570591517,37.99336900090051
2018-11-06,149.02134704589844,150.04503520814475,147.09323065011762,148.39520208955898,16667100,147.7775660923549,38.89415678456601
2018-11-07,150.60159301757812,152.07252099238283,148.91201174263077,150.6413564350406,21877400,149.11787632533483,45.73799742279384
2018-11-08,146.96400451660156,150.01520208988154,145.8409382713022,149.56796224598006,24145800,149.3521445138114,42.73965704325341
2018-11-09,144.0718231201172,146.85465512455644,143.18727684042818,145.8508489490478,17326900,148.38240705217635,39.02547662726544
2018-11-12,140.6827392578125,144.15134664438642,139.62923620634993,143.59478013910808,18542100,146.93419320242745,36.557802796491096
2018-11-13,141.2889862060547,143.99232191970455,140.75228630531493,141.12996288988748,15141700,145.7713623046875,45.152423538871616
2018-11-14,143.33636474609375,144.68803262773483,140.68272566568854,142.81954654171082,22068400,145.13812255859375,40.94696142044213
2018-11-15,142.96864318847656,143.95256779447612,139.96714235470918,141.45795191802887,30320300,144.27345057896204,47.622035109833526
2018-11-16,138.67510986328125,140.9013910255869,136.92589869916233,140.20568290152255,37250600,142.56966727120536,46.12121505362336
2018-11-19,130.74400329589844,136.90601319806927,130.40609009718665,136.76687157711152,44362700,140.25252423967635,30.094954468434537
2018-11-20,131.6186065673828,133.33801793912727,126.07280046532676,126.25169792556406,41939500,138.47349330357142,19.900483261987375
2018-11-21,133.99398803710938,136.3494625967327,133.30821312347194,133.57654796031184,25469700,137.51795741489954,25.470917892277342
2018-11-23,130.92288208007812,133.67591445301474,130.45576057099618,132.83111636247128,11886100,136.0370853969029,24.28178822411752
2018-11-26,135.54440307617188,136.1605994763812,131.96645425008927,132.18510752086644,24263600,134.92394801548548,34.30323686937004
2018-11-27,134.17286682128906,135.77300309888088,132.890777211062,134.91827163696288,20750300,133.6674085344587,30.992356392292166
2018-11-28,135.9220733642578,135.95188834264482,131.04216819622712,135.44501854476647,29847500,133.27411760602678,31.289580642112227
2018-11-29,137.83030700683594,139.13229343846845,134.82882132111916,135.08722285407185,24238700,134.28644670758928,37.82136003554797
2018-11-30,139.74850463867188,140.10629958033505,136.51841689168236,137.4128966631899,25732600,135.44786071777344,44.08167630519035
2018-12-03,140.22552490234375,142.79965209351673,139.89754502297967,142.12382579564922,24819200,136.33808026994978,49.3198804456776
2018-12-04,137.08489990234375,142.511453324963,136.31962858740044,139.86774742252544,30307400,137.21836853027344,44.18476441582969
2018-12-06,138.77447509765625,138.8440383133072,132.85098605968346,133.00007609087257,28218100,137.67980739048548,43.62675293712364
2018-12-07,136.57803344726562,140.00689245518598,135.82269538470237,138.3968229584041,21195500,138.02340262276786,41.50593488360018
2018-12-10,140.9809112548828,142.17355599218936,138.15830000605317,138.74469668544526,26422200,138.74609375,53.055868441115386
2018-12-11,141.20950317382812,142.99847793012304,140.23551170412912,142.99847793012304,20300300,139.2288360595703,67.42802431045584
2018-12-12,143.61465454101562,146.28817544992253,141.63684172831333,142.20335664148652,23696900,139.78114318847656,69.00787662008908
2018-12-13,144.1215362548828,144.95640120468934,142.31269505511946,144.6781179431873,18148600,140.33771623883928,67.0572301619324
2018-12-14,143.1773681640625,145.11541783578843,141.63686169899273,142.46177825984043,21785800,141.20806884765625,72.23235413642318
2018-12-17,139.33108520507812,144.03210115668887,137.57192540905285,142.20337812318425,24334000,141.28758457728796,57.06871721485182
2018-12-18,142.77980041503906,145.03588123123276,138.97326496267044,140.2156062265519,24709100,142.17355128696985,64.91051008248488
2018-12-19,132.42364501953125,144.02214120078727,131.6881735342476,140.3448141049661,57404900,140.95108468191964,45.33155940205973
2018-12-20,132.5826416015625,134.73935918569626,129.20347973612132,129.89918774779483,40297900,139.7186758858817,42.65437807704219
2018-12-21,124.18444061279295,134.07347490887454,122.6638159854555,132.5727319897892,56901500,136.94293103899275,31.55902781983717
2018-12-24,123.29989624023438,128.94510342029622,122.26626729055052,122.34577895959931,22066000,133.9684110369001,30.137599532429476
2018-12-26,133.35787963867188,133.41752476100137,125.11867866085694,125.22800530384528,39723400,132.56562696184432,46.23720052920193
2018-12-27,133.69578552246094,134.16290699438082,128.8754959357545,131.62852808967224,31202500,131.76058415004186,44.72868578002502
2018-12-28,132.38388061523438,135.08721638944445,131.39000761487182,134.51076822939834,22627600,130.27545275006975,45.565343374990725
2018-12-31,130.2868194580078,133.81507195324463,129.15380474437148,133.6262336400886,24625300,129.9701919555664,38.11306469252124
2019-01-02,134.84869384765625,136.66748342591214,127.7723222852792,128.1996956008092,28146200,130.29391370500838,43.55094521532122
2019-01-03,130.932861328125,136.32958554541443,130.3166496293639,133.86478424627478,22717900,131.25797380719865,37.52442985007952
2019-01-04,137.1047821044922,137.15447878928725,132.93051839179108,133.1889199213067,29002100,133.23010035923548,43.78955386348228
2019-01-07,137.20416259765625,138.01913052367522,135.0772751096051,136.71715939684776,20089300,133.7795693533761,44.63292591501853
2019-01-08,141.65673828125,142.26300150690102,138.68505211530467,139.03291378251288,26263800,134.9168483189174,52.067135029566536
2019-01-09,143.34632873535156,143.8134503569607,140.4044725283043,142.07417224063354,22205900,136.48291233607702,50.519808675462315
2019-01-10,143.31646728515625,143.67426213112012,139.97705377792576,142.20333450451167,16125000,138.34429059709822,62.33122709072505
2019-01-11,142.91896057128906,144.46940024330854,141.69650085531995,142.27293393108056,12908000,139.49718584333147,61.6383885511688
2019-01-14,144.49920654296875,145.67198466371724,140.40445430489365,141.12997740725265,20520300,141.43523515973772,77.02280545892343
2019-01-15,148.03738403320312,149.75678012008248,145.09552837191927,145.1153949134031,24069000,142.99703543526786,80.73604399671177
2019-01-16,146.63601684570312,148.733089498024,146.0993320944142,148.08707810930417,18025700,144.34444318498885,71.01955199307429
2019-01-17,147.39137268066406,148.0870807652936,145.6023982021175,146.04963803042943,15787900,145.16367667061942,71.39757958467115
2019-01-18,149.1207275390625,151.49608386904194,147.63986618396785,148.83251098517945,31029600,145.98859078543526,75.81245022789271
2019-01-22,146.6658477783203,150.60157641644324,145.4731880307207,148.28585047678212,22378700,146.46707371303015,74.98484731399438
2019-01-23,143.41587829589844,147.88830683839862,142.1834703046798,147.37148862720386,20098400,146.5380619594029,63.61339122094002
2019-01-24,144.9365234375,145.5427866662527,141.64680573397166,143.75381196130203,20955500,146.6005358014788,74.08541738181994
2019-01-25,148.09701538085938,148.91199854832516,145.64214777292565,146.57639085161125,22237200,146.6090545654297,71.09072395421322
2019-01-28,146.5664520263672,148.0473282508545,145.3141775101198,147.14290018424887,15508500,146.599116734096,67.02817404085094
2019-01-29,143.3065643310547,147.19261178130307,142.5512110712888,147.1826633445378,17632100,146.01557268415178,53.13680220997424
2019-01-30,149.49838256835938,150.0251340723655,144.8073005526339,145.32411878563397,44613200,146.06952340262276,59.98705980677894
2019-01-31,165.668701171875,170.6281179868087,163.98905329051215,164.58538318677918,77233600,148.78421674455916,73.8090718129388
2019-02-01,164.6947021484375,168.06393102503503,164.64500546518295,164.82389532654105,30806500,151.8240487234933,72.91359660432506
2019-02-04,168.21304321289062,168.26273990716604,162.61753210718118,164.6847902335628,20036000,155.1492658342634,73.975083721731
2019-02-05,170.11131286621094,170.92628087161887,167.6564452485143,168.11361835354094,22557000,158.2941654750279,73.08251380750895
2019-02-06,169.44541931152344,171.4132836758737,168.23289299477756,170.15106067428434,13281200,161.56258937290735,74.22419825365809
2019-02-07,165.360595703125,168.20307310882131,164.23751435268915,167.16943668931435,17517600,164.71316528320312,67.8233368779288
2019-02-08,166.3047637939453,166.34451203951323,163.203885019522,163.462286528958,12561400,167.11407688685827,67.31421518540122
2019-02-11,164.7742156982422,167.26884690202053,164.06857428500535,166.8712885601335,12811200,166.98629324776786,68.59185370533648
2019-02-12,164.02879333496094,167.30857726977405,163.49210858740534,165.83764947527123,16292300,166.8911634172712,72.31067222294158
2019-02-13,163.06475830078125,165.20157928833433,162.7268299387591,164.36672956750144,14205100,166.15569414411272,69.86064721478317
2019-02-14,162.9454803466797,163.85984171506803,161.255899227586,162.19014230287164,12755200,165.1320037841797,67.42885328841862
2019-02-15,161.50436401367188,163.69088160110493,159.8744128850074,163.50204330288733,15504400,163.99756731305803,67.57074002826478
2019-02-19,161.295654296875,163.14425881872185,159.34767156693718,159.51662816946143,14345400,163.41686139787947,72.79596509756803
2019-02-20,161.56399536132812,162.7168917017492,160.26202413434342,161.25589715223083,11770700,162.73960876464844,67.99051344262654
2019-02-21,159.05941772460938,161.24595031219692,158.61217793725646,160.93783696372964,15607800,161.92320905412947,33.36661449205016
2019-02-22,160.8981170654297,161.4149353285737,159.3277957328268,159.5961457186343,15858500,161.47596958705358,40.84375807293258
2019-02-25,163.61138916015625,165.05251732519287,161.901926170098,162.07089794699365,18737100,161.55405970982142,38.453810494461486
2019-02-26,163.12437438964844,165.2214469497274,162.7963944917823,163.3330792194646,13784100,161.5796160016741,31.132597914390118
2019-02-27,161.81248474121094,162.9256178136742,159.42719525298946,161.90192968482657,12697500,161.6236332484654,30.083039097176766
2019-02-28,160.46080017089844,162.49824294733463,159.87441871369606,161.37516155296802,11114200,161.5043683733259,35.087746998862244
2019-03-01,161.2857208251953,162.13051900206605,160.69933935269893,161.60376748741004,11097800,161.46461486816406,34.613139232453264
2019-03-04,166.34454345703125,166.47375181880176,162.826239195802,162.89580243000873,18894700,162.5053471156529,53.95792134230809
2019-03-05,170.21070861816406,170.82692027780752,165.52957461799716,166.3445427074215,28187900,163.8357173374721,63.463223027894266
2019-03-06,171.45303344726562,172.5065516132874,170.2206405778765,171.84064332800884,21531700,164.95595223563058,68.04953613229948
2019-03-07,168.09376525878906,170.68777470274148,166.5830738735175,170.4492396949722,18306500,165.6658652169364,59.72225423931987
2019-03-08,168.56088256835938,168.58074911119513,164.95311838938363,165.18170495439398,13184800,166.62992204938615,63.83478764497245
2019-03-11,171.01576232910156,173.23209523491212,170.52875902002978,170.54864072956153,18884000,168.13777378627233,67.5143534131732
2019-03-12,170.8666534423828,172.73513963481423,170.17094533838153,171.03561004154747,12155300,169.50647844587053,66.83449832472084
2019-03-13,172.3077850341797,172.9637449599768,171.06544358318558,171.2642303475854,11973300,170.3583700997489,74.93453659259447
2019-03-14,169.12738037109375,170.1013717441735,167.1297009378252,168.71988876821868,18037400,170.203608921596,64.74355364386359
2019-03-15,164.9630584716797,166.55326155158917,161.5143174848002,166.13583665530552,37135400,169.27646963936942,52.301963281057134
2019-03-18,159.48681640625,162.89579383502647,158.30410499943372,162.56782905988402,37524200,168.04690551757812,44.70489091974452
2019-03-19,160.58006286621094,162.81627704625956,159.83465813952807,160.49060277338253,25611500,166.9067884172712,48.19449908795022
2019-03-20,164.42636108398438,165.10218748384236,160.25209727491628,160.5104988103974,20211500,165.96544538225447,55.41384555582081
2019-03-21,165.06243896484375,165.3705371857643,162.7467129244643,163.8797276017234,16223000,165.13627188546317,55.182757908746474
2019-03-22,163.33309936523438,166.39423029091867,163.0846310936558,164.63507068185825,16389200,163.8541739327567,45.45180514649963
2019-03-25,165.27114868164062,165.51961695296538,161.00743981843976,162.00131290373878,12631200,163.30328369140625,42.078404752384536
2019-03-26,166.65261840820312,168.41177787554443,165.33078065535696,166.32465366160423,15437900,163.5446493966239,42.33575717651828
2019-03-27,164.85372924804688,167.9049269999894,163.7803444606518,166.8216089409213,10620300,164.3113512311663,44.5557648296752
2019-03-28,164.53570556640625,165.69853535009787,162.32930592597572,163.5617141105904,10443000,164.8764430454799,43.202432955601964
2019-03-29,165.668701171875,166.16563769699778,163.80021498451765,165.3705362237415,13455500,165.05392020089286,40.54808561140406
2019-04-01,167.66639709472656,167.86516869133777,166.25509904389602,166.8017323085524,10381500,165.42591421944755,44.68999034875137
2019-04-02,173.13270568847656,173.8284138844925,168.51120144716225,169.09758298628273,23946500,166.82585797991072,51.207459078344804
2019-04-03,172.47674560546875,176.86967842235055,171.8903640668298,173.4308705344366,27391100,167.855228969029,55.29377887408319
2019-04-04,174.9415283203125,176.90939259843856,174.45452509466332,174.9415283203125,17847700,169.03935895647322,66.66668365747549
2019-04-05,174.6433868408203,175.91554322834364,174.02719035585443,175.7962833061697,9594100,170.43788146972656,80.61033237123365
2019-04-08,173.85821533203125,174.42473028237788,173.1625071901758,174.13651375407352,7297400,171.76966857910156,77.15457063988521
2019-04-09,176.49197387695312,178.09211005633205,174.47441284625347,174.54397607215748,19751000,173.31585039411272,75.96244643225346
2019-04-10,176.7305145263672,177.6945574409525,175.45834305952295,177.08829426870852,11701500,174.61072431291853,75.54404941257428
2019-04-11,176.4224090576172,177.3069555126932,175.91553923458488,177.147947341838,8071000,175.08068193708147,80.55695073462411
2019-04-12,178.002685546875,178.52943709816685,176.85972233600916,176.90941902609907,12329800,175.87010192871094,80.22664896869719
2019-04-15,178.54930114746094,179.3940993712852,175.78633506842917,177.40635311786377,10834800,176.385498046875,79.41044887033632
2019-04-16,177.77407836914062,179.06611644546476,177.20757858228092,177.9032867263631,11215200,176.8327396937779,83.64394038124723
2019-04-17,177.6846160888672,179.63261386749463,177.26719124315386,178.4995992390446,9973700,177.3793683733259,84.65156902310328
2019-04-18,177.18768310546875,177.78401299137303,176.2534400280249,177.7045013288992,11655600,177.478755405971,81.40916610359048
2019-04-22,180.32833862304688,180.5569251909451,177.15788099120232,177.15788099120232,13389900,177.99273027692522,82.49995887632898
2019-04-23,182.6540069580078,183.09131357204623,180.3680956716348,181.62038555098133,19954800,178.8829585484096,79.13620691587319
2019-04-24,181.4613494873047,184.00566215576703,180.53703963327595,183.35965071731985,37289900,179.3770533970424,76.61948398938503
2019-04-25,192.07589721679688,197.2639156708896,190.94288256390877,195.77310611891585,54148800,181.3094242640904,84.2334679602558
2019-04-26,190.31675720214844,191.7181066873159,187.93145276544556,191.32056353051507,22075000,183.10123552594865,79.58718450360519
2019-04-29,193.5865936279297,194.2127385093188,189.48189303268884,189.7800579840789,19641300,185.3729466029576,84.04799989044969
2019-04-30,192.21502685546875,196.18058547607808,191.101893978932,193.0001949964744,23494700,187.51970999581474,78.37150981964281
2019-05-01,191.8473052978516,194.9779992032904,191.82742359143109,193.5865830598284,15996600,189.16527666364397,77.15095992256168
2019-05-02,191.35040283203125,192.81139762519888,188.58743659474996,191.81752444156385,13209500,190.4076189313616,76.6312552707412
2019-05-03,194.2723846435547,194.95815953926623,192.5231733698692,193.18906655641936,14575400,192.2377668108259,77.69884570283173
2019-05-06,192.69210815429688,193.0896513006828,189.38250914035297,190.06828395837277,13994900,192.32579694475447,73.25922739845106
2019-05-07,188.60728454589844,191.71809674146715,186.69905019471008,191.36030185278815,16253000,192.08158656529017,66.06720223630272
2019-05-08,188.3787078857422,189.55148607442607,187.3947831850088,188.22963298117668,12505700,191.33760288783483,65.79569416509878
2019-05-09,187.49417114257807,188.6073194272796,185.1188148261645,186.05305805079016,12967000,190.66319492885046,65.05084942153758
2019-05-10,187.18605041503903,188.83588335135968,183.45902640152536,187.0966054783866,12578500,189.99730137416296,60.91771298585635
2019-05-13,180.42770385742188,184.29386935173696,179.73199576692153,182.37570167612185,16833300,188.4369158063616,46.894024771505826
2019-05-14,179.62266540527344,182.36576462712887,177.00878969331092,181.4017065912302,17628100,186.34409877232142,47.40675509093789
2019-05-15,185.1287384033203,186.13254473045885,178.91703180278623,179.3145749591007,16746900,185.26361737932478,38.55226533839898
2019-05-16,185.8443298339844,187.4245843672384,183.9162136619539,183.9162136619539,12953100,184.86890956333704,42.367713191314344
2019-05-17,184.1646728515625,186.43070211424896,183.1509181292137,183.707484591586,10485400,184.26690455845423,32.99857760479223
2019-05-20,181.60047912597656,183.1012219241762,180.2587444850857,180.765629430235,10352000,183.4249485560826,31.63689984377899
2019-05-21,183.6876220703125,184.5622200309102,182.7633122594809,183.4391538109372,7502800,182.92517307826452,36.676441789021794
2019-05-22,184.1845550537109,185.59585292003743,182.48502551947416,183.59815844721365,9213800,183.4618661063058,38.29924003274867
2019-05-23,179.7617950439453,182.77322885967837,178.5691505407843,181.30230114462304,12768800,183.48174176897322,27.413364925668077
2019-05-24,179.95065307617188,182.50491410919795,179.72206651959695,181.21287610345823,8807700,182.7420152936663,29.26914284465859
2019-05-28,183.1807556152344,183.5783139695646,180.33827783430075,180.42772277703733,14843300,182.36150469098772,40.91822616421578
2019-05-29,181.07374572753903,183.42922016342715,180.2388959484016,182.3757170851869,12797700,181.9199436732701,38.49770356751914
2019-05-30,181.88870239257807,182.35582394179727,179.781696368219,181.95828078579345,8581500,181.9611184256417,41.15432069632756
2019-05-31,176.38265991210938,179.43384243695849,176.0745616781829,179.17544089099113,15226500,180.91755240304127,35.35439537139894
2019-06-03,163.1442413330078,173.97746576359373,160.02348082580153,173.92776908222493,56059600,177.9117933000837,30.071084652351672
2019-06-04,166.47372436523438,167.2489440774128,159.85452667020485,162.70695243889548,46044300,176.01349748883928,35.67254631700233
2019-06-05,167.13963317871094,167.6862664029417,163.62132916645223,166.4538583306123,19758300,174.18335178920202,28.08721738548583
2019-06-06,167.29864501953125,168.66024618566726,166.2053786461602,167.26883004255737,12446400,171.91447884695867,27.098708765202034
2019-06-07,172.28790283203125,172.8047059096598,167.80552557842148,169.12737858198204,16917300,170.65935843331474,36.44206791751349
2019-06-10,173.7489013671875,176.77026889664663,172.735146566221,173.67932297134573,14767900,169.49652971540178,40.805444104263366
2019-06-11,177.00877380371094,178.8772445881458,175.70678753461837,177.38643520237156,15266600,169.58597455705916,42.38784239100756
2019-06-12,173.96754455566406,178.17163877961696,171.82079013834593,177.28709230788533,17699800,171.13216073172433,38.99358994168552
2019-06-13,176.38265991210938,176.93922642053136,173.54018224526854,174.45454367557608,12253600,172.54772295270647,46.19520453685629
2019-06-14,180.218994140625,180.7258639145792,178.8971412217617,179.40401099571588,16773700,174.41620309012276,50.27920933555609
2019-06-17,187.8519287109375,188.33893193640185,183.28012204807192,183.8764367439422,29459900,177.35238647460938,54.452419196729046
2019-06-18,187.3152618408203,193.3381303190428,186.132550441343,192.81137879637973,37571400,179.49915204729353,56.13281437413044
2019-06-19,186.3313140869141,186.94752568674323,183.4192733466488,185.85425927196496,21417100,181.29663957868303,54.35079073089754
2019-06-20,188.36875915527344,189.98877709000664,186.49033968539905,189.78005707544315,14635700,182.91949462890625,62.593979357007576
2019-06-21,189.9688873291016,190.8236187279324,187.59353143175645,187.59353143175645,22751200,185.20540073939733,87.30999910862477
2019-06-24,191.41995239257807,192.7914868669376,190.39626438089937,191.2410473605232,15509000,187.35358537946428,86.61034590555565
2019-06-25,187.6829833984375,191.9566405527845,186.97734202446696,191.6982390189121,16750300,188.41986955915178,77.65591061230354
2019-06-26,186.51022338867188,189.59122079712247,186.16236174910995,188.37869444218595,12808600,188.2281973702567,75.17588426031841
2019-06-27,188.33897399902344,197.6615095965682,187.11651419243827,188.7166506731317,11159000,188.37444196428572,72.93389105429942
2019-06-28,191.8175048828125,192.01627646621145,188.7762556774397,189.38251886425127,16378900,189.15818350655692,74.40928066517107
2019-07-01,191.8175048828125,194.08353429721967,190.75405340541369,194.01397106741493,14181800,189.65086146763392,71.93764090990683
2019-07-02,193.80523681640625,193.80523681640625,191.5292742978065,191.8174907977765,9050000,190.19891139439173,80.33436603589229
2019-07-03,195.99176025390625,196.19053182864252,192.97039288813693,192.97039288813693,10246100,190.8520268031529,80.19591717811608
2019-07-05,195.19667053222656,195.86257885386613,192.9803377682544,194.9780172372733,11164100,191.9254106794085,75.44753293660952
2019-07-08,194.5605926513672,195.4749540837891,192.4535865316689,193.9940928701634,9723900,193.0754634312221,64.95354343938415
2019-07-09,197.9894561767578,198.2379244382708,193.6959173384694,193.7754290019895,14698600,194.45410374232702,71.075350711546
2019-07-10,201.4878845214844,201.71648624805985,198.44663533431137,198.77461526934172,20571700,195.83558654785156,77.2224521284906
2019-07-11,199.9970703125,202.5513313393767,198.9833307169304,202.0146313979111,13678500,197.00409589494978,71.30372455189593
2019-07-12,203.61477661132807,204.04214992916584,197.9397697177453,198.456572809377,15366300,198.40545872279577,73.27910288080838
2019-07-15,202.66065979003903,204.07195771878597,200.583468729332,202.9985729915772,16030300,199.358158656529,69.50674355632509
2019-07-16,202.59109497070312,204.2111130238294,201.8556385610535,202.640791660212,12132700,200.4145050048828,79.64433521451551
2019-07-17,200.56358337402344,203.1078959409991,200.35486336198755,202.92899090706845,12083700,201.27207510811942,77.02599363701407
2019-07-18,199.5498504638672,201.2294985190347,198.1584341156637,198.9237055245252,11937900,201.49498857770647,72.25732261175985
2019-07-19,197.1446685791016,201.09034599645327,196.85645205304337,200.94125593238184,12098300,200.87452915736608,61.047007235338775
2019-07-22,201.08038330078125,201.32885153924192,197.5918795270031,198.6851458423491,13589000,201.02928815569197,66.51310162929826
2019-07-23,201.12014770507807,202.9886338613199,199.7287315240251,201.59720251496788,14583700,200.67291259765622,64.01372754219697
2019-07-24,203.4060516357422,203.555126519488,196.0116340959808,196.419125665284,32532500,200.7793971470424,64.15023678712694
2019-07-25,199.4802703857422,207.3815582525798,197.0452692340373,205.4335603642758,39889900,200.33499363490515,57.30262897764758
2019-07-26,198.5261383056641,201.6369657512843,195.0475826907964,198.9634448665524,24434000,200.04393005371094,56.68788858236925
2019-07-29,194.73948669433597,198.40688065364336,194.10340855270127,197.7807357829424,16530800,199.35673522949222,44.584287696144465
2019-07-30,195.83273315429688,197.4925144428736,192.31442933683508,194.1928487376992,11903600,199.1693158830915,39.755094864942144
2019-07-31,193.0399627685547,197.5422065770947,191.4994564719773,195.74329874098356,14593500,198.02068437848772,37.96422271814624
2019-08-01,191.54916381835935,197.2540010357208,189.7105076297298,192.98034354991347,17777000,196.65340096609933,27.468402330174925
2019-08-02,187.8619079589844,191.4398422169392,186.9177314950227,189.92916594072088,15297000,194.4328090122768,24.924179235375007
2019-08-05,180.61656188964844,184.5324244964497,178.2412056863508,183.55843306335663,23086700,191.73799351283486,20.04871659313274
2019-08-06,183.3795166015625,184.651672931226,181.9682186472577,182.56454856160605,18035700,189.5741904122489,27.03845807233752
2019-08-07,184.01559448242188,185.2281208518393,180.1096805618966,182.4751033424486,15833200,188.04220581054688,29.03132655587484
2019-08-08,188.9948883056641,189.1737781615749,182.9223238301564,185.47656948643743,14828900,187.06537083217077,39.71394940556663
2019-08-09,186.69906616210935,189.8098786237297,185.97352788685143,188.83588724108597,11058800,186.15952845982142,31.065155566055992
2019-08-12,184.23423767089844,186.4406369981797,183.32982474436687,185.70518066595187,10930900,185.11453901018416,29.10204323659201
2019-08-13,187.2953948974609,190.207451156654,184.2342637296492,184.38335380356887,13577000,185.03360857282365,30.436891656827882
2019-08-14,178.60894775390625,184.85046982814407,178.21138940074746,184.66163150605624,18903700,184.74680655343192,27.282559484048036
2019-08-15,181.4712829589844,182.0775461474748,178.9269702877131,179.84133170611997,12925900,184.47420174734933,32.17696692370667
2019-08-16,182.5744781494141,183.96590953305457,181.2426918882448,182.6241748354904,12654600,184.26832798549108,36.53166902388278
2019-08-19,185.0293426513672,186.3511956187924,183.71743812016643,184.87031932476737,9691200,183.70182146344865,38.389230883772434
2019-08-20,182.68382263183597,184.86040727294943,181.2725245681904,184.31377400332948,10083400,183.12821524483817,38.76186817590237
2019-08-21,182.4254150390625,184.76100778250884,182.0179234183364,183.8665280365593,8398200,182.86981201171875,39.8271236777204
2019-08-22,180.9246368408203,182.9819612596553,178.807697632877,182.30611972401192,10821400,181.95970371791296,41.86854850046732
2019-08-23,176.6609344482422,182.0079763044096,175.57761646457456,179.73199852978033,17323400,181.68141610281808,45.01501058009373
2019-08-26,179.25494384765625,179.39408546800007,177.14793783522146,178.30081904722775,8773600,181.3647962297712,44.77987280492712
2019-08-27,180.18919372558597,182.91239627846767,179.90096203775698,180.8153234580596,14399600,181.02404131208147,45.19352074935746
2019-08-28,180.6463928222656,180.8352311624108,177.82379648878538,179.42393299567064,9386100,180.39790562220983,38.169075910088445
2019-08-29,184.4330291748047,184.9398989708161,182.34588970360625,182.6440546516773,10128700,180.64779227120536,46.91891250414426
2019-08-30,184.53244018554688,185.6555217846388,182.33598884706143,185.63564007381984,10774500,180.94879586356026,50.433334205485956
2019-09-03,181.27249145507807,184.53239360257768,180.9942082350695,182.8726275527769,9779400,180.9984893798828,41.298068549836046
2019-09-04,185.99339294433597,186.59965608202663,182.76330568858847,183.51864371042504,11308000,182.33169773646765,62.04987901492904
2019-09-05,189.73036193847656,190.18755022085796,186.7885061602553,187.37488762861236,13876700,183.82818603515625,63.103079810924484
2019-09-06,186.34127807617188,189.04461419535,185.20826331778844,189.04461419535,15226800,184.7070552280971,55.571912043325526
2019-09-09,187.60348510742188,187.82213840755372,184.71132584713277,186.57979700466828,14722400,185.70092555454798,53.94697868338116
2019-09-10,185.0293426513672,186.94752551089215,183.4192731741165,186.29156566264223,15455900,185.78611319405692,53.571388742258485
2019-09-11,187.3351593017578,188.2793357803435,184.9399213220154,185.3175979795701,11761700,186.1865016392299,57.03703088101049
2019-09-12,186.3213806152344,189.76017285201533,186.08284562536727,188.69673658178507,11419800,186.90777151925224,57.844547624529206
2019-09-13,186.0431060791016,186.81832587580905,185.39707947164547,186.1822477050414,11441100,186.91487339564733,65.42479587300727
2019-09-16,185.07904052734372,186.6394133294086,184.63180068804104,185.78468190005933,8444800,186.25039890834265,60.11736190705402
2019-09-17,186.9276428222656,187.16617781091293,184.40319681297032,185.5163449280253,9671100,186.33416530064173,61.345322354814954
2019-09-18,186.9872894287109,187.921532594147,184.87033481619304,186.93759273932173,9681900,186.24613734654017,60.820833144548
2019-09-19,188.97503662109372,189.92916150008764,186.99722362985565,187.50410863272447,10392700,186.80980791364397,58.25801665557875
2019-09-20,188.7663116455078,191.9169027353608,186.96740375102715,189.49184993152824,19934200,187.0142582484654,57.66730424777124
2019-09-23,185.6753692626953,188.93527163209316,184.0752330560769,188.1799184132552,13327600,186.9219709123884,58.02247260987338
2019-09-24,180.16932678222656,186.88790394214251,179.28478026882564,186.82827397847748,18546600,186.0828595842634,39.68316951576956
2019-09-25,181.68002319335935,182.2962197217506,176.78022045297004,180.3382883131447,18068300,185.59728567940846,34.5184430498831
2019-09-26,179.00648498535156,180.2885746140385,176.58143219032812,180.2190113828633,16083300,184.46569170270644,35.49531781920267
2019-09-27,176.01492309570312,179.65248693048383,174.583743478275,179.38415212619046,14656200,182.89821079799103,28.55048854415081
2019-09-30,176.9888916015625,177.57527298531446,175.76643215494636,176.78017161540987,10740000,181.18590436662947,34.18069004192749
2019-10-01,174.7328338623047,178.738141392859,173.80853912385396,178.05236650159526,17073000,179.18112182617188,25.15671699257379
2019-10-02,173.53024291992188,175.44841065276506,172.0294848885332,173.76876274932445,16151700,177.44610377720423,24.97082895917002
2019-10-03,178.28094482421875,178.73811791480915,172.56617503474888,174.49429109451344,16086300,177.17633492606026,37.07378776659778
2019-10-04,179.34439086914062,179.8711423783781,177.00879827438746,178.44991118013718,10430200,176.8426731654576,40.481677864315316
2019-10-07,178.57911682128906,180.06992651714253,176.9988621833565,178.89716350241537,9178300,176.7816205705915,35.626281047925445
2019-10-08,176.6609344482422,179.2648769835568,176.63111946999803,177.16780424369145,9466900,176.87390790666853,33.29040388577343
2019-10-09,178.74807739257812,179.612742109068,176.84977619253073,178.0623025490312,7556900,177.1252201625279,33.50430362749084
2019-10-10,178.92698669433594,180.49730813253535,178.07225515620968,179.2152184079966,8605000,177.72438485281808,34.11426358453042
2019-10-11,183.06146240234372,185.3473732368288,181.02401980714407,181.03395307720828,14930500,179.0859876360212,45.91737659659752
2019-10-14,182.15704345703125,183.48882964635425,181.45140211483263,183.07140480337085,7006000,179.63971601213728,53.625769244685934
2019-10-15,187.732666015625,189.21354221083635,182.53471459228965,182.67385620245528,15039100,180.8380410330636,59.614728301864915
2019-10-16,188.3886260986328,188.5377009792813,185.75485360655617,187.1661665814204,10516900,182.23939950125558,65.92443721575903
2019-10-17,189.22348022460935,189.67072004240345,187.6134108144313,189.13403529411028,9603000,184.03404889787947,74.1900742103622
2019-10-18,184.71131896972656,190.31676256422483,182.79313602913544,189.0644727709509,16874200,184.8859405517578,62.52023014996168
2019-10-21,188.59735107421875,188.74644113608863,185.60579854908016,185.89401507088232,8122600,186.26742117745536,71.3498836197843
2019-10-22,181.2228240966797,189.48190743577445,180.38797430156768,188.83589596307365,19537600,186.00475856236048,59.95372810940355
2019-10-23,185.0094757080078,185.2380774452247,180.8849083152903,180.89484158700827,12300400,186.41224888392858,58.92907259431335
2019-10-24,185.2380523681641,185.5858988148073,181.67998525106103,183.48882620338145,11413500,186.05587550571985,57.998392233019416
2019-10-25,186.7388153076172,187.84201505023853,183.95596760714628,184.69143915732712,8061200,185.82018824986048,60.85693518980972
2019-10-28,188.23956298828125,188.3687713468641,183.94603899295436,186.05304515587304,13657900,185.67962864467077,65.57907146051144
2019-10-29,188.1501007080078,191.35037307485777,187.31525100325536,190.5155233701053,13574900,186.17088317871094,63.369137925572836
2019-10-30,187.0966339111328,189.2831519649489,184.84053745248036,188.39860540459733,28734600,185.9564950125558,61.334855921496136
2019-10-31,190.4757537841797,196.87629831047573,187.09659166093812,195.4948154514372,42286500,187.2783421107701,60.507078557172356
2019-11-01,192.4336853027344,192.9206885319777,188.74642496730135,191.66841401216436,21711800,188.3389434814453,64.14117787367283
2019-11-04,193.52696228027344,196.1607198071472,192.6225341614982,193.3580056809362,16371300,189.52307346888952,59.09521818128691
2019-11-05,193.12942504882807,194.55065628024155,192.41383521480324,194.17297965525628,9942000,190.43601771763392,57.50242560550783
2019-11-06,190.37640380859372,193.17911818934064,190.1776322128097,192.8412049599777,10973000,190.74128069196428,51.72009983945917
2019-11-07,189.2532958984375,192.25479662150497,188.3091195762175,190.73417213622577,13473000,190.8988800048828,57.538745662213095
2019-11-08,189.6707305908203,191.16154017657664,188.53771591225745,188.8358808624686,10760800,191.26660810198103,52.01342032156336
2019-11-11,188.44827270507807,188.9153942594565,187.38482124480848,188.76630420033388,8631200,190.97696794782365,67.61998956628626
2019-11-12,193.27850341796875,193.86488490865517,188.57748789036248,188.8358894374531,17615500,191.09765625,69.18823068692085
2019-11-13,192.00631713867188,194.5009327771909,191.55907734539204,193.50705982977013,10860700,190.8804212297712,64.98017233285613
2019-11-14,191.9665679931641,192.84118110478173,190.27698689005615,191.74791471525964,9040500,190.71429879324776,62.37060916058981
2019-11-15,193.90463256835935,194.1034041396074,192.19516975808855,193.0697677046396,11524300,191.21833147321428,63.13362359896357
2019-11-18,196.1905212402344,197.4129959312188,191.8671828531791,193.3679256015369,16167200,192.20936366489954,66.91760366722465
2019-11-19,198.09878540039065,198.7746118011709,195.6538510025045,196.19053578163596,19056800,193.41337149483817,72.34550010753799
2019-11-20,196.2998504638672,198.3671081204739,194.2325928072605,197.36330185154927,12355400,194.53502546037947,62.64014878555375
2019-11-21,196.71728515625,197.87018153186528,195.65384888060257,196.2104153611619,12131000,195.02627999441964,59.96297731650835
2019-11-22,197.60186767578125,198.07892254321945,196.40920775923456,197.16456106175423,9959800,195.82564435686385,59.57049546692235
2019-11-25,198.56588745117188,199.73866552115163,198.02920268375675,198.29755265011383,15272300,196.7684042794364,62.437356613144985
2019-11-26,197.7509307861328,198.92369375806308,196.8266209224777,198.77461886003803,11735500,197.317875453404,68.51285642162229
2019-11-27,200.7623443603516,201.89535896448615,198.1981502214578,198.67520501127808,12736600,197.9709930419922,76.39009889766149
2019-11-29,200.40457153320312,202.55134107161547,199.9772133790016,200.3648232818844,7985200,198.3003910609654,74.68008473535619
2019-12-02,198.4764709472656,200.94127218656573,196.83658626692875,200.89159065982312,11503400,198.61133684430803,72.33292646127322
2019-12-03,197.60186767578125,197.7111791639872,193.8847766218525,196.3893412151794,11595300,198.73770577566964,61.687313142246154
2019-12-04,197.4925079345703,198.8044123915553,196.83654812342868,198.7745974151669,8456300,198.72208295549666,65.82572219605697
2019-12-05,198.13853454589844,200.056702279109,196.99558658899363,198.63547107764825,9740400,198.6610325404576,67.20224415188497
2019-12-06,199.81817626953125,200.33499449285037,198.83423650759084,199.27154306845324,12270600,198.95635332380022,66.72287705114678
2019-12-09,200.1063995361328,201.89537408859496,198.9833332835784,199.420624693914,11954800,198.8626469203404,62.48420204646115
2019-12-10,199.6392974853516,200.81207570415583,198.92370759445765,200.4244657770301,9475700,198.7533220563616,55.408276416231395
2019-12-11,201.02073669433597,201.3884799969337,199.05287250660064,199.05287250660064,8036800,199.11678859165735,67.07412909734293
2019-12-12,195.5445251464844,202.4121916515296,192.91076759563757,201.1102203654393,23734800,198.82288251604353,46.89474169040997
2019-12-13,192.92071533203125,195.5942364984277,191.9864721563075,195.19667814423647,18798000,198.16976928710938,38.65047560982831
2019-12-16,196.7073516845703,197.89999630816612,193.61640590112577,194.0735941755754,14911500,197.96531459263392,46.03644230337434
2019-12-17,197.17446899414065,197.7807321465284,194.9283214152002,197.62170882271872,10175700,197.587642124721,48.75210987537291
2019-12-18,201.25929260253903,203.04826712539924,198.86405491263451,198.86405491263451,23274400,197.7523411342076,51.02799006604527
2019-12-19,204.7974853515625,205.03602035133403,201.26923286876976,201.53758284785027,16514600,198.48922511509485,58.03054291953
2019-12-20,205.03602600097656,206.43739072831104,202.18359985765667,206.20878899357692,27306900,199.0628378731864,62.78081327556083
2019-12-23,204.91673278808597,207.31197041535347,204.4197962761366,205.4335510067969,13348900,200.40172467912947,64.68469925569782
2019-12-24,203.8632354736328,205.5230016498251,203.7439755603469,205.0360135603748,6046300,201.9649418422154,62.32222564578412
2019-12-26,206.51687622070312,206.5467063645433,204.0520752810987,204.31049198218503,9350700,203.36630249023438,65.03749494033289
2019-12-27,206.8249969482422,207.64989827088093,205.3242388703599,207.391496725923,10284200,204.7449493408203,63.22708054768068
2019-12-30,203.15760803222656,206.6262155140965,202.65072303540063,206.58646726204168,10524300,205.0161372593471,55.10819573634104
2019-12-31,203.9924468994141,204.3005451235816,202.3525624058065,202.7501055662873,8953500,204.90113176618306,57.1992029821549
2020-01-02,208.49468994140625,208.5046232125284,205.0062009498093,205.483255773762,12077100,205.39522661481587,61.203864201241444
2020-01-03,207.39149475097656,209.11089094111145,205.68203183218017,205.94044853997715,11188400,205.74876403808594,70.43896213436268
2020-01-06,211.29742431640625,211.47631419268347,205.2546741289233,205.43356400520057,17058900,206.810791015625,80.36121786112963
2020-01-07,211.7545928955078,213.26528420125555,210.4526216062336,211.51607306559464,14912400,207.5590362548828,77.93355337178907
2020-01-08,213.9013671875,214.91512198342505,211.3073578215122,211.69496771917477,13475000,208.5699462890625,79.22888145629534
2020-01-09,216.9624938964844,217.04200556180396,214.95486605173917,216.20714065859832,12642800,210.54207284109933,78.45819034530058
2020-01-10,216.72396850585935,218.53282485012505,216.08789032041105,217.85698324760483,12119400,212.3608616420201,74.54990552099129
2020-01-13,220.5503845214844,220.61001448137728,217.866930169204,218.25454007380785,14463400,214.0831037248884,77.82529283977259
2020-01-14,217.71783447265625,221.01750037751376,217.2904763276113,220.25221385964988,13288900,215.55829511369978,70.92270252124966
2020-01-15,219.7950134277344,220.32176491779663,218.79120713192296,219.25832866692895,10036500,216.77223641531808,75.1964716903635
2020-01-16,220.4112243652344,221.2659557708827,219.039674741792,221.2063258160024,10015300,218.00889805385046,73.4879039538753
2020-01-17,220.77896118164065,220.9280360746828,219.17882494669027,220.66963453830988,15905900,218.99141148158483,73.54123365540693
2020-01-21,220.0832672119141,221.00756193875884,217.77747428272212,220.79885707509084,14275800,219.43723624093192,81.736894268338
2020-01-22,219.96397399902344,221.38520507323696,219.92421058747595,220.94789853800265,12212800,219.90009416852678,80.77360463160787
2020-01-23,218.4135284423828,220.13293967833576,217.92654037054416,219.3974681873057,11195000,219.59482901436942,71.56433762182232
2020-01-24,216.6046905517578,220.42115934670656,214.78590108729813,219.44716802373816,11905800,219.43580845424108,69.43393384307764
2020-01-27,213.5534820556641,214.73619332662796,211.19800794931305,211.79433780258327,13810700,218.5441611153739,54.93684901528808
2020-01-28,216.4556121826172,217.39980374418147,212.21178503509023,214.81572766096292,13413800,217.97907366071428,59.292708587202746
2020-01-29,221.8622894287109,222.82634755572224,217.1115771904881,220.08326323991795,33181300,218.1338348388672,63.94010207784132
2020-01-30,208.24620056152344,210.13455312362944,203.4954890153176,205.2645816748521,48775500,216.4428253173828,38.85640801748854
2020-01-31,200.67291259765625,207.41137071153412,199.82811443300605,207.152954010898,31359900,213.68695940290178,32.719899018903774
2020-02-03,202.9389495849609,203.8831259916413,201.25930162886957,202.19354476411328,15495600,211.47630528041296,30.380893680283663
2020-02-04,208.5443878173828,209.30967432653716,203.94275065657752,205.35404859424293,19628900,210.3248334612165,40.37540331217875
2020-02-05,208.8226623535156,211.4266048319078,207.43124618154243,211.20795155269792,12538200,209.6490020751953,38.03643420241776
2020-02-06,209.5581512451172,209.89606446274115,208.05739314368705,209.1804746105374,10567500,208.6636505126953,38.197187305538215
2020-02-07,211.0290679931641,211.51607125055685,208.64376355740467,209.01150690086425,12242500,207.11604745047433,39.64535818913646
2020-02-10,211.7545928955078,212.49006442343884,209.3693036045794,210.22403504746697,11856400,207.61724635532923,41.160330869754155
2020-02-11,205.92056274414065,209.5680750725065,205.24472117404943,208.902181938856,25030800,208.36691066196985,36.70745449246208
2020-02-12,209.46868896484372,209.9258772632884,206.12927474433053,206.57652977128944,13813700,209.2997305733817,41.841935260306684
2020-02-13,211.8341064453125,213.016817830153,207.898362398434,208.23629076931672,15396600,209.76969037737166,45.69275851095046
2020-02-14,212.86770629882807,213.61311102935213,211.34708186178304,212.68881644284545,10741700,210.34755379813058,49.35741902719097
2020-02-18,216.465576171875,216.64446606041392,212.09252519110228,212.24161526351887,15609200,211.3343287876674,50.00921622563804
2020-02-19,216.15745544433597,216.98237189697065,214.7859057802808,216.65439197011835,12135100,212.06695556640625,44.173773252889376
2020-02-20,213.2652740478516,217.4296044202188,211.64525617542168,215.1933901294506,13109200,212.28276715959822,56.5635720454448
2020-02-21,208.8922271728516,212.92736443295075,207.55050767506424,212.17201122071887,14092300,212.70729064941406,61.73045823745985
2020-02-24,199.49020385742188,202.40224467367145,196.95582449543255,200.56358859303967,23080100,211.28179277692522,45.9109071784234
2020-02-25,195.56442260742188,202.25318461397327,194.74943935076328,201.0108431851405,21433500,208.95755222865515,33.97155313634903
2020-02-26,195.99176025390625,199.97720084600968,194.29224584981696,195.9818269830241,16524500,206.5467027936663,34.21374150129839
2020-02-27,188.58740234375,194.67984870582703,188.3389340929677,190.64472673957056,21682600,202.56410653250558,27.836094644592478
2020-02-28,191.2907257080078,191.55907564771653,180.7059849779017,181.5805828514785,32568900,199.01171657017298,29.66827257678466
2020-03-02,195.2364044189453,195.3656127551384,187.69291237992067,192.8411669735219,24949000,196.43616376604353,34.04375682816057
2020-03-03,184.7510681152344,196.03153375418208,182.84283360204572,195.0177789559788,27984100,192.9874267578125,31.236776547661208
2020-03-04,190.5850982666016,190.654676662241,185.24800462654167,188.01097060333956,23062500,191.71526881626673,33.91465044416992
2020-03-05,184.03549194335935,187.8320947088809,182.76333550676492,185.63562834388367,19333400,190.06827872140067,27.896310021659502
2020-03-06,179.98046875,182.65398970716865,175.18006005158372,177.23738456460472,24559600,187.78095136369978,25.04902680348026
2020-03-09,168.4614715576172,173.92777299459,164.1778814034553,168.56086492259055,29949000,184.90581839425224,17.487838931334792
2020-03-10,177.0982666015625,177.19764482163365,168.46150613211668,173.5998287176082,24517800,182.8783242361886,26.227927012806234
2020-03-11,169.1969451904297,174.80238831080555,166.63275102739735,172.9438354860857,20373900,179.1584014892578,24.72063753043436
2020-03-12,153.5235595703125,165.5792436027993,153.39435123074384,158.56248766461542,43266300,174.69732883998327,21.883515105136922
2020-03-13,169.2366943359375,169.74356410975204,156.63439189268647,162.5280515419697,35028600,171.6475568498884,35.562506881259026
2020-03-16,145.11538696289062,158.15501064822567,142.22322814436825,151.38673814558268,39120400,166.08754185267858,29.81548252077836
2020-03-17,148.5045166015625,152.99682725438325,139.14223383078428,149.81643637131103,34255600,161.59097726004464,31.440352552458137
2020-03-18,146.05960083007812,147.27211208807233,136.26001123060118,138.89376894045387,37553100,158.39071001325334,32.7083373660457
2020-03-19,152.19178771972656,158.9501124482879,143.91282324540947,145.72166434278574,39862300,154.8326416015625,34.53375175613722
2020-03-20,148.81260681152344,158.29416415529968,147.09321068961108,155.06407675839944,32568400,151.92059326171875,31.553607027312808
2020-03-23,147.192626953125,151.37682463161818,141.37846266830772,148.7430667183292,29830800,151.01617431640625,33.94512946013921
2020-03-24,159.99366760253906,160.32164750480814,151.635207391002,154.25903144385643,30440400,149.69574192592077,37.65837629135696
2020-03-25,155.2529296875,161.99138835546233,152.12222020104278,157.9463174011286,35184300,151.14396231515067,38.2161478831604
2020-03-26,162.3392333984375,162.9951933038446,156.0579631034163,157.28042280691102,26556800,153.12035042898995,42.9524374748701
2020-03-27,155.82933044433594,159.10911415528508,153.8018363343714,157.23069491910564,24879900,154.51602608816964,44.74314925402325
2020-03-30,164.9332275390625,165.72832900211748,157.09156987984713,158.20470282894468,22515200,156.3362317766462,44.95713825591248
2020-03-31,165.77804565429688,169.88273148113515,163.19396937945223,164.46612580744628,23676300,158.7598658970424,48.49467158040505
2020-04-01,158.6221466064453,163.14425690189051,157.07169189238763,160.62975927070954,19507600,160.3926544189453,52.42691777426144
2020-04-02,157.2207794189453,160.36142188089596,154.9646833604549,158.12520752958983,20886300,159.99652753557478,43.37825054131892
2020-04-03,153.2353515625,156.9425092481532,149.90588568360153,156.1871559652446,25983300,159.7083020891462,55.75110774883822
2020-04-06,164.53570556640625,165.18171705780128,157.5388299893632,159.16878137402077,28453600,160.02208382742745,60.21016643440098
2020-04-07,167.79559326171875,172.32765206239267,164.99286390770746,170.73744907447568,31411900,161.73154994419642,63.70128770886315
2020-04-08,173.21221923828125,173.92780915201652,166.71229521470423,170.2007846701876,21664200,162.91426304408483,63.370853258817604
2020-04-09,174.11663818359375,175.9950578154714,170.5188222622399,174.8222796218866,23534300,164.1054905482701,66.61881759341343
2020-04-13,173.7190704345703,173.92779045584925,168.41179178261808,172.60593742854883,19355400,166.26219395228796,67.70595620007957
2020-04-14,177.078369140625,180.11961841277392,175.5378627961842,177.88340392851148,21011800,169.09899248395647,63.04842913724156
2020-04-15,175.88572692871094,177.0982533460537,171.76115955459105,174.11663399166335,17423000,172.33476039341517,66.66127798101721
2020-04-16,175.1701202392578,176.95909471305893,171.45302967509875,176.85970134467598,23593200,173.85396248953683,61.54942828692099
2020-04-17,178.14181518554688,179.17543650944015,175.57762083562176,178.10205177003198,20974800,175.33199419294084,71.45039086165595
2020-04-20,177.14791870117188,179.39406609134025,175.68692426271664,176.3230023391987,16110700,175.8942369733538,63.912105604522495
2020-04-21,169.75350952148438,174.3054496300613,167.3085752962852,174.1762412886208,24850500,175.27093287876673,53.940074380745216
2020-04-22,181.16319274902344,183.6478755716349,177.04855860139085,177.3566568449466,33242000,176.3343789236886,70.60316183394849
2020-04-23,183.99571228027344,185.9039466094171,182.02783283262357,182.95214260324065,21426600,177.32257080078125,73.84910840491465
2020-04-24,188.90545654296875,189.2433697378823,179.72206416708343,182.107353403919,28792000,179.18253217424666,81.2575681076201
2020-04-27,186.35118103027344,192.5628870646159,186.2617361030504,191.47956917189808,29197800,180.77982657296317,72.577571866276
2020-04-28,181.7893218994141,188.04077666593557,181.4414602683121,187.5040918955516,21731000,181.3008989606585,64.10253177053559
2020-04-29,193.00021362304688,195.7035495829352,188.8358830390535,189.76017771353247,45954500,183.56551252092635,67.85645832346532
2020-04-30,203.45574951171875,208.4052328299809,200.33498888285405,205.65220036004436,46230100,188.38011823381697,72.58257434356999
2020-05-01,201.0307159423828,206.010014707908,197.83044335099385,200.3648227860168,30415600,191.2183358328683,70.3857527426695
2020-05-04,204.00238037109372,204.64840696413435,197.54220543248465,198.97338507610127,19250700,194.07643127441406,70.21338651194526
2020-05-05,205.80130004882807,209.0910174227714,205.2347851301422,205.7516033631944,21071200,196.49012320382255,72.25671176177431
2020-05-06,207.19273376464844,210.3035615315656,205.39382581589587,206.8448721011137,21857000,199.46748788016183,73.58712212999527
2020-05-07,209.9655914306641,210.3035197552235,207.75919229499317,209.86621323603865,15152000,203.49266924176897,73.50952677789417
2020-05-08,211.0489501953125,211.9036816328692,209.55814060645548,210.93962355218437,12506000,206.07106018066406,75.01102100678193
2020-05-11,211.8738555908203,213.682711872996,209.08107466674213,209.59789291383512,12911900,207.27364676339286,84.41053917260602
2020-05-12,208.812744140625,213.9609995134749,208.7133507646171,211.98318658719745,14704600,208.38536507742745,76.15648150741072
2020-05-13,203.8433837890625,209.4885758537764,200.87169768893224,208.1468410703185,20684600,208.36265127999442,68.04630666832786
2020-05-14,205.54286193847656,205.66212183933496,199.460364349936,201.3189019097017,17178900,208.3257315499442,66.06526184330687
2020-05-15,209.5879364013672,210.04510947420383,202.8693454300811,204.0123084427687,19383200,208.66790335518974,71.8097502291476
2020-05-18,211.88380432128903,213.3249172540227,209.64758989160947,210.85016782566936,20151900,208.94193376813615,79.50121698174166
2020-05-19,215.5511932373047,219.13907557606217,211.5260043274611,211.9633108985472,31843200,209.5851113455636,75.94333511800795
2020-05-20,228.5609893798828,229.92259062251392,221.82253122984224,222.13062945274717,50162900,211.96898760114397,77.27866735682777
2020-05-21,229.97232055664065,235.7467214577281,229.78348222103028,233.28192015284407,47782600,214.99178423200334,82.15551758781021
2020-05-22,233.47071838378903,234.5441030818492,227.33852357525151,230.09154096427423,33925600,219.22426060267858,82.3619624191511
2020-05-26,230.77731323242188,239.42400551163468,230.25056174271424,238.30093930646683,33178300,222.82918221609933,76.90002852984532
2020-05-27,227.73605346679688,229.14735127506725,219.77513637621252,227.6664902443241,34697600,225.42177036830358,71.36653239385748
2020-05-28,224.07861328125,230.21080787219464,222.627552028334,222.92571696143165,29377200,227.16388593401228,64.41334533054616
2020-05-29,223.71087646484372,226.0961808336967,221.51442556325333,223.82020310464907,23241500,228.32955496651786,63.12319238467317
2020-06-01,230.4890899658203,231.01584144007373,222.1306144361789,223.21393236131905,18223800,228.60499790736608,67.17403668019978
2020-06-02,231.2941436767578,231.5724269250747,225.17188188318693,229.52505081304344,20919000,228.79382978166853,71.6417831522239
2020-06-03,228.74981689453125,231.22455099741487,227.1297990263184,230.68786624175905,15380300,228.11941528320312,75.15050847457627
2020-06-04,224.9035186767578,230.21081212101265,223.23381928507223,228.1534876934371,17041500,227.2803017752511,68.7379603709018
2020-06-05,229.35610961914065,229.93255786232572,223.92955558177775,225.3209870821455,16750400,227.51173836844308,68.9826312909884
2020-06-08,229.98220825195312,230.1312983025053,226.01666465122256,227.62673407315535,15466500,228.35510907854353,67.95500172420529
2020-06-09,237.2076873779297,238.30095383755332,228.99830115530935,230.10150088627515,27462900,230.2832249232701,70.06813051694016
2020-06-10,235.27957153320312,239.7321338799725,233.83845859076249,239.4836656083345,20720700,230.9675794328962,57.8349445977711
2020-06-11,223.05490112304688,231.46307303698552,222.18030323069024,228.53115083818196,26708200,229.79054478236608,43.557890596401684
2020-06-12,227.1794891357422,230.24061975482985,223.12448552988445,228.4913935923236,22091400,229.5662122453962,44.20860061478717
2020-06-15,231.07550048828125,232.3377235974476,223.4226804944176,223.7108970265956,15340300,230.4479239327567,50.26855063461612
2020-06-16,234.2061920166016,236.99898819111016,231.57243434446903,235.68706840818368,15236700,231.1407928466797,55.81770450741863
2020-06-17,234.08692932128903,236.1343054746445,230.31020851965968,233.56017779310733,19578100,231.72718157087053,59.61060285083556
2020-06-18,234.4944305419922,234.69320213647765,230.72764285743477,233.5502540942107,15782500,231.3395734514509,60.347132320881144
2020-06-19,237.3269500732422,239.35445968294985,234.10681094592996,236.3330769766051,30081300,231.6320561000279,57.0986344039964
2020-06-22,237.7543182373047,239.2252461421605,235.45847386028456,237.0983583680705,18917800,233.73197283063615,56.759552085914464
2020-06-23,240.75582885742188,243.6877515138592,238.39040599062625,239.80170399420928,24017900,235.67144993373327,62.4433441695022
2020-06-24,232.5861968994141,241.72982677127143,231.25439536372156,239.7221987784728,20834900,235.88726370675224,57.30764407681002
2020-06-25,234.2360076904297,235.8460924438175,231.31403348083,233.1825046184563,18704300,235.89152308872767,54.903113343360026
2020-06-26,214.756103515625,231.6618796640648,214.0802619145952,231.21463979744365,76343900,233.1299765450614,38.90501609112792
2020-06-29,219.28814697265625,219.397473613685,205.8410459526156,208.46487017200647,58514300,230.95765032087053,36.40886396098854
2020-06-30,225.67877197265625,226.10613012607803,217.1314572512208,219.23846336917,33927100,229.2936248779297,43.17990750138852
2020-07-01,236.09454345703125,237.5356563305796,226.1657463375132,227.0999894206587,43399700,229.0565141950335,59.50726679568998
2020-07-02,231.9898376464844,238.52952391361865,231.1848029297237,237.53565089731185,30633600,227.80422973632812,53.5082656814249
2020-07-06,238.8078155517578,238.92707546501737,230.8468978703986,232.3277590110355,26206200,228.69303240094865,55.40877738757584
2020-07-07,239.38427734375,246.13266907276656,237.35678287663416,237.9431643705456,27887800,229.42849949428015,53.75631354360951
2020-07-08,242.08761596679688,245.4767269397522,235.14043741061724,236.65112879666395,29791300,233.33300127301897,55.59416826258825
2020-07-09,243.00196838378903,245.01952952565335,237.7742014355312,243.4989049244512,22174900,236.72069004603796,55.90669800802688
2020-07-10,243.5684814453125,243.9859063164208,237.85371127167105,242.19693175074264,22982700,239.276362827846,54.47421505852921
2020-07-13,237.53565979003903,248.61733827060945,236.95921159916455,245.49657748918492,24674900,239.48223658970423,49.85491534264681
2020-07-14,238.2611846923828,238.85751459516547,230.6083651549353,235.30938048767743,23378100,240.37814331054688,48.29319799379329
2020-07-15,238.8078155517578,243.32000769720125,236.5914828936554,240.0700385731853,19133600,240.37814331054688,54.75248475670875
2020-07-16,239.4538116455078,240.27872804512876,234.88200500129943,236.5417710709108,18880700,240.38807678222656,54.04777969540503
2020-07-17,240.54710388183597,242.6640584263093,236.4026548970345,239.52341580758355,18152400,240.16800362723214,77.99349781466289
2020-07-20,243.91632080078125,244.5424656718132,234.196243637224,238.5891606747882,20872200,240.29862540108817,77.42361129517755
2020-07-21,240.2688140869141,245.397202755287,238.6090478838952,244.71142791221044,19364200,239.8272443498884,67.30313553540444
2020-07-22,238.4003448486328,240.41790610630596,236.6610668564801,238.78795476598623,15427900,239.95077078683036,53.429944585398275
2020-07-23,231.17486572265625,240.9346906906443,230.33006760706115,238.1617916950964,21771800,238.93843950544084,48.89069906935858
2020-07-24,229.2964630126953,232.05942893841245,225.5097938711942,228.77964476919945,18325800,237.57967485700334,35.04222394142596
2020-07-27,232.06936645507807,233.51047940214605,229.4157271252993,230.0418720247336,13163100,236.5247541155134,39.23975510841715
2020-07-28,228.71006774902344,233.52042496991143,228.4218512292707,233.19244503448957,14170100,234.83374895368303,30.694177320666384
2020-07-29,231.8606414794922,232.26813307725237,228.8989039816223,229.72382044831983,13588300,233.11150905064173,34.89624101210525
2020-07-30,233.063232421875,233.4508423084167,227.5969305953492,228.80945694100248,20615300,232.08214024135046,35.99998535886637
2020-07-31,252.11578369140625,254.2824349029998,247.47439820356885,254.25261992366916,53005100,234.04148864746094,64.42478715082066
2020-08-03,250.4162750244141,253.8351857779012,248.79625700508984,251.1020347302463,23124900,236.7902614048549,61.79821310825683
2020-08-04,248.2993011474609,251.2511052626704,245.91399677394983,250.018697244758,17183500,239.50495256696428,58.940270757541604
2020-08-05,247.5936279296875,250.72433686535123,246.25190852751555,248.65707928047144,13050100,241.7227042061942,57.65848929995697
2020-08-06,263.6546936035156,264.96661356816713,247.146458373464,247.51418662175163,45241600,246.7147936139788,66.96338058965368
2020-08-07,266.7952575683594,277.18124204537844,261.8159443747839,262.46195572723974,72766400,251.70545305524553,66.85209969865261
2020-08-10,261.3886108398437,272.1820575500566,258.09889348728063,266.3977394793041,30248800,255.7519356863839,65.16340039697863
2020-08-11,254.5607147216797,264.2907405867356,253.566841649924,258.59583696655983,28238300,256.1012115478515,60.83132849007384
2020-08-12,258.2977294921875,262.2831405380194,256.5286060172655,257.3833527709134,21415700,257.2271336146763,69.07061536262972
2020-08-13,259.6990051269531,263.5353707137143,257.97962423291574,259.9474733792103,17374000,258.85566275460377,71.52101756171012
2020-08-14,259.6393737792969,261.04073835417745,257.09506131628734,260.702825172593,14792700,260.5764835902622,70.29556389072113
2020-08-17,259.5599060058594,262.48189538649865,257.8106796200072,260.8916923385058,13351100,259.99151393345426,73.8622787920047
2020-08-18,260.732666015625,263.52544700661764,257.6715502060295,259.35119817535104,18690400,259.12542942592074,73.03730979664321
2020-08-19,260.9811096191406,266.2685213028287,259.74871679459574,259.7884802074964,23291500,259.0672149658203,72.62041465884904
2020-08-20,267.3617553710937,267.97795170890726,259.8579968665295,259.8977602746253,20299700,260.89593505859375,65.5451958256553
2020-08-21,265.3740539550781,268.8327127727281,264.7876724926673,267.04375340708833,15538600,261.9068385532924,65.16223872143061
2020-08-24,269.72723388671875,275.55131566637147,267.12326089938136,269.4091872168852,23685600,263.33944266183033,70.7788166603289
2020-08-25,279.09942626953125,281.355507085819,268.6041296982709,270.74095060611666,42127200,266.1194501604353,76.15523060529492
2020-08-26,302.0479736328125,302.8033268850319,282.25995682291443,282.25995682291443,69015200,272.18917410714283,78.60219546974072
2020-08-27,291.42340087890625,299.3843321839119,290.230741316075,298.3208809456232,30301300,276.5735648018973,66.50680386763388
2020-08-28,291.8607482910156,295.40888217393206,289.1971759351835,293.1925344689317,17157400,280.9849417550223,71.8812591545272
2020-08-31,291.4035949707031,295.0610405728244,289.76368014795844,292.1489997699148,17345100,284.4194902692522,79.12023316110297
2020-09-01,293.6298522949219,299.6427720327892,290.9165679865858,292.9043140593483,17295900,288.4560328892299,78.6093880736208
2020-09-02,300.6465759277344,301.73984226995447,291.25446415081126,297.0487605992797,24341400,292.87308175223217,80.39248818974693
2020-09-03,289.3363037109375,295.7766116878448,281.8922046260474,294.1764603814889,32294100,294.3354928152902,68.88750866146626
2020-09-04,280.9977111816406,287.22928368372294,269.4787272853455,285.49000601435785,30333700,291.3283124651228,62.33839182210983
2020-09-08,269.4986267089844,277.5887377691432,267.7692972639404,269.6178866251116,24864000,288.19620186941967,54.50920591145008
2020-09-09,272.0428771972656,276.77372166004784,269.6874034001451,274.0803044036495,22918800,285.36507742745533,55.55887154012113
2020-09-10,266.44744873046875,277.4496317632446,265.39394561955123,273.82200083749274,24814700,281.79991367885043,49.53687844945176
2020-09-11,264.9764709472656,269.72721309385213,261.030824180544,268.4053449938947,18913900,277.7065734863281,49.79755348640619
2020-09-14,264.5193176269531,274.9450669969811,264.072092933478,269.2899266715529,24093800,272.54553658621654,47.238602254063544
2020-09-15,270.7509155273437,272.83802471335247,267.65000606605827,269.01163765193706,18478500,269.8904811314174,45.42085472557666
2020-09-16,261.90545654296875,270.770818893295,260.1860753067511,265.65237794427736,29183400,267.1630161830357,23.9519924085144
2020-09-17,253.25872802734372,259.89779246370813,248.6570911319741,256.6975201539904,31281400,264.84303065708707,24.58298849976663
2020-09-18,250.9827423095703,257.6118884285528,248.51794156659892,256.81677184656445,28130800,261.8344399588449,23.426735532148484
2020-09-21,246.62960815429688,248.41858279967508,242.63424913913585,246.02334494573265,24709400,259.0033198765346,22.297317710182142
2020-09-22,253.18917846679688,253.755693427107,246.6991881770251,251.7579987410664,30293100,257.31942095075334,26.251868259481057
2020-09-23,247.4942779541016,256.40930550535546,246.6295980644518,253.696036250626,19641300,254.88727242606026,18.29497146866082
2020-09-24,248.00115966796875,250.6945625094503,244.11511210954757,244.98972531244345,20006800,251.6373073032924,21.695913129500326
2020-09-25,253.25872802734372,254.18302264854057,245.0990239315644,247.87192296045345,18351300,250.40206037248885,30.169080249520817
2020-09-28,255.2465057373047,258.00947183859324,253.2587594678712,257.8106850794095,18826300,250.68602861676897,38.2072390308398
2020-09-29,260.18603515625,261.716577820538,255.32598136617335,256.23040948448823,20200200,252.00078473772322,40.56324912293654
2020-09-30,260.2953491210937,264.4497312448908,258.5063897400192,260.37487595126527,20142500,253.9530334472656,44.635100502713094
2020-10-01,264.9964294433594,266.685995769633,263.1776244111123,263.72427289685737,20009800,255.6397835867745,50.01647646510794
2020-10-02,258.3473205566406,263.52538980300767,257.5919674570716,259.60952820354737,16367600,257.1902182442801,45.37737932030716
2020-10-05,263.0284729003906,263.24712616489967,259.2418193477625,260.59350234579904,12822300,259.33697727748324,44.0786253089985
2020-10-06,257.0751647949219,264.062089982848,256.6577248365897,260.1760433519256,18696900,259.8821825299944,46.124359197873424
2020-10-07,256.5384826660156,258.5858585298553,253.2587140419684,257.62180054887483,23133400,260.0667506626674,53.02526936385206
2020-10-08,262.1439819335937,262.9986982518995,257.5622111117492,258.15854104553944,16312800,260.3464573451451,59.6994361975544
2020-10-09,262.8297119140625,263.12786166473063,260.5636828171991,262.8992599688216,14107800,260.70850917271207,65.03682406594342
2020-10-12,274.0604858398437,278.4633360483353,266.22876157292103,268.5445026995129,31019300,262.0033743722098,67.82674631011314
2020-10-13,274.4480895996094,277.38994502433513,271.7149390007735,275.8792387363067,18063300,264.30348423549106,75.31729658749765
2020-10-14,270.15460205078125,277.0421355769924,269.8365553691603,275.91905408480653,15577800,265.3215026855469,69.4264996633458
2020-10-15,265.0858154296875,267.39160813562887,262.0545148243733,265.9604285478444,15416100,266.46588134765625,60.405702932015906
2020-10-16,264.3006591796875,269.7073311264496,263.6745142904317,265.74178726862857,16622700,267.5747637067522,58.138241187628324
2020-10-19,259.7984619140625,266.9046495972083,258.2877854905787,263.9031632962559,13587000,267.2396894182478,49.6488729096879
2020-10-20,265.920654296875,268.0475570503136,261.2693359914329,261.4482258499661,18763200,267.6812526157924,54.595630398924605
2020-10-21,277.02227783203125,281.31578684787894,274.6767213938293,277.84717921242225,28998600,268.10436575753346,58.894423816993765
2020-10-22,276.4159545898437,280.7194416756075,273.3548390877455,278.15523234413973,16720000,268.385489327567,64.67550558567127
2020-10-23,283.0451354980469,283.49236020552047,275.12396548594063,277.0918148600258,17535200,270.2269941057478,65.75903102667499
2020-10-26,275.41217041015625,283.48244575956204,272.5796562344466,281.4251210868162,21322900,271.70218767438615,64.06466590546168
2020-10-27,281.5543212890625,282.76684769418074,274.6170760754383,277.05207732254803,16287200,274.16699654715404,67.66813218741362
2020-10-28,266.030029296875,277.0818934520101,265.62253768118745,277.0818934520101,23121800,275.0572204589844,52.4073403292365
2020-10-29,279.1093444824219,281.8623921359414,272.1025518833764,274.85556920629864,32368100,276.94131905691967,58.74252146662344
2020-10-30,261.4979248046875,275.0046863059532,257.51251448104284,272.8181534538649,47247800,274.7235543387277,43.68631095896298
2020-11-02,259.7586669921875,268.81286698865034,255.76330792408064,262.9788365618417,27165700,272.3439418247768,42.71635104989876
2020-11-03,263.67449951171875,268.3953963466558,259.2815977578172,261.54762702536306,17961900,269.5767081124442,46.77480698053645
2020-11-04,285.61920166015625,287.16964097293663,276.9128652648553,279.2782876429828,35364400,271.0348554338728,58.749778276911194
2020-11-05,292.87451171875,295.55798116500785,287.17963838613963,290.1115457716146,23823600,272.6520254952567,61.539697798811886
2020-11-06,291.6123046875,292.79501608176406,286.2950776316188,292.149004644455,13891000,276.30663626534596,63.19345377008614
2020-11-09,277.0619812011719,290.7873656928995,276.823461373266,288.0939782007998,25117700,276.01415579659596,54.31851437399231
2020-11-10,270.7608337402344,272.3212217427024,262.3824910221658,271.42674204397395,29067700,277.3374285016741,47.47917671576319
2020-11-11,274.7860107421875,276.69422986693684,270.81051884659763,271.79444338496535,14957000,279.48419189453125,49.36137374116137
2020-11-12,273.3945617675781,278.0359618579069,272.7485504066816,275.4817010594403,12899500,280.8727722167969,46.05698451023217
2020-11-13,275.2531433105469,276.05817802529583,271.42672614120846,276.0184146121756,10391200,279.39190673828125,49.93180724285337
2020-11-16,277.2508544921875,277.69810955654475,272.9473969575121,273.36480670901653,12970400,277.1599557059152,48.08661209199936
2020-11-17,273.3150634765625,275.97863572491843,271.61554921078414,275.97863572491843,15040300,274.5460641043527,53.61116405718175
2020-11-18,270.3036499023437,275.69045508475585,270.17444155520394,272.8380140033555,12152900,273.58058820452004,45.15106651497555
2020-11-19,271.26776123046875,271.7945128279947,267.5407366261049,269.35951128756875,12963700,273.6530064174107,56.587619133064386
2020-11-20,268.0475769042969,271.3273458760536,267.75934522380226,270.8900393024062,18114700,272.6903730119978,55.47962312371865
2020-11-23,266.78533935546875,269.289918888945,262.9092404710399,269.2302889315383,20990800,271.74619838169644,52.13128601416731
2020-11-24,275.22332763671875,276.117807280776,266.2287586860281,266.8449551001431,16930400,271.74193899972096,41.26009835634885
2020-11-25,273.9014587402344,278.4633322090346,270.97946966914446,276.43585310996593,12467000,271.2634538922991,32.28148574587969
2020-11-27,276.1078796386719,277.4197993917423,273.136208816856,275.690469927622,7808400,271.6624276297433,35.77168558457892
2020-11-30,275.2730712890625,275.99860967009886,269.34959529720373,274.33882802111043,16693300,272.3723449707031,47.80603556363991
2020-12-01,284.7943115234375,287.5274624222444,277.2508186824023,277.4496054254641,20738900,274.3047092982701,65.95112773348148
2020-12-02,285.75836181640625,289.992270617401,279.1093488390404,283.6115924383215,17361600,276.83482142857144,63.40450249193956
2020-12-03,280.1231384277344,284.8937171606204,279.3479186253754,284.4961739879799,12921700,278.74022129603793,57.44779027472258
2020-12-04,277.9862976074219,281.72323956175984,277.5887241323964,278.5825971587646,10880300,279.1349312918527,53.0067776716878
2020-12-07,283.83026123046875,286.7224355369099,276.4955033677059,277.47942801246444,13007700,280.55333164760043,56.67334845505825
2020-12-08,281.66357421875,284.6750078970688,279.8249032848577,284.2575982635717,10747700,281.3470023018973,58.782906522936784
2020-12-09,276.2172546386719,285.8677549722293,270.0850436148131,281.9220771328753,25189700,281.4818856375558,55.91810905883573
2020-12-10,275.42205810546875,277.0222092749059,270.1942768524752,273.8517522409338,20065100,280.1429922921317,54.171564667710214
2020-12-11,271.8739624023437,274.7860335083833,268.59419344898964,272.84796891647494,14391400,278.15950666155135,53.817152480907026
2020-12-14,272.51007080078125,275.5215051146524,269.896179665291,271.6950875702101,16376900,277.0719255719866,55.78316313632736
2020-12-15,273.8616943359375,274.38844581524904,265.8312138027472,273.1461045592693,23979500,276.4826965332031,48.39462018940158
2020-12-16,273.98101806640625,276.15757230880143,270.840375347697,273.0765898818216,15885000,275.0756617954799,50.096538750661914
2020-12-17,272.7983093261719,278.721784724986,271.9336142200269,275.3724371090971,16377800,273.8091953822545,45.88179449984432
2020-12-18,274.7065124511719,276.2967154406914,269.478760690303,274.0803675596874,26693200,273.5933750697545,49.3133549775384
2020-12-21,271.1186218261719,272.98710790296553,266.149256868996,271.3074601209923,16553700,272.97859845842635,30.641528408840614
2020-12-22,265.4535522460937,269.8365360851599,263.008633008387,269.8365360851599,17312900,272.06139700753346,24.633734965481835
2020-12-23,266.4672546386719,270.50240660734937,264.59879902245075,265.2547587908389,14329000,271.19813755580356,30.712972956198342
2020-12-24,265.7616577148437,268.743276979402,264.5690282073802,267.23260080437507,6702000,270.0409894670759,32.00697123914681
2020-12-28,275.3028564453125,275.6010062514606,264.03233881390213,267.0934547025589,23299700,270.22982352120533,38.68075404927192
2020-12-29,275.08416748046875,278.7913246861644,274.5872309809137,275.2531392357801,16383000,270.5563746861049,40.79023361675378
2020-12-30,270.2042236328125,276.37616592148805,270.0452003272799,276.2469879206749,11803800,269.91319056919644,41.44742839036214
2020-12-31,271.4864196777344,275.39233425748137,268.15693823554267,270.33352307201943,12900400,269.96573311941967,44.47867600908674
2021-01-04,267.292236328125,273.3151049414783,263.575160606713,273.0964516443011,15106100,270.2284022739955,43.6867238447346
2021-01-05,269.30975341796875,270.73098445154903,266.566654380942,266.64618120176334,9871600,270.6344735281808,45.75192416754438
2021-01-06,261.6966552734375,266.10945311284866,258.4168870311742,260.39468427849243,24354100,270.0537588936942,36.15385042890614
2021-01-07,267.09344482421875,269.94585574307666,263.1577158756211,264.270848884873,15789800,268.88098580496654,43.001399149594924
2021-01-08,265.9305725097656,267.3021219305044,261.567456028737,266.6660287316602,18528300,267.57332938058033,43.01874102687876
2021-01-11,255.26632690429688,261.85570946902254,254.33208389728804,258.8840390302622,30412300,265.43934413364957,33.22473133910162
2021-01-12,249.5515899658203,258.1287195660793,248.7664368992224,255.0576553645749,26383500,262.3057970319475,32.04836899188345
2021-01-13,250.0982360839844,252.39408060855868,247.6731831984477,250.00879114114915,19528900,259.8495112827846,36.0282798192652
2021-01-14,244.1349639892578,253.46743088612743,243.11127600880903,251.8474130374199,29739400,256.25311279296875,31.358995697805597
2021-01-15,249.8199157714844,252.30459825044755,245.64565223988592,246.38110854786808,24942900,254.55643572126115,37.71450503974847
2021-01-19,259.500244140625,260.5935104973684,251.17158361915676,255.3259654441852,28028500,253.47169276646204,37.84778447711822
2021-01-20,265.8411560058594,268.6637516335971,261.98492398481324,267.28225363065064,25199900,253.45891898018974,43.50380130844113
2021-01-21,271.1981506347656,271.92368892398,265.85110845081954,267.610283266857,20838700,255.73489379882812,50.69390144805509
2021-01-22,272.81817626953125,276.7638538390032,270.33349342554646,270.3434418627148,21954000,259.0586918422154,50.925389111288005
2021-01-25,276.30670166015625,278.38389303571574,269.84652577546376,276.43591003074664,19087000,262.8027583530971,56.325859299710885
2021-01-26,280.3218688964844,283.6414314237365,276.1078570615494,276.43585213829687,19373600,267.9723161969866,57.51694956564199
2021-01-27,270.47265625,281.7133592601974,266.47726673626494,280.798982607773,35346200,270.9227076939174,55.81310072197817
2021-01-28,263.3764038085937,285.03290980678264,263.07825397425944,275.4817723722249,37758800,271.47644478934154,47.59209543051669
2021-01-29,256.7472839355469,264.9268723586212,253.28862415951517,263.67458225730934,30389500,270.1773202078683,44.44449777867052
2021-02-01,260.4046630859375,262.55143231204124,253.34815902737895,257.9298987989953,22914300,268.63539341517856,53.396415118165386
2021-02-02,265.4435729980469,267.2027475235563,261.6569195012926,262.3824576706842,17320800,267.5818786621094,60.599220489456414
2021-02-03,265.0162353515625,267.5506297569906,262.22345458512194,263.9925473517348,14223400,265.96895490373885,59.96547790292223
2021-02-04,264.8572082519531,266.5169895211257,262.38247416730263,265.3740416278043,16060000,263.7597176688058,65.00651840922968
2021-02-05,266.4573974609375,267.5208490103022,264.0422929868712,265.1653441681594,12454400,263.1861092703683,62.80606542643975
2021-02-08,264.9466552734375,268.2065575528612,263.3763492535397,267.1033730637312,13755200,263.4104309082031,54.79523754250659
2021-02-09,267.7991638183594,271.7150269152227,264.1218205996871,264.8075955800914,14613400,264.98927089146207,51.83673235694901
2021-02-10,270.2042236328125,272.1223910729219,266.07965711565373,270.7806869066925,14687200,266.3892081124442,49.01297147439375
2021-02-11,268.7333068847656,271.9037335185838,266.8449241180548,270.22411622863603,12828600,266.85917009626115,45.93143319158767
2021-02-12,268.8427124023437,269.5185389286682,266.695942556427,268.8625789481988,9097600,267.4058096749442,42.02926794930115
2021-02-16,272.2914123535156,274.90530343957204,268.3954164856225,269.14082130496485,15417200,268.4678388323103,41.319318904568
2021-02-17,271.89385986328125,272.2914030205178,267.9282857354953,269.57811865209567,12763200,269.2444763183594,51.93082048883714
2021-02-18,267.7394714355469,270.28378397849195,264.4000422663077,267.9183613024888,15249100,269.64345005580356,56.44256983592679
2021-02-19,259.9574584960937,268.6140851336497,258.5560937159537,268.2065935027777,25622600,268.52320643833707,54.58411303332996
2021-02-22,258.7349853515625,261.4582184237648,255.9521526470511,256.3695927180286,17434900,266.8847438267299,47.43751147480788
2021-02-23,264.2310791015625,265.82128207528933,253.39788389990903,257.91006095251214,21924600,266.2415684291295,48.164912608067894
2021-02-24,262.6905822753906,264.7479067592774,256.8068708301413,260.7227027259426,15736100,265.3626926967076,46.594901042257774
2021-02-25,253.12954711914065,265.304492827592,252.48352049257323,260.6929069964781,19053100,262.62528337751115,36.53589312016417
2021-02-26,256.0415344238281,263.92293932701955,254.8985866425429,254.8985866425429,26619500,260.3606654575893,38.39157380909784
2021-03-01,263.28692626953125,265.016255755827,256.31986614044337,259.22198893469823,22157300,259.7245875767299,48.35988747861877
2021-03-02,257.41314697265625,265.07590050000744,257.0652853025188,264.15160574582063,15191700,259.3611145019531,40.31503753279031
2021-03-03,253.8451385498047,259.3909372430176,253.53704030743737,258.6952442537303,15513500,258.6625649588449,35.06898901985927
2021-03-04,256.0614929199219,264.8572460327769,251.94684352030976,254.8986479889789,31626500,257.4954812186105,38.58964205611225
2021-03-05,262.6607971191406,263.82364206006804,254.043918654651,259.07292957559,26820100,257.49122619628906,45.01599750417288
2021-03-08,253.7457275390625,263.9527929067016,253.4873260039714,263.92297792824104,18391800,257.57925197056363,36.25918797601788
2021-03-09,264.1117858886719,266.884699889286,258.2181266222363,259.57972769981603,22039700,258.7321450369699,44.97622501834148
2021-03-10,263.2769775390625,267.3220483264212,261.25941636376814,266.99408354961366,14210300,258.73072378976,46.990205772633296
2021-03-11,272.20196533203125,276.19732421411857,266.179096864279,266.4672982208543,21834000,260.84341212681363,58.133091222509705
2021-03-12,266.7554931640625,268.08727927464605,262.4023247991397,267.49097977035143,20600200,262.68774850027904,55.04435421801724
2021-03-15,272.0727233886719,274.2691741424575,266.8548903373823,267.4313233099673,16844800,264.9750671386719,54.94298223677377
2021-03-16,277.56890869140625,280.411401842034,273.1163457945433,274.38850228927515,22437700,267.10479736328125,58.93306972636425
2021-03-17,282.2698974609375,284.47629686724065,273.7225830792857,274.02073286502986,21315000,271.179678780692,68.58046681994864
2021-03-18,276.91290283203125,283.44265601436086,276.5749896365409,278.1552441377744,18728300,273.00840977260043,62.90560650102616
2021-03-19,288.3324890136719,291.00600988005505,279.47710704295326,279.49697358445803,38930500,276.5877685546875,64.72647673351148
2021-03-22,291.7414855957031,297.8736649508509,284.99307950985985,288.67042170029026,28273100,279.3791285923549,70.78715284245634
2021-03-23,288.849365234375,296.17420566934123,288.0343819528531,291.3539147122936,23000900,282.53539603097096,71.37136555233656
2021-03-24,280.4113464355469,289.9326365542519,279.4373399638299,289.217046771696,18675000,283.7266278948103,63.81680203587157
2021-03-25,277.0321350097656,286.2950381373864,276.04821049991284,279.2584310315814,24505600,283.6499459402902,58.46401159496976
2021-03-26,281.28594970703125,282.75689279241885,276.06811600875284,276.59486753078363,17629200,283.50938197544644,67.16212351035847
2021-03-29,289.0381774902344,291.3837034091537,282.9556790706915,284.0191002190289,21718800,285.24156406947543,66.05634112913435
2021-03-30,286.2354431152344,290.6780569351427,284.94342026118994,288.05421748123223,17474500,284.9419860839844,64.42303673593966
2021-03-31,292.7254333496094,294.6833645057552,286.8416914447055,288.2132411307141,19498200,285.0825500488281,63.300228106863344
2021-04-01,296.8301086425781,300.5471838919566,294.7827327247348,296.5716919612942,17616000,286.22265625,69.83479407929933
2021-04-05,307.017333984375,308.86592333763963,298.8377476915064,299.0464828744356,28237000,290.0235116141183,71.65555960274044
2021-04-06,304.3835754394531,309.4423857147043,303.37975393521896,306.9477546088229,17335200,293.9308602469308,67.22857141736702
2021-04-07,311.17169189453125,312.3245882066602,303.6281995135551,304.4630491884216,22855200,298.2002519880022,68.08453839126676
2021-04-08,311.1021728515625,313.9446659271109,308.1503682845635,312.92097776175314,20894100,301.3522513253348,72.90892003265242
2021-04-09,310.5455627441406,312.8115920705688,308.42860830814885,309.492059744259,15988600,304.8251255580357,67.4201006131563
2021-04-12,309.6312255859375,310.2374736016447,306.0433280212961,309.1442071554687,10881900,307.24023873465404,64.60092306389465
2021-04-13,307.8621520996094,312.5035226563734,307.4248454936246,310.2971230827597,14036900,308.81624494280135,65.80728644682324
2021-04-14,300.96466064453125,306.14273102400807,300.0999958969131,305.41719273904334,17421400,307.95157732282365,67.53732101147557
2021-04-15,305.9340515136719,308.23984458543947,302.2368420470799,304.4631082787989,14558300,308.1730739048549,74.00931514517268
2021-04-16,304.3040466308594,307.057094422256,302.74365864526766,306.28187464766245,13059200,307.19198172433033,69.99308167598387
2021-04-19,300.38818359375,305.8147523329705,298.71848413426613,303.1412313782809,14553500,305.66141183035717,60.562313094795186
2021-04-20,300.795654296875,303.2306552541238,295.3889828059148,300.13969448393533,16796400,304.26856776646207,64.1819704808938
2021-04-21,299.6229248046875,300.129809791707,295.5679359003317,300.0999948119176,14863500,302.8388105119978,57.49462317813114
2021-04-22,294.7032470703125,301.0640593124394,294.2262073835734,299.4837743583143,16375400,300.95896693638394,47.72922915714987
2021-04-23,299.2850036621094,300.7360498577541,295.32937790810325,296.9295293293451,17536800,300.7190159388951,40.62197652357303
2021-04-26,301.18328857421875,303.92635748553096,299.7123455851111,301.4814383480796,16172600,300.0403355189732,46.04808458328278
2021-04-27,301.7100830078125,303.4692275851868,299.2651331917443,302.41572446012395,15309300,299.6697692871094,36.17895964394231
2021-04-28,305.2184753417969,309.01507836400435,303.499063732949,305.4768617570763,33907200,300.3598109654018,42.190033063247945
2021-04-29,327.4910888671875,329.77698454372955,319.6394682160306,328.0973368143085,56526800,304.17344447544644,64.26778272780952
2021-04-30,323.08819580078125,327.79917407094416,322.511762852085,324.1417290011476,26332400,307.525626046317,60.70180428734242
2021-05-03,320.6035461425781,326.5369692980911,319.86808981197174,324.1715769830547,18719500,311.22566877092635,60.018707538494915
2021-05-04,316.4093933105469,320.2159438807395,311.20150850309886,318.05922612807666,24032600,313.67201014927457,62.68359640694131
2021-05-05,313.0898742675781,319.0928759241575,312.5631227693904,316.2404651511072,15577600,315.3729509626116,56.0402183197785
2021-05-06,318.0592041015625,318.2778573593601,311.3505618248645,312.592902987216,19012200,317.7085396902902,60.991090157230516
2021-05-07,317.125,320.96136575158243,316.797035238393,320.40479926906244,15916700,319.4094717843192,64.04272796080966
2021-05-10,304.09539794921875,312.65263202894715,302.9623678913652,312.4240605942115,24239200,316.0672302246094,52.28467904702983
2021-05-11,304.6518859863281,304.9599841863504,297.85379838388656,298.9073013253687,18920100,313.4334716796875,53.51192493185601
2021-05-12,300.6963195800781,303.0915575923391,296.3630470580676,299.2850366444372,24645500,310.58958217075894,54.242327751093846
2021-05-13,303.3896789550781,306.9675974583969,300.9149145825468,304.20463175648933,18079200,308.7296229771205,52.98539862136564
2021-05-14,314.0042724609375,314.90870062973335,307.1862871617841,307.64349062992284,19245700,308.8602512904576,58.27564334903951
2021-05-17,313.5272216796875,313.7458749902865,309.6709889276333,311.6289202855329,15401300,308.2128252301897,57.632586285061
2021-05-18,308.06085205078125,314.560789656632,307.91177717393515,313.6563616296381,14522400,306.9179469517299,51.7905774703179
2021-05-19,311.66864013671875,312.7320915591814,301.7100432855901,302.32623971188497,19106200,307.99983869280135,36.967876533279714
2021-05-20,316.6578674316406,317.2939607212957,311.2412776865972,311.65868736866054,17320200,309.71497889927457,44.754340865150745
2021-05-21,314.2925109863281,317.96982337092635,313.87507092604136,317.3337603393,13600900,311.6572919573103,44.841616679238356
2021-05-24,322.6409912109375,323.9529108273801,316.0814234593206,316.2603133168547,16445400,314.407479422433,54.76954713862675
2021-05-25,325.7816467285156,327.1631144586884,322.809945764695,325.07597504409733,16437000,316.08996146065846,59.74071235710418
2021-05-26,325.6524353027344,327.8091227572899,323.82371259723107,326.3382101086228,9686900,317.8221348353795,56.29538132074603
2021-05-27,330.7112731933594,331.73496127056114,324.75798304512216,325.990375980231,20477700,321.0579092843192,60.54301394336358
2021-05-28,326.7159423828125,330.8305615887233,326.3183688451108,328.9720235893176,12037400,323.20752389090404,70.41627462689198
2021-06-01,327.1134338378906,329.38941155956394,324.63869970941386,328.1271734052021,11765900,324.70117623465404,70.33112312038902
2021-06-02,327.1332702636719,329.83660585823253,325.11570942023616,328.3557448918935,11654300,326.5355704171317,75.76520597031971
2021-06-03,324.0423583984375,325.37414456637805,321.49804596855154,323.78394171505016,12610800,326.7357657296317,69.97313686034768
2021-06-04,328.32598876953125,330.4230464781481,323.1876514326137,323.9032412868138,13289400,327.0992431640625,65.78318277515824
2021-06-07,334.51776123046875,335.62097603315726,326.9146388412258,327.4612871899695,20136700,328.36571829659596,70.54475940141582
2021-06-08,331.6355895996094,336.227278757684,330.2044098190924,334.637105962089,14580500,328.49776349748885,74.30350141668727
2021-06-09,328.2265625,334.7364186020533,327.97809424678275,333.6829156348599,13727900,328.7135663713728,67.14001761482173
2021-06-10,330.42303466796875,331.8939777408604,326.53698729744895,328.7632836146092,13240200,329.18636648995533,65.12350418609954
2021-06-11,329.2304077148437,330.79076540643126,326.91466644255866,330.54229713527786,13587900,329.48595755440846,66.84606526493005
2021-06-14,334.7066345214844,334.7563463750751,327.7892862059463,329.8664773549154,12250800,331.0094255719866,64.5494697501065
2021-06-15,334.6867370605469,337.8373278565871,332.9772742653062,334.92525687782785,15795200,331.91810389927457,61.61227215350058
2021-06-16,329.0514831542969,335.4818431398824,326.7059572643333,334.63707529361864,17232200,331.13720703125,53.87581253566804
2021-06-17,334.4482727050781,335.90926748939654,328.12722352353234,328.4651367642492,17794100,331.5390189034598,54.22857671689455
2021-06-18,327.6402282714844,334.0904553486211,326.9842683488024,332.48038568867526,23039500,331.4552568708147,50.98327966802177
2021-06-21,330.2540588378906,330.880203664055,325.6424736824297,329.0613991375208,11337500,331.43111746651783,53.190622585609695
2021-06-22,336.9527587890625,337.8373203093807,330.56216273886344,330.6516076683456,15345300,332.5343104771205,58.78381440276394
2021-06-23,338.5032043457031,341.31588194506173,336.1278636271558,337.2708115208801,14817800,333.07667759486606,63.30224956361259
2021-06-24,341.0773620605469,342.78682500016697,339.69589422798754,339.75552418734407,12329100,333.9896240234375,62.110620636084576
2021-06-25,339.2784118652344,342.01156254038114,337.5987641147874,340.4909381052506,14594400,335.4506138392857,54.93305151153501
2021-06-28,353.4610290527344,355.9457116987672,339.6759842548413,340.36175909159425,29156100,338.1667218889509,68.32437069355149
2021-06-29,349.7340087890625,354.5542689089571,346.91138258233707,354.08714735332995,21417300,341.3229762486049,67.9614792945856
2021-06-30,345.57958984375,350.75769027409115,345.0429202345932,350.0122854863306,15107500,343.5123378208705,62.25683757055731
2021-07-01,352.2186889648437,352.4969722089514,344.3770159477784,344.6950626069295,17137000,345.6931849888393,67.08519280266293
2021-07-02,352.5267944335937,354.2561238910508,350.4595214372181,352.9243376004046,11521300,347.6965550013951,64.34626139913212
2021-07-06,350.6184997558594,356.5916859195676,347.04055105271806,354.31570836067283,13488500,349.05957467215404,62.447520567359675
2021-07-07,348.3425598144531,354.3057981867932,347.855571719837,353.0833537320467,14218900,350.35445295061385,65.9071715517476
2021-07-08,343.5322265625,346.19579915714627,340.46116236238475,343.61175339462056,14406500,348.93605259486606,57.56366388052755
2021-07-09,348.27301025390625,348.5612116026324,343.15453974184305,343.2042515930914,13018700,348.7273385184152,67.79218906334133
2021-07-12,350.9961853027344,352.0198732590455,347.497763331688,349.0780177304247,10018600,349.50113786969865,67.85281262476627
2021-07-13,349.9327087402344,356.2934892889907,346.66285837845874,349.34632736384685,11456000,349.174569266183,62.37203335844625
2021-07-14,345.5001220703125,353.0237489663062,344.60564231675176,352.38765560251124,13894200,348.17075892857144,56.32187330941073
2021-07-15,342.3494873046875,347.0902809569737,338.13547546318614,347.0902809569737,14781600,346.9894714355469,51.13754388760843
2021-07-16,339.0697631835937,343.870157091609,338.05602350249643,342.79678744871774,11026100,345.664786202567,49.81823827507932
2021-07-19,334.8855285644531,337.7081243213313,332.4902909298218,335.5017249882691,14372300,344.4295436314174,30.404691938611734
2021-07-20,339.5666809082031,341.3457222179304,332.45054599989373,336.7241881211653,11024300,343.185782296317,39.48612626759579
2021-07-21,344.1086730957031,344.3968744388851,339.1591744441404,339.4076427038064,9279700,342.2018519810268,48.49104343693589
2021-07-22,349.0382995605469,349.38616121480135,343.0949274499766,344.55592213336524,12385400,342.07407924107144,46.6187695520223
2021-07-23,367.52435302734375,373.0303883263961,355.00154553030825,358.69875478504065,33694300,345.22039794921875,61.49978284636011
2021-07-26,370.1779479980469,372.1458275575913,365.9639359685642,367.3155887589272,14925200,349.1958923339844,64.82825411191592
2021-07-27,365.5564575195313,370.8637361617753,362.3164215517457,369.6313432403058,15705400,352.9797058105469,62.601892657651895
2021-07-28,370.992919921875,375.2367468008852,364.6818201748514,372.2650761750381,29676900,358.13790457589283,69.92070962845814
2021-07-29,356.1246337890625,363.2805022586799,354.5542972295638,358.7882065472434,33413200,360.5033264160156,54.96608235355885
2021-07-30,354.1169738769531,358.51985476716715,350.77757481512225,351.8310778760998,15976200,361.9330836704799,51.99190010230056
2021-08-02,349.7936096191406,357.19794516784174,348.59100146783044,355.9059224180432,13180400,362.0409851074219,49.91476441842705
2021-08-03,349.0879821777344,351.6024799380479,345.5696931990382,350.56887373952713,12406100,359.407217843192,52.30375276145822
2021-08-04,356.7209167480469,358.2713562287317,349.3563140494954,350.2607421349944,14180600,357.4847848074777,58.72558890679585
2021-08-05,360.7461242675781,361.670418981348,354.7133072052219,357.436540153828,10247200,356.79759434291293,63.04269825501439
2021-08-06,361.2828063964844,362.9127424459059,359.1857184641995,359.1857184641995,8925000,355.41043526785717,66.6124815723306
2021-08-09,359.3944396972656,363.53890389930814,358.5397233838536,361.531291141996,7798900,355.87755039760043,62.93271887346194
2021-08-10,358.9173278808594,361.8691316288852,356.8401371441885,359.6130207176414,7469900,356.56331525530135,60.19985622459234
2021-08-11,357.7545471191406,360.13983645658806,355.6177260528981,359.88145007934264,8400300,357.7005920410156,56.332124021960944
2021-08-12,360.4280700683594,360.7759317160237,354.9220046564891,356.25382128818666,7170700,359.3206045968192,43.307046725840785
2021-08-13,360.9547729492188,362.42571584339225,359.2652071220556,360.7460681209859,7195700,359.9254411969866,40.937449585861955
2021-08-16,364.3140869140625,364.701711945367,355.19033999178566,360.2988314743771,11222100,360.4351501464844,48.748216569910404
2021-08-17,356.2538146972656,362.4357064167093,352.8945188618902,360.7560584990216,12328700,359.7167227608817,35.89500816853645
2021-08-18,353.272216796875,357.6551706167664,352.9740366590029,354.06730316999887,10042400,358.8421194893973,46.466382469071206
2021-08-19,352.94415283203125,355.37915366197166,348.8494011810351,349.1972627753973,12004500,357.98880876813615,48.48400455378508
2021-08-20,357.16815185546875,357.7843482913817,351.1452836203347,352.42738834284296,8697700,357.905038016183,59.556926932017994
2021-08-23,361.123779296875,363.44943859750856,356.8998188283716,357.23773202618,10942000,358.0044250488281,64.38581017642076
2021-08-24,363.27056884765625,365.7055397601209,359.6230412014873,361.4318975345869,9235100,358.3352530343192,59.01013193259036
2021-08-25,366.1329040527344,368.5877413460941,363.1612030359864,363.3599897763823,9684500,358.5950840541295,57.655336799429605
2021-08-26,362.1474914550781,367.1764870038402,361.89902317567055,366.1229839255999,7888700,359.4370378766741,51.11913357400723
2021-08-27,370.346923828125,371.4501083679066,361.84929095236936,362.8630608868701,11219100,361.87628173828125,62.18487109651651
2021-08-30,378.3277282714844,379.1526295780577,368.24984073489895,370.2773502999432,13547300,365.5025068010603,68.50489825273542
2021-08-31,377.0555725097656,380.4148683602898,376.47910914042166,377.62208744255565,12345400,368.34356689453125,68.36233186772859
2021-09-01,379.7091369628906,381.9751660073213,376.4889984078035,377.26421807219833,11567200,370.99861798967635,68.35031269205612
2021-09-02,372.980712890625,379.41107335627896,371.7681864396939,379.1626050698636,14832900,372.38578142438615,60.23696953323077
2021-09-03,373.9547119140625,374.84919166091066,370.82398730419294,372.4539537887346,7509600,373.503182547433,58.55386075065067
2021-09-07,379.83837890625,380.613598639242,370.8637068575138,373.57699108828416,10793800,376.0304521833147,71.76666751162523
2021-09-08,375.2566223144531,378.53639096356886,372.4936566876272,377.8307496516626,11067200,376.7318376813616,69.70775342800036
2021-09-09,375.68402099609375,377.50279537132553,374.2627897833095,375.32624124907073,9098900,376.35416521344865,70.34874194668922
2021-09-10,376.3698120117188,381.4385709598397,375.9424538519922,379.02343624127707,11549600,376.2561994280134,68.34419446478805
2021-09-13,374.203125,379.4110097037645,372.05635572585527,379.3414313158967,13026300,375.4696262904576,62.937494415478696
2021-09-14,374.2230529785156,376.27042922477614,372.81173977128105,375.0877177592391,8711600,375.6471034458705,61.309559448682144
2021-09-15,371.6290588378906,375.2467413051533,365.4173516964495,374.69017477172827,17940300,375.3148672921317,55.706968472847706
2021-09-16,370.7742919921875,371.2712285364681,367.4448110793876,370.5059571772918,11934200,374.0199977329799,59.580571452586
2021-09-17,362.4853820800781,369.1343952490113,359.3745545629104,369.1343952490113,26299000,372.1955348423549,41.28661063099327
2021-09-20,353.5206604003906,358.81799047710666,347.6567850682082,357.09857916027295,19822800,369.0293404715402,23.091814049439108
2021-09-21,355.2897644042969,357.83407709735854,353.01378652748,356.3035040407105,11751900,366.01790509905135,26.642475847388297
2021-09-22,341.10723876953125,347.6966234462903,338.60268903151564,345.1026287530532,43692900,361.28992135184154,16.792165630278603
2021-09-23,343.8403625488281,347.5276539456655,340.8985063799259,343.2440325648418,21806300,356.9495370047433,23.08119076709525
2021-09-24,350.7973937988281,352.1788917810892,340.2722827221979,341.1369473502452,18801900,353.9735848563058,30.737358890978953
2021-09-27,351.4136047363281,352.9739926378458,344.9534301859247,347.6667144161092,15205800,351.207772391183,24.084825167314904
2021-09-28,338.5628662109375,347.45804260819926,336.84348515565136,345.83802459865683,21710300,347.79027012416293,20.92915974176259
2021-09-29,337.5291748046875,343.1147662086621,336.803666969617,341.0474935070428,14452200,345.50577218191967,20.05923695067648
2021-09-30,337.3105773925781,340.6996576855458,336.0781542281743,338.3640803628831,16547100,342.93731689453125,19.12314958623972
2021-10-01,340.9084167480469,342.90608102500573,336.5651962175002,339.5169701639289,14905300,342.9089137486049,24.262446372282156
2021-10-04,324.231201171875,333.88169955284883,320.7228306792699,333.4742079813387,42885000,340.10760498046875,19.269245214139204
2021-10-05,330.9200134277344,333.12641315328153,324.1616877744817,326.5668439424168,35377900,337.26797921316967,26.17495118732849
2021-10-06,331.5958251953125,332.33128156034894,323.8038336458817,327.7196959629552,26443000,334.4368678501674,27.02259510440598
2021-10-07,327.202880859375,336.7639345758128,326.96436103744907,334.9352118363189,28307500,332.8140127999442,28.316611970737654
2021-10-08,328.0277709960937,331.3572516069182,326.69598481788336,329.4788474118159,15946100,331.45666939871654,32.59123258552235
2021-10-11,323.4559936523437,328.43527696797554,323.3168368677761,325.62262960456826,14708200,329.4774431501116,29.06257288555122
2021-10-12,321.7862854003906,322.3925637684508,315.4255035724989,321.0508290059376,31658700,326.74571010044644,34.788661262645675
2021-10-13,322.55157470703125,324.9964939672446,320.6830884820913,324.9666789883615,14761500,326.5057634626116,32.703449089811784
2021-10-14,326.5171203613281,328.4949180762692,325.0958891423564,326.3481485929878,14302200,325.8767787388393,29.26502291330469
2021-10-15,322.77020263671875,327.05379280644144,320.5339884043792,326.6661677808162,21596400,324.615975516183,26.780557145705586
2021-10-18,333.28533935546875,333.8319876565489,325.4933793490439,326.9345072066438,21585000,325.48489815848217,45.55345856967277
2021-10-19,337.9068603515625,340.36172779332736,335.21347310350336,337.568947182447,18786300,326.8961966378348,50.30007429117875
2021-10-20,338.6920471191406,341.8724529207956,337.3702093457525,341.3457014325225,13639500,329.0727757045201,51.087795486374446
2021-10-21,339.78533935546875,340.21269750796085,335.7303201333769,338.1951363336798,16354400,331.6440691266741,49.079354945555835
2021-10-22,322.62115478515625,327.6104175044219,319.1425986941441,324.35051472378314,35224500,331.6540091378348,48.69061505700855
2021-10-25,326.6761474609375,327.5408121939128,317.76110465545526,318.3375377005722,38409000,331.6767272949219,46.3941648235108
2021-10-26,313.875,328.18676377948725,307.7030577466487,326.2487298112512,65654000,330.4059840611049,37.51571618504764
2021-10-27,310.3070373535156,317.29396351222897,310.14801402970306,312.2649684277234,29971800,327.1233694893973,37.9569258612326
2021-10-28,314.9783020019531,323.52558709770653,306.22225136946474,311.072357347704,50806800,323.84786115373885,41.18206755414121
2021-10-29,321.5875549316406,324.0026595007216,317.641877159466,318.2282587010987,37059400,321.4043622698103,48.77127170017468
2021-11-01,327.958251953125,331.406992775987,324.0026261504321,324.042389566454,31518900,319.7147783551897,53.822484661335984
2021-11-02,326.0698547363281,332.73876469563663,321.81607932375937,329.34965397793843,28353000,320.2074497767857,52.149079817958196
2021-11-03,329.58819580078125,330.1149473357221,321.21980120186345,325.48349500463786,20786500,320.6234566824777,51.88621776909245
2021-11-04,333.792236328125,335.20351893201064,330.6118307558439,331.96351373977177,22495300,323.4687761579241,56.73180082055764
2021-11-05,339.0399169921875,344.665242071511,337.5590558596254,338.2249338152265,26872800,327.57347324916293,53.75635168978654
2021-11-08,336.5452880859375,342.6774981635272,336.26700484454307,342.30976998710577,18342500,330.6544712611607,49.08583811286301
2021-11-09,333.3152160644531,339.2188246937489,332.42073634226284,337.9168533616564,17556700,332.32985142299106,46.504736186816125
2021-11-10,325.63262939453125,331.1486135153084,323.51567462831423,330.45289014394774,21872600,331.99761962890625,41.525856083031826
2021-11-11,325.7318725585937,330.4229535432457,324.9964163680152,327.799145036219,12376600,331.94933646065846,52.340986883565186
2021-11-12,338.8014221191406,339.76544992726394,327.75947599433846,328.15701917584715,25414300,333.2655116489955,58.03478658283805
2021-11-15,345.4305114746094,351.4831946506167,341.09723957740795,342.2302390714861,25076600,334.9281223842076,72.7729743610751
2021-11-16,340.8586730957031,344.52606686534165,338.7814821805593,341.7233377464868,18181100,335.1879446847098,71.73358794071086
2021-11-17,338.68212890625,345.1721191038279,338.0162509074294,342.13086981250353,13602800,335.4932076590402,67.48277105456137
2021-11-18,336.6148681640625,340.3617586706303,333.2456239415217,337.638556199738,17487200,335.96458653041293,61.879304729623776
2021-11-19,343.184326171875,349.94268060095374,337.81741817242164,340.1033442135232,26488500,338.4719717843192,61.99872251679583
2021-11-22,338.9206848144531,351.6621152539828,338.4237482508499,346.91140291916014,27116800,340.3560878208705,59.76151178532352
2021-11-23,335.1837158203125,339.30828327725914,331.456691552481,336.85341541295674,17225000,339.83927263532365,54.23629581846176
2021-11-24,338.9703369140625,339.685926716758,330.77088432636765,333.9413417533908,13566200,338.9163905552455,53.94520848621144
2021-11-26,331.0790100097656,335.68064742394336,329.8664835860095,333.7425827010985,14750700,337.519295828683,44.16944229253658
2021-11-29,335.9588928222656,338.58273213098545,333.25555701809856,334.82589336120736,16650900,337.13026210239957,49.58502379715212
2021-11-30,322.4721069335937,333.7525744127916,321.44841869699684,332.9475395049147,25390000,335.10986764090404,43.29934352587516
2021-12-01,308.6969909667969,328.47505959328305,308.3888927322043,328.26635473482355,30329600,330.18310546875,40.26724659540324
2021-12-02,308.48828125,312.6724784430871,305.31782368406533,309.49207244051576,24396200,325.8356192452567,40.102721586036466
2021-12-03,304.96002197265625,311.8276888145874,297.6649969720125,311.8078222713683,27471000,321.51794869559154,28.18696365618446
2021-12-06,315.92242431640625,318.1387721563251,304.4630691628072,306.2421104304496,21758300,318.2253897530692,31.986353967443122
2021-12-07,320.8321533203125,324.5393106751118,319.033245546018,319.59976045763955,18794000,316.7615530831473,37.82474417693379
2021-12-08,328.53466796875,330.7112523414874,321.090568643624,323.00873632151286,19937700,315.7009495326451,44.21920136411493
2021-12-09,327.7991943359375,334.07053042846104,325.9903382286185,327.5209111140881,16879200,316.4619620186942,44.90051419944612
2021-12-10,327.7296447753906,332.97729337085224,324.3703489464802,330.52242567515606,14528000,319.18091256277904,40.33320925793367
2021-12-13,332.4405822753906,339.0001503824556,327.5706104626266,328.92229356418693,22948700,322.6026698521205,45.969297259866245
2021-12-14,331.6951904296875,333.643203495218,325.6425070410587,326.0400502050408,20461000,326.42197963169644,47.746218065902106
2021-12-15,339.5666809082031,340.01390559683887,321.9950120940399,330.4528513988559,24681300,329.7997305733817,50.36595592947487
2021-12-16,332.8480529785156,342.3494761849933,331.6951566888239,336.9030716982034,22635000,331.5162876674107,51.10145434231577
2021-12-17,331.7449645996094,335.0446007780311,328.7235813907052,330.76100944546533,40012600,331.9749014718192,47.24680899256362
2021-12-20,323.4559936523437,327.8787104909013,320.5538710242297,327.75945057875657,17901800,331.3544442313058,50.68966992534281
2021-12-21,332.1524353027344,333.9413949290416,321.7664482389203,324.41015458844754,16116800,331.9862714494978,67.70179812172833
2021-12-22,328.4253845214844,332.4605069608264,326.2487999629968,331.75483520784053,16764600,331.4126717703683,64.28774820981872
2021-12-23,333.1860046386719,334.60726620714684,326.3481529337001,328.0775127333061,13987700,331.62564522879467,69.87681181533762
2021-12-27,344.0589599609375,345.73860781645715,335.93903425050047,336.77388396018983,17795000,332.2673993791853,69.83881546104611
2021-12-28,344.0987243652344,350.5489506748567,343.08498478567924,344.50621595041,16637600,333.87463814871654,67.61474668602501
2021-12-29,340.8388366699219,347.5474799636276,339.5468137974479,344.7845140129254,10747000,335.1737627301897,59.987109348100596
2021-12-30,342.2501220703125,345.1025633109539,341.11712252175425,341.8923423172729,10593300,337.85863821847096,61.60231336693679
2021-12-31,334.2892150878906,341.3357715551441,334.20968825669667,340.91833151787387,12870500,338.1638924734933,54.674227986044116
2022-01-03,336.4657897949219,338.9902054960533,335.124055115468,336.2272396388556,14537900,339.3125217982701,52.97576933489756
2022-01-04,334.4681091308594,340.9879141624603,329.83665690056125,337.86716843768403,15998000,339.4956795828683,52.012705810427356
2022-01-05,322.183837890625,333.7028228263255,321.8558428011006,330.97959006204326,20564500,336.3706621442522,38.142368765855096
2022-01-06,330.42303466796875,337.0919448522891,320.7427206043337,320.8421139781479,27962800,334.4169921875,48.379403497794755
2022-01-07,329.75714111328125,334.93521110696696,326.8649669563357,330.701302293414,14722000,332.8338928222656,48.663764861018166
2022-01-10,326.0599365234375,326.32827132605445,313.49736670018683,323.3168372187382,24942400,330.52100917271207,51.865562974720945
2022-01-11,332.32135009765625,332.5797668145055,323.2870470815263,324.7778567607015,16226800,330.23988560267856,50.12539197736012
2022-01-12,331.2181396484375,334.3090702500505,328.00791880409434,333.1263589037451,14104900,329.49022129603793,52.157205149589764
2022-01-13,324.47967529296875,333.5736073823922,323.764085503571,332.9275959839103,14797100,328.0633021763393,43.474368352599896
2022-01-14,329.866455078125,330.6913866843799,319.24194988086674,319.8184132277481,16868500,329.1608189174107,38.40908411177685
2022-01-18,316.2007141113281,322.223582545403,315.69385946569565,321.309236297588,22645600,327.1290588378906,31.36368380795193
2022-01-19,317.63189697265625,325.09589357916025,317.373480263644,317.6219485359713,20814700,325.3968811035156,34.109147231615324
2022-01-20,314.6204833984375,325.81150482519354,314.0440503142256,321.91550871363853,16925000,323.7626735142299,31.486422487655133
2022-01-21,301.3124694824219,316.35968986815874,301.1832611486486,312.8811346137491,28710700,319.3328334263393,29.38103924651574
2022-01-24,306.8185119628906,307.63349506670795,287.23923291473017,296.0151177767175,38878100,315.84717232840404,32.20376924373319
2022-01-25,298.3109741210937,304.35373893077656,295.7567132382818,298.11221771996014,25108500,312.1087864467076,29.86939198545589
2022-01-26,292.8247985839844,305.62588731583446,289.06795996316714,305.12895082985017,28348800,306.81712123325894,32.315593847828055
2022-01-27,292.83477783203125,299.861437431952,292.4571012100481,295.92570854139984,21629900,303.47913033621654,24.86712156581075
2022-01-28,299.8614501953125,300.05028851434184,291.2346388030488,293.8087665411952,21871600,300.9404950823103,31.577672550295432
2022-01-31,311.3406677246094,311.86741920483496,297.48607558743464,298.83772831759944,21579500,300.4719499860491,41.72347982405052
2022-02-01,317.0455017089844,317.70146155908856,310.2076502988541,312.6327029578096,18023800,302.7195260184152,41.35641792776716
2022-02-02,321.0209655761719,325.9903303683727,314.9285194880384,325.8114405151964,58458300,304.74844796316967,44.411742964359625
2022-02-03,236.30323791503903,246.4805028469361,234.3055586538919,243.1510222463924,188119900,295.89019993373324,23.945717281777434
2022-02-04,235.63735961914065,241.12354314413145,228.70012992242167,233.53035358963444,89342200,287.72056579589844,21.358220222214342
2022-02-07,223.53196716308597,236.83992525808145,222.6374724155544,236.2435954263937,88613800,277.8201642717634,21.562756745250567
2022-02-08,218.8309631347656,224.38672506740048,214.8256559150308,219.49687143062167,94729700,266.24438040597096,20.277451302436177
2022-02-09,230.57855224609372,231.94015349913388,220.8485415632684,222.82633926682897,86563300,254.7069353376116,25.979994013066587
2022-02-10,226.6726531982422,233.5601867450389,225.311036690771,226.87142479219912,49310400,241.79652840750558,27.45557546458403
2022-02-11,218.20481872558597,229.0082133105304,217.4295990039878,227.06023073610885,46156900,227.10850742885046,23.70532364927857
2022-02-14,216.36618041992188,219.6459648282454,213.46407265922187,217.96631678840484,38184000,224.26035635811942,24.682189306610468
2022-02-15,219.64593505859372,219.79500994387155,213.74232695681545,219.11918357688077,42685500,221.97586713518416,27.078008519447295
2022-02-16,215.21327209472656,216.1276486823908,211.05888986059503,211.1085865481224,45817500,220.78748212541853,26.341913147944936
2022-02-17,206.4373779296875,216.1673884184098,205.89074471901787,212.708714449999,38747500,219.01696995326452,21.82589949827549
2022-02-18,204.89686584472656,209.45873937580183,203.9228593642012,208.10707145933893,37128400,215.34815761021204,15.852551417457391
2022-02-22,200.8418426513672,206.2087503841906,198.8342150951092,201.10024415255,39852400,211.65804181780135,12.32273979916802
2022-02-23,197.2340850830078,205.67207193886375,196.8365419667312,202.90910633443747,44481400,208.66222272600447,9.768064604403747
2022-02-24,206.3280487060547,207.07345348437812,189.05453045680989,189.8893801688604,49957200,207.22820390973772,30.838640505555702
2022-02-25,209.1903839111328,210.0252487532373,201.93510800868344,203.6843341870944,37627600,205.73455374581474,33.55579257723247
2022-02-28,209.73703002929688,211.84403605748028,205.56276622248285,206.4075492218492,34239800,204.95223345075334,39.982692578307194
2022-03-01,202.24322509765625,210.4526107345717,200.98100212347225,208.5841246151779,27094900,204.35306876046317,38.42419536479693
2022-03-02,206.8349151611328,207.868536431012,200.78223209840175,203.5253161788994,29452100,204.6299329485212,31.591915439806456
2022-03-03,201.72640991210935,207.79897472599427,200.1859036840785,207.73934477070128,27263500,204.7562997000558,31.013597145345017
2022-03-04,198.8342437744141,204.6285255870073,197.5720207303941,201.1300881375492,32130900,204.98489379882812,33.88990101985236
2022-03-07,186.3213806152344,199.6591550346633,186.1325423105853,199.55976166422727,38560600,202.12679835728235,28.77999658585958
2022-03-08,189.1240997314453,195.4948297469161,184.9697175800809,186.69906218060123,37508100,199.26018633161272,28.296831887923105
2022-03-09,197.2838134765625,197.88014341213315,192.7318727865872,194.540729136598,31894700,197.4811553955078,37.892633540380345
2022-03-10,194.01397705078125,195.0774133956766,189.8993429697998,193.64623368658735,24853000,196.30554853166853,40.93679063227178
2022-03-11,186.4605407714844,192.37408293314195,185.52629759158503,191.45972146236625,34694500,193.3949236188616,37.63500260656577
2022-03-14,185.48654174804688,191.11185197576268,184.6815069624439,185.88408492244588,31010500,191.07494245256697,39.257435328976065
2022-03-15,190.85345458984372,191.10192287058516,184.7709559301909,189.63099489488027,31721700,189.93482971191406,45.64334754638827
2022-03-16,202.38238525390625,202.48176346524087,193.3282006594084,193.50709053899072,40640300,192.22925894601005,47.39262631418357
2022-03-17,206.5665740966797,206.76534567653007,199.87781261853297,200.4641940869464,29499700,194.7210409981864,48.29590455781163
2022-03-18,215.16357421875,215.4716724265826,204.73784084439905,205.4335489210048,52128000,197.2752925327846,53.19074220550004
2022-03-21,210.19419860839844,213.39447076558852,206.35784836088283,213.1857507704249,30142300,199.58675275530135,54.81810971244741
2022-03-22,215.3225860595703,218.11538201500665,208.8922263369847,210.07493767010027,31998800,203.70990208217077,55.11009738663398
2022-03-23,212.15213012695312,215.4716621957849,210.86009223729047,212.02292178839747,23717300,207.51927185058594,56.426903031516176
2022-03-24,218.22471618652344,219.3179674589697,213.47398898320088,213.68270899960663,31502300,211.42945207868303,61.50218245434151
2022-03-25,220.4609222412109,224.11836770309765,217.5488663846565,219.15893583632416,40039000,214.01210021972656,73.06297307633233
2022-03-28,222.22007751464844,222.66731736597265,218.19488852213144,220.76903131565888,26224100,216.2483149937221,72.6777402913403
2022-03-29,228.45166015625,229.47534818576568,223.9096530329064,224.6848879649204,31417900,218.14661298479353,71.93619501818372
2022-03-30,226.4539794921875,229.73374841022695,225.32096482688496,227.507482494011,25588000,220.46943882533483,73.24785016315141
2022-03-31,220.99761962890625,227.090066488488,220.89822625435752,227.05030307254864,24192300,221.28015790666853,75.51768813841511
2022-04-01,223.4723663330078,225.8874706189233,221.3355301287633,223.17420137831093,19544800,222.8973345075335,77.45689233965366
2022-04-04,232.45697021484372,232.9141584967844,224.4761707281819,224.5954306429058,28054800,224.9305136544364,78.57727408411118
2022-04-05,230.4195251464844,235.40877212269615,229.60455712834815,232.64580624643807,29727200,226.3531712123326,72.14631905108801
2022-04-06,221.93185424804688,227.5869943073352,220.0534347973533,225.51973655141703,28995100,226.31199645996094,61.3643047755678
2022-04-07,221.58399963378903,224.13826072274853,217.22089742942345,222.5579910036232,21037200,225.33090209960938,55.408576876476104
2022-04-08,220.96778869628903,223.7506361644411,218.6818777344035,221.01748537997543,18375700,224.54716055733817,59.794004342299225
2022-04-11,215.1337738037109,219.2583410240808,213.90136572366157,217.0817565500636,20516600,223.709468296596,49.83052964484906
2022-04-12,212.82797241210935,220.6696300996868,211.8241661001175,218.8906040288697,20128800,222.18884059361048,50.616173082701714
2022-04-13,213.6727752685547,215.2828447776788,210.03519621839345,210.52219947875912,19231800,219.50538417271204,45.41265724991942
2022-04-14,208.8922271728516,213.67276920904337,208.71333730593284,213.5733758394448,18379500,216.43005589076452,38.91005301530785
2022-04-18,209.47862243652344,212.0726316471897,207.0237548432175,208.71333595839232,16580800,214.6510227748326,37.504878194768644
2022-04-19,215.97854614257807,217.0916790854457,207.7194636736755,209.23015492849504,20089900,213.8502437046596,37.832071940758226
2022-04-20,199.19204711914065,212.8478691260069,197.7012374523985,212.30123588180808,43036500,210.73942347935267,29.360429519433737
2022-04-21,186.917724609375,201.72642800365503,184.4429750856792,200.3648266846889,49954100,206.70855930873327,26.613023475562713
2022-04-22,182.98196411132807,191.53921150396803,182.14711440602156,189.2036038179686,36426800,202.44484383719305,22.760096633849656
2022-04-25,185.8443298339844,186.03315297743217,180.54698457912005,181.61042087242896,29281100,198.46935163225447,15.826317308531358
2022-04-26,179.84130859375,186.0430813069256,178.40019583869753,185.4865148772748,31747400,194.31922040666853,14.956639485027566
2022-04-27,173.87808227539062,180.09973710282176,167.96454082382462,173.36126405734134,71062900,189.23342895507812,15.498810686121075
2022-04-28,204.46951293945312,207.25236071134597,191.71811897703697,201.6767318958583,100890600,187.5892813546317,41.43284643689548
2022-04-29,199.2417449951172,211.17815567179176,198.675230039035,203.2073041917917,49193400,187.59638105119978,39.604353934922294
2022-05-02,209.83642578125,210.5818305825396,199.75855347442703,199.9374433473928,49915300,190.87048121861048,47.57572968604253
2022-05-03,210.73092651367188,213.58333765179657,206.8150638068673,209.1606050890228,41556300,194.8346187046596,49.02775227066736
2022-05-04,222.0411834716797,222.92572988646552,205.69197470474612,209.3593535489935,41375900,200.00559779575892,53.5366235856588
2022-05-05,207.00387573242188,218.8210255813684,204.896869738742,217.3997944123143,41129200,203.8859645298549,49.265618433484676
2022-05-06,202.5215301513672,208.0971589678605,199.78837906809204,206.0696493080628,34747200,207.97788565499442,47.37395696086289
2022-05-09,195.00784301757807,201.32887639088509,194.3816981264719,198.61559197295784,36303200,206.62621852329798,42.14446085536997
2022-05-10,196.43899536132807,201.71647381017016,193.00020322177312,198.2875997759596,34452500,206.225825718471,48.83465577572146
2022-05-11,187.58360290527344,199.4405009853025,187.11648136355788,195.1270956342218,31153400,203.0468510219029,50.290262198442
2022-05-12,190.06829833984372,196.8365717684213,183.64787139934884,185.9139008688647,38262200,200.0950469970703,53.12857379987691
2022-05-13,197.4030303955078,198.6652532238344,190.10800695470743,191.40004475678768,24549800,196.57531084333147,54.90922886628724
2022-05-16,198.8143768310547,204.1117225024964,194.7295576071633,195.8427058396049,27112600,195.40538242885046,58.385328906364535
2022-05-17,201.37857055664065,204.20118179682385,197.1446764443167,200.8816339871768,24872700,195.24210248674666,62.53058126725825
2022-05-18,191.0621490478516,199.7684709803224,190.455885917369,198.77459799037052,23960000,194.67843191964286,42.50637627284531
2022-05-19,190.1179656982422,194.09345782790865,188.43833301230924,190.02852076499644,24446900,193.77542768205916,44.64409133464541
2022-05-20,192.3541717529297,196.6974070303017,186.71891372119217,193.77541801414927,31465600,194.4569375174386,38.62075732965506
2022-05-23,195.0277099609375,195.7830632064403,190.06829300467948,193.9940886319596,25059200,195.16542489188058,40.01009933929121
2022-05-24,180.16932678222656,182.5546163206355,175.03100432063903,179.4438036154665,50406300,192.7034672328404,24.5130087852164
2022-05-25,182.7036895751953,184.31375910713152,178.2213274571768,179.29469703493453,28030200,190.40194048200334,32.5531571314354
2022-05-26,190.4558868408203,191.6485314014856,181.1432865674152,181.759498136576,23056500,188.841557094029,41.72571533331576
2022-05-27,193.9344482421875,194.1332198141493,188.6371031985269,190.1875426912473,22562700,189.25188555036272,49.22077018646755
2022-05-31,192.45358276367188,196.38932683645703,190.83356478903687,193.6959241146988,26131100,189.5855451311384,47.108880660356725
2022-06-01,187.4842071533203,198.30748380765863,183.8665099426817,195.30598302068904,36623500,188.88983590262276,49.92358765015015
2022-06-02,197.6416015625,199.7088593915296,186.57978931425544,187.29537914604649,31951600,189.26324898856026,55.20775667448301
2022-06-03,189.6110992431641,195.40538094380895,188.6172261932826,194.7792360694879,19465000,190.61207362583704,44.69268958659163
2022-06-06,193.05984497070312,195.7134842632058,187.2456814112571,192.8014434305076,30574200,192.0915243966239,46.186270050374574
2022-06-07,194.45127868652344,195.32589192471147,190.31677784531857,190.7540692991116,18828700,192.66229466029577,45.33654949428873
2022-06-08,195.4352264404297,200.79220240920185,193.2188934393845,193.47729501319685,22267200,192.87669154575892,53.367029395510386
2022-06-09,182.87266540527344,198.2280030271669,182.55461870783276,193.08968049838745,23501600,191.50798906598772,45.26810183145948
2022-06-10,174.49429321289062,181.97815583220992,173.94766001941937,181.9185107122232,27450800,189.65228707449776,39.2020396162767
2022-06-13,163.2535858154297,171.5226170775294,163.02499925449797,169.5448041990691,31749300,184.73971339634485,32.5928422595686
2022-06-14,162.72682189941406,165.72832260303596,160.37134774439835,165.01273283044665,27244300,180.89910234723772,38.664245435996044
2022-06-15,168.31240844726562,171.10518931394452,162.97529981312158,166.1755722732737,30008300,177.36375427246094,41.00398910421899
2022-06-16,159.88436889648438,164.06858153356615,158.63209418613985,162.71691344203364,26944100,172.42562430245536,31.049817065592478
2022-06-17,162.73678588867188,164.8835402463162,158.9203016816711,160.6893945759585,31374200,167.7544185093471,30.51040496171227
2022-06-21,156.08775329589844,166.73212433414977,155.01436866623226,164.9133349754347,50724900,163.9280024937221,28.659773025975866
2022-06-22,154.89511108398438,159.80483090072096,154.4876195196588,157.40960852777172,47267800,161.12811933244978,29.98904707695621
2022-06-23,157.77735900878906,158.77123213640348,153.30492993452418,155.3125578985894,40499200,160.3458012172154,23.12027657725561
2022-06-24,169.11744689941406,169.20689183692463,160.31173080572336,160.73908895069596,68736000,161.25874764578683,36.77190270315415
2022-06-27,168.45156860351562,170.69771650234966,166.98062539673484,170.27035831970866,29174600,161.27862766810827,33.52412340295983
2022-06-28,159.6955108642578,170.25045273432255,159.62594763825126,168.85902139590343,27744500,161.25164794921875,28.81891245779599
2022-06-29,162.93553161621094,165.3108873275418,159.33771643941878,162.56780348264638,28595200,161.28004019601005,30.723882077472993
2022-06-30,160.2620391845703,164.2176499209504,157.51895485710526,161.15651891855018,35250600,161.8763667515346,34.80700370051237
2022-07-01,159.04949951171875,159.63588095876648,154.05031939240212,159.3277827464295,31423900,162.46985081263952,38.516115944580925
2022-07-05,167.1595001220703,167.2191300748469,156.057940676313,157.17107356893808,28618600,163.8101566859654,53.0460313939552
2022-07-06,168.72984313964844,170.5386843247056,164.44625243638922,167.1694550682764,23085900,163.7547847202846,54.60648397506451
2022-07-07,171.135009765625,171.66176129001508,166.75202579976818,168.4117920399614,24083400,164.1381334577288,52.27710062662059
2022-07-08,169.8330535888672,171.34372990111598,167.11976889264292,168.93855862906864,19249200,165.5863538469587,59.068681110045056
2022-07-11,161.8820343017578,166.46378930276595,160.91797630706665,166.04636447495608,21885600,165.43585423060827,49.28711870834569
2022-07-12,162.2696533203125,164.8934775042649,161.10682369887556,163.79027783798384,16639700,165.72265625,55.75713067279947
2022-07-13,162.48831176757812,163.96917291871372,158.6320794483216,159.1787126634687,16555100,166.2139151436942,57.20211327290999
2022-07-14,157.08164978027344,161.5938270761104,156.31636323095012,160.23222575346915,23765200,164.77422223772322,49.370279235042716
2022-07-15,163.69090270996094,163.9691859752314,158.840812111461,159.55638681837036,23342800,164.05437360491072,44.62810591468145
2022-07-18,166.2053985595703,170.63807937279228,164.6251439294265,165.72834370553264,23574300,163.3501434326172,47.85495937821581
2022-07-19,174.70303344726562,175.40869010639588,168.47144410983722,169.3261756858885,25933700,164.04585484095983,64.40292752561174
2022-07-20,181.9682159423828,182.47510091163423,175.61736765976366,176.40253587416117,24784300,166.9153093610491,66.95591580971274
2022-07-21,182.04771423339844,182.72355575431672,177.77405733218947,179.52328350494386,27195800,169.7407466343471,70.34902216100593
2022-07-22,168.23289489746094,174.52411310426413,167.3781634705027,172.00961550879498,42583900,170.5614013671875,56.94319881625649
2022-07-25,165.6289520263672,169.52494806443622,163.80022909604125,167.9645599617784,26166300,171.7824445452009,48.73771834404594
2022-07-26,158.17489624023438,164.98293297426838,156.98225156504662,164.923303015304,28468400,170.99444362095423,42.06513861508118
2022-07-27,168.54098510742188,169.82307460429183,161.0273076562063,161.5938073800749,43846600,171.3280988420759,48.25836324132408
2022-07-28,159.7352752685547,160.52042829283477,153.9012454107436,160.0731884605082,73214300,169.1898476736886,43.84091327906722
2022-07-29,158.12518310546875,159.15880423990927,154.21925475587742,156.72381868876744,42065400,165.78370012555803,47.51641757440539
2022-08-01,158.9501190185547,164.17790127688193,154.27891844003386,156.28654636618882,40596700,162.48404366629464,47.81813502692166
2022-08-02,159.20852661132812,161.245969400796,157.04187547221665,157.3400404208484,27374500,161.1948481968471,47.84538720560322
2022-08-03,167.76577758789062,168.5012339553843,160.58007952356178,161.6932125113141,31721900,161.50010899135046,56.73980786886369
2022-08-04,169.52493286132812,171.0952389297098,165.77802722884468,167.26883679895064,23938200,163.12154279436385,53.92012536559668
2022-08-05,166.08612060546875,170.55854918541522,164.78414937864324,165.96686069623243,25832700,162.7708478655134,49.92083558410619
2022-08-08,169.20687866210938,176.42239120017555,166.1059997474526,166.970664406663,27299100,164.12393406459265,46.07185809500669
2022-08-09,167.4974365234375,168.49130964832128,165.579268671756,167.91486141605264,18655100,165.46282741001673,38.76544081533144
2022-08-10,177.247314453125,179.37420215378333,172.88421241071052,174.91172190647023,30262100,168.07671247209822,46.75969843058079
2022-08-11,176.4025115966797,181.9781393340006,175.28936360399334,178.60891071189528,24079100,170.53299604143416,56.685082762554224
2022-08-12,179.39407348632812,180.34819822303092,177.81381908254673,179.70217168470458,21274000,172.19418116978235,61.19280244950769
2022-08-15,179.7816925048828,180.328325706616,177.10817161710534,177.86352482869984,15878700,173.65943254743303,69.85024244658675
2022-08-16,178.3704071044922,179.88109846814805,175.95528757694825,178.34059212461017,21156700,175.4143306187221,60.80875786896419
2022-08-17,173.77871704101562,177.04855285674466,173.10287544923793,175.6770031302693,20118100,176.06745038713728,67.02000530377815
2022-08-18,173.58987426757812,174.68312554679468,170.80702663496402,173.27182760542814,18844500,176.93779863630022,69.4112058959852
2022-08-19,166.93093872070312,171.26422620353063,166.02651052659152,169.15720484122332,26240800,175.46403067452567,58.737784115683404
2022-08-22,162.05099487304688,164.476047407373,161.2658267144044,164.476047407373,19499700,173.413813999721,52.82607824979883
2022-08-23,160.12289428710938,164.03875669184026,159.71540268015417,161.48449556879405,18111800,170.6607883998326,41.24743653009273
2022-08-24,162.25970458984375,164.44623737691913,158.79109743864473,159.61601386916882,20891500,168.15764726911272,41.751273168760946
2022-08-25,167.74588012695312,167.84527349093952,163.01505020798407,164.16793133761644,15550500,166.63985770089286,51.800725892482895
2022-08-26,160.78878784179688,169.8727873091303,160.67946119490765,167.4477345347144,24023600,164.7841535295759,41.56878686921173
2022-08-29,158.19479370117188,162.0510265280679,158.03577035123152,159.67567021255132,20052700,162.58485630580358,40.845068730534855
2022-08-30,156.19711303710938,160.66954235938263,154.95477155870012,159.36757091645794,19567900,161.05145263671875,25.554025308847173
2022-08-31,161.93173217773438,166.8116525959876,161.1465791243808,166.04638125033776,40953000,161.03441510881697,34.908775426222306
2022-09-01,164.34686279296875,166.33460907001708,159.36756382847085,162.57776981961976,30145700,161.6378391810826,34.11666512042635
2022-09-02,159.3377227783203,166.9010815663608,158.24445643869262,166.42402678420422,22634200,161.2204132080078,30.33834431993614
2022-09-06,157.56861877441406,160.6993278241325,156.7238358234476,159.11907339353186,19339800,159.76651872907365,30.130967198444594
2022-09-07,159.4073028564453,159.97381779196436,155.8492354065966,156.7934118004953,16831200,159.5691637311663,35.51100867667279
2022-09-08,161.0670623779297,161.23601897483294,156.7735387326319,157.73759679430853,22530800,159.979487827846,37.73840190975516
2022-09-09,168.11363220214844,168.50124211238315,162.02120028821813,162.2497868595616,22086800,161.68184770856584,51.149299335025894
2022-09-12,167.92478942871094,170.33989354908965,166.2550748960343,166.36440153308635,23220400,162.53799874441964,56.280560926066414
2022-09-13,152.19178771972656,160.63970879572776,151.73459943582296,160.55024869400128,44444100,160.8015594482422,43.452574551689686
2022-09-14,150.54196166992188,152.5992711282938,148.1367905558092,152.3905662670895,43064200,159.5450221470424,40.24815499045303
2022-09-15,148.6337127685547,153.2552162328267,147.78891463773996,148.8821810228768,34606300,158.26860700334822,33.08708456491475
2022-09-16,145.3936767578125,147.66965445576596,143.40593072690754,147.14290297080004,40122800,156.26666041782923,35.417053306252654
2022-09-19,147.11309814453125,147.66966464514056,144.2109905589971,144.35013218414943,22169500,154.27323695591517,39.326062661192985
2022-09-20,145.1949005126953,147.92805121718575,144.33023586998831,144.88680231427318,23217400,150.99913242885046,39.38636981201842
2022-09-21,141.2492218017578,148.6834025447015,141.12996189811955,145.49306363469597,38338600,147.18833705357142,29.334700196278177
2022-09-22,141.94496154785156,143.69417272125622,140.00689689619156,140.68273848122732,34418500,145.72450474330358,26.82030423320103
2022-09-23,139.54971313476562,141.74616399683237,138.03902191153918,140.55351941651617,31710700,144.15418352399553,28.35405801218677
2022-09-26,135.5344696044922,141.3685150057344,135.35557972608643,139.2614937242781,30497000,142.2828630719866,27.025983009762797
2022-09-27,133.57652282714844,138.56576944727274,133.298239605178,137.0749599730175,30826500,140.5946982247489,23.134221767417998
2022-09-28,140.7423553466797,141.15978018450102,133.44733120729546,133.79517765616404,32658500,139.6845921107701,31.033249340435518
2022-09-29,135.57423400878906,138.98321148251352,134.37164087797748,138.5061566379891,38985400,138.31021118164062,18.531405996277783
2022-09-30,134.84869384765625,140.12617270520192,134.6698039704343,135.21643720411228,33166400,137.3958500453404,18.341013151841338
2022-10-03,137.7607421875,138.76454849479632,135.26612632554432,136.29974761070991,27723100,136.79810442243303,31.69444894998182
2022-10-04,139.42050170898438,141.51757432276668,138.4862586727072,139.6292217094435,34670700,136.77964564732142,35.8961597466148
2022-10-05,138.1284637451172,139.35093844042655,133.95420022497578,137.39300743915362,27979300,137.15021623883928,36.466093285336626
2022-10-06,138.21792602539062,140.58333346387275,135.76305849087,136.8761914030969,36231100,137.81327383858817,39.938734257810765
2022-10-07,132.63235473632812,137.44269663134227,131.62854842103565,135.9220720867006,33214800,136.65470232282365,31.68220092309926
2022-10-10,132.97027587890625,135.27606875896632,131.06204133952895,132.73175603979664,24024000,136.28270830426897,33.892141791245834
2022-10-11,127.75244140625,131.84720888440322,126.2119426531916,130.8135723694131,38481400,135.26895795549666,32.79275514734003
2022-10-12,126.71881103515624,128.87551368548736,125.47646975049786,127.53379419723562,34605200,133.69153921944755,30.75377407801014
2022-10-13,129.49169921875,130.33649728738465,121.77925063176168,122.7731235758977,34325700,132.27313886369978,37.40665254418625
2022-10-14,125.9833526611328,130.98252541469182,125.7448176644751,130.19737236097194,23559400,130.53812299455916,37.887575448433445
2022-10-17,133.21871948242188,133.96412417218883,129.38236940580933,129.50164446857414,29612200,129.8239506312779,49.59981158769791
2022-10-18,131.98634338378906,136.99545685689836,130.59491202187598,136.25005207329107,25445000,129.7316632952009,38.70801175965903
2022-10-19,132.41368103027344,136.16058607587064,131.4098748698049,132.07576788698265,30691000,129.6521497453962,45.356241912153095
2022-10-20,130.72410583496094,135.9320054701883,130.50545257619163,132.11552187685882,26356300,130.07667323521204,44.10674738605996
2022-10-21,129.2134246826172,129.32275132042392,124.67143290893468,125.53609757548875,46348600,130.43304661342077,37.27804710981467
2022-10-24,128.9252166748047,132.66217398229915,123.80676881517311,126.4703489630446,63563400,130.35212053571428,33.71371500309478
2022-10-25,136.66748046875,137.50234537362087,129.78988064053456,130.07811232355533,38433200,131.87842450823103,48.11103180155407
2022-10-26,129.02462768554688,134.7195169450977,127.74252274925584,130.8732173015263,82791500,131.2792685372489,40.0558924034922
2022-10-27,97.33992767333984,101.87198629575688,95.7894805793686,97.37968350473903,232316600,126.32978057861328,25.601158861472626
2022-10-28,98.59220886230467,100.23210100007816,96.91256847311188,98.9698854946386,95928300,121.49814169747489,26.530007408722298
2022-10-31,92.5892105102539,98.71146412763262,92.03263648492924,97.6182053655274,121361400,116.05029950823102,26.248604856793833
2022-11-01,94.61671447753906,96.89268474774352,92.97682995655298,93.75204974814274,110189600,111.107912336077,28.603560494912998
2022-11-02,89.98527526855469,94.61672017151474,89.92564530642848,93.63278788318068,71821100,105.54506356375558,24.305076019111013
2022-11-03,88.3652572631836,89.90575595413414,87.86832073397701,89.52808692169103,60664000,98.64474596296039,24.917123446207697
2022-11-04,90.23373413085938,90.83005643779644,87.55027237566836,89.79642756720243,55638100,93.10318974086216,19.129168645591378
2022-11-07,96.12740325927734,96.28641900537488,92.52958006419352,94.19928710279072,81987300,92.92997196742466,25.86296979003606
2022-11-08,95.87893676757812,97.2007897772896,94.2092296981136,95.3323035432163,52088300,92.54236166817802,25.3487185939116
2022-11-09,100.84829711914062,104.25728190019662,100.12276647409922,101.0967653755364,107677300,93.72223118373326,30.696121972635765
2022-11-10,111.18457794189452,112.05918347339652,103.96905766339252,106.46368107716164,80671000,96.08906882149833,39.5434656843479
2022-11-11,112.3275375366211,114.19602386926609,108.14333257965473,108.56076505602978,59961700,99.28082057407924,40.46803604451172
2022-11-14,113.52017211914062,115.5576071629423,110.12112837341664,110.30995908196864,53395000,102.87437983921596,35.625225763388215
2022-11-15,116.36265563964844,118.01248091891954,113.70901648152991,115.358841760801,50670500,106.60708291190011,41.63820840416409
2022-11-16,112.5362548828125,115.36879171219236,111.96974751693652,113.79847038830808,33287800,108.95120457240513,65.87747971405739
2022-11-17,110.76715087890624,111.64176403545872,109.12726637566992,109.73352955640752,35093800,111.07809230259487,62.584753007324075
2022-11-18,111.3634796142578,113.61956812830978,109.94224083249476,113.10275747250944,33357700,112.58026123046875,71.848264901603
2022-11-21,109.18689727783205,111.681520834114,108.52100413344336,110.83672264920168,24351100,112.29487827845982,66.89719548439102
2022-11-22,110.75720977783205,110.93610722151172,107.6563232816002,109.18688861471564,29029000,112.07054574148995,75.9305098424961
2022-11-23,111.55230712890624,111.97967283651,110.05156430820549,111.03549648798172,21343100,111.78942217145648,79.55409024190966
2022-11-25,110.72740173339844,112.0393138749692,110.33978426228347,110.6180750897134,12007600,110.98438589913505,76.83500068932037
2022-11-28,108.11351013183594,111.35353842692945,107.71595939175366,110.10125624959764,23309400,110.35256522042411,67.16970747597348
2022-11-29,108.78934478759766,110.2602802601989,107.8749833876116,108.8688564526355,23899200,110.0700214930943,68.2700436336484
2022-11-30,117.37640380859376,117.43604134684036,108.70982973817188,108.83903808549826,43348600,110.92901066371373,71.21714991543983
2022-12-01,119.70207977294922,120.45741787690298,117.67457771900212,118.46967165726664,36551400,112.43117959158761,63.7648719987217
2022-12-02,122.73338317871094,123.28001639977002,116.88941226221904,117.10806555064268,39950500,114.14206150599888,65.84922634919141
2022-12-05,121.67987060546876,123.90614398242371,120.60648595522916,121.00403666820483,35474900,115.58885628836495,62.48099565274832
2022-12-06,113.4207992553711,119.81140349891297,113.04312262995737,119.1753253307581,43689200,115.97362736293248,46.139810740154836
2022-12-07,113.2319564819336,115.17000588939273,112.1883867501328,113.06299988387808,29461100,116.704833984375,51.00921326144763
2022-12-08,114.62337493896484,116.62105420996504,113.88790345927048,115.67687789278482,30619400,117.53826686314174,55.65597330303347
2022-12-09,115.18988800048828,116.81983919572008,113.17232692240562,114.59356568707535,26033400,117.22590746198382,55.617155151462235
2022-12-12,114.00717163085938,115.01098549025944,112.44679131443716,114.47429315699551,24747100,116.41234915597099,57.288834200459746
2022-12-13,119.41384887695312,122.54455051154656,117.91309844324743,121.38171327630926,44701100,115.93812997000558,61.72906251479515
2022-12-14,120.84503173828124,123.37941128432584,118.65851385817832,118.65851385817832,36922000,115.81886727469308,62.3775572835582
2022-12-15,115.43836975097656,117.903170956448,113.31148178228324,117.60501355622914,34531000,116.10709163120815,55.59226923634257
2022-12-16,118.6982650756836,122.55448998820393,118.09200187582744,119.49336659168677,67064000,116.88799285888672,62.37509305637544
2022-12-19,113.77859497070312,117.07825333464032,113.62951249029166,116.11419522164948,29769900,116.7673100062779,55.30656126754198
2022-12-20,116.3726043701172,116.61113938742164,111.77097438072092,112.5660759397682,28742500,116.93626948765346,48.776366206614334
2022-12-21,119.02622985839844,119.6026704222923,114.91159633989376,115.98497339232829,20392800,117.65327780587333,49.18267230220042
2022-12-22,116.40241241455078,117.89322196481712,113.67919484322329,116.48191649441804,23618100,117.2230725969587,42.2675382400492
2022-12-23,117.31678009033205,117.45592171588927,114.83209737302404,115.31909306247444,17796600,116.71903664725167,44.65287477206796
2022-12-27,116.16388702392578,117.87334999601642,115.33897810077517,117.20745682838697,21392300,116.8226819719587,54.07079433601834
2022-12-28,114.9115982055664,117.42609566518291,114.80227156970054,115.53773546153975,19612500,116.28172956194196,52.41635173627331
2022-12-29,119.52318572998048,120.28846471007256,115.0606898796964,115.68683480969476,22366200,117.10238538469589,56.451209805250684
2022-12-30,119.60267639160156,119.68218805357222,117.01860803875044,117.43604047277172,19583800,117.56382424490793,55.88546246720677
2023-01-03,123.97572326660156,125.59574120579911,121.53079645118066,122.06748881300229,35528500,118.2708947317941,62.25263536153863
2023-01-04,126.58960723876952,128.25931418865747,125.07891602653082,126.59954050930124,32397100,119.72620827811105,59.47009262665859
2023-01-05,126.1622543334961,127.73257565871369,123.7769573657536,125.35721196250984,25447100,120.98984745570591,57.2083094155794
2023-01-06,129.223388671875,129.5314869158771,125.26777027618073,128.17981885180623,27584500,122.85549054827008,69.95684850498426
2023-01-09,128.6767578125,132.13543212468863,128.48791948774445,130.3564058607352,26649100,124.82194192068917,65.67772077591893
2023-01-10,132.1751708984375,132.62241069903098,126.37094884760718,126.49020875035266,28684400,126.62936837332589,80.25499620820683
2023-01-11,132.07577514648438,133.0298998470803,129.5413961019086,130.15760764064044,25423000,128.41123962402344,78.13388817993038
2023-01-12,135.87240600585938,136.83644901635395,130.9527217450328,132.62243653523657,30757700,130.1107657296317,78.99420762421201
2023-01-13,136.14073181152344,136.54822341866293,134.01384400257325,134.14305235734915,22423800,131.47521209716797,86.96945577696644
2023-01-17,134.53067016601562,135.912153237651,133.4274703631053,135.34563826291023,21147600,132.6707000732422,81.42237322541766
2023-01-18,132.2050018310547,136.40908072853546,131.9863485394316,134.97790106165695,20215500,133.09664481026786,78.07933857720062
2023-01-19,135.31582641601562,136.60786457376756,131.3304004524365,131.67826212905086,28625200,134.04508318219865,83.5348239298955
2023-01-20,138.5160675048828,139.08258236292937,133.78523774574157,135.05739390223837,28688600,134.95092555454798,82.73381786872629
2023-01-23,142.39219665527344,142.87918474581332,137.810441270931,138.4365709823822,27470100,136.42470005580358,84.73192725134975
2023-01-24,142.26296997070312,144.1115742190211,140.4938773762727,140.82185726157238,21970200,137.33763776506697,82.01109529291416
2023-01-25,140.63304138183594,142.2928076122308,139.450329985463,140.35475813154815,26622000,137.9793962751116,75.4594862849143
2023-01-26,146.3975067138672,146.6062115666692,142.42201442110934,143.515265702438,25482100,139.6746586390904,80.73670989524412
2023-01-27,150.810302734375,152.25141563019716,146.4869488816092,147.33174704397013,35771900,142.33255876813615,81.49651176666507
2023-01-30,146.15896606445312,150.19408815910592,146.04963942401824,148.49457376224427,28040100,143.88157871791296,72.77904536348606
2023-01-31,148.05726623535156,148.96169433075357,146.6161533774126,147.04351150022737,29842100,145.2446071079799,71.59458368274883
2023-02-01,152.18182373046875,152.63901196764832,146.1589559817911,147.1230139722215,55661000,146.64312526157923,74.64067589957251
2023-02-02,187.6134185791016,195.95201280351327,179.05617107199924,182.25644348378052,150475700,153.12176077706474,85.71623882794162
2023-02-03,185.38714599609372,195.5644118824682,181.76944856034305,182.3458967715445,76809700,159.51520429338728,83.09953305581274
2023-02-06,184.9200134277344,189.53158367763865,184.38332866457824,185.38713496478644,42483800,165.01841953822546,84.39617266184653
2023-02-07,190.44595336914065,192.5927228461969,183.27018856984475,184.44296668177904,47080700,170.68065534319197,88.0915023417486
2023-02-08,182.3061370849609,189.6608071899517,181.79926725893336,188.8358906897342,36139100,175.84453691755022,78.83628838563779
2023-02-09,176.8298797607422,185.5063866778942,176.18386838628496,184.9895836444477,37118800,179.9549102783203,72.87289260516613
2023-02-10,173.08299255371094,177.793956459719,172.28790621396766,175.26952548390446,33433600,182.9407915387835,68.35035880487904
2023-02-13,178.3306427001953,179.89103074344655,174.74277537499464,177.12806474414688,31463200,181.61468069893974,70.3214332814579
2023-02-14,178.38034057617188,180.39790176538597,174.80240649861443,176.07456285934154,24034600,180.61370849609375,71.65335473745665
2023-02-15,176.07455444335938,177.09824247899408,174.25576492894933,175.3390829215648,25308900,179.3500714983259,67.72737191208952
2023-02-16,171.3834991455078,174.77261043892642,170.73747245836933,171.69159741485464,25827500,176.62686375209265,62.24853343914991
2023-02-17,171.8207550048828,172.118904748198,168.66023123806684,169.17704940197518,24171300,175.1289520263672,66.08522427405302
2023-02-21,171.02569580078125,177.07837972703155,170.82692420113463,173.242028709178,34592600,174.2997828892299,64.5988943216096
2023-02-22,170.07154846191406,171.70149962853893,168.65031730483764,170.02186694253015,22433200,173.86957659040178,61.84835469077904
2023-02-23,170.9859161376953,172.62581580091364,168.34222529947886,170.94616788766254,20017800,172.82032993861608,29.711337595746016
2023-02-24,169.3460235595703,169.67400347656468,166.63275445663348,167.60674577160847,19791300,171.5297132219587,30.142675216022624
2023-02-27,168.50123596191406,172.05930342190592,168.02418112795365,170.82691050373316,19277000,170.44781058175224,29.863452167836698
2023-02-28,173.8681640625,176.4621734828201,170.81696633944566,170.84678131948266,46051100,170.8027627127511,29.58882388526294
2023-03-01,172.35745239257812,176.76031763155478,171.98972423856208,173.520281972976,30998400,170.87943376813615,35.361178655063355
2023-03-02,173.4606475830078,173.9377023605151,170.3796353215737,171.32382677173115,17352000,171.22728402273995,44.310156095388884
2023-03-03,184.114990234375,185.4765915170855,175.96523391562997,177.82377174418224,45877700,173.23348999023438,65.10616834911592
2023-03-06,183.76710510253903,188.4979501201892,183.50870359123044,186.8481173591549,33209400,175.0593741280692,58.59788564081372
2023-03-07,183.3795166015625,189.19368018791036,182.88258006137207,187.8420121919804,36701500,177.0641588483538,57.822701416188174
2023-03-08,183.8366851806641,184.12490167034065,180.22892143280296,181.74954586952333,19432400,179.25493730817522,62.89202659407046
2023-03-09,180.5767974853516,187.7724286856444,179.19531454783962,185.2082495535252,26582800,180.21331351143974,66.0311591333853
2023-03-10,178.41014099121094,183.6379228006776,177.70449963708444,179.9009505264796,25665000,181.07798331124442,60.8368724987026
2023-03-13,179.7916259765625,182.6539851704362,173.74889126884975,176.8696519923319,24728000,181.98240879603796,64.14359559170374
2023-03-14,192.83126831054688,193.12943328165085,185.41696811178957,186.4307229474229,41642600,183.22759137834822,76.41899400375422
2023-03-15,196.5384063720703,196.5682213519748,189.670739581799,191.76781243844928,42123600,185.05206298828125,77.8547951403212
2023-03-16,203.6744079589844,204.4993244552846,194.88857335776035,197.04527617398145,50447100,187.95133318219865,83.41715305275783
2023-03-17,194.4114990234375,200.66295354922275,194.23259399666625,199.3311673628193,50141100,189.46202087402344,71.67078925827295
2023-03-20,196.59803771972656,198.13854407530096,192.45358866544325,197.26393088446127,25186300,191.75076947893416,70.07898554299558
2023-03-21,200.9213714599609,202.3028543380651,196.73715941265783,201.9549927182401,31827000,194.96665954589844,74.03812939792343
2023-03-22,198.5857696533203,206.09944740765943,198.4466280343621,201.2592905567942,28477800,197.6515372140067,70.71451359514182
2023-03-23,203.02838134765625,206.6063303216433,200.911426940939,201.59720175806143,27389700,199.10826764787947,67.37263049781689
2023-03-24,204.74778747558597,206.30817548842865,202.302868194646,203.9228710004608,27716400,200.28103637695312,68.79788368468544
2023-03-27,201.59719848632807,204.5986992343891,200.12627067213808,203.5551295368041,18527200,199.98429216657365,65.55233254897374
2023-03-28,199.4504547119141,199.7983163774809,196.68748859239096,198.92370316026185,19127300,200.70414297921317,62.955647660836476
2023-03-29,204.09185791015625,204.4595861236457,201.29906161307744,202.3128164748032,18851100,201.77468872070312,69.07449494918237
2023-03-30,206.5665740966797,206.81504236281756,201.57734223164755,202.1339087213484,22608300,202.58114624023438,72.72581722593446
2023-03-31,210.64144897460935,210.8700355215034,205.5031273130165,205.97024884273395,25440300,204.30338614327567,73.86223882562943
2023-04-03,211.76454162597656,212.18196649420364,206.92436947817563,207.56044763432632,17924600,205.55140904017858,67.95475349621157
2023-04-04,213.4044189453125,214.91511020236732,211.23776784654055,212.0825659910519,21026400,206.78807067871094,66.64703757910999
2023-04-05,210.1842803955078,213.87155629474375,208.65372248365333,212.8379197710264,19396600,208.0147966657366,56.96364640043507
2023-04-06,214.7759704589844,215.61082017465736,207.37160416327055,207.9679340546365,26104400,210.20415605817522,74.20272456240892
2023-04-10,213.4342193603516,214.33864739870955,209.3692825707619,213.3944711144591,16106100,211.53877912248885,70.41945742356144
2023-04-11,212.53977966308597,214.69648258351364,212.1024730496719,214.15978258875973,16710100,212.392094203404,65.3695106295367
2023-04-12,212.6888427734375,215.5114387294504,211.27754479543103,213.5236925353061,18972200,212.68457903180803,69.80190362089039
2023-04-13,218.99993896484372,219.79502529559008,214.368486778278,214.40823502869543,23310400,213.71820722307478,71.30740944607476
2023-04-14,220.1329345703125,220.74913097277255,216.21707255337955,216.5450524607433,21591200,214.67942374093192,70.85133707091406
2023-04-17,217.51904296875,219.6260488524338,215.7996469441457,218.4433375691326,15481900,215.7272469656808,71.89727072641301
2023-04-18,216.5550079345703,219.089387358378,214.885308415304,218.56263583156425,12281000,215.9813951764788,74.31484593740319
2023-04-19,214.3784027099609,215.9984205501588,211.62537025826165,212.1620701699351,15898100,216.11627851213728,65.72468625922463
2023-04-20,211.76454162597656,215.42198723251823,211.4663766728717,212.1720180577438,16475400,216.00553022112166,57.91229383914437
2023-04-21,211.58566284179688,212.10248114695284,208.2959450088894,208.92208997157255,17717200,215.84793308803015,51.630686849095625
2023-04-24,211.4862365722656,212.6093179553876,209.418994003684,212.3707829673363,15750900,214.77454703194755,49.50174099710804
2023-04-25,206.27835083007807,209.9656112863276,205.86092597646305,209.5283198910872,19198200,212.79532078334265,38.687257340465976
2023-04-26,208.1170196533203,212.79816859509984,207.60021656386388,211.19803230841,41992700,211.4521745954241,46.56764138084792
2023-04-27,237.09835815429688,240.2091857294334,235.31933202421376,238.42021116281657,71196500,214.3869389125279,70.47777556922365
2023-04-28,238.84759521484372,238.9569066992352,234.30558778209905,237.5456086902246,39554000,217.88253784179688,73.14033637380417
2023-05-01,241.6900634765625,242.50504673263123,235.01124991206828,237.158004373909,29143900,222.15761239188058,75.63363095325944
2023-05-02,237.7741851806641,243.4193766173221,237.5257169273189,241.69003211453244,24350100,225.8988298688616,70.68851000062166
2023-05-03,235.57774353027344,240.2688258521728,231.32396780596983,238.0027963603587,34463900,229.34047372000558,64.66760900704594
2023-05-04,232.08924865722656,236.7405674477833,231.5028520074018,234.6136796378168,17889400,233.02774483816964,60.155342976711495
2023-05-05,231.3537750244141,233.2421278158056,228.44173417085872,230.81709023237957,27000500,236.34728131975447,62.13813764605492
2023-05-08,231.84078979492188,234.17638255641504,228.85917039831745,230.00211843422892,16400500,235.59620012555803,63.52444641612679
2023-05-09,231.94012451171875,234.4347553115024,229.6641621385357,230.0418387108402,16865600,234.60941859654017,66.13108714914704
2023-05-10,231.6519317626953,235.29944402768132,229.30639076366376,234.7229958402169,19119000,233.17539978027344,69.08258804251128
2023-05-11,234.34532165527344,236.750507800914,230.8767143889087,231.62211918235204,20449000,232.68556213378906,70.8333088905519
2023-05-12,232.37745666503903,235.508165888842,230.03191564759817,235.2895126034221,16161400,232.22837829589844,68.49052694869238
2023-05-15,237.3965301513672,238.7879464303977,233.8881593086045,235.468413903782,20653200,232.98656136648995,77.63462890918775
2023-05-16,237.35675048828125,238.17171843948955,234.0769666471256,234.3453014305916,18163800,233.84412928989954,76.82348102855201
2023-05-17,241.0042724609375,242.34599192974844,236.6809187868498,236.98901699453307,21193100,235.1531982421875,56.69504984056042
2023-05-18,245.33755493164065,245.57607474469805,239.7122301391278,239.82155677521192,22943300,237.0671168736049,60.21905351352501
2023-05-19,244.1349639892578,247.1662796831928,241.91863143759,245.9537534056188,21733600,238.85040719168526,54.059363398262946
2023-05-22,246.79856872558597,252.01640235796663,243.6181627602761,243.9063944439659,27738500,240.6294424874442,65.63364391510665
2023-05-23,245.22824096679688,250.06839785063008,245.13878086697943,245.29780419410025,17748100,242.46526881626673,67.08902760432338
2023-05-24,247.68310546875,248.06076690925585,243.4491966382404,243.77717655928683,17724300,243.93477957589286,78.66273711513391
2023-05-25,251.1417694091797,254.0538100037508,247.64333222222092,251.84741074271471,22371400,245.90406799316406,83.06208756076623
2023-05-26,260.4345092773437,260.70284408879627,251.16167166021748,251.3803097848196,25727200,248.67981610979353,86.91300048457802
2023-05-30,260.9115600585937,267.0040071257697,259.6891155348495,263.6248445901685,23816500,250.90467398507252,87.03939534397362
2023-05-31,263.0980834960937,263.3763667458465,256.8665101905946,258.40700133554753,25473700,253.61369105747764,88.34215891403478
2023-06-01,270.9397277832031,272.3212259333044,264.2609297536013,264.2708478596671,25609500,257.0624280657087,89.64249124501737
2023-06-02,270.9397277832031,273.6629606673439,269.4588665888467,270.9894396359303,19416900,260.7354976109096,93.63465305746112
2023-06-05,269.72723388671875,273.88161614564507,267.9084291372205,268.6438855219357,20742900,263.8846588134765,90.03198666875744
2023-06-06,269.4588928222656,274.87551380789125,268.03766144833685,268.4849165134261,19419000,266.5013907296317,89.52526382790361
2023-06-07,261.9849548339844,272.5696972670213,261.1898381568145,270.0055180183233,26163600,266.72288295200894,73.60771825193784
2023-06-08,262.9589233398437,266.0101209420536,257.29386504297963,259.02319447783515,20899400,267.01536342075894,71.44932069245004
2023-06-09,263.32666015625,266.3082791185902,260.0965729470481,260.87179266403274,16949800,267.0480172293527,73.8454164933513
2023-06-12,269.3893127441406,270.08503610092856,263.7043569531895,265.5331102915003,15442500,266.8265293666295,75.8825098695723
2023-06-13,269.6575927734375,274.0306273094641,267.4412453674278,273.19577774327115,16164000,266.6433672223772,78.84977305834602
2023-06-14,271.6752014160156,273.3051374289,266.6760212405072,270.22415527089936,19175100,266.92164829799106,78.62906426866653
2023-06-15,280.1032409667969,282.2500104912735,269.75704874068026,270.6316315864153,25973500,268.4422694614955,80.89486118449517
2023-06-16,279.2783203125,286.086356606878,278.4136556327555,283.00534416008674,43127700,270.9127502441406,74.53416889437034
2023-06-20,282.5879211425781,283.05504270613227,274.5276249753558,277.022256126528,20701600,273.7168927873884,76.28345790041988
2023-06-21,279.9144287109375,282.2599546202207,276.6544958923145,281.7928330595618,20556200,276.0865740094866,70.15250480920446
2023-06-22,283.1345520019531,283.5122286040647,276.08799589967447,277.3700702629299,17563100,278.0501796177455,66.43454313944193
2023-06-23,286.9610290527344,287.89527231680154,277.24095006179635,279.78526310801215,51092000,280.52209908621654,69.57269979226288
2023-06-26,276.7638244628906,288.0144744656378,275.8991597778569,286.9311565003175,24232700,281.2490452357701,57.048942574543155
2023-06-27,285.291259765625,287.57718608230954,278.9304780242329,280.2821612052411,26108300,281.9901907784598,63.60835878148931
2023-06-28,283.54205322265625,287.77593182512726,282.31957844224354,283.07493167215046,16722100,282.5992954799107,70.55141614418923
2023-06-29,279.8050842285156,284.8142129946825,278.9702344892543,282.7568884601105,15395700,282.20174734933033,65.25650968181648
2023-06-30,285.2217102050781,287.2790044495299,282.6773975218588,283.0153107326895,19694900,282.9599304199219,68.16756180506493
2023-07-03,284.2675476074219,287.62684323655463,283.1047331700127,284.9434043059661,8629300,283.12178693498885,63.48884437459882
2023-07-05,292.56640625,296.2934302050085,284.6054733763103,285.8875781094008,33865500,283.9225551060268,68.1295905049785
2023-07-06,290.20098876953125,296.29343555760886,289.5251623594911,294.077118017242,47600500,285.84215000697543,64.58068225870838
2023-07-07,288.7499694824219,294.38524367476765,286.89143151632925,290.3898541389388,25586000,286.3362513950893,57.64500183478317
2023-07-10,292.2980651855469,296.30337229687683,285.2912421018023,293.7391628856008,37058300,287.5871102469308,60.982550186298496
2023-07-11,296.46240234375,298.34080664753265,290.1115389577166,292.09928506956203,27585900,289.9667271205357,61.537180997411085
2023-07-12,307.4447021484375,307.5540439617173,298.26132437934064,299.9012089337365,36677100,293.14144025530135,70.11322652796952
2023-07-13,311.48974609375,314.3023933881679,308.38886713165334,311.6984509348841,30281000,297.0303257533482,70.4691764902858
2023-07-14,306.9775085449219,312.9506942002078,305.4767508052321,309.8796306711696,23054100,299.0890546526228,64.30792736398197
2023-07-17,308.7168273925781,309.8001453263646,302.8430343041564,305.6557118882692,25323100,301.7341744559152,75.9818416249036
2023-07-18,310.1380615234375,312.27491276551416,305.7352113559145,308.9752470835531,20731900,304.7896161760603,72.84350551770345
2023-07-19,314.0738525390625,316.7274767689664,308.6174685170369,311.1120997395896,21763700,307.9004429408482,76.98518448189922
2023-07-20,300.6664733886719,313.6067203081429,300.36832359676674,311.57921073138994,23836900,308.5010245186942,65.74638857612507
2023-07-21,292.4570617675781,303.5884205252872,289.41581298995766,302.7038893783664,42139300,306.3599330357143,55.24038006724648
2023-07-24,289.8233337402344,295.6971276766955,286.533616051222,293.96779810729123,24915700,303.26473127092635,53.928339926168306
2023-07-25,292.66583251953125,296.47235340133284,290.0718077833452,293.38142241255474,19585600,301.220206124442,50.07617959116485
2023-07-26,296.7406921386719,299.9210677894929,290.1115453638224,299.3446347497926,47256900,299.5093296595982,54.88276203379264
2023-07-27,309.8001708984375,323.3566143393983,307.94163308198955,323.128012610784,64229200,299.4610595703125,63.39485212071452
2023-07-28,323.4858093261719,324.20139913117765,312.3246041214481,314.9384950804358,39220300,300.80562482561385,67.57783743544795
2023-07-31,316.64794921875,323.66469029091354,315.64412776599033,321.7067592345927,25799600,303.0886928013393,61.04401912533452
2023-08-01,320.7327575683594,322.1540190549493,312.7320917953881,315.5944509795889,22817900,307.1280779157366,57.863751537359875
2023-08-02,312.3842468261719,316.4392659968909,308.7466676964914,316.0516409351694,20461100,310.351065499442,50.503701417499066
2023-08-03,311.2711181640625,314.01421762187664,308.03108215696903,308.03108215696903,15180200,313.0089634486607,52.514010004363556
2023-08-04,308.826171875,316.4591093262651,308.2994203919709,313.0302353033232,17612800,314.73546055385043,50.06349907365432
2023-08-07,314.6204833984375,315.1273684130836,308.55785108916643,311.3108991390347,16236500,315.42407662527904,52.47723300089928
2023-08-08,310.7245178222656,315.9423518874325,308.2099896220552,312.4737139507315,15183500,313.60103498186385,48.148158147034394
2023-08-09,303.3399963378906,311.7084210744375,300.9944704116668,310.96301625931727,19955800,311.6998988560268,51.58365920252674
2023-08-10,303.86676025390625,310.4263289606165,302.0082223586352,306.05329326634325,14358900,309.2904706682478,57.43525452123566
2023-08-11,299.7918701171875,302.85298565091904,298.5196835435255,300.7161647396788,14046300,307.49155970982144,56.37633885957566
2023-08-14,304.3139953613281,304.3338619035578,296.4226408204972,299.13592519949583,15641900,306.49768502371654,57.29397776302497
2023-08-15,300.0999755859375,305.34762400687663,298.1917260098696,304.2643060364655,11623600,305.25108555385043,52.09989420121152
2023-08-16,292.4869079589844,299.2352841208073,292.4769595227071,298.36070131576014,18547700,302.08914620535717,38.38668274279491
2023-08-17,283.34332275390625,294.2361651409666,283.204196270059,291.25454537464464,23950100,298.1775469098772,21.326182766704264
2023-08-18,281.5145263671875,283.9395789060304,272.6988777377284,277.3203811071162,35347900,295.0596226283482,22.969899144148073
2023-08-21,288.1238098144531,288.7201397492464,280.1231433753286,281.7133464245771,20181500,292.81062970842635,25.850202685354944
2023-08-22,285.8379211425781,291.1054366525672,284.9931229074211,290.75757498743184,12980200,290.8172084263393,28.400515286774763
2023-08-23,292.4372253417969,295.577868128935,285.907501811139,286.7324031784581,18287000,289.1205269949777,35.93172630524113
2023-08-24,284.9931030273437,297.6252212635556,284.8837915482528,296.67111160823754,18360900,286.96240234375,33.434681531634695
2023-08-25,283.7507629394531,286.62307068516355,274.3387837050851,284.3769078296585,23701400,285.7143816266741,27.094405453472532
2023-08-28,288.4815979003906,289.66430924281576,284.0489023100417,286.235435127281,14239300,286.4484209333147,33.69754560444625
2023-08-29,296.16424560546875,297.3171420810114,286.41435258373576,286.81189577136405,20844500,288.5412379673549,44.76357648605663
2023-08-30,293.2919616699219,296.4624193263805,291.63218022598824,295.3492862928779,17717000,289.27954537527904,42.53858129364418
2023-08-31,294.0771179199219,299.25518813400873,293.84851619427843,293.98764265248815,17229900,290.4565734863281,45.77145187506182
2023-09-01,294.5640869140625,299.8912316773539,292.66578582943225,297.5357575016883,12842300,290.76041085379467,42.327534325989674
2023-09-05,298.3109741210937,299.5433972627484,293.699419184796,295.2001467861527,14956000,292.6629638671875,48.58175966122095
2023-09-06,297.3370056152344,301.44167572223057,293.84850159896115,299.8614212554446,15418100,294.6038556780134,54.2972886155164
2023-09-07,296.840087890625,305.16871887218565,290.4295943547749,296.1741795776544,33748700,295.7979256766183,64.12226854477368
2023-09-08,296.0647888183594,303.3796782126488,294.9615742165877,297.3866263230968,17548000,295.7837175641741,65.56780431930552
2023-09-11,305.6755676269531,307.1465105386814,299.43404660082416,299.563254939566,19489300,297.5528041294643,67.64584601488409
2023-09-12,299.8117370605469,306.76884815895613,298.3905059297866,304.4531070510654,13480400,298.37203543526783,63.10585686923054
2023-09-13,303.19091796875,305.2979240357972,299.4738423723781,300.5074485328093,13210900,299.6044398716518,60.73410995199799
2023-09-14,309.81011962890625,310.95306761186254,303.1611062560932,304.86062074084737,19343100,301.24717494419644,75.18660668823162
2023-09-15,298.4700622558594,310.0884425456361,296.91962246957945,309.7008174337644,28131100,301.40904017857144,62.39749336842757
2023-09-18,300.6963195800781,301.73990462126875,295.97542195775617,296.3630470580676,14234200,301.9599304199219,60.74115620152753
2023-09-19,303.2008361816406,304.2941025217708,297.9730546201246,300.6267088125045,15924400,302.97936575753346,56.8076750243432
2023-09-20,297.833984375,306.1725644483094,297.5954341908518,303.1809965191414,19379500,301.859139578683,54.191923886133395
2023-09-21,293.9180603027344,298.4203035818118,291.4731109920652,293.88824532726744,21319600,301.0171857561384,49.861222350976455
2023-09-22,297.24755859375,303.5089774314611,296.44252379513864,297.4662118927926,25369600,300.1681344168527,52.23068055899437
2023-09-25,298.98681640625,299.10610665000064,291.9005270346035,293.8286431788266,18987000,298.6219482421875,50.58120431538829
2023-09-26,297.1282958984375,298.46008222359,294.19638842796746,295.83627299017616,19417200,298.4302673339844,49.823205545332954
2023-09-27,295.9157409667969,299.4539264640221,285.0328496808238,298.60915866807244,36429800,297.74732753208707,49.22638084977807
2023-09-28,302.09765625,304.45313062279126,294.8821582340951,297.1084242521594,22167100,297.5897303989955,54.63010023042175
2023-09-29,298.37060546875,308.73672393193715,297.52580735084314,305.4966882392906,25373700,297.6663905552455,43.8369954834826
2023-10-02,304.94012451171875,305.2979042369889,299.7819211582257,300.8851056417394,16265600,299.24097115652904,54.27577226074712
2023-10-03,299.09619140625,304.89045858764183,297.8041684295861,302.3958575791046,17362300,299.5050615583147,46.72081146816614
2023-10-04,303.7077331542969,305.019652945519,296.67112484514263,296.8997265806224,16880500,300.17947823660717,44.95064605812377
2023-10-05,302.922607421875,304.3338903169166,297.665009939064,302.76358407739394,19130000,301.00723702566967,54.46393113293735
2023-10-06,313.49737548828125,314.37198864360715,299.06634941720114,299.59310093157706,21803900,303.5188991001674,60.99350817833246
2023-10-09,316.4093933105469,318.36732433122893,309.9094857370149,310.5853120967943,22503700,305.5634329659598,61.26462544595963
2023-10-10,319.8681030273437,322.67083234497045,316.21065743403454,317.16476708215896,19038000,308.63450404575894,69.4234730002819
2023-10-11,325.8114624023437,326.8252019690386,320.9713056224866,321.03093557755113,22036300,311.61612374441967,77.14435024183823
2023-10-12,322.17388916015625,328.51480402545536,320.7128945741685,325.99035800443886,20530500,314.9129377092634,71.10403267563831
2023-10-13,312.7619323730469,323.05844326558616,310.4561394714202,321.547767052762,21341000,316.2063947405134,60.3217564019481
2023-10-16,319.1823425292969,319.84825085704006,313.58683207904073,316.68774165332815,16536100,318.52921404157365,65.46774569839197
2023-10-17,322.0148620605469,322.4124052068477,315.3559006202656,316.2305137404862,16387800,319.7459978376116,67.8980782946749
2023-10-18,315.0279541015625,323.94299691938124,313.6265894069877,319.4208864985658,16851000,319.5486493791853,58.770419117153935
2023-10-19,310.8934326171875,319.91781707841454,309.839929589378,317.92012250181403,18709200,318.2665536063058,58.4473443898326
2023-10-20,306.7589111328125,313.36816085601043,304.59227516092113,312.21529480774785,22312300,315.54476056780135,51.26854565299941
2023-10-23,312.0860900878906,315.415540583069,305.3774469154465,307.6037128698438,17796800,314.1036464146205,59.125822475971596
2023-10-24,310.635009765625,316.39949165621766,308.72679049402075,314.83910368776947,19525500,313.79980032784596,55.09278807559816
2023-10-25,297.6947937011719,308.975258894185,297.00901886965295,308.10064575656094,42192500,310.7301504952567,46.73937167070632
2023-10-26,286.58331298828125,293.19256300342494,277.68813665644586,293.19256300342494,66684100,305.6685006277902,33.32512749304392
2023-10-27,294.9119567871094,297.4761358736204,291.1749844672782,292.6757424568994,29596300,302.79478672572543,37.51877248002266
2023-10-30,300.8056335449219,307.50432847654946,297.21773591231505,297.2574993285472,28435100,301.35367257254467,39.23681626776223
2023-10-31,299.4241027832031,301.8193403128151,295.0411192868356,301.4516121618608,19434200,300.3058428083147,34.29178307113037
2023-11-01,309.9393615722656,310.8238929428901,300.0006296336366,300.0006296336366,20434600,299.9991673060826,43.26810797195751
2023-11-02,308.9653015136719,316.8666041712566,306.4408555450822,315.3558977661489,21631800,299.76063755580356,47.697113654571496
2023-11-03,312.6725158691406,313.6166772140492,309.1144328156786,310.6350576037216,16764300,301.9003121512277,45.91700718084882
2023-11-06,313.8651428222656,316.37964079217926,312.5234382736112,314.04406304860873,12887700,305.79771641322543,44.78110135275104
2023-11-07,316.8666381835937,319.03327432489834,313.1892954750228,315.1174117712226,14055600,308.93409946986606,51.24078626102598
2023-11-08,317.8207397460937,319.3612309239011,312.9507676062576,316.1908036286654,13609700,311.36482892717635,54.884364456379494
2023-11-09,318.5860290527344,322.19379347356534,316.84675102411575,317.46297786053185,16103100,314.1022469656808,58.755140002810315
2023-11-10,326.75567626953125,327.0836714058754,317.50271933920914,317.979789387254,19096200,316.50457763671875,60.420764830674734
2023-11-13,327.17303466796875,330.2937799192933,323.7044278224578,324.2013642911256,16908900,319.1056823730469,61.92314699020394
2023-11-14,334.2494506835937,336.0284919764558,331.28769800766355,332.49030626377095,17179400,322.1881016322545,78.78827206870211
2023-11-15,330.6715087890625,336.32664912339567,327.9979877383243,335.8595275557417,14531200,324.5890110560826,89.39593420821565
2023-11-16,332.1424560546875,332.5300507945053,324.3803095154677,327.3519803996048,18932600,326.7712707519531,87.91481257486043
2023-11-17,332.9872436523437,333.44441677442944,327.33210342724755,328.236531565473,14494400,328.9379141671317,86.52960016960117
2023-11-20,337.8870544433594,339.7754073534348,332.142468876367,332.83819221036384,16960500,331.69520350864957,90.43032731668082
2023-11-21,334.91534423828125,337.8174364978858,333.8419443818045,336.2570485629804,12027900,332.8608703613281,81.20171987980065
2023-11-22,339.397705078125,340.8189666199393,336.505530803819,337.1316756910171,10702700,334.6072518484933,84.95429553288704
2023-11-24,336.15771484375,339.7654487760529,334.70663825678906,338.04606769746846,5467500,334.8798610142299,77.26748005331878
2023-11-27,332.6493225097656,337.8174441798354,332.1523859839552,334.1202352145816,15684500,335.1624058314732,70.69642640986677
2023-11-28,336.9129943847656,337.3006194086436,331.35724802335693,331.35724802335693,12637200,335.84391130719865,71.48940151624703
2023-11-29,330.1646728515625,337.8174779149077,328.75335963186114,337.60877304579327,16024500,335.44068690708707,61.7703306398859
2023-11-30,325.1455993652344,331.4567000194309,320.42470183872075,329.8565787849226,23146400,333.62047903878346,55.78543005288454
2023-12-01,322.8298645019531,324.8573437683303,318.7947421813911,323.4858243812868,15276400,331.89398193359375,46.13878765358134
2023-12-04,318.0592041015625,318.8940537229913,311.7381868262037,315.34595041456754,19037100,328.8456246512277,41.74319586830783
2023-12-05,316.3398132324219,319.9078132969703,313.45758789401776,317.0255879585662,16952100,326.0144958496094,32.03026968236679
2023-12-06,315.5050048828125,320.2755832851544,315.0975133016453,319.9575366368389,11294300,323.5653076171875,33.89614227554286
2023-12-07,324.5889892578125,326.2288736913434,315.82302185306463,315.82302185306463,15905100,321.8047354561942,43.09589187826151
2023-12-08,330.7112731933594,331.1287132397736,321.0210104927275,321.1104554318306,14087400,321.882821219308,48.1027316654719
2023-12-11,323.2870178222656,327.86878826016766,318.03936943973395,327.3817698509065,25802500,321.6173095703125,38.320837515965614
2023-12-12,332.1722412109375,332.420709465379,322.5714242196474,322.6111876329253,18485500,322.9519348144531,47.99533972129321
2023-12-13,332.6890869140625,336.2968512839871,330.60197757365114,331.88405209290926,16353300,325.0419180733817,44.795699209842496
2023-12-14,331.1286926269531,332.64931715824605,326.6264489887644,331.8045190118393,19607300,327.1546151297433,45.99428181669241
2023-12-15,332.86798095703125,336.5850565219528,329.1906384767599,329.9559098193617,31776900,329.6350402832031,50.17921666932635
2023-12-18,342.5085144042969,345.43050350190754,334.9550734059196,335.4122768319549,18993900,332.1949724469866,54.2147128081259
2023-12-19,348.2133178710937,351.43348690631245,343.0054332341169,343.4626063059914,17729400,334.6952645438058,63.81190412578957
2023-12-20,347.1399841308594,352.7851758802444,345.6591229646782,346.5138392448475,16369900,338.1028311593192,67.91320479718925
2023-12-21,351.9205017089844,354.2262944451578,347.0703964124121,350.8173171913434,15289600,340.92401123046875,72.77819621457019
2023-12-22,351.2248229980469,355.011477013926,349.06810506469606,353.401377143422,11772800,343.5719735281808,77.73910557630123
2023-12-26,352.6559753417969,354.7928267507616,351.2844559546684,352.8149986759421,9898600,346.64729963030135,80.52132117960272
2023-12-27,355.6375427246094,356.8003874162468,353.13299382109176,353.88834696542364,13207900,349.9000941685268,82.55404579132254
2023-12-28,356.1246337890625,359.6826863146204,355.6177487776216,357.4961835866546,11798800,351.84525408063615,79.72650784299292
2023-12-29,351.7912902832031,357.79429189534807,349.66441776440286,356.7904704261837,14987100,352.3563929966518,70.56425395298106
