Date,Close,High,Low,Open,Volume,SMA_7,RSI_14
2009-01-02,0.1996518075466156,0.2010271316958424,0.1842939825027181,0.1849816377460025,497124000,,
2009-01-05,0.2033193558454513,0.2079037787624895,0.1959842709805954,0.1973595951231753,705736000,,
2009-01-06,0.2101960331201553,0.2161557950587659,0.204694721764409,0.2092791456170875,657904000,,
2009-01-07,0.1975888311862945,0.2053823672366136,0.190482964100021,0.2053823672366136,870096000,,
2009-01-08,0.1925458908081054,0.1950673336967166,0.1806263860794806,0.1950673336967166,1014496000,,
2009-01-09,0.1817725598812103,0.1925459632261186,0.18131412299958,0.1925459632261186,761352000,,
2009-01-12,0.1744374483823776,0.1826894203346701,0.1719160185803583,0.1817725330441201,645532000,0.19421598953860145,
2009-01-13,0.1753543615341186,0.1820017919553022,0.1652686271759436,0.1684777263348165,1824424000,0.19074492582253044,
2009-01-14,0.1675608456134796,0.171228381800654,0.1650394153387134,0.1691653884257871,974908000,0.185636567217963,
2009-01-15,0.1735205948352813,0.1762712433625946,0.1650394034945237,0.1684777209849949,998204000,0.18039721889155244,
2009-01-16,0.1831477880477905,0.1847523298341761,0.1726036094653084,0.1783341353633306,831324000,0.17833421272890906,
2009-01-20,0.1652686446905136,0.1833771356962726,0.1638933065747721,0.1826894666384019,705788000,0.1744374632835388,
2009-01-21,0.1732913553714752,0.1744374611529044,0.1622887344046909,0.168477713822004,648472000,0.1732258626392909,
2009-01-22,0.1700822860002517,0.1746667235851064,0.1638933055076937,0.1677900740391549,547656000,0.17260369658470148,35.17240307440824
2009-01-23,0.1767297238111496,0.1820018169874579,0.1650394314343495,0.1652686499066539,633616000,0.1728001769099916,39.22414547969269
2009-01-26,0.1826894134283065,0.1879615049026705,0.1746666738489352,0.1776465403522503,581748000,0.17496140088353831,40.50629890677047
2009-01-27,0.1934628337621688,0.194838171612308,0.184981642891164,0.1856693118162336,725300000,0.177810292158808,42.56615644524705
2009-01-28,0.2014856189489364,0.204694718324413,0.1939213142540745,0.2003395130050277,723752000,0.1804299822875431,51.80468650258272
2009-01-29,0.1897953450679779,0.1971304319897608,0.1888784574949223,0.1948382198884528,413128000,0.18393379662718085,48.80004472545206
2009-01-30,0.1822309792041778,0.1934628175063848,0.1799387678634277,0.1884199580217975,506760000,0.18521088574613837,50.20575118846658
2009-02-02,0.1920874565839767,0.1941504491274141,0.1785633958728486,0.1794802829657824,577992000,0.18835448154381337,57.74648126817963
2009-02-03,0.1943797767162323,0.1959843334462069,0.1872739079998603,0.1925460014998791,396948000,0.1908759176731109,58.25052910955542
2009-02-04,0.1998810172080993,0.2097375452234645,0.194838157660879,0.194838157660879,779232000,0.19333186107022418,64.30021720279925
2009-02-05,0.2145511955022812,0.2168434069691074,0.1925459408279641,0.1946089338806394,919192000,0.19634448417595451,66.85501398525976
2009-02-06,0.2262414842844009,0.2276168084281425,0.2115713145422975,0.2152388638091524,1157880000,0.19988103636673518,67.40745868242422
2009-02-09,0.2232616096735,0.2285337016334557,0.2170726440358637,0.2253246027735983,716128000,0.20466193131038118,76.63156431072218
2009-02-10,0.2136343270540237,0.2260122864634602,0.2095083405842115,0.2230324058283004,1129664000,0.20914812386035916,68.25726552406813
2009-02-11,0.1868154257535934,0.2037778082374811,0.1801680092835993,0.19667194124317,1983400000,0.20839497659887582,56.23930706443833
2009-02-12,0.1907121986150741,0.1918583044612454,0.1801680139001705,0.1826894440292155,1024020000,0.20787103687013894,55.322850110808076
2009-02-13,0.190482959151268,0.1927751844176481,0.1849816485698052,0.1863569864621651,764304000,0.20652845714773446,53.102194673309185
2009-02-17,0.1794803589582443,0.1877323326259016,0.1787926899317193,0.1833771273374514,779576000,0.20151833764144347,44.444458916912616
2009-02-18,0.1842939853668213,0.190253732547863,0.1792511118577411,0.1794803302757315,646252000,0.19552583779607494,42.99064216819117
2009-02-19,0.1700822860002517,0.1895661149948967,0.1700822860002517,0.1879615584245323,743988000,0.1879287915570395,42.124533620129334
2009-02-20,0.1744374483823776,0.1771881102540276,0.1661854900927427,0.167790032604212,770056000,0.18232923746109006,46.80450679924021
2009-02-23,0.1664146929979324,0.1783341993394471,0.1652685874071708,0.1774173121343065,679548000,0.1794148470674242,39.31298458075456
2009-02-24,0.181314155459404,0.181543373941255,0.1671024183073691,0.1673316504518823,659524000,0.17807226947375704,45.077715727850745
2009-02-25,0.1833771020174026,0.1888784124820196,0.1746666926432042,0.1808556583767367,702360000,0.17705714702606198,43.61702728493353
2009-02-26,0.1893368512392044,0.1957550491231551,0.1870446396610304,0.1897953017524344,1117556000,0.17846521735191345,39.543722053454694
2009-02-27,0.1897953450679779,0.1941505507929956,0.1831479272416521,0.1845232517699045,755444000,0.17925112588065012,33.3333560474309
2009-03-02,0.1737498342990875,0.1891076624796658,0.1730621652526956,0.1852109076505408,700064000,0.17977506135191237,29.77529601345543
2009-03-03,0.1806264072656631,0.1875030543489561,0.1712283306606679,0.1769588721738547,1041372000,0.18065919833523883,36.20687164453457
2009-03-04,0.1939213126897812,0.1994226239086981,0.1838355640695497,0.1854401205756749,1108668000,0.18458871543407437,53.34774361400854
2009-03-05,0.1893368512392044,0.1989641480651304,0.1884199775380617,0.1911706259668071,955252000,0.18573481483118873,49.35621437479601
2009-03-06,0.1923167556524276,0.1991934049040741,0.1868154444487067,0.1893368747654695,974756000,0.18701190820762087,50.836831464384304
2009-03-09,0.190253734588623,0.2053823552781409,0.1897952977477248,0.1909414035126288,682768000,0.1871428915432521,55.35305607881712
2009-03-10,0.2074453234672546,0.2111128726460445,0.1952965975534926,0.1971303721428876,1254800000,0.18966431702886302,60.243389787597614
2009-03-11,0.2131758481264114,0.2716272751494065,0.2040069895955156,0.2074453064211053,864916000,0.19529660471848073,70.61398594180847
2009-03-12,0.225783035159111,0.2280752464947109,0.2097375421472541,0.2124881902849111,1604604000,0.2017475515604019,72.76419326716473
2009-03-13,0.2246369272470474,0.2278460258173578,0.2189063853026419,0.2225739343330866,1195156000,0.2061354964971542,77.48913795660474
2009-03-16,0.2159265130758285,0.2271583653165063,0.2140927521557923,0.226929146909334,699344000,0.20993401961667194,67.35627102848707
2009-03-17,0.2266999334096908,0.2271583702339596,0.2138635383782708,0.2166141866491991,1005384000,0.21484590215342383,69.9788264760582
2009-03-18,0.2338058352470398,0.2404532662331048,0.2230324309883747,0.2232616494486312,1359560000,0.22106763081891193,70.29286745450996
2009-03-19,0.2310551404953003,0.2354103313629183,0.2294505979296155,0.2354103313629183,822648000,0.2244404618229185,68.44256922912149
2009-03-20,0.2184479832649231,0.2347227107675292,0.2124882219734533,0.2344934786696578,1093672000,0.225193623985563,70.61307013623293
2009-03-23,0.2342641800642013,0.2347226441297862,0.2202816955339796,0.2253245543276152,816048000,0.22640521611486158,72.85152252489716
2009-03-24,0.2241784781217575,0.230596688963252,0.2230323724585835,0.2285336823743502,1114868000,0.22633972338267733,63.25298310974425
2009-03-25,0.2278459966182708,0.2383901645728924,0.2191355756185577,0.2310550947773266,1243852000,0.22804250674588336,67.00403140110762
2009-03-26,0.2420576959848404,0.2425161326910896,0.2289920859048821,0.2315135151145622,1333664000,0.23023647282804757,69.98155599144152
2009-03-27,0.2397656291723251,0.2454961597564454,0.236098078668358,0.2395363970188302,731892000,0.2310878719602312,69.85301173403803
2009-03-30,0.2244077026844024,0.2335765755668987,0.2211986040068575,0.2305966952957518,780052000,0.2301382379872458,56.90299186286651
2009-03-31,0.2260122448205948,0.2315135545458389,0.2244076887501261,0.2278460192832284,805272000,0.23121884678091317,55.40541151069856
2009-04-01,0.2317427992820739,0.2338057785871061,0.214780405068483,0.2232615953439497,887920000,0.23085864952632357,52.66394122335361
2009-04-02,0.2425162196159362,0.2468714381996134,0.2370149225185025,0.2404532400357282,1002860000,0.2334783268826348,57.35850778419226
2009-04-03,0.2594786286354065,0.2601662976733663,0.2386194893274469,0.2427454762298844,1003208000,0.2379972743136542,66.78448464283225
2009-04-06,0.260166198015213,0.2624584090468202,0.2516850226633286,0.2551233392107394,887288000,0.24058420317513599,63.98467409092705
2009-04-07,0.2512266337871551,0.2578740641635325,0.2496220910498637,0.2551234155674159,607804000,0.24222148954868314,57.1698187727098
2009-04-08,0.2615415453910827,0.2622292141914645,0.2519142368363614,0.2539772432375068,731652000,0.247526324221066,61.81174442715772
2009-04-09,0.2759825587272644,0.2768994325027983,0.2661260426763363,0.2681890223339475,904412000,0.2546649404934474,71.97904036522816
2009-04-13,0.2670429050922394,0.2727734615841753,0.2610831711541483,0.2725442294873832,767628000,0.2597078127520425,63.21631641539314
2009-04-14,0.2686474919319153,0.2750656904652607,0.2622292933985699,0.2633753993036201,711960000,0.26344085165432524,69.24608356985723
2009-04-15,0.2610831260681152,0.2622292317035195,0.2500804791778573,0.2592493515864056,1045368000,0.2636700655732836,63.91556577712093
2009-04-16,0.2677305340766907,0.2709396463259659,0.2558110406551461,0.2658967595521497,1038772000,0.26475068501063753,61.47543353043911
2009-04-17,0.2695643305778503,0.2720857741703227,0.2613123582073194,0.2677305559038083,695764000,0.26737035598073683,63.374434844743355
2009-04-20,0.2532897293567657,0.261541705357881,0.2519143909148036,0.2592494928381633,590660000,0.2661915251186916,62.857211086876895
2009-04-21,0.2526018917560577,0.2631460732483353,0.2461836955140327,0.2498512440309928,932184000,0.26285142983709064,61.934130644815845
2009-04-22,0.260166198015213,0.2707103796907304,0.2461836997922848,0.2503096851142399,916404000,0.26186904311180115,62.55057505478937
2009-04-23,0.2560402154922485,0.2649798550084298,0.2480174767939201,0.2626876439517645,753952000,0.26006800362042015,56.34405144694533
2009-04-24,0.2620000541210174,0.2638338289840031,0.2523727429216724,0.258561736499914,759508000,0.2601989933422633,51.31893811490293
2009-04-27,0.2526018917560577,0.2658967209734001,0.2509973495268791,0.2585616512647903,787024000,0.25803775872503004,46.37363648468935
2009-04-28,0.2532897293567657,0.2585618236171822,0.247100733693265,0.2493929735383113,634392000,0.2557128156934465,51.07403329866274
2009-04-29,0.2493928670883178,0.2555818327848131,0.246412986619541,0.2544357270141541,859668000,0.25515612108366825,43.22258939574205
2009-04-30,0.263146162033081,0.2704812342165227,0.2521435400952587,0.254206519753773,1110276000,0.2566624454089573,42.78355731797463
2009-05-01,0.2675013840198517,0.2736903503956243,0.262229291431112,0.2624584962152103,840548000,0.2577103291239057,50.271758523544285
2009-05-04,0.2819422483444214,0.2840052274759399,0.26841818598957,0.2720857348070615,927704000,0.26141061953135897,56.83954337832333
2009-05-05,0.270481139421463,0.2775870043332005,0.264750612016936,0.2757532300986898,837076000,0.26262220314570833,54.64847206052266
2009-05-06,0.2649798393249511,0.2759824572107898,0.2597077487416003,0.2734610142675713,935088000,0.26439048136983595,48.62384090003648
2009-05-07,0.2459545880556106,0.2709397442408888,0.2425162698265153,0.2709397442408888,1289196000,0.26334260404109955,39.92177723227424
2009-05-08,0.212029755115509,0.2406824106937945,0.2088206564884272,0.2406824106937945,2930564000,0.25800501661641256,34.69389108860324
2009-05-11,0.2161557227373123,0.2214278138690188,0.2067576460536044,0.2085914204461953,1038596000,0.251292096717017,36.81596378895161
2009-05-12,0.2058407515287399,0.2209693555723487,0.2017147661236365,0.2209693555723487,1201384000,0.24248343493257246,30.731762179696375
2009-05-13,0.1925458908081054,0.205611514635061,0.1909413486632206,0.2044654091993848,1305608000,0.22971252671309877,28.855013274446094
2009-05-14,0.1952966004610061,0.1994225865172424,0.1909413959933474,0.1923167201245402,1017864000,0.21897187829017636,27.301133859931923
2009-05-15,0.2003394812345504,0.2072161158074841,0.1943797203412145,0.1966719318655258,780308000,0.20973754142011908,31.672082399545744
2009-05-18,0.2124881893396377,0.2138635270650052,0.2049238865007455,0.2053823369634204,938320000,0.20495662731783723,36.75591456401746
2009-05-19,0.216614231467247,0.2191356618477314,0.2104252510831552,0.2138635826272023,859768000,0.2056115525109427,39.3759375044977
2009-05-20,0.2230324000120163,0.2349519085791569,0.2195940825977243,0.2205109699740673,1309436000,0.20659393497875755,36.34944548198777
2009-05-21,0.2216570675373077,0.2246369479839614,0.2154680882241019,0.2202817433552592,965600000,0.20885340869426725,34.07641597832303
2009-05-22,0.2250953614711761,0.2283044600047993,0.2175310587606826,0.2216570445414349,718260000,0.2135033330747059,28.620699935821705
2009-05-26,0.2372441291809082,0.2390779040030993,0.2207401967691659,0.2230324084655752,865540000,0.21949583717754906,37.56435819765158
2009-05-27,0.2377025783061981,0.2448084458614271,0.2338058236865293,0.236098035501078,814152000,0.22483342247349875,39.39397521085791
2009-05-28,0.2409115433692932,0.2429745218059945,0.2305965965351795,0.2413699799857487,995288000,0.2288939016205924,47.76415096957286
2009-05-29,0.2390780001878738,0.2415994449984677,0.2308260238307753,0.2411410079398133,834232000,0.23210301143782477,66.7614945399792
2009-06-01,0.2507681548595428,0.2521434925896422,0.2409116406613364,0.2418285142645262,1022764000,0.23606526213032855,69.61047706255641
2009-06-02,0.2487052679061889,0.2562695735788878,0.2441208435379259,0.2507682479417775,907984000,0.23992929075445443,76.79107186863358
2009-06-03,0.2409115433692932,0.2464128647426692,0.2349517853794617,0.2454959641844548,735688000,0.2421887453113283,82.46163927395857
2009-06-04,0.2496221214532852,0.2500805583875881,0.2413701473345442,0.2415993794643569,673180000,0.24395702992166787,83.7608050163131
2009-06-05,0.2482466995716095,0.2542064596828106,0.2452668468413222,0.2542064596828106,559992000,0.24546333295958384,81.19404838717506
2009-06-08,0.2468714267015457,0.2503097440586314,0.2406824335985375,0.2464129898523311,473948000,0.24631474486419133,76.04175131234663
2009-06-09,0.2603955268859863,0.2631461756817809,0.2484760032286745,0.250309778200978,725032000,0.24936010582106452,79.02743075623525
2009-06-10,0.2686474919319153,0.2702520347339215,0.2560402996510424,0.2617708291762936,833320000,0.25191429683140343,79.52530377668626
2009-06-11,0.2652091681957245,0.2796501365497862,0.2636046252648251,0.2693351552504103,835156000,0.25427199687276564,77.45672374706763
2009-06-12,0.2638337910175323,0.2647506646544246,0.255352586912359,0.2613123475281053,595000000,0.2575466036796569,75.07421883590142
2009-06-15,0.2594786286354065,0.262458509583018,0.254894204816103,0.2590201917185404,445164000,0.2589546761342457,66.0066544031355
2009-06-16,0.2523726522922516,0.262687628776675,0.2487051312086413,0.2594785170875427,594912000,0.2595440979514803,59.63849806993507
2009-06-17,0.2585617005825043,0.2610831440845149,0.2464129745438163,0.2562694891535185,799016000,0.26121413707733154,61.15946797028569
2009-06-18,0.2535187602043152,0.2624583992904566,0.2507681125336986,0.2576447453728951,566376000,0.2602317418370928,58.7742109436553
2009-06-19,0.2562694549560547,0.2626876515658122,0.2528311382713966,0.2560402229136193,747564000,0.2584634508405413,53.749958862650864
2009-06-22,0.2418285906314849,0.2571864332746215,0.2409117167387558,0.2571864332746215,574864000,0.25512336833136423,45.98931447961362
2009-06-23,0.240682452917099,0.2445792347614948,0.2312843737899271,0.2441207978754834,589764000,0.2518160343170166,49.85515613629606
2009-06-24,0.2487052679061889,0.2544357983665177,0.2436623792408399,0.2436623792408399,515096000,0.2502769827842712,49.41522796595815
2009-06-25,0.2617708146572113,0.2622292788540589,0.2438915580650339,0.246413001846421,870444000,0.2516195774078369,57.506372561182374
2009-06-26,0.2652091681957245,0.2661260693886115,0.2583325322130221,0.2606247442072562,513956000,0.25256921563829693,59.95023206225327
2009-06-29,0.2652091681957245,0.2700228243137451,0.262458519267708,0.2658968372590592,510056000,0.254239273922784,53.06120901826544
2009-06-30,0.2587909698486328,0.2679598451757572,0.2539773410428803,0.2642922950449075,589844000,0.2545994903360094,43.582110869020184
2009-07-01,0.2599370777606964,0.2633754231119836,0.255581885857937,0.2603955420244165,696420000,0.25718641706875395,46.46155237083312
2009-07-02,0.2498513460159301,0.2546649746683048,0.2464130281248104,0.251455888900055,552312000,0.2584962589400155,41.59785356859263
2009-07-06,0.2418285906314849,0.249851360156819,0.2377026034635576,0.2496221280209751,752456000,0.25751387647220064,39.84172467888165
2009-07-07,0.2312843799591064,0.2441208043870559,0.2305967382744072,0.242745466367017,1072996000,0.25315867151532856,38.32494889313838
2009-07-08,0.2317427992820739,0.2333473417776895,0.2225739401298248,0.2326596729009071,1205860000,0.2483777616705213,34.14635779159984
2009-07-09,0.2367856204509735,0.2406823736872843,0.2349518461852653,0.2356395149505697,714564000,0.24431725484984254,40.10840967780467
2009-07-10,0.2377025783061981,0.2393071484366384,0.2317428439835636,0.2367857045105067,520008000,0.24130462748663759,38.78119695612572
2009-07-13,0.2404532581567764,0.2425162378924547,0.2280752977667441,0.2425162378924547,556012000,0.2385212246860776,49.0322565763082
2009-07-14,0.2454961389303207,0.2464130401411918,0.2395363766982888,0.2422870530055792,452568000,0.23789905224527627,53.21103014864087
2009-07-15,0.2555818557739258,0.2606247161533579,0.2521435381526784,0.2544357499001766,1022808000,0.23986380440848212,54.464251165108834
2009-07-16,0.2688766121864319,0.2697935130174025,0.2569571199863063,0.2583324302447948,952076000,0.24523412329810007,54.599365200372375
2009-07-17,0.2766703069210052,0.2775871809590028,0.2661261188573957,0.2688767682967159,850356000,0.25165233867509024,57.0225043277553
2009-07-20,0.2801085412502289,0.2830884219648895,0.2752948856861371,0.2789624353849993,782756000,0.25784132736069815,58.760094592340366
2009-07-21,0.2743779718875885,0.280566937191687,0.2679597745137652,0.2794208314936942,941296000,0.2630806693008968,59.23909222434006
2009-07-22,0.2812546491622925,0.283776093014275,0.2670429144697647,0.2688766893325411,600908000,0.26890943944454193,61.83203808753767
2009-07-23,0.2979878485202789,0.2989047497624487,0.2787332503385989,0.2817131315563341,1046120000,0.2764082551002502,74.88148431821944
2009-07-24,0.2970709502696991,0.2979878241114419,0.28698520138392,0.2888189763927273,650592000,0.2823352685996464,80.81836440176376
2009-07-27,0.2984462678432464,0.3028014592801432,0.291569605201572,0.2943202811883696,677484000,0.28655950512204853,91.73784477659049
2009-07-28,0.2989047467708587,0.3021138327730253,0.2938618583027061,0.2963833025367824,563180000,0.28973585367202753,91.73785089741958
2009-07-29,0.2929449081420898,0.2973001263831744,0.2899650277298354,0.2954663517198396,373972000,0.2915696203708648,84.50694115083387
2009-07-30,0.2952371835708618,0.3018846147492265,0.2927157394471161,0.2979878324988337,468444000,0.2945495077541896,84.76444057720897
2009-07-31,0.2963832318782806,0.3005092181297948,0.2883604914601819,0.2952371261042665,541560000,0.29671073385647356,84.4631578870048
2009-08-03,0.304405927658081,0.3078442718012392,0.2977585260737057,0.3034890541034475,471900000,0.2976276023047311,85.01349660693941
2009-08-04,0.3064689338207245,0.3117410250675888,0.298675399313308,0.2991338360901412,695380000,0.298970171383449,83.43360554271726
2009-08-05,0.3071566224098205,0.3094488337667709,0.3009676298858025,0.3046351789870491,610768000,0.3002145077501024,80.14429300557707
2009-08-06,0.3007384538650512,0.3138040543823372,0.2989046791393072,0.3083027575304223,957588000,0.3004764659064156,69.37258290390726
2009-08-07,0.3142624199390411,0.3261819109279451,0.3099072029164453,0.3170130675018176,1401872000,0.3035218247345515,73.65068895720312
2009-08-10,0.3039474785327911,0.3211390892489145,0.3021137041727088,0.3165546670113648,693312000,0.30476615258625567,69.25368836203117
2009-08-11,0.2968416213989258,0.3064689302260667,0.2952370790361732,0.3018845078608806,481884000,0.3048316368034908,60.11899510429874
2009-08-12,0.3078443109989166,0.3110533961740582,0.2968416629904743,0.2970708950709773,634940000,0.30532283442361013,56.91314133971906
2009-08-13,0.317013144493103,0.3181592501997175,0.3046351864664772,0.310136510253416,564028000,0.3068291502339499,62.53598375068803
2009-08-14,0.3076150119304657,0.3170130879794435,0.3034890266571264,0.316554651243586,427148000,0.306894634451185,55.235535448930875
2009-08-17,0.2947786748409271,0.2991338656390241,0.2915695624354678,0.2982169919947876,465032000,0.30604323744773865,47.93573535998495
2009-08-18,0.3055519759654999,0.3089903194638839,0.2945493587465949,0.2947785907549231,636200000,0.3047988883086613,56.017467060071
2009-08-19,0.3021137416362762,0.3039475162237554,0.2979877556457768,0.3009676359347661,552996000,0.30453692589487347,53.24672547025939
2009-08-20,0.3140332698822021,0.3154086076851916,0.3000507690779682,0.3007384379794629,819840000,0.30699287567819866,57.563866746327946
2009-08-21,0.3193054795265198,0.3197639165215879,0.3101366303238531,0.316554830230785,607324000,0.30863018546785626,56.5393141559005
2009-08-24,0.3103657066822052,0.3209098898306161,0.3085319321357013,0.3174715728029145,461456000,0.3076805514948709,51.612907204978384
2009-08-25,0.3131164610385895,0.3163255468093531,0.3066982621717404,0.3119703277486634,444088000,0.3084664727960314,52.425405491549135
2009-08-26,0.3167839348316192,0.3174716037692981,0.3112826379808225,0.3124287437685149,434308000,0.3116100813661303,56.67938121589731
2009-08-27,0.321139246225357,0.3225145571737021,0.3147210464904375,0.3181593648492881,551072000,0.3138368342603956,53.09925047855798
2009-08-28,0.3376430869102478,0.3445197214019257,0.3293911145901076,0.3298495514244896,883992000,0.3189124550138201,64.38357105437312
2009-08-31,0.3328293859958648,0.3353508292256655,0.3284741683557831,0.3337462595383491,431796000,0.321597614458629,65.66863765588522
2009-09-01,0.3215975761413574,0.3419982746738996,0.3197638014954085,0.3326001966917343,736856000,0.32192505683217726,55.97608235823989
2009-09-02,0.3261820375919342,0.3293911504324364,0.3202222761205153,0.3220560509828995,404656000,0.3241845326764242,54.14938861805373
2009-09-03,0.3339754641056061,0.3344339008391259,0.3252650568674871,0.3261819303345268,534020000,0.3271643902574266,62.105259412297315
2009-09-04,0.346353530883789,0.3486457426114517,0.3326002331924937,0.3326002331924937,513048000,0.3313886182648795,73.78433687416417
2009-09-08,0.355980783700943,0.355980783700943,0.3461242686645471,0.348874917033344,549712000,0.3363659807613918,73.5042699426044
2009-09-09,0.3658373355865478,0.3665250045793422,0.3502502901595943,0.3552931505645535,571684000,0.3403937305722918,78.02412775236746
2009-09-10,0.3775275945663452,0.3779860587396558,0.3628574241533369,0.3669834104359116,607952000,0.34677918893950327,77.97972289710421
2009-09-11,0.374089241027832,0.3779860221720817,0.3713385928806611,0.3766106844358389,712732000,0.35427799820899963,74.53787206504708
2009-09-14,0.3679003417491913,0.3715678914857493,0.3646912288983731,0.3685880107404608,490516000,0.36023775594575064,76.42108253873366
2009-09-15,0.3754645884037018,0.3800490112084581,0.3679002853107909,0.371338602414358,546136000,0.36616477370262146,77.41935230198436
2009-09-16,0.3653788268566131,0.3752353409477608,0.3598775306465985,0.3745476720901803,707064000,0.36888267312731055,70.2290010043947
2009-09-17,0.3493332862854004,0.3644618891913175,0.3431442949805101,0.3644618891913175,923096000,0.3679330306393759,60.69559012035374
2009-09-18,0.3488748967647552,0.3552930941359477,0.3461242485557628,0.352771677996586,604740000,0.3655098250934055,54.85147204627212
2009-09-21,0.3472703397274017,0.3532301000353586,0.3417690435395292,0.3447488963681936,588776000,0.3611873601164136,56.415488538238094
2009-09-22,0.347957968711853,0.3518547220088672,0.3452073209330966,0.3497917430061276,361388000,0.35745432121413095,62.921330915724745
2009-09-23,0.3424567282199859,0.3530009124548853,0.3419982913674507,0.3500210319254296,478936000,0.35381951928138733,57.906462795807485
2009-09-24,0.3378722071647644,0.3481871836478778,0.3367261017027862,0.3481871836478778,552876000,0.34844917910439627,51.95401336917975
2009-09-25,0.3323708772659302,0.3376429673070824,0.3298494345820248,0.3360383979671571,377556000,0.3437337577342987,42.46904504319413
2009-09-28,0.339935302734375,0.3484164799170013,0.3335171049953843,0.3335171049953843,467708000,0.34239118865558077,41.16162851513548
2009-09-29,0.3337463140487671,0.3461242728458586,0.3330586451169314,0.3419982865801614,470928000,0.3402299625532968,31.578934763046945
2009-09-30,0.3445196747779846,0.3486456603796839,0.3330585915175698,0.3406228938997997,875956000,0.33983701041766573,30.8510410226407
2009-10-01,0.3199930489063263,0.3433736289432035,0.3197638168176049,0.3433736289432035,999960000,0.33584202187401907,24.786328585450136
2009-10-02,0.3174716830253601,0.3243483194682509,0.3149502387328371,0.3167840139160062,612476000,0.33227272970335825,25.663719359690646
2009-10-05,0.3158670663833618,0.3220560322747385,0.3103657421157798,0.3209099264679903,754276000,0.32912913816315786,19.483600816106062
2009-10-06,0.321139246225357,0.3266405446693879,0.3174716957124529,0.3197639079516867,761272000,0.327524619443076,26.172946673181343
2009-10-07,0.3186177015304565,0.3222852508888074,0.3151793842539964,0.3188469336123472,459608000,0.3244792478425162,30.635931983279875
2009-10-08,0.3206807672977447,0.3213684090193115,0.3092196802753532,0.3204515351736746,1241524000,0.32261274116379873,32.578031079838766
2009-10-09,0.3248066306114197,0.3252650673597275,0.3183884341591754,0.3188468709074832,618540000,0.3197965919971466,36.53848145837036
2009-10-12,0.321139246225357,0.3273282138062231,0.3190762388148515,0.319305470968905,499008000,0.31996033447129385,34.48287159481275
2009-10-13,0.3199930489063263,0.3266404515754353,0.3170131683795363,0.3229729294331163,602124000,0.3203205295971462,36.31289481196113
2009-10-14,0.3195345103740692,0.332370902100769,0.3179299409142501,0.332370902100769,1101948000,0.3208444501672472,38.23533573147448
2009-10-15,0.3101365864276886,0.3220560832390264,0.3080735792538872,0.3190762022048614,1092196000,0.3192726416247232,36.41468569237196
2009-10-16,0.3030306398868561,0.3071566258405138,0.2975293161735408,0.3062397248923036,1018832000,0.31704591853278025,27.323934376997144
2009-10-19,0.3140332698822021,0.3165547134125774,0.3030306494342347,0.305552065639294,695588000,0.3160962760448456,38.56382721223359
2009-10-20,0.3142624199390411,0.3215974892148814,0.3117409770667325,0.3193052783583495,660180000,0.3145899602345058,29.999972420955444
2009-10-21,0.3066982328891754,0.3179300593397911,0.3050936628316711,0.3131164311432354,503956000,0.31252695832933697,38.671880158090865
2009-10-22,0.3087611794471741,0.3103657220076018,0.2998215383385348,0.3050936301730683,379328000,0.3109224055494581,42.51959959295908
2009-10-23,0.3014261126518249,0.312887170145108,0.2995923379878364,0.312887170145108,429528000,0.3083354915891375,38.7096473544359
2009-10-26,0.2975293695926666,0.3083027868852007,0.2959248268018594,0.3037183632969972,481652000,0.3065344606127058,31.13539663444368
2009-10-27,0.2874436974525451,0.3005093300005071,0.2844638431910508,0.2961541373680713,591836000,0.30430775455066134,27.777716404821305
2009-10-28,0.2755240797996521,0.2874435736894984,0.2741487420208825,0.2810253762640995,773632000,0.29880644168172565,21.776317921769063
2009-10-29,0.2876728475093841,0.2890481854877487,0.2773578946476084,0.2798793111741842,637100000,0.2950079313346317,28.906238625732826
2009-10-30,0.2741487920284271,0.2874436261221568,0.2727734813241023,0.2862975202058925,604144000,0.29035801121166765,25.995258542205704
2009-11-02,0.2766703069210052,0.2826300701439719,0.2688767682967159,0.2736904253095218,593136000,0.2857736008507864,28.175548062227236
2009-11-03,0.2752949297428131,0.2766702679313177,0.264979975304999,0.2677306243566847,876472000,0.28204057472092764,27.917661122704345
2009-11-04,0.2746071815490722,0.2803377374669624,0.2734610758305574,0.2773578571337606,916840000,0.27876597642898554,30.576411049151886
2009-11-05,0.2812546491622925,0.2840052977937974,0.2768994304475335,0.2778163315415814,955156000,0.2778818266732352,38.035294098382636
2009-11-06,0.3016553521156311,0.3078443457343764,0.2952371537158372,0.2989047034658108,1641112000,0.2816148655755179,43.83563798966528
2009-11-09,0.3085320591926574,0.3128872789497967,0.3055521777431045,0.3057814099028109,818124000,0.2845947529588427,47.32342637727745
2009-11-10,0.3009676933288574,0.3096781037864595,0.2970709386656808,0.3096781037864595,781472000,0.2884260245731899,47.32334732688306
2009-11-11,0.309448778629303,0.3167838481995214,0.3055519981565623,0.3060104622065153,871512000,0.293108663388661,50.303000853634515
2009-11-12,0.3085320591926574,0.3174717035413162,0.3076151852044839,0.3121996097960035,505864000,0.29785682473863867,53.31909197563621
2009-11-13,0.3108240962028503,0.3124286657652649,0.3069273429626517,0.3083026804946326,388524000,0.30303066968917847,56.30429381683252
2009-11-16,0.3151793777942657,0.3188469270774486,0.3119702653401516,0.3135748352298668,402820000,0.30787705949374605,63.90797190833419
2009-11-17,0.3147209584712982,0.3154086274158105,0.3087611973859481,0.3154086274158105,350124000,0.3097435746874128,72.20780045299406
2009-11-18,0.3099072575569153,0.3128871376608581,0.3046351661922955,0.3117410320305196,455516000,0.3099400315965925,63.7393312788691
2009-11-19,0.2975293695926666,0.3032598990779209,0.2920280722169505,0.3032598990779209,833840000,0.3094488424914224,64.65517499039831
2009-11-20,0.2956955134868622,0.2970708511157487,0.2899649855753556,0.2906526543897989,426748000,0.30748409032821655,62.02888228133849
2009-11-23,0.2979878485202789,0.3055521539728916,0.29661253764501,0.3000508558211681,390924000,0.3059777745178768,64.18337308301832
2009-11-24,0.2961540222167969,0.2986754384827038,0.2913403671154853,0.2966124590537511,418504000,0.30388204966272625,63.2768513057001
2009-11-25,0.2995924055576324,0.303718392650849,0.2975293983483628,0.2995924055576324,441760000,0.3016553393432072,61.76472950106594
2009-11-27,0.2931740880012512,0.2966124046355704,0.2872143282383066,0.2888188705359266,279932000,0.29857721499034334,43.36913487276221
2009-11-30,0.2993631362915039,0.2995923683947619,0.291111163128685,0.294320275947701,509836000,0.29707091195242746,42.75358837024163
2009-12-01,0.3053228855133056,0.3087612029727636,0.2993631243201179,0.3009676670028013,461936000,0.2981842713696616,53.53158162347967
2009-12-02,0.3144916892051697,0.3151793580683924,0.3041767382327718,0.3060105127595943,602292000,0.30086943932941984,54.04414014102821
2009-12-03,0.317013144493103,0.32388977873279,0.3165547076755203,0.3181592501997175,660036000,0.303587338754109,56.63070678639838
2009-12-04,0.3268696069717407,0.3282449445307425,0.317929967488851,0.3229728536549837,824564000,0.30797527943338665,61.21788701228896
2009-12-07,0.3688171803951263,0.3770691528538179,0.3461242697963829,0.3633158836395432,2732184000,0.31786453298160006,74.57973220202142
2009-12-08,0.3509378433227539,0.3644619046329274,0.3488748370252814,0.3628573350709008,1075512000,0.326116498027529,64.31149687434274
2009-12-09,0.3596483767032623,0.3623990254057259,0.3511671711597962,0.3546055161945258,671588000,0.3347286752292088,69.06848355380643
2009-12-10,0.3532301187515259,0.3644619711077554,0.3520840130412156,0.362169759687135,417012000,0.3415725656918117,72.37554085993116
2009-12-11,0.3486456871032715,0.3566684268727835,0.3477287861629954,0.356209990065303,416744000,0.3464517082486834,70.81071837273024
2009-12-14,0.3591898679733276,0.3603359736472565,0.3497917905169852,0.3536885443432804,405488000,0.352476954460144,72.58871210619611
2009-12-15,0.3587315380573272,0.3646912729423453,0.3557516569521568,0.3566685308343679,446152000,0.35702865890094204,73.33330073695237
2009-12-16,0.3876132667064667,0.391739252189182,0.3695047824560248,0.3715677888600385,1683400000,0.3597138140882764,77.58613797244055
2009-12-17,0.3857795298099518,0.4006789308681998,0.3800490014511312,0.3887594100216014,1016132000,0.3646911978721618,79.88166283640307
2009-12-18,0.3855503797531128,0.3903640078620465,0.3809659290905324,0.3889886972560591,812828000,0.3683914840221405,78.92311077329285
2009-12-21,0.3993036150932312,0.4009081576568861,0.3873841209163879,0.3878425577452441,427792000,0.3749734120709555,79.97078830148273
2009-12-22,0.4098478257656097,0.4139738121475803,0.3988452045221274,0.3993036413811647,793044000,0.3837165747370039,80.14496546767826
2009-12-23,0.4155782461166382,0.4167243516271104,0.4084723810215861,0.4137444718348205,442196000,0.39177205732890535,80.53979402858724
2009-12-24,0.4146614670753479,0.4174121154618647,0.4130569244603228,0.4167244465339063,136812000,0.3997620471886226,78.79707497860122
2009-12-28,0.4080140292644501,0.417641339417861,0.4038880431023192,0.413973790090341,465760000,0.4026764418397631,66.73194598871844
2009-12-29,0.4130569696426391,0.414203075539498,0.405721870042487,0.406638771155166,475848000,0.40657321895871845,79.78038457274207
2009-12-30,0.427956223487854,0.430477666667473,0.4139737246287162,0.4169536045704535,704008000,0.41263119663511005,80.91297790723053
2009-12-31,0.4281855225563049,0.4343744881269538,0.4277270857224265,0.4288731914697807,700340000,0.4167571834155491,85.93427638414384
2010-01-04,0.4238304197788238,0.4268103009987714,0.4151200082610248,0.4242888567375872,800204000,0.4187546968460083,86.12364896850367
2010-01-05,0.4300193190574646,0.4346037422797201,0.4222257831844395,0.4222257831844395,728648000,0.4208177072661264,85.51754026774427
2010-01-06,0.4327698945999145,0.4336867681597366,0.4256640288726972,0.4297900145425229,649168000,0.4234046254839216,86.29232654861956
2010-01-07,0.4242887496948242,0.4323115174130958,0.4210796644677691,0.4304777427153571,547792000,0.42572958554540363,72.47212041860918
2010-01-08,0.4252055585384369,0.4281854383606764,0.4183289254064891,0.4208503411596833,478168000,0.4274650982448033,74.43199027239945
2010-01-11,0.4192458689212799,0.4293316155946287,0.4132861082813321,0.427497840988082,556612000,0.42622076187814983,69.49613968388415
2010-01-12,0.4050340950489044,0.4146614039234743,0.3963236870470765,0.4130568615528169,627432000,0.42291341509137836,53.29814316819204
2010-01-13,0.4105354249477386,0.4119107626164342,0.3919685030469146,0.4077847769356608,508868000,0.42101413011550903,50.4201313420312
2010-01-14,0.4041173160076141,0.4084725073643687,0.3972406808177999,0.4054926539757046,608524000,0.41731384396553034,43.05559317602075
2010-01-15,0.3921978175640106,0.4045757780713331,0.3869257247919281,0.4011374602624081,818192000,0.4115178329604012,37.99016147807904
2010-01-19,0.3995328545570373,0.4020542708250217,0.3880717696718371,0.3892178754278255,545328000,0.40798127651214594,45.49876706066943
2010-01-20,0.397928237915039,0.399532807645273,0.3892178297272103,0.3944899210507893,719728000,0.4040845164230891,41.666551753347406
2010-01-21,0.3908223807811737,0.4048048796243982,0.3871548320377768,0.3976990141810588,608632000,0.40002401811735966,27.624214740590887
2010-01-22,0.377298355102539,0.3933438345837252,0.3750061437480839,0.3862379684547883,1067916000,0.3960617695535932,23.571277328155745
2010-01-25,0.3837165534496307,0.3910516243396521,0.3807366732153148,0.3834873213834084,643676000,0.3922305021967207,29.603581531545956
2010-01-26,0.3715679049491882,0.3844043021669376,0.3713386728353525,0.3818828582160267,714636000,0.38758058633123127,21.97792871695654
2010-01-27,0.3816536068916321,0.3830289448547777,0.3672126675798797,0.3713386541439974,812504000,0.38607427052089144,27.104682280676258
2010-01-28,0.3688171803951263,0.3860087942382866,0.3635450883979243,0.3846334563867324,687764000,0.3816863170691899,26.08689731193637
2010-01-29,0.3527716994285583,0.3770691526223199,0.3472703753510358,0.3729431663955072,774700000,0.37523538299969267,22.377609661529576
2010-02-01,0.3798197209835052,0.3805073897639921,0.3511670555155023,0.3541469353474045,949832000,0.3736635744571685,37.048146532379754
2010-02-02,0.3837165534496307,0.3885302082377808,0.377298356173869,0.3784444618543509,849812000,0.37458045993532446,42.48788690693732
2010-02-03,0.3869256675243377,0.3885302374579391,0.3784444903159913,0.3802782650077379,562296000,0.3750389048031398,41.54351469348107
2010-02-04,0.3644619584083557,0.3834873180016444,0.3603359725299426,0.3834873180016444,783480000,0.3740237695830208,37.2606463899805
2010-02-05,0.3717970550060272,0.372713956001074,0.3575853218479919,0.3640035468373701,604856000,0.3726156907422201,43.247319193532604
2010-02-08,0.3711094558238983,0.3800490987474847,0.3637743831118193,0.3706510189028912,445160000,0.3729431586606161,40.15873870850778
2010-02-09,0.3681294918060303,0.3789029073086796,0.364461969939978,0.3770691327129957,930144000,0.37513712900025503,39.77987710667125
2010-02-10,0.3752352893352508,0.3786736058249083,0.3679002196223772,0.3704216626449167,535828000,0.37448221019336153,44.654068507600584
2010-02-11,0.3924269676208496,0.3965529535938373,0.3784444671916455,0.3811951153985323,695980000,0.3757265550749643,55.061352568185384
2010-02-12,0.3976990282535553,0.4057217675039709,0.3853210713005834,0.3896762890031397,780212000,0.37726560660770964,54.71405823731878
2010-02-16,0.4050340950489044,0.4066386647448746,0.3981574614672476,0.4029711159045325,457024000,0.383061626127788,61.661298854721416
2010-02-17,0.408931016921997,0.4103063277172935,0.3972407248727051,0.4100771229140719,876560000,0.3883664778300694,59.93323421203996
2010-02-18,0.3821120262145996,0.3885302237465534,0.3715678426031528,0.386467217044149,1515508000,0.3899382736001696,54.393934827287545
2010-02-19,0.3800491094589233,0.3846335334488469,0.3782153343978894,0.3805075463928512,510548000,0.39164107612201143,59.93323421203999
2010-02-22,0.3807367086410522,0.387384138601548,0.3782152649792577,0.3816535823406226,458084000,0.39242699316569735,50.41326842959071
2010-02-23,0.3715679049491882,0.3834874010369152,0.3676711229659039,0.3818828582160267,489764000,0.38944712706974577,44.77321550060148
2010-02-24,0.3793613612651825,0.3830289106222439,0.3736308324730969,0.374776938231514,445868000,0.38682746035712107,46.8690697405908
2010-02-25,0.3759230375289917,0.3768399385151567,0.3612528676781968,0.3706509456658203,576972000,0.3826687378542764,55.630636566326345
2010-02-26,0.3713386356830597,0.3768399599368271,0.3690464240753194,0.3740892841472845,393396000,0.37729839767728535,49.768530222591394
2010-03-01,0.3862379491329193,0.3880717235898103,0.3685879280516341,0.3715678081284179,555868000,0.3778878152370453,56.680113887290744
2010-03-02,0.3860086798667907,0.3944898545709546,0.3832580323039956,0.3896762281673902,538648000,0.3787391824381691,58.091257989754105
2010-03-03,0.3811951875686645,0.3903640348777309,0.3779861019406194,0.3883010551633191,399300000,0.37880467942782803,52.7543080782441
2010-03-04,0.3818829953670501,0.3857797514245109,0.3770693378502673,0.382799869501042,557396000,0.380278263773237,44.25010718164125
2010-03-05,0.3935731053352356,0.3963237537658916,0.3791321669176451,0.3791321669176451,632832000,0.3823085129261017,47.89722188385031
2010-03-08,0.3878426253795624,0.3949484931046045,0.3862380552107767,0.393802387169941,439312000,0.38401131119046894,41.092676925053425
2010-03-09,0.4022834897041321,0.4061802436815447,0.3915100740911522,0.3917393061649535,830832000,0.3884320046220507,46.895008772608776
2010-03-10,0.4032003581523895,0.4075555762212762,0.4009081467451803,0.4011373788160274,418520000,0.39085520591054645,62.99443463199262
2010-03-11,0.3940315246582031,0.4013666232474177,0.392426982088806,0.3999912854306109,540660000,0.3920013265950339,57.922082044708084
2010-03-12,0.3954068124294281,0.3995327980323173,0.3933438059653271,0.3983866924384766,520352000,0.39403155871800016,58.247440471463285
2010-03-15,0.3933439552783966,0.3988452806123186,0.389676432381105,0.3949485255791175,358904000,0.39566883870533537,63.30544230198431
2010-03-16,0.4070971608161926,0.4093893723439608,0.3928854274837764,0.3931146595666799,664988000,0.39760084663118633,65.79647298967572
2010-03-17,0.4148906469345093,0.4203919707026942,0.4093893504916396,0.4093893504916396,651168000,0.4014648497104645,71.14442953818924
2010-03-18,0.400220513343811,0.4155783246201971,0.3965529640873684,0.4155783246201971,740964000,0.4011701388018472,64.12565296062743
2010-03-19,0.3954068124294281,0.4073263051403091,0.3903639259562787,0.4061801995464683,584612000,0.4000567751271384,54.975161064969335
2010-03-22,0.4018251001834869,0.4034296429130311,0.3903640143252542,0.3903640143252542,435336000,0.4011701430593218,58.04207736175627
2010-03-23,0.4100770652294159,0.4121400447948267,0.4020542970881154,0.4048049729424212,493612000,0.40326589345932007,64.18923766422205
2010-03-24,0.3963237404823303,0.4077848253223382,0.3956360715663855,0.406638719570869,436252000,0.403691577059882,56.28736501105138
2010-03-25,0.3974698781967163,0.4045757453573765,0.3965530044519363,0.4020543015712536,495184000,0.4023162509713854,51.86814166524269
2010-03-26,0.3974698781967163,0.4050341822297665,0.3942607927646677,0.4009081957276192,344676000,0.3998275697231293,54.88370996081083
2010-03-29,0.4025127291679382,0.4034296028293456,0.3944899616667003,0.3999912856110935,394456000,0.400155029126576,50.128545100747104
2010-03-30,0.4041173160076141,0.409160176348414,0.3972406808177999,0.4070971967215974,324104000,0.4013993867806026,50.510245033037876
2010-03-31,0.3988452553749084,0.4043465803607276,0.3967822482582307,0.4025128053654546,389840000,0.40097369466509136,52.80005186757954
2010-04-01,0.3947191536426544,0.4052633363041695,0.390593167934874,0.4006789138122609,339664000,0.398779707295554,49.61240622595807
2010-04-05,0.4006789624691009,0.4013666313914577,0.3967821810175184,0.3972406451826341,413636000,0.3994018818650926,53.96034537689911
2010-04-06,0.3908223807811737,0.3965529086144113,0.3839457200559764,0.395636007765906,809260000,0.39845223937715796,40.82687486078825
2010-04-07,0.3933439552783966,0.3999913866412204,0.385091980940175,0.3883010942162937,817468000,0.397862821817398,37.08806526448508
2010-04-08,0.3869256675243377,0.3938023294497166,0.3848626880744459,0.3908224489912931,1037600000,0.3956360987254551,41.158609940784
2010-04-09,0.3894470930099487,0.3908224307960573,0.3839457691908301,0.386008775869993,817572000,0.39354035258293146,45.912008055986284
2010-04-12,0.3965529501438141,0.3981574926400955,0.3892178518888448,0.3899055207659125,546460000,0.39321288040706087,46.417430215386794
2010-04-13,0.4048049747943878,0.4061802854025143,0.3965530018443551,0.3981575445498285,648696000,0.3946537120001657,46.417473620429035
2010-04-14,0.4098478257656097,0.4155783548168694,0.4034296277631352,0.4135153752885431,900720000,0.39596354961395264,60.423966580311934
2010-04-15,0.4128276407718658,0.4153490840840906,0.407097112630731,0.4112230983574108,957596000,0.3991071581840515,61.51190527783597
2010-04-16,0.3910516500473022,0.3976990798262869,0.3823412408379562,0.3960945372331929,1917736000,0.39877968600818087,46.37305524960503
2010-04-19,0.3892177939414978,0.3903638994575384,0.3761521965236969,0.3880716884254572,1094492000,0.3991071326392038,42.20428810987226
2010-04-20,0.3905932009220123,0.3960945247720992,0.3855503412200861,0.391968538715863,678188000,0.3992708623409271,42.04853367274989
2010-04-21,0.3805074691772461,0.3931146599165069,0.3759230461176301,0.3926562230756086,895908000,0.3969786507742746,39.79593664304733
2010-04-22,0.3821120262145996,0.3832581319408301,0.3690463990753194,0.3743184908810428,656932000,0.39373680097716196,42.78221492713537
2010-04-23,0.376839816570282,0.3818826747237206,0.3701923890416201,0.3809657740342634,752916000,0.38902137109211515,36.2433930678763
2010-04-26,0.3805074691772461,0.3850918922368621,0.3766107150416358,0.3772983839656416,491092000,0.3844042037214552,43.589817672131346
2010-04-27,0.3697341084480285,0.3816536038404964,0.3685880025963428,0.3777568494098287,606704000,0.38135884063584463,36.69253415243862
2010-04-28,0.3704217374324798,0.3756938292461103,0.3628574068376347,0.3695048364549307,672164000,0.37867368970598486,40.055281558112426
2010-04-29,0.3816536068916321,0.3821120710962267,0.3660665617190314,0.3715678862462947,987128000,0.377396604844502,45.75003429147956
2010-04-30,0.3601066470146179,0.3777566916182897,0.3598774423352124,0.3770690229294584,1068048000,0.37448220167841223,32.82939202707904
2010-05-03,0.3562099933624267,0.3640035284629939,0.3507086696457943,0.3619405218222635,1078972000,0.370781911270959,26.1261609487825
2010-05-04,0.3381015956401825,0.3513964306162342,0.3330587074136881,0.3507087615557739,1311376000,0.36524787970951617,18.762550624202987
2010-05-05,0.3323708772659302,0.3408520513363193,0.3282448925674064,0.3312247719233017,1330840000,0.35837122372218533,15.789572392622958
2010-05-06,0.3254943788051605,0.336955465222968,0.298904710780462,0.3300788297674757,1002888000,0.35205126234463285,18.080478733978495
2010-05-07,0.3199930489063263,0.3284742263092536,0.3085319636512915,0.3284742263092536,1153712000,0.34484716398375376,17.45702705239694
2010-05-10,0.3337463140487671,0.3433736244438329,0.3300787919545052,0.3392476381781357,979156000,0.3380032650062016,26.061814486262705
2010-05-11,0.3300787508487701,0.3367261526029537,0.3275573075211481,0.3305371876377976,829124000,0.33371356555393766,27.55105154467391
2010-05-12,0.3364969789981842,0.3383307263239221,0.330307986135212,0.3323709928646415,901236000,0.33089742064476013,30.528413923688987
2010-05-13,0.3358092904090881,0.3504794594324953,0.3326001781264766,0.3351216215395775,1252000000,0.3305699484688895,31.77195789304217
2010-05-14,0.2970709502696991,0.3140333349445142,0.2888189763927273,0.3131164611027713,2493068000,0.3255271017551422,21.739139212497676
2010-05-17,0.2977586090564728,0.3014261589477475,0.2883605295384068,0.2975293769412728,856060000,0.3215648489339011,23.833333152756325
2010-05-18,0.2879020571708679,0.302113763429713,0.2862974872127534,0.3002799887099517,674112000,0.31698042154312134,21.87501333165943
2010-05-19,0.2924864292144775,0.2929448659830063,0.2844636901266304,0.286526669247666,826520000,0.31108615228108,18.166909248761556
2010-05-20,0.2856098413467407,0.2924864759493918,0.2752948621174471,0.2840052714125352,1129136000,0.3047334509236472,20.292504440024487
2010-05-21,0.2917989194393158,0.2998216628998297,0.2773579757453253,0.2773579757453253,1069600000,0.2983480138438089,24.775629915700023
2010-05-24,0.2833175659179687,0.2943202126524233,0.2824006923527542,0.2908818957948988,664564000,0.2908491960593632,26.79610964195325
2010-05-25,0.2908819913864136,0.2922573021861989,0.2716273669361959,0.2743780431864112,966652000,0.2899650590760367,32.69608442690358
2010-05-26,0.2922571897506714,0.3083026948444763,0.2913403162368822,0.3025721670700145,995028000,0.2891791420323508,35.47092491397238
2010-05-27,0.309448778629303,0.309448778629303,0.2989045973359633,0.2995922660855829,713560000,0.2922572450978415,45.818152075836274
2010-05-28,0.3011968731880188,0.3089904084875833,0.2966124503030923,0.3089904084875833,545116000,0.29350159423691885,36.501909693213214
2010-06-01,0.2883606255054474,0.3005093578224334,0.2881313933139585,0.2970710389020787,527492000,0.2938945634024484,33.92231594877116
2010-06-02,0.2915695309638977,0.2920279950618458,0.2869851085869192,0.2888188830027732,649088000,0.2938617936202458,32.2463120392478
2010-06-03,0.2911111414432525,0.2917988103764816,0.284692943608644,0.2856098446280551,586360000,0.2949751615524292,32.30485530133119
2010-06-04,0.277357816696167,0.287672766658925,0.275753247063933,0.2826299076977501,671456000,0.2930431365966797,40.271421204987554
2010-06-07,0.2636046111583709,0.2803377906112128,0.2624585052225863,0.2785040156488931,577248000,0.28894991108349394,35.07009130290457
2010-06-08,0.2562694549560547,0.2624584195233769,0.2496220263038618,0.2624584195233769,967636000,0.28135286484445843,35.86059535513229
2010-06-09,0.2500805854797363,0.2645215554146375,0.2491637115118023,0.2576448913538308,697152000,0.27405053802898954,31.31312335378918
2010-06-10,0.260166198015213,0.2613123035310166,0.2544356704361951,0.2551233392107394,611768000,0.27002276267324177,39.096197736598995
2010-06-11,0.2661260366439819,0.26727214250008,0.2567279576938497,0.2574156266725724,442104000,0.26638797777039663,38.976298451095445
2010-06-14,0.2603955268859863,0.2704812482456735,0.2597078578557074,0.2700228113339279,375080000,0.2620000328336443,39.91934278921391
2010-06-15,0.2732318043708801,0.2746071145021184,0.2629168280973929,0.2633752921331148,528632000,0.2614106025014605,42.58177505709199
2010-06-16,0.2697935998439789,0.2739195865979173,0.2661260499904069,0.2713981426579215,366480000,0.2622947437422616,40.7196750969644
2010-06-17,0.2801085412502289,0.2807962102344304,0.2695643563599894,0.2791916674881729,859068000,0.2657003274985722,37.1485411659968
2010-06-18,0.2819422483444214,0.2853805651138274,0.2796500371648174,0.2817130162963359,932832000,0.2702519936220986,41.06374514996988
2010-06-21,0.2752949297428131,0.2885897653721715,0.272773512830986,0.2879021236032428,579836000,0.2724132410117558,43.566502116069806
2010-06-22,0.2649798393249511,0.2821714212324149,0.2636045018422302,0.2787331048509221,818164000,0.27224949853760855,37.763652781465524
2010-06-23,0.2679596841335296,0.2707103314158826,0.2599369196282658,0.2675012474740219,614060000,0.27333009243011475,39.587540981848704
2010-06-24,0.2546649873256683,0.2677306178215689,0.2537481134392612,0.2663552796666352,725028000,0.2706776899950845,39.75153172840014
2010-06-25,0.2539772689342499,0.2567279170887684,0.2498512830398147,0.2564986850236774,507220000,0.2684182141508375,45.07037353090907
2010-06-28,0.2544358670711517,0.258103418486231,0.2498514414649686,0.2558112056831395,372008000,0.2647506892681121,48.989994999633886
2010-06-29,0.2402240633964538,0.2491637074002583,0.2386195203163838,0.2489344752493948,660808000,0.25879094856125967,45.01158678991319
2010-06-30,0.2340350300073623,0.2432038762551468,0.2340350300073623,0.2406824326068792,623072000,0.252896677170481,36.23191068371374
2010-07-01,0.2379317581653595,0.2395363006181044,0.2276167936025094,0.2347226732598696,737008000,0.2490326655762536,34.81475810013974
2010-07-02,0.2349518686532974,0.2393070863665,0.2269291293832704,0.2388486495875611,737096000,0.24431726336479184,35.87779188394532
2010-07-06,0.2324304580688476,0.2415993031604117,0.2303674515280574,0.2340350004948086,712020000,0.2411409020423889,24.42530700294364
2010-07-07,0.2436622083187103,0.2450375455945589,0.2328888240755807,0.2333472607257618,608412000,0.23966732195445464,35.07843985472299
2010-07-08,0.2363272458314895,0.2454960922446348,0.2333473652821537,0.2452668874794968,783272000,0.23708037606307436,24.11919230321344
2010-07-09,0.2372441291809082,0.2388486992286497,0.2342642485105124,0.2374733612806766,571516000,0.23665467117513925,23.287677088335116
2010-07-12,0.2415993362665176,0.2445792167946686,0.2370149130925368,0.2372441178560453,565396000,0.2377352863550186,29.29575045537443
2010-07-13,0.2503097355365753,0.2519142781168568,0.2441207699695943,0.2454960804704143,723316000,0.23950356883662086,40.8046249702515
2010-07-14,0.2528310418128967,0.263145987931578,0.2491634944850227,0.261312214267641,1355664000,0.24205773643084932,40.46238278380364
2010-07-15,0.2457253485918045,0.2532896530944213,0.2427454677483105,0.2530604209813369,953088000,0.24395700650555746,43.887124209791864
2010-07-16,0.2303674966096878,0.2464130059852551,0.2294506228512298,0.2457253370037521,1288604000,0.24205776197569712,36.55350025264832
2010-07-19,0.2397656291723251,0.2406825031356542,0.2319720911827263,0.2335766616065402,798440000,0.2425489595958165,42.416996597556434
2010-07-20,0.2457253485918045,0.2471006592943491,0.2315136133882673,0.2335766204300648,1160988000,0.24376056236880167,53.108809555447465
2010-07-21,0.2377025783061981,0.2482467635832502,0.2354103664916494,0.2480175587969875,624940000,0.24320388266018458,52.03047197037084
2010-07-22,0.2415993362665176,0.244120779942334,0.2388486878271926,0.2402239983841964,462612000,0.24195953990731917,52.03048779984769
2010-07-23,0.2374733984470367,0.2415993856113849,0.2351811863918792,0.2413701534757399,817604000,0.23976559085505347,51.37850610041716
2010-07-26,0.2418285906314849,0.2427454918495372,0.2331181793492656,0.2367857295708284,683548000,0.2392089111464364,55.03691406056582
2010-07-27,0.2397656291723251,0.2429747153693024,0.2367857478035175,0.2425162783876378,683472000,0.24055150151252744,47.684020284650416
2010-07-28,0.232201263308525,0.2399947992833716,0.2315135943511388,0.2358688128643726,1320808000,0.23947087781769882,47.55434081760922
2010-07-29,0.2092790752649307,0.2200524758946887,0.2079037513039941,0.2154680535831294,2664476000,0.23426426734243114,36.85339757904513
2010-07-30,0.210654467344284,0.2143220034090858,0.2044654874261875,0.2076745866063865,984288000,0.23040025149072912,35.03324264427664
2010-08-02,0.2104252129793167,0.2152388680717285,0.209508325644445,0.2143219807368568,917020000,0.22594680530684333,28.985477662199557
2010-08-03,0.2049239128828048,0.2090498992647754,0.2033193702135157,0.2088206808352568,955444000,0.2212968787976673,25.527000361881434
2010-08-04,0.2136343270540237,0.2143219960198788,0.2058408046458559,0.2067576920461096,855496000,0.21726912685803,33.87097933836016
2010-08-05,0.2163849472999572,0.2168433840798683,0.2104251871851741,0.2143219544650443,800504000,0.2139290294476917,41.952490213261065
2010-08-06,0.2189064174890518,0.2211986291387813,0.2136343252296103,0.2154681000144576,739904000,0.21202976575919558,36.96272285613488
2010-08-09,0.2209693640470504,0.2214278144777867,0.2156972729008494,0.2211985824310904,466456000,0.21369980701378408,33.73490578783607
2010-08-10,0.2118005603551864,0.217760307806369,0.2108836729790063,0.2173018709496084,772560000,0.21386353458677013,33.23441999120753
2010-08-11,0.2035485804080963,0.2074453345402389,0.2028609114847025,0.2074453345402389,796148000,0.21288115850516723,26.685393514895964
2010-08-12,0.2053823620080948,0.2099667852179328,0.1982764951027187,0.1998810377610985,1343584000,0.2129466512373515,29.76877749321787
2010-08-13,0.2152388244867324,0.2182187043059872,0.2115712758899095,0.2120297262958402,1797392000,0.2131758651563099,34.324279165575106
2010-08-16,0.2097375988960266,0.2166142347634401,0.2069869363514646,0.2122590293148793,814008000,0.21222624395574838,32.986991189846066
2010-08-17,0.2124881893396377,0.2163849567904169,0.2097375412142172,0.2118005341396112,481224000,0.2113093542201178,38.18677040299862
2010-08-18,0.2136343270540237,0.2154681018545312,0.2104252279844653,0.2118005659161755,352920000,0.21026149179254255,53.531645318778004
2010-08-19,0.2264707535505294,0.2271584226081411,0.2147804615470979,0.2159265675346766,1615100000,0.21235723367759157,60.815085096172
2010-08-20,0.2285336405038833,0.2340349630743902,0.2246368874280927,0.2248661057862001,1305308000,0.21592652797698972,62.079525294285574
2010-08-23,0.2250953614711761,0.2349518754681638,0.2244076926201651,0.2292213472519284,748620000,0.21874267075742987,63.836526394397445
2010-08-24,0.2228032201528549,0.2250954321591855,0.2173019086051291,0.2177603455413307,641332000,0.21982329870973308,56.89662670383048
2010-08-25,0.2273875772953033,0.2292213518261553,0.2191356055691265,0.2202817248979019,757532000,0.22234472419534404,58.05375086332187
2010-08-26,0.2246369272470474,0.2328888989028906,0.2246369272470474,0.2303674555287957,657596000,0.22408025818211685,54.180615895315476
2010-08-27,0.2319720387458801,0.2338058135833423,0.2202817617293725,0.2260122910181174,1060416000,0.2266999312809535,57.45349445926875
2010-08-30,0.2209693640470504,0.2310551095713725,0.2209693640470504,0.2292213351737401,602804000,0.22591401849474219,56.060600091090045
2010-08-31,0.2138635814189911,0.2246369855840674,0.2131759123815344,0.2177603361974834,931488000,0.223818295768329,56.92314400837228
2010-09-01,0.215468168258667,0.2198233745050886,0.2143220620708014,0.2170727251192767,851440000,0.2224429824522563,56.79020544763792
2010-09-02,0.2193648666143417,0.2200525219072693,0.2140927743886012,0.2161557675927022,596292000,0.22195178908961158,53.0201948411468
2010-09-03,0.2269291132688522,0.2276167683884296,0.2218862407453397,0.2246369022116162,566484000,0.22188629422868997,62.214988748518
2010-09-07,0.228992149233818,0.2342642274643226,0.2257830504146171,0.2262414872476495,899820000,0.22250846879822864,61.84216829029835
2010-09-08,0.2365563809871673,0.2381609504975587,0.2269291005513673,0.2294505435031455,1224156000,0.22316337483269824,65.06026266780943
2010-09-09,0.2333472818136215,0.2397654774720924,0.2303674023301913,0.2395362454636332,697748000,0.2249316487993513,55.17236123004368
2010-09-10,0.2308259159326553,0.2356395711117382,0.2287629364703723,0.2349519021825382,609292000,0.22735483944416043,51.71238457722921
2010-09-13,0.2438914626836776,0.2468713421712189,0.2349518242210538,0.2349518242210538,1015792000,0.2314153100763048,62.27548126901221
2010-09-14,0.2415993362665176,0.2448084215581771,0.2395363294430357,0.2418285410300261,698536000,0.23459166288375852,62.27549339000071
2010-09-15,0.2420576959848404,0.2422869280006194,0.2360979368276729,0.2393070484220357,555572000,0.23675288898604255,60.12660949106258
2010-09-16,0.2422870099544525,0.2443499894930338,0.238848692506605,0.238848692506605,365280000,0.23865215480327603,62.6230383822418
2010-09-17,0.2418285906314849,0.2448084717708393,0.2411409488745997,0.2445792669603186,416884000,0.2394053276096071,57.818256174590545
2010-09-20,0.2454961389303207,0.2464130401411918,0.2395363766982888,0.2418285887374822,443168000,0.2411408786262784,72.01671059404161
2010-09-21,0.2587909698486328,0.2629169569145081,0.2441208239758787,0.2441208239758787,1779624000,0.24513588632856093,86.29650728283443
2010-09-22,0.2610831260681152,0.2633753373389239,0.2562694714692916,0.2578740138937949,999996000,0.24759183824062345,86.4470754642848
2010-09-23,0.2663551867008209,0.2746071580995954,0.2617707642182381,0.2640629754595295,1240872000,0.25112838830266676,86.73854534109365
2010-09-24,0.2810254096984863,0.2819423107685242,0.2702520202341023,0.2723149998223796,1086976000,0.25669520454747335,88.0647177823964
2010-09-27,0.2750655114650726,0.2833174522162526,0.2713979640254577,0.2830882475795907,999504000,0.26137784762041905,80.73394130640457
2010-09-28,0.2743779718875885,0.2782747257957013,0.2695643170258922,0.2752948455158567,723192000,0.26602775922843386,77.77793099523502
2010-09-29,0.2723149955272674,0.2803377636309543,0.2693351149159526,0.2718565586621386,974904000,0.2698590244565691,79.10976889879345
2010-09-30,0.2677305340766907,0.2789623859611825,0.2654383227523431,0.2757532737119072,787632000,0.27113610506057734,76.744236272806
2010-10-01,0.260166198015213,0.2720857172398191,0.2581032190168909,0.2716272531732489,999120000,0.27100511533873417,62.815912689593446
2010-10-04,0.2576448023319244,0.2620000204881015,0.2523727105246132,0.2576448023319244,749500000,0.26976077471460613,62.58990887924058
2010-10-05,0.2594786286354065,0.2636046155378439,0.2587909595974467,0.2631461786209778,753588000,0.26668266313416616,63.38034101071731
2010-10-06,0.2471006363630294,0.2606247012975801,0.2445792199796955,0.2594785954891598,1057604000,0.26268768097673145,53.115710002482594
2010-10-07,0.2452668845653534,0.2484759698416983,0.237931785661735,0.2482467377539662,761488000,0.25852895421641214,52.18657013437452
2010-10-08,0.2489344030618667,0.2509974098454205,0.2409116626626751,0.2443499799766144,706932000,0.25518886957849773,52.186552010519485
2010-10-11,0.2477884590625763,0.2521436802321208,0.2466423525430121,0.2500806721017045,442680000,0.2523400017193385,41.724209818426345
2010-10-12,0.2526018917560577,0.2537479972519439,0.2436622524929588,0.2457252587807403,605208000,0.2512593865394592,43.85376441622392
2010-10-13,0.2599370777606964,0.263604627918521,0.2539773429108847,0.2567279918665919,968732000,0.25158685445785517,45.48392481400411
2010-10-14,0.2558109760284424,0.2606246021982951,0.254664843330507,0.2601661655143055,599172000,0.25106290408543175,29.16657022198696
2010-10-15,0.2587909698486328,0.2629169569145081,0.2558111161083051,0.259937075848858,639940000,0.2527329517262322,35.85669990096018
2010-10-18,0.2603955268859863,0.2615416328280108,0.2544357650573304,0.2590201888254285,448156000,0.2548941863434655,38.03927077161844
2010-10-19,0.2587909698486328,0.2606247449140577,0.252602002912481,0.2546649827827574,866136000,0.25630226731300354,38.33996086178084
2010-10-20,0.2587909698486328,0.2658968379801583,0.2544357779779059,0.2590202019788069,763532000,0.2578740545681545,41.63096822434077
2010-10-21,0.2542064189910888,0.2594785094262579,0.2503096659999844,0.259020072720006,1014428000,0.2581032727445875,44.09089834585215
2010-10-22,0.270481139421463,0.2725441456822788,0.253060325181577,0.255811000195998,1322676000,0.25960956726755413,59.999930349021106
2010-10-25,0.2730026841163635,0.2750656911457498,0.2700228032907968,0.2725442472182733,673136000,0.26206552556582857,60.42399149894497
2010-10-26,0.2720858156681061,0.2762118024826557,0.2675013919464555,0.2697936038072808,675248000,0.26396478925432476,73.39053997838865
2010-10-27,0.2759825587272644,0.2768994325027983,0.2688766913282577,0.269564360322568,496796000,0.26619150808879305,77.68588669773425
2010-10-28,0.2762117087841034,0.2805668989121437,0.2736902656624095,0.2796500254089704,704448000,0.2686801850795746,76.21136808367032
2010-10-29,0.2755240797996521,0.2785039601034426,0.2727734315674284,0.2757532845459033,554664000,0.2710706293582916,76.88861075332939
2010-11-01,0.2759825587272644,0.2817130881376505,0.2736903469631099,0.2773578967158849,473920000,0.27418150646345957,74.75712285011203
2010-11-02,0.28171306848526,0.2862974916937581,0.2755241026188511,0.2771286452767619,581036000,0.2757860677582877,73.8691192141116
2010-11-03,0.2837759852409363,0.2856097594072762,0.2762116838831023,0.2835467532231528,671748000,0.2773251107760838,82.10514790915374
2010-11-04,0.2842344641685486,0.2895065554328488,0.2837760273901992,0.2865266753856084,700016000,0.27906063199043274,81.0054315851251
2010-11-05,0.2890481650829315,0.2915695814315125,0.2849221787644236,0.2862974893203813,735116000,0.28092714718409945,82.38329124122653
2010-11-08,0.2901943624019623,0.2927157795457905,0.2865268117787061,0.2888190240869097,605156000,0.28292466912950787,85.86377847648458
2010-11-09,0.2885896563529968,0.2924864373065833,0.2869851139560977,0.2901942260752093,633964000,0.2847911800657,82.82791869239631
2010-11-10,0.2920279800891876,0.2920279800891876,0.2865266571236858,0.2906526425164843,521016000,0.2870833831174033,92.74591817693728
2010-11-11,0.2890481650829315,0.2938617930167594,0.2812546292979017,0.2851513835277578,1089980000,0.2881312540599278,79.99998073856064
2010-11-12,0.3039474785327911,0.3135747870918951,0.2986753874945466,0.3000507250959363,2142560000,0.29101289595876423,85.71418744105446
2010-11-15,0.3002800047397613,0.3096780836019114,0.2995923630927952,0.3053228923196382,733548000,0.293305116040366,80.59701106361837
2010-11-16,0.2913403809070587,0.2993631215721502,0.2908819440484028,0.295237135193611,739356000,0.29363257544381277,65.02242623073164
2010-11-17,0.2961540222167969,0.299592339481929,0.2883604866873075,0.2911111350343499,551764000,0.29448395541736055,67.90127816398962
2010-11-18,0.3053228855133056,0.3083027661098996,0.3000507932770731,0.3000507932770731,993120000,0.2968744167259761,73.21428571428572
2010-11-19,0.3151793777942657,0.3163254835295959,0.3041767572700332,0.304635194099102,716484000,0.30018175925527296,76.63549130658257
2010-11-22,0.3154085874557495,0.3172423346417026,0.3103657007184359,0.3131163761479939,462668000,0.3039475338799612,74.74745484918212
2010-11-23,0.3080734610557556,0.3149500943461005,0.305781249958974,0.3117410097407309,457832000,0.3045369599546705,66.56247841543933
2010-11-24,0.3156378865242004,0.3167839925206082,0.3110534625385691,0.3112826946679796,397784000,0.3067309430667332,69.5156770083632
2010-11-26,0.3117411136627197,0.317242411198783,0.3117411136627197,0.3154086635703091,143104000,0.3096453334603991,64.26512007295841
2010-11-29,0.3151793777942657,0.3163254835295959,0.3089904122885462,0.3103657227757527,468192000,0.3123632414000375,65.2660326866796
2010-11-30,0.3119703531265259,0.3135749234677563,0.3062398228373422,0.3103658101106192,720936000,0.31331287963049753,64.01109420429628
2010-12-01,0.3257235288619995,0.3277865080488205,0.317700789518319,0.3181592263014667,626536000,0.31481918692588806,67.97072512317345
2010-12-02,0.3296203017234802,0.3316833083558873,0.3254943157839811,0.3257235478515757,529316000,0.31684943182127817,71.4286029093948
2010-12-03,0.3390183448791504,0.3390183448791504,0.3273280571246969,0.3280157259323669,606044000,0.32127012951033457,69.66585281480785
2010-12-06,0.3326002657413482,0.3408522396986144,0.3312249549653518,0.3401645706479553,438424000,0.3236933265413557,67.58112209166606
2010-12-07,0.3433735370635986,0.3513962754676831,0.3397059885773216,0.3403936573341624,1026812000,0.3282122441700527,77.75067257047328
2010-12-08,0.346353530883789,0.3500210532528578,0.3403937694617384,0.342915213292295,613252000,0.33266569461141315,77.30682437164424
2010-12-09,0.3406229615211487,0.342915200488543,0.3332878897315685,0.3381015451100558,942408000,0.33675892438207355,69.9482294610408
2010-12-10,0.3426859378814697,0.3458950229645123,0.3397060575470354,0.3406229311921002,451900000,0.33918212567056927,67.04549777772695
2010-12-13,0.3339754641056061,0.3447488503072195,0.3330585633132559,0.344061208869595,609108000,0.3398042917251587,60.41129739263432
2010-12-14,0.3344340026378631,0.3465827300633113,0.3339755657647992,0.3403937639636509,755160000,0.3391493856906891,66.01678179144122
2010-12-15,0.3270988464355469,0.3392475707316071,0.3266403823552598,0.3351215852862059,624176000,0.3383634686470032,56.9831858490642
2010-12-16,0.3275573849678039,0.3323710407040033,0.3266404838476459,0.3305372657890074,631872000,0.3361040183476039,60.05831367937938
2010-12-17,0.3293913006782532,0.3312250763770806,0.3238899735817707,0.3277867298634467,593156000,0.33368084260395586,59.22630114850645
2010-12-20,0.3280157744884491,0.3321417606199255,0.3277865424101885,0.3305372180480503,344088000,0.3318798158849989,60.67062233851319
2010-12-21,0.3408522605895996,0.3408522605895996,0.3309957431268996,0.3312249752662764,466952000,0.3316178619861603,60.18518221274849
2010-12-22,0.3445196747779846,0.3449781115503261,0.3369553723957547,0.3401644571274582,477988000,0.33312417779650005,60.06184348654934
2010-12-23,0.3419983088970184,0.3445197527031787,0.3406229709436003,0.3445197527031787,273784000,0.3342047929763794,52.21847955686759
2010-12-27,0.3438320159912109,0.3463534593006443,0.3348923757057491,0.341081367951574,255500000,0.3365952457700457,58.97420999568049
2010-12-28,0.3424567282199859,0.3461242776909033,0.3403937487209184,0.3438320661029094,194260000,0.3387237233775003,49.138012679728966
2010-12-29,0.3424567282199859,0.3449781718969064,0.3392476429269214,0.3422275234563771,177660000,0.34059021302631914,46.118719021438096
2010-12-30,0.3436027467250824,0.345665753025381,0.3408520989833281,0.3419982044861683,174488000,0.3428169233458382,53.266204930226664
2010-12-31,0.3530009090900421,0.3534593732635248,0.3433736259772991,0.3438320628254646,391252000,0.34455244456018713,59.74018518320485
2011-01-03,0.362628310918808,0.3660666291345601,0.3552932101982774,0.3557516744873037,817448000,0.34713939258030474,76.59566228158987
2011-01-04,0.3614820837974548,0.3649204008618184,0.3534593439806065,0.3633158583635117,651384000,0.34992278899465284,74.78964190915497
2011-01-05,0.3892177939414978,0.3896762580081628,0.3644619093299583,0.3681294305861017,1428216000,0.35640647155897953,91.43707322736518
2011-01-06,0.4430848956108093,0.4433141276895473,0.3981575122275153,0.3993036179705728,3493312000,0.3707819240433829,94.99985141131384
2011-01-07,0.4554628431797027,0.456838180968731,0.4281855107496235,0.438042025370151,2579984000,0.3869256547519139,95.37939463946608
2011-01-10,0.4728837311267853,0.4738006049052499,0.4437726197687161,0.4472109374259382,1750348000,0.4053943668093,96.74555678134172
2011-01-11,0.4655486047267914,0.4838863524908454,0.4554628844445389,0.479301929212491,2711088000,0.42147260904312134,91.71775721770142
2011-01-12,0.5352318286895752,0.5356902381343253,0.4641732275945487,0.4657777699524242,3431896000,0.4461302544389452,94.25529660665298
2011-01-13,0.5361488461494446,0.5464638265339489,0.512997468805605,0.529501415560556,2695192000,0.47108264906065805,95.39115999141033
2011-01-14,0.5407331585884094,0.5496727991307642,0.5237708057521174,0.5269798906696923,1595352000,0.492727701153074,95.44968379447725
2011-01-18,0.5281261801719666,0.5370658242887778,0.5150605758900543,0.5333982737805487,1813348000,0.5048764560903821,90.74448477596601
2011-01-19,0.5136851072311401,0.5409624423147299,0.5125390287292149,0.5283553055403681,1197896000,0.5131939223834446,85.3358301529593
2011-01-20,0.5141435265541077,0.5171234069099572,0.4994733295251158,0.5086422299935517,1111408000,0.5190881788730621,85.29409551586537
2011-01-21,0.5093299746513367,0.5269800565552417,0.5084131007649296,0.5196449561626929,739244000,0.5253426602908543,82.97873116269618
2011-01-24,0.5668646097183228,0.5741997103686737,0.5267508702596845,0.5327105780561158,2056900000,0.5298616290092468,85.84071194488348
2011-01-25,0.5494438409805298,0.570302956956821,0.5457762902927751,0.5643431939205512,1086856000,0.5317609139851162,81.20248719485684
2011-01-26,0.562509298324585,0.5730534832915599,0.5512774443684039,0.5551741988734792,1074660000,0.534871791090284,80.24004824513321
2011-01-27,0.5609044432640076,0.5719070316639616,0.5501310595159584,0.5705317491019237,657396000,0.5395544001034328,75.14671900530799
2011-01-28,0.5446299910545349,0.5716781213262738,0.5317935948790179,0.5622800699525188,1094796000,0.5439750977924892,68.71994953542888
2011-01-31,0.5482975840568542,0.5558618885692626,0.5366073201061509,0.5455469626482046,750160000,0.5488542488643101,66.80288424825677
2011-02-01,0.5609044432640076,0.5650304002513382,0.5494433909096352,0.5531109385931561,654104000,0.5562220300946917,70.758483953363
2011-02-02,0.5863481760025024,0.5998722378260115,0.5576955100578644,0.5576955100578644,1606616000,0.5590053967067173,63.782470986724576
2011-02-03,0.5753456950187683,0.5872652179637425,0.5627385030846119,0.5872652179637425,1030776000,0.5627056615693229,60.023479073079606
2011-02-04,0.5884114503860474,0.592995875079032,0.5810764036676638,0.5833686160141561,872900000,0.5664059690066746,61.68547706858666
2011-02-07,0.5638844966888428,0.5829098549446187,0.5618214902320116,0.5803884390422419,934236000,0.5668316909245082,58.280202294068395
2011-02-08,0.5471513271331787,0.5682396909793789,0.5446298566837702,0.5645721423125671,1076584000,0.5671918817928859,57.66804639695917
2011-02-09,0.5338566899299622,0.5547158576541926,0.5240001727378923,0.5492145050627895,1277520000,0.5651288969176156,54.26590459641249
2011-02-10,0.5230830907821655,0.5320227305365051,0.5180402044629069,0.5219369578979879,1042352000,0.5597258465630668,52.90131828607973
2011-02-11,0.5379826426506042,0.5549450551667018,0.5127683106571722,0.5212494895898985,1359276000,0.5528164846556527,42.57074108451826
2011-02-14,0.529730498790741,0.5615922484816781,0.5276674924699303,0.5444006384428327,1287828000,0.5463000280516488,44.67814640805657
2011-02-15,0.516894519329071,0.5324815449233712,0.51460225181744,0.5306477964948648,886980000,0.5360833236149379,37.67046595127597
2011-02-16,0.5359193682670593,0.5434836687875094,0.5219368452122758,0.5237706465009191,1318364000,0.5320883052689689,43.82785126532141
2011-02-17,0.5886400938034058,0.5962043920950751,0.5182691445803278,0.5207906137779483,3470096000,0.5380152719361442,59.21299259708451
2011-02-18,0.5874943733215332,0.5948294721553351,0.578325527104598,0.5854313665275325,1394412000,0.54567779813494,58.29294344490838
2011-02-22,0.5320230722427368,0.5698446073025221,0.5301892693803678,0.568240063954611,1396648000,0.5469549383435931,44.82766056061422
2011-02-23,0.5068084597587585,0.5370656747114444,0.499244156020587,0.5320228419864202,1491604000,0.5425014836447579,35.74360224580289
2011-02-24,0.5191864371299744,0.528126023951797,0.5056623725409704,0.5093298673137004,1246120000,0.5409951891217913,39.9836156685747
2011-02-25,0.5299596786499023,0.5386700582894363,0.5258336662017395,0.5331687630091717,775652000,0.5428616404533386,39.48877253788577
2011-02-28,0.5194156765937805,0.5388995034661748,0.5074961538341382,0.5386702440395861,903696000,0.5405039702142987,41.57983683417765
2011-03-01,0.4962643682956695,0.5269800531730149,0.4962643682956695,0.520332621900597,988448000,0.5273074379989079,40.59320008581069
2011-03-02,0.4756343066692352,0.5049746439385416,0.4641732502321534,0.4955765394046949,1718140000,0.5113274284771511,39.521377929692
2011-03-03,0.4783850014209747,0.4893876500928541,0.4639440626114455,0.4866369742622252,1593704000,0.5036648469311851,41.71619964512334
2011-03-04,0.475863516330719,0.4836570238585168,0.470591424850002,0.4788433965002819,959760000,0.4992441407271794,37.9340087230115
2011-03-07,0.4692162275314331,0.48090654697172,0.4572967306119594,0.4793020040388658,1019140000,0.4921055393559592,38.171993027580484
2011-03-08,0.4481277167797088,0.4767803561387058,0.4382711760498391,0.4742589402703014,1947184000,0.48041525908878874,36.97903140960333
2011-03-09,0.4387297332286834,0.4511076924532896,0.4348329515887982,0.4467524739514526,1318976000,0.46888869575091763,30.90088468189272
2011-03-10,0.4107647240161896,0.4318530653163809,0.4103062598349515,0.4286439799996214,1722736000,0.45667446085384905,11.277431292418143
2011-03-11,0.4137446284294128,0.4252057151972525,0.4048050129943769,0.4142030926673705,1486832000,0.44783307824816015,12.475226239975271
2011-03-14,0.4171828627586365,0.4274978135166319,0.4103062015946589,0.4169536307005554,1003360000,0.43908991558211186,18.007575103447806
2011-03-15,0.4048049747943878,0.4116816098109756,0.3899055715997958,0.3967822066163835,1256280000,0.42893869536263596,19.394716854527772
2011-03-16,0.4018251001834869,0.4206212580377207,0.3965530077932828,0.4011374312064483,1476520000,0.4193113914557865,12.68212868794187
2011-03-17,0.409389317035675,0.4132860706413682,0.394260712066145,0.4125984018108781,1238516000,0.41377733434949604,10.863045084109714
2011-03-18,0.4038880467414856,0.4171829063422076,0.403429609902744,0.4158075685006663,886960000,0.40879995056561064,11.230707684922194
2011-03-21,0.4070971608161926,0.4167244437677557,0.4029711746011465,0.4125984575527096,751832000,0.40827601296561106,15.452868667428291
2011-03-22,0.3999912738800049,0.4098477884149821,0.3981574992856554,0.4059510344803117,718332000,0.40631124802998136,17.261853936134955
2011-03-23,0.4082431197166443,0.4093892250682227,0.3905930754420914,0.3993034815791486,782396000,0.4050341418811253,21.022579667341617
2011-03-24,0.4407927691936493,0.4458356572965861,0.4160368749008854,0.4169537487421531,1780592000,0.4101752553667341,38.39152700507692
2011-03-25,0.4270392954349518,0.4458354462095311,0.4263516267169266,0.4446893407879255,1196392000,0.4137772832598005,36.66661327871432
2011-03-28,0.4428557157516479,0.4501907874544788,0.4332284051085322,0.4371251593889125,1204284000,0.41855819736208233,48.2758929881955
2011-03-29,0.4394173324108124,0.4444601917421809,0.4334575721758135,0.44285564931747,715764000,0.4236338096005576,50.2339868305332
2011-03-30,0.4229133427143097,0.4446893747113232,0.4174120198757456,0.4428556004318019,1176320000,0.42589326415743145,54.48387284122049
2011-03-31,0.423142671585083,0.4281855591648455,0.4153491627668807,0.4236011357834751,655112000,0.4292006066867283,53.540564027368305
2011-04-01,0.4171828627586365,0.4291023559472574,0.4114523072344362,0.4286439191564092,850072000,0.4304777128355844,50.0
2011-04-04,0.4022834897041321,0.4183289970867013,0.3993036093712933,0.417182891368326,924328000,0.42497638719422476,49.08484435096064
2011-04-05,0.4029712378978729,0.4114524164177334,0.4020543367475532,0.4082433307049173,821076000,0.42153809326035635,50.4230211129972
2011-04-06,0.400220513343811,0.4064094788044065,0.3967821688375736,0.4059510419786802,856984000,0.4154473500592368,46.491270087830586
2011-04-07,0.4148906469345093,0.4174120904105918,0.3995328359832926,0.4011373785020199,1021208000,0.41194353784833637,53.93439331528474
2011-04-08,0.4022834897041321,0.4180997650128999,0.4011373839857568,0.4180997650128999,746552000,0.40899641598973957,48.387098062680295
2011-04-11,0.3970114886760711,0.4059511317178454,0.3926562968809425,0.4038881245580566,546208000,0.4052633898598807,48.98914972513889
2011-04-12,0.3981575071811676,0.4009081554645797,0.3857795489178389,0.3931146474406926,840756000,0.4025454819202423,46.405293046312245
2011-04-13,0.4070971608161926,0.4096185771015475,0.3972406457817261,0.4022835056777527,749588000,0.40323314922196524,35.559959202408635
2011-04-14,0.4242887496948242,0.4245179817790354,0.4011374022021711,0.4034296137430153,1254704000,0.40627850805010113,48.8550110773364
2011-04-15,0.4288731813430786,0.4341452731214844,0.4190166393581896,0.4210796460499045,969720000,0.4103717463357108,43.57894442957256
2011-04-18,0.4146614670753479,0.4215381017042984,0.4080140372055054,0.4187874533177816,743584000,0.4103390063558306,39.65520032698112
2011-04-19,0.4130569696426391,0.4164952873332155,0.4018251154582312,0.4148907172173572,659860000,0.41187807491847445,45.29547503575424
2011-04-20,0.4256640374660492,0.4343744457614584,0.4187874036526177,0.4281854807944329,650516000,0.4159712961741856,51.076293255340886
2011-04-21,0.4245180189609527,0.4329992242651663,0.4236011451944364,0.4302485483149785,421300000,0.41973708357129774,53.26534830585352
2011-04-25,0.4311655163764953,0.4382713574839922,0.4261226279014234,0.4263518600413171,619612000,0.4231754200799124,63.8767496285672
2011-04-26,0.4423972368240356,0.4467524551425115,0.4304777422885277,0.4348329332816866,676000000,0.4257623468126569,67.2000355723732
2011-04-27,0.4423972368240356,0.444689475687924,0.43322839066975,0.444689475687924,450004000,0.42769435473850786,68.85254418548386
2011-04-28,0.4472109377384186,0.4561505800486341,0.4373544216490977,0.4423972820848164,684000000,0.4323442791189466,65.84280332081376
2011-04-29,0.4584427773952484,0.468528497949304,0.4495031353663492,0.4501908043416982,836000000,0.43882796594074797,77.90447346917975
2011-05-02,0.4522537887096405,0.4682992698159582,0.4499615771230237,0.468070065052487,613824000,0.44262650183268953,77.20096640248687
2011-05-03,0.4307068884372711,0.4483569367427334,0.4252055924234343,0.4469816264019308,808000000,0.4435106260435922,63.34585914909172
2011-05-04,0.4274977743625641,0.4368958506781035,0.4194750356189173,0.4320821965017908,639356000,0.44298666289874483,58.777093963350964
2011-05-05,0.4277271628379822,0.4327700235704617,0.4183290830851583,0.4240596128550945,544000000,0.44089093804359436,51.732147800817565
2011-05-06,0.4428557157516479,0.4469817021236521,0.4332284051085322,0.4366667225309827,841080000,0.44095643503325327,56.367448243514936
2011-05-09,0.4527121186256408,0.4550043296708088,0.4430848103756867,0.4442309158982707,706328000,0.44174231801714214,68.04345687833583
2011-05-10,0.4533998668193817,0.4568381839893711,0.4488154166007467,0.4563797471651023,690976000,0.4410219022205898,69.29821585133757
2011-05-11,0.4554628431797027,0.4602764707906703,0.4492738777797068,0.4556920752529793,616000000,0.4414803385734558,65.85365853658533
2011-05-12,0.4699037373065948,0.4703622014108469,0.4527121531565369,0.4538582587665408,1224000000,0.44707988841193064,71.15376922170833
2011-05-13,0.4185581505298614,0.4412510573672673,0.4153490658418949,0.4401049517893775,2025192000,0.44580279929297306,45.85212559529121
2011-05-16,0.4057218730449676,0.4183290653290317,0.4054926682590917,0.4174121642095673,728188000,0.44265918646539953,38.05972364931932
2011-05-17,0.4041173160076141,0.4045757528885379,0.3924270252548023,0.4043465481107356,1420364000,0.437125129359109,37.66619455260391
2011-05-18,0.4135153293609619,0.4169536464098369,0.4043464838972953,0.4057217943216563,658844000,0.43152558803558344,39.454781744629024
2011-05-19,0.4075555801391601,0.416953657929189,0.401366614745263,0.4167244258561383,650884000,0.4249764042241232,33.53113437372744
2011-05-20,0.4146614670753479,0.4155783407624145,0.4048049519754553,0.4066387266749056,575820000,0.41914763620921536,37.90559609324527
2011-05-23,0.4142029881477356,0.4171828683159141,0.4034295731300658,0.4087016646083334,588000000,0.4111903863293784,43.85666517200548
2011-05-24,0.4158076643943786,0.4325408178073265,0.4151199953150175,0.4162661013388451,720372000,0.41079745973859516,45.59592321858065
2011-05-25,0.4208504259586334,0.4236011016259067,0.409618573184778,0.4137445593603715,545312000,0.41295868158340454,47.49996045355547
2011-05-26,0.4313946664333343,0.4350622162541625,0.4197043752890998,0.4208504811924436,706436000,0.416855445929936,45.68965768460591
2011-05-27,0.4469816386699676,0.4476692801965856,0.4327699068144208,0.4332283436072708,658824000,0.421636347259794,47.93390223560153
2011-05-31,0.4593595564365387,0.4595888158148124,0.444689415505214,0.4556920348663641,1200716000,0.4290369153022766,51.98168840399037
2011-06-01,0.4387297332286834,0.4579843273585204,0.4378128321794618,0.4572966584029337,762208000,0.4324752390384674,45.04749542475267
2011-06-02,0.4366666376590729,0.4426263976297564,0.4313945465042855,0.4394173129226576,607592000,0.4356843318258013,39.38505479310201
2011-06-03,0.423142671585083,0.4355206311099744,0.4210796919935938,0.4316238767008733,549300000,0.4367321899959019,51.93054549132774
2011-06-06,0.4142029881477356,0.4263517135562702,0.4137445240254664,0.4224549597941817,435988000,0.43578255602291655,53.69258457174667
2011-06-07,0.4139737486839294,0.4197042768566787,0.4121399742035869,0.417412065587579,433956000,0.43329385348728716,54.343399163225186
2011-06-08,0.4027419984340668,0.4144322897788659,0.3995329127797755,0.411910873143443,569288000,0.4269739048821585,45.328059301581106
2011-06-09,0.3981575071811676,0.4034295989974752,0.3837165695366088,0.4025127253447765,741632000,0.41823075498853407,45.87525156169029
2011-06-10,0.3924269676208496,0.4013666084498755,0.3892178552750524,0.3988451649871287,493548000,0.41161607418741497,40.12218282036778
2011-06-13,0.3896763026714325,0.3974698101436476,0.386925627257414,0.392426950760137,574760000,0.4049031691891806,39.32134992999661
2011-06-14,0.3928854465484619,0.4015958562417152,0.3912809038662274,0.3931146786424889,534576000,0.40058070846966337,40.157431545993575
2011-06-15,0.3844041526317596,0.3899054479705799,0.3763813869975726,0.3876132370251865,935916000,0.3963237319673811,34.799209466514185
2011-06-16,0.3711094558238983,0.3905932845572569,0.3656081581211695,0.3846335226081993,1024908000,0.3902002615588052,25.420533720220988
2011-06-17,0.3623989820480346,0.3756938417241949,0.3509379243878795,0.375464609640865,1467884000,0.38443697350365774,13.465355252483661
2011-06-20,0.358043760061264,0.3667541685937374,0.3552930846007776,0.3591898657280286,745960000,0.3787064382008144,2.9787637802507163
2011-06-21,0.3658373355865478,0.3685880115577252,0.3559808195573479,0.359419137196,704276000,0.37490791933877127,11.594278451738774
2011-06-22,0.3607943058013916,0.3681293745218962,0.3601066371314334,0.3633157484828026,651720000,0.3707819197859083,11.241285255948654
2011-06-23,0.3715679049491882,0.3740893215747786,0.3530009508134302,0.3562100637805278,744024000,0.36773655670029776,22.89174064974779
2011-06-24,0.3607943058013916,0.3729430278862966,0.3585020951184022,0.3697339438602341,529052000,0.3643637214388166,22.458768789868785
2011-06-27,0.3532301187515259,0.363086633325257,0.3406229286127978,0.3607944219046365,1142152000,0.3618095304284777,20.87928855909898
2011-06-28,0.3552931249141693,0.3594191112477402,0.3507087017269389,0.3532301454100426,692200000,0.36079440798078266,25.060386284246277
2011-06-29,0.3607943058013916,0.3644618538242973,0.3452072676920025,0.3575851944500224,960544000,0.3611873430865152,30.548957414398856
2011-06-30,0.3653788268566131,0.3692755806158164,0.3562099816230459,0.3617112778330605,652300000,0.3611218418393816,35.748864334043546
2011-07-01,0.3701925277709961,0.371567865657935,0.3580438008540942,0.3653788724920274,540804000,0.36246444497789654,39.95280129363059
2011-07-05,0.3640034794807434,0.3731723237826737,0.3607943675798809,0.3697340071694498,535296000,0.3613838127681187,35.55051069519672
2011-07-06,0.3591898679733276,0.3644619595384633,0.3548346500172092,0.363774290669043,529580000,0.3611546073641096,36.90486103737583
2011-07-07,0.3605652749538421,0.3628574869156026,0.3541470759958486,0.3610237392064518,986136000,0.3622024868215833,43.750052994994405
2011-07-08,0.3536886870861053,0.3580439067999174,0.3507088056661972,0.3555224623695354,619516000,0.3619732814175741,44.72233046735533
2011-07-11,0.3413105607032776,0.348416426271159,0.3403936871640147,0.3470411159622646,714388000,0.3591898892607007,40.759547418226724
2011-07-12,0.3367262780666351,0.3429152726631146,0.33099574775532,0.3397061592935838,867604000,0.35509666800498957,33.33346983165319
2011-07-13,0.3360385298728943,0.3436028335685315,0.33282944458399,0.3413106219835092,634368000,0.35021752544811785,35.08303702905576
2011-07-14,0.3227437734603882,0.3394769274491912,0.3211392304368753,0.3374139474654353,1088996000,0.34432328173092425,21.44779734085867
2011-07-15,0.3232021629810333,0.3266404806661664,0.3165547597199039,0.3245775009852146,827736000,0.33918218101773945,25.000089187501857
2011-07-18,0.3163254857063293,0.322514451254637,0.3121994995656854,0.3206807039257431,818200000,0.3328622111252376,25.230807142919986
2011-07-19,0.325952798128128,0.3266404397186963,0.3172423616273425,0.3172423616273425,602224000,0.328899941274098,32.12293201216477
2011-07-20,0.3218268156051636,0.3289326549489877,0.3209099145984877,0.3270989075862698,662956000,0.32611654911722454,25.852429915586228
2011-07-21,0.3369553387165069,0.339247549674417,0.3174715182489609,0.3222851721906962,1143420000,0.32614927206720623,34.42209791269761
2011-07-22,0.3438320159912109,0.3449781216181691,0.3355800445469867,0.3399352623246159,737192000,0.32726262722696575,35.87221177626611
2011-07-25,0.3383307754993438,0.3399353456305586,0.3335171470816603,0.3385600076110375,566920000,0.32948934180395945,36.138645565518026
2011-07-26,0.3300787508487701,0.3369553846601244,0.3252650962506966,0.3287034131563738,698276000,0.33047171149935034,34.84486421759688
2011-07-27,0.3177008330821991,0.3270989113893223,0.3167839320648628,0.3254943414403131,652212000,0.33066818969590317,29.978540461864498
2011-07-28,0.317013144493103,0.3236605466613409,0.3115118207061642,0.3165547076755203,648176000,0.329391096319471,31.818110631990734
2011-07-29,0.317013144493103,0.3199930247953638,0.3121994895951959,0.3138040321193932,677656000,0.32870342901774807,36.26942237282197
2011-08-01,0.3339754641056061,0.3348923375726457,0.3215975083487074,0.324348156075137,1019620000,0.32827773264476223,48.636283585406126
2011-08-02,0.3305372893810272,0.3525425352809575,0.3305372893810272,0.3316833953690377,1356432000,0.32637848598616465,47.34515807147251
2011-08-03,0.3394768834114074,0.3406229893260015,0.328015824265467,0.3312249372215226,765236000,0.326542215687888,58.429564113450716
2011-08-04,0.3071566224098205,0.3332878482742443,0.3071566224098205,0.3332878482742443,979732000,0.3232676259108952,43.88109110440371
2011-08-05,0.2968416213989258,0.3181592181874163,0.2888188822598501,0.3142624646420707,1270588000,0.3202877385275705,42.75976557308787
2011-08-08,0.273461103439331,0.2924864930778702,0.2716273286395052,0.2824007453414874,1084180000,0.3140660183770316,32.302900074171234
2011-08-09,0.2963832318782806,0.2968416687228228,0.2750656590165549,0.2787331810982098,1329832000,0.31111888800348547,42.38681366110129
2011-08-10,0.2828591465950012,0.2959247733203284,0.2812546040941778,0.2876728014227865,1140052000,0.30381655693054194,33.656505579957
2011-08-11,0.3073859214782715,0.3115119086519926,0.2828592305721103,0.2828592305721103,1078792000,0.30050921865871966,40.05008284220862
2011-08-12,0.2952371835708618,0.3406230138463492,0.2904235274529191,0.3401645769125743,3195784000,0.2941892615386417,38.64734565015684
2011-08-15,0.3064689338207245,0.3071566026486308,0.2966124201549021,0.2982169625364748,864152000,0.2940910203116281,43.87632655345466
2011-08-16,0.2977586090564728,0.3071566885745387,0.2922572842195607,0.3030307017781848,716868000,0.2942220185484205,44.72727444648792
2011-08-17,0.2936325669288635,0.3037183135666801,0.2897358129820024,0.2986754265851141,553328000,0.2971036561897823,43.92856446344874
2011-08-18,0.2736903727054596,0.2830884527525709,0.2704812595386137,0.2803378038419332,802564000,0.2938618191650936,39.805826468240625
2011-08-19,0.2688766121864319,0.2840052163069873,0.2670428378498022,0.2691058442255024,761332000,0.29186431424958365,33.75285413133325
2011-08-22,0.2736903727054596,0.2796501347829432,0.2707104916667178,0.2764410216160973,611876000,0.28705066442489624,35.90909561006022
2011-08-23,0.3032598197460174,0.3034890517955891,0.2798792437022159,0.2803377078013593,938312000,0.28819675530706135,41.85565258161718
2011-08-24,0.2989047467708587,0.303489170959853,0.2911112092543743,0.3025722970521836,687500000,0.2871161571570805,47.87738123547579
2011-08-25,0.2860682904720306,0.2982170175900996,0.2856098536105657,0.2929449253699582,690968000,0.2854461116450173,47.26427798319423
2011-08-26,0.2982169091701507,0.3011967886742825,0.2798791954505646,0.2849220810692376,732660000,0.28610101767948687,56.66664472988302
2011-08-29,0.3062396943569183,0.3073857999339156,0.2995922929404591,0.3066981584479671,601528000,0.29075092077255243,52.88589137611246
2011-08-30,0.3135749399662018,0.3160963570309102,0.3021138514594964,0.30417685886734,684760000,0.2971363961696624,59.33151420364366
2011-08-31,0.3050936460494995,0.3190761476436671,0.3025722297019941,0.3158670623558176,705808000,0.30162257807595383,49.228374502209455
2011-09-01,0.304405927658081,0.3158670110428778,0.3041767229320792,0.3092195821331894,762312000,0.3017863077776772,53.344438994524545
2011-09-02,0.2961540222167969,0.3016553189108816,0.2938617833813922,0.2975293327276597,471356000,0.301393347127097,46.15386837869091
2011-09-06,0.3021137416362762,0.3028014105222453,0.2837760504121148,0.2865266986306759,696248000,0.30368555443627493,51.6579104886714
2011-09-07,0.3266404569149017,0.3355800986414046,0.3177008425137168,0.3266404569149017,1606620000,0.3077460612569536,60.876126611370196
2011-09-08,0.3250359296798706,0.3312249232172628,0.3197638372305791,0.3234313869323434,880164000,0.31043123773166104,69.2439477553041
2011-09-09,0.3181591928005218,0.3309955853289129,0.3154085450659553,0.3222851780650269,869828000,0.3110861309937068,68.18948090458086
2011-09-12,0.3257235288619995,0.3284741768861987,0.3138040085482806,0.3138040085482806,916480000,0.3140332571097782,68.82250701986001
2011-09-13,0.3330585956573486,0.3346631653684573,0.3234313140172624,0.3284741732263254,853836000,0.3181264953953879,62.84582837318284
2011-09-14,0.3502502739429474,0.3546054924787845,0.3415398641965915,0.341769096292016,1547192000,0.3258545313562666,69.92874156521484
2011-09-15,0.3552931249141693,0.3598775754267173,0.3520840396132351,0.3580438006867616,752908000,0.3334515861102513,78.5984024884107
2011-09-16,0.3543762266635895,0.3690463962418961,0.3525424520506366,0.3559807692029297,1391588000,0.3374138389314924,75.57404717235151
2011-09-19,0.3470411896705627,0.3509379440280329,0.3381015478001468,0.3484165002715601,968204000,0.3405574475015913,68.69745965368472
2011-09-20,0.3381015956401825,0.3527717687371549,0.3364970527159898,0.3513964306162342,792436000,0.3434063621929714,61.07657496147995
2011-09-21,0.3316833078861236,0.3458950129239903,0.3314540758188536,0.3399352797534346,715252000,0.3442577591964176,62.23626302038686
2011-09-22,0.3096780776977539,0.3190761563807252,0.3037183438106535,0.3186177195163818,1314632000,0.3409176852021898,52.0282401693915
2011-09-23,0.3160962164402008,0.3250358565807718,0.3060104980165604,0.307844272455035,1011440000,0.3360385341303688,57.78172346447521
2011-09-26,0.3167839348316192,0.3209099211323755,0.3025722285292964,0.3199930474323485,972124000,0.3305372212614332,55.97015178800133
2011-09-27,0.3172423839569092,0.3275573637705831,0.3147209675216134,0.324806715238752,781388000,0.3252323865890503,45.243627818443194
2011-09-28,0.3076150119304657,0.3259527272925638,0.3025721531854112,0.3179299614511587,1236532000,0.31960007548332214,41.84546775749213
2011-09-29,0.3000508546829223,0.318388578878192,0.292257317118001,0.3131164855630178,866416000,0.3141642553465707,41.57789437587446
2011-09-30,0.2867559790611267,0.2968417000051979,0.2862975148429526,0.2952371572175484,677784000,0.3077460655144283,32.793558602233745
2011-10-03,0.2707104980945587,0.2920281028028096,0.2707104980945587,0.2830884594743183,949896000,0.30217926842825754,24.43613735791476
2011-10-04,0.2956955134868622,0.2956955134868622,0.2629168610426698,0.2640629666249711,1361548000,0.2992648822920663,28.97520560160723
2011-10-05,0.3062396943569183,0.3089903696019617,0.2890481107019593,0.2950078433071577,856708000,0.2977585622242519,31.86436240776601
2011-10-06,0.3183884024620056,0.319305275867342,0.3073857576461173,0.3078442216740941,773192000,0.29792227915355135,37.715138765762866
2011-10-07,0.3243481516838074,0.3291618056338701,0.313116328900741,0.3197637297600562,806976000,0.30031272768974304,42.18004348642314
2011-10-10,0.3387893438339233,0.3387893438339233,0.3291620293894071,0.3298496986104909,534376000,0.30584679756845745,50.22833824337568
2011-10-11,0.3351216912269592,0.3415398898015096,0.3339755853145509,0.3360385650267577,816080000,0.3127561850207193,51.162810855091756
2011-10-12,0.3348924517631531,0.341769114411974,0.3346632469808949,0.3415398823043961,612064000,0.3219250355448042,59.99999527217163
2011-10-13,0.3543762266635895,0.3550638955591112,0.3323709859587874,0.3332878596026059,854832000,0.33030799457005094,63.75617358389371
2011-10-14,0.3603359758853912,0.36423272973589,0.3516255672443666,0.3605651806264118,702452000,0.3380360347884042,65.07934444200924
2011-10-17,0.3424567282199859,0.3562100250732675,0.3406229534845272,0.3562100250732675,611780000,0.34147436703954426,57.79036107258633
2011-10-18,0.354834645986557,0.3557515469104736,0.3385599346715099,0.3406229139310221,590916000,0.34582958051136564,64.34541378598513
2011-10-19,0.347728818655014,0.3614821154417527,0.3468119449543795,0.3552931223238592,557568000,0.34710664834294996,64.52510522438456
2011-10-20,0.3303079009056091,0.3397059764889462,0.3172422769665041,0.3383306390242059,990308000,0.3464189640113285,62.942725234736116
2011-10-21,0.3319125771522522,0.3399353458372433,0.3264112797214632,0.3344340210811339,628428000,0.34599326763834265,69.89562937723494
2011-10-24,0.3442905247211456,0.3495626171718917,0.3326002339532008,0.3332879029381362,535256000,0.3445524530751364,67.20777000501485
2011-10-25,0.3312249779701233,0.3422276015688762,0.330537308871703,0.3394769251751952,577996000,0.34039373908724097,58.69221764991921
2011-10-26,0.3351216912269592,0.3394768827639825,0.3254943797024734,0.3376431351643856,503116000,0.3393458766596658,56.17600575850532
2011-10-27,0.3495626449584961,0.3530009628311646,0.3397061282584485,0.3474996651650235,577732000,0.33859273365565706,58.75799086001716
2011-10-28,0.3575852811336517,0.3607943932629541,0.345665788157718,0.3465826617230539,490156000,0.3400007997240339,56.83325622692904
2011-10-31,0.3392475843429565,0.3481872243875556,0.3392475843429565,0.3461242179194268,519984000,0.3412778973579407,51.35539290553507
2011-11-01,0.3222853243350982,0.3277866223010103,0.3190762110838804,0.3268697484151326,790824000,0.33990257552691866,46.26866461546493
2011-11-02,0.3167839348316192,0.3270989142461686,0.31013653219313,0.3254943442831453,961608000,0.33597306268555777,37.86981360840221
2011-11-03,0.3358092904090881,0.3364969592785988,0.3117410439281026,0.3202222204512284,749372000,0.33662796446255266,42.70122042610706
2011-11-04,0.3397061228752136,0.3408522288146077,0.3275573944525714,0.3328294872388487,654840000,0.33728288326944617,49.10715892251946
2011-11-07,0.3378722071647644,0.3429150930577161,0.3300787009534365,0.3371845384225155,613536000,0.3356128207274845,44.089440611944596
2011-11-08,0.3456657230854034,0.3477287018817057,0.3367260845423743,0.3422274068746941,549728000,0.3339100267205919,49.2845434683302
2011-11-09,0.3282450139522552,0.3419982831497489,0.3268696761023791,0.337643092167336,532244000,0.3323382309504917,49.28461477881958
2011-11-10,0.3316833078861236,0.3397060476861646,0.3234313360188127,0.3362677306290042,990484000,0.33368080002920963,49.92149053079665
2011-11-11,0.3433735370635986,0.3461241847656512,0.3225143789575448,0.3410813260910031,1751560000,0.33747931463377817,49.684506779992255
2011-11-14,0.3367262780666351,0.3468120278097441,0.3358094041469543,0.343373709622955,500292000,0.3376103128705706,51.98019897570697
2011-11-15,0.3410813510417938,0.3436027669009094,0.3326001479625249,0.3335170488138224,505660000,0.3378067740372249,52.13813077760846
2011-11-16,0.334204614162445,0.3436026886267785,0.3330585088533949,0.3346630781463099,512420000,0.3372828321797507,44.17382055281378
2011-11-17,0.3222853243350982,0.3344340536122539,0.3163255621009244,0.3335171797263762,657504000,0.33394277521542143,36.99324532074405
2011-11-18,0.3193054795265198,0.3241191362880502,0.3158671610755197,0.3241191362880502,501352000,0.33266569886888775,41.71431444163448
2011-11-21,0.3353508412837982,0.3385599261231939,0.3094488212108573,0.3142624757952647,1330788000,0.3331896322114127,55.470231318741945
2011-11-22,0.3456657230854034,0.3474994971961767,0.3371845212387405,0.3390182953495138,1287480000,0.3335170873573848,61.62363818848604
2011-11-23,0.3309957385063171,0.3445198060583126,0.3307665063701404,0.341998361861661,825340000,0.3326984388487679,47.99237800709496
2011-11-25,0.3218268156051636,0.334204746930094,0.3209099145984877,0.3266404434202735,406620000,0.3299477909292493,42.85707822316709
2011-11-28,0.339935302734375,0.3449781626273974,0.3323709992321829,0.3323709992321829,690616000,0.33076646072523935,50.72937712672657
2011-11-29,0.3417690992355346,0.3461242904835629,0.3362677748258311,0.3394768602375025,623440000,0.3335498571395874,48.56180101069588
2011-11-30,0.3582729995250702,0.3591899005425412,0.3491041533022627,0.3520840337897386,730324000,0.3391166457108089,61.15850074133667
2011-12-01,0.362628310918808,0.3635451848462122,0.3536886671626579,0.3552932101982774,529760000,0.34301342708723886,61.421426666913085
2011-12-02,0.3603359758853912,0.3679002788453682,0.3568976588422484,0.3665249410979852,546464000,0.34510917748723713,56.727325851185526
2011-12-05,0.354834645986557,0.366754166720272,0.3518547658031282,0.3662957299209709,644696000,0.34851473569869995,57.247680946305614
2011-12-06,0.3497917354106903,0.3575852418354892,0.3461241869017788,0.3568976003997149,573832000,0.3525097242423466,53.46714826248745
2011-12-07,0.347728818655014,0.3502502623197349,0.3403937470739862,0.3474996138925141,510016000,0.35362308365958073,55.597800437218496
2011-12-08,0.3367262780666351,0.350021113853951,0.3355801720043721,0.3442905835426359,491488000,0.3529026806354522,56.022960331527706
2011-12-09,0.3415399491786957,0.3442905983816156,0.3296204237571676,0.3342048482038091,555840000,0.3505122448716844,59.133723445645494
2011-12-12,0.3330585956573486,0.3355800389245367,0.3268696308405298,0.3342047012651045,573208000,0.34628799983433306,48.995970829568385
2011-12-13,0.3238897323608398,0.3415397795759624,0.3218267533144208,0.3374137941578128,516596000,0.3410813936165401,40.365145048753085
2011-12-14,0.3112825453281402,0.3229728318131377,0.3078442289884715,0.3211390576335858,636020000,0.33485966495105196,41.115663128951
2011-12-15,0.3085320591926574,0.3186178096891961,0.3078444173641903,0.3165548295531427,435148000,0.32896542549133295,43.64039939782394
2011-12-16,0.3096780776977539,0.3170131768285208,0.3083027671047237,0.3110534156161023,619116000,0.3235296053545815,32.72252199880607
2011-12-19,0.3016553521156311,0.314720981021587,0.3005092462344293,0.3110534312716135,463276000,0.31851947307586664,28.606355180591237
2011-12-20,0.3186177015304565,0.3197638072892765,0.3085319544576501,0.3085319544576501,445208000,0.31524486626897535,28.953774291297236
2011-12-21,0.3144916892051697,0.3202222175231685,0.3083027240867939,0.3167839005323692,548424000,0.3125924510615213,24.390155730086477
2011-12-22,0.3280157744884491,0.3289326481508589,0.3154086113410757,0.3154086113410757,576560000,0.3131818856511797,34.64050528787
2011-12-23,0.3248066306114197,0.3300787215302386,0.3220559554709497,0.3296202574566194,248948000,0.31511389783450533,35.41200041350184
2011-12-27,0.3222853243350982,0.3273281853580714,0.3213684231238976,0.3234314303551068,195712000,0.3170786499977112,36.30140523981691
2011-12-28,0.3142624199390411,0.3229728266589241,0.3140331879232644,0.3222851579369027,233960000,0.31773355603218073,34.267194275729366
2011-12-29,0.3202221989631653,0.3209098677865309,0.3128871286063286,0.3174715509950156,211112000,0.3203859627246856,41.85513753541968
2011-12-30,0.3177008330821991,0.3225144609532752,0.3172423689108724,0.3190761436202278,186956000,0.32025498151779175,37.96290945862979
2012-01-03,0.3218268156051636,0.3300787880386618,0.3211391466814859,0.3277865491846306,468044000,0.32130285671779085,44.067818486666965
2012-01-04,0.3254943788051605,0.3268697168263871,0.3190761802483036,0.3220560610774143,347372000,0.3209426573344639,50.89979929443893
2012-01-05,0.3371844887733459,0.3387890580440962,0.3225143246249667,0.323889661906951,563548000,0.3227109227861677,64.675349937339
2012-01-06,0.3332878947257995,0.3371846491106572,0.3293911403409418,0.336955444338206,533252000,0.3242827185562679,63.84617436150459
2012-01-09,0.3332878947257995,0.3397060928848515,0.3309956830493752,0.3335171268235694,508244000,0.32700064352580477,63.37667872493899
2012-01-10,0.3319125771522522,0.3385600078168858,0.3296203653352034,0.3383307757050529,546328000,0.3286706975528172,68.53939519218622
2012-01-11,0.3252650797367096,0.3319124811533989,0.3238897421141403,0.3289326011880404,484272000,0.3297513042177473,54.66236234943151
2012-01-12,0.3232021629810333,0.3261820437732127,0.3160962955016302,0.3259528389893958,652364000,0.3299477824143001,56.291461435833014
2012-01-13,0.3147209584712982,0.3215975932657863,0.3131164158176478,0.3209099243212739,504300000,0.3284087223666055,39.64282729222969
2012-01-17,0.3099072575569153,0.3195345667120095,0.3094488207698426,0.3195345667120095,627176000,0.32451197504997253,38.67592030515262
2012-01-18,0.320451557636261,0.3229730018764898,0.3142625904310817,0.3158671334360802,632676000,0.3226782126086099,48.757766106886535
2012-01-19,0.3289327025413513,0.3293911667736816,0.3197638550998789,0.323202172890431,608312000,0.32205604229654583,59.87665343902079
2012-01-20,0.325952798128128,0.3323709958008587,0.3248066923767589,0.3284742143859503,546272000,0.32120464529309956,54.01935188533513
2012-01-23,0.3348924517631531,0.335121683870731,0.3220560548958229,0.3261820415549876,562792000,0.32257998415402006,61.061979146092035
2012-01-24,0.3424567282199859,0.3438320661029094,0.3323710081629394,0.3326002129265483,730920000,0.3253306363310133,62.71188619434708
2012-01-25,0.3403938114643097,0.3413106853383839,0.3236606309972141,0.3332879433016058,1274152000,0.32899818675858633,59.36605438037488
2012-01-26,0.3371844887733459,0.349333237671828,0.3353507421644409,0.3454364578146409,799672000,0.3328949340752193,50.0
2012-01-27,0.3417690992355346,0.3436028467134506,0.3323710204472818,0.3351216689894743,449996000,0.3359402971608298,55.9105134039649
2012-01-30,0.3392475843429565,0.3408521267124037,0.3307663810717262,0.3358092675547213,399076000,0.3374138517039162,54.012271120331626
2012-01-31,0.3385599851608276,0.3403937599568166,0.3326002239051933,0.3401645278603235,357900000,0.3392148784228733,54.5170950937117
2012-02-01,0.3422273695468902,0.3461241220289349,0.3376429484326482,0.3424565742074192,428020000,0.34026272382055006,62.012876547410244
2012-02-02,0.3550640046596527,0.3564393155479723,0.3406230353923652,0.3440613809264747,696236000,0.342063763311931,69.5773685351647
2012-02-03,0.362628310918808,0.365608192170858,0.359648429666758,0.3603360987749732,495232000,0.3452401203768593,79.77192263727272
2012-02-06,0.3598775863647461,0.3612528969675255,0.3566684736409573,0.3607944600999324,278868000,0.34848199146134506,81.87115183715795
2012-02-07,0.3607943058013916,0.3628572844859593,0.35437611042396,0.3603358691298551,410296000,0.3511998781136104,79.33304961194884
2012-02-08,0.3738600313663482,0.3809658700425399,0.3589606305042688,0.3607944050200105,847612000,0.35614451340266634,80.62476917320018
2012-02-09,0.3736308515071869,0.3805074864080099,0.3729431825520409,0.3784445068678903,561944000,0.361154637166432,83.76605449981898
2012-02-10,0.3644619584083557,0.371338592430606,0.3623989518064918,0.3699632546960301,440268000,0.3643310070037842,70.8736315845723
2012-02-13,0.3701925277709961,0.3750061830499647,0.3626282240434672,0.3736308451630258,610668000,0.36649222459111896,70.09954106149782
2012-02-14,0.3722555041313171,0.3754646167319586,0.3669834120430127,0.3701925246436541,453756000,0.3678675379071917,73.0894676620332
2012-02-15,0.3706509470939636,0.3873841237341167,0.369734073429582,0.3756938342240114,1110856000,0.36940658943993704,74.82991933772033
2012-02-16,0.3770690858364105,0.3800489657682788,0.3438319971505718,0.345207334757684,1888588000,0.3717315580163683,75.49658752808578
2012-02-17,0.3633158504962921,0.3798197665827994,0.3598775335063817,0.3772983505187204,1020360000,0.37022524646350313,64.95728933498347
2012-02-21,0.3651496469974518,0.3740892607790817,0.3623989713797354,0.3630866402841645,518176000,0.3690136458192553,66.29211759674558
2012-02-22,0.362628310918808,0.3722555964578491,0.3621698739551058,0.3633159800270232,492432000,0.36875169617789133,62.678196913562466
2012-02-23,0.3646911084651947,0.3667541147577299,0.357585243444202,0.3633157982621484,323968000,0.3679657791342054,56.90778950393729
2012-02-24,0.3619405329227447,0.3662957510809815,0.3603359903698432,0.3658372869298817,366668000,0.36649221181869507,49.469873429352404
2012-02-27,0.354605495929718,0.3589606871826204,0.3495626083838496,0.3573561444749889,745268000,0.3642000045095171,46.20459185556242
2012-02-28,0.3513963520526886,0.3587314506238891,0.3477288027670884,0.3546054645089179,699884000,0.36053247111184256,43.45053470660193
2012-02-29,0.3472703397274017,0.358502191488503,0.3470411349926736,0.352542431180546,689196000,0.35824025528771536,28.83196958567501
2012-03-01,0.3495626449584961,0.3536886318707626,0.3472704330433837,0.3486457711225797,449944000,0.3560135407107217,31.448713737363065
2012-03-02,0.3525424003601074,0.3575852593123459,0.3484164149172535,0.3484164149172535,684076000,0.35457269634519306,39.84363493419443
2012-03-05,0.3406229615211487,0.3507087091414748,0.3381015451100558,0.3500210401837883,514848000,0.35113438963890076,27.208282835150953
2012-03-06,0.337413877248764,0.3394768568032087,0.3314541160298729,0.336726208288843,471400000,0.34763058168547495,23.610911095330593
2012-03-07,0.3394768834114074,0.3408522214390485,0.3346632549653047,0.3392476786236809,441984000,0.3454693513257162,26.551567685248884
2012-03-08,0.3406229615211487,0.3440613063095811,0.3385599819734073,0.3403937567521319,430852000,0.34393029553549626,20.22453416829603
2012-03-09,0.3397061228752136,0.3440613418401039,0.3378723479071188,0.3415398978433084,367836000,0.3428496931280408,25.592238920379913
2012-03-12,0.3344340026378631,0.3433736446265448,0.3335171288917352,0.3410814329359062,299948000,0.34068845851080753,20.35371450860019
2012-03-13,0.3390183448791504,0.340852119257833,0.3342046905507725,0.33580926021044,553288000,0.3387564505849565,28.084755355717363
2012-03-14,0.3293913006782532,0.3397062582431593,0.3282451942821525,0.3390185889404325,735708000,0.33715192760740004,21.268632278565605
2012-03-15,0.334204614162445,0.3360383881219865,0.3291617562676857,0.3303078615767358,382380000,0.33669346145221163,28.15846502845129
2012-03-16,0.3346631824970245,0.3360384929015341,0.3326001759022884,0.3344339504336157,428340000,0.3360057898930141,32.38842102104857
2012-03-19,0.3355800807476043,0.3381015243290378,0.333975538161836,0.3364969817432695,405400000,0.33528537835393635,35.44286436863838
2012-03-20,0.3300787508487701,0.3337462724863042,0.3270988707321205,0.3337462724863042,449616000,0.33391003949301584,34.56772816917842
2012-03-21,0.3314540386199951,0.3344339185335006,0.3264111796338461,0.33007872834667,467840000,0.3334843303476061,33.47245372687439
2012-03-22,0.3309957385063171,0.3337463875138223,0.3280158573626351,0.3289327312566958,425372000,0.33233824372291565,29.385781331082796
2012-03-23,0.3335170447826385,0.3344339182975416,0.3277864896759023,0.3300787281137839,315456000,0.33292763573782785,41.710996821856384
2012-03-26,0.337413877248764,0.3390184199383675,0.333517122909636,0.336726208288843,288600000,0.3333861018930162,50.0
2012-03-27,0.3397061228752136,0.3438321097220967,0.338101580025126,0.3387892490538267,419968000,0.3341065219470432,50.261805409011444
2012-03-28,0.347499668598175,0.352084092473692,0.3415399066298743,0.3440613506915373,892448000,0.33580932021141047,56.81834568301055
2012-03-29,0.3491042256355285,0.3518548746072329,0.3426860264846698,0.347041245738081,372700000,0.3385272451809474,59.192972309256554
2012-03-30,0.3530009090900421,0.3550639158947624,0.3470411754132571,0.3520840353937112,527240000,0.3416053695338112,68.66386340132989
2012-04-02,0.3513963520526886,0.3550639013382888,0.3463534922789754,0.3520840209594031,407776000,0.3445197428975786,63.2355462418922
2012-04-03,0.3456657230854034,0.3543761296175953,0.3438319489746301,0.3539176929212291,430476000,0.3462552683694022,68.9837646242487
2012-04-04,0.3358092904090881,0.3447489037367828,0.3337462838005561,0.3403937131054064,495896000,0.3460260416780199,51.674776578260115
2012-04-05,0.3353508412837982,0.3403937005994117,0.3342047083265126,0.3362677148592502,369424000,0.345403858593532,50.71770096809075
2012-04-09,0.3309957385063171,0.3321418445365545,0.3245775392719229,0.3300788646122564,365504000,0.34304615429469515,45.53576870101537
2012-04-10,0.3245774209499359,0.3342047026293205,0.3229728785575906,0.3296202801795837,470360000,0.3395423250538962,44.736803088450884
2012-04-11,0.3287034034729004,0.3358092691320893,0.3277865025965431,0.328932608198005,372960000,0.336071252822876,47.50001083465878
2012-04-12,0.3364969789981842,0.3383307263239221,0.327786542574348,0.3291618803939677,384868000,0.3339427709579468,54.41170636200991
2012-04-13,0.3245774209499359,0.3353508355670679,0.3243481888973237,0.3335170611221106,311324000,0.3309301563671657,43.76999034647999
2012-04-16,0.3206807672977447,0.3277866079147349,0.3154086743720283,0.3268697340690981,463468000,0.32876893877983093,38.338693182620645
2012-04-17,0.3213682472705841,0.3254942321499329,0.3202221418777266,0.3215974792792788,460696000,0.32677142534937176,36.92794614454111
2012-04-18,0.3179299533367157,0.3209098330317011,0.3140332001934163,0.3193052908344966,400764000,0.32490488461085726,27.52592278500576
2012-04-19,0.3131164610385895,0.3257236266492379,0.311511890827886,0.3138041027570948,667188000,0.32326760462352205,23.920098311300507
2012-04-20,0.3069274425506592,0.3158670847585384,0.3062397735615424,0.3149501836646095,509592000,0.3201567530632019,17.684770107854817
2012-04-23,0.3032598197460174,0.3046351573928221,0.2959247493887894,0.3016552773749539,706244000,0.3154085874557495,17.187366682945765
2012-04-24,0.2938616871833801,0.3066981056932106,0.2922571451166417,0.3041766629274018,730440000,0.3110206254890987,16.368926351014395
2012-04-25,0.2998215854167938,0.3021137972417061,0.2927157178294376,0.2982170426044193,727112000,0.3080407423632486,25.391870483335865
2012-04-26,0.3000508546829223,0.3025722989326694,0.2975294104331752,0.2995924177262384,539208000,0.3049954005650112,25.786235778537048
2012-04-27,0.2975293695926666,0.3014261515028955,0.2943202840110522,0.2995923766025501,475356000,0.30208103145871845,26.45162994996096
2012-04-30,0.2979878485202789,0.2995924188627452,0.2938618612438243,0.2959248685447135,262268000,0.29991980109895977,29.57756924460179
2012-05-01,0.3032598197460174,0.3064689318134573,0.29638318616262,0.29638318616262,408680000,0.29939585498401095,30.795825645995038
2012-05-02,0.2945495545864105,0.303259966814635,0.2929450114372096,0.3021138606615877,684008000,0.2981515313897814,18.77128289780211
2012-05-03,0.2895066142082214,0.2970709182252797,0.2876728393972196,0.2952371434142778,419536000,0.29752937810761587,20.912494333430985
2012-05-04,0.2810254096984863,0.2892773827022334,0.2810254096984863,0.2876728399863156,545092000,0.2948442101478576,19.43453757842856
2012-05-07,0.2858389914035797,0.2908818776740468,0.2835467803080261,0.2860682234432597,604440000,0.29281394396509436,24.25254091598235
2012-05-08,0.2856098413467407,0.2874435887138608,0.2782747425769926,0.2833176024872068,462312000,0.2911111542156764,25.43560857449998
2012-05-09,0.2867559790611267,0.2890481908507174,0.2778163366865309,0.2805669853689758,520608000,0.2895066014357975,28.782324468797057
2012-05-10,0.284693032503128,0.289965126203655,0.2801086079505526,0.2895066892134625,597092000,0.2868542032582419,30.830119351979064
2012-05-11,0.3028014004230499,0.3135748155181763,0.3016552947597654,0.3083027240020044,1435140000,0.28803303837776184,49.68355992817872
2012-05-14,0.3009676933288574,0.3055521170091405,0.2940910578084327,0.3002800243117508,437472000,0.28967033539499554,55.477163134643234
2012-05-15,0.2979878485202789,0.3076151612737808,0.29661253764501,0.3009677297380141,599940000,0.2920935409409659,48.51853599671006
2012-05-16,0.2920279800891876,0.3018844931593976,0.2911110792656149,0.2984461765529507,470484000,0.29297768218176706,44.06767186040766
2012-05-17,0.2899650037288666,0.2959247640600743,0.2899650037288666,0.293174115955407,335364000,0.2935998482363565,44.368520263901985
2012-05-18,0.2768994271755218,0.2920280627833284,0.2755241165386806,0.290652724821168,567288000,0.29219176939555574,36.781491959165955
2012-05-21,0.28171306848526,0.2830884063779365,0.2755241026188511,0.2773578773673139,416260000,0.29176606025014606,36.41615521366425
2012-05-22,0.2782747447490692,0.2819422941625703,0.2741487584902097,0.281483857317212,410140000,0.28826225229672026,39.009190472050264
2012-05-23,0.2851513028144836,0.2856097668620169,0.2711688051721554,0.2752947903227859,496000000,0.28600276793752394,47.12982522847094
2012-05-24,0.2775870561599731,0.2872143658572892,0.2755240768392998,0.2867559290443968,520420000,0.2830883690289089,47.70638590576009
2012-05-25,0.2842344641685486,0.2865266753856084,0.2773578305173691,0.2773578305173691,391752000,0.2819750096116747,48.955232917139355
2012-05-29,0.2915695309638977,0.2934033053797517,0.2876727774085285,0.2888188830027732,310000000,0.2822042277881077,53.55188810950331
2012-05-30,0.2881313562393188,0.2904235685579435,0.2830884946034098,0.2883605884013118,379792000,0.28380878908293583,50.79790563170955
2012-05-31,0.2849220633506775,0.2892772526683573,0.2812545153697738,0.2881311473399883,358192000,0.2842672169208526,50.13112495141469
2012-06-01,0.2746071815490722,0.2817130479339909,0.2741487447267294,0.2789623996746183,440984000,0.2837432793208531,32.27660782230916
2012-06-04,0.2688766121864319,0.2775870197914392,0.2665844010969727,0.27598247749388,432856000,0.28141832351684565,30.76914284652935
2012-06-05,0.2766703069210052,0.2773579761121671,0.2675014572397195,0.2675014572397195,365224000,0.2812873593398503,37.92211099058891
2012-06-06,0.28400519490242,0.2846928636424927,0.2766701254340337,0.2787331043289422,368968000,0.2812546065875462,45.5242630828849
2012-06-07,0.2725441753864288,0.2897357867990057,0.27231494333514,0.2881312170906107,526780000,0.27853669864790775,41.20367583679638
2012-06-08,0.2778163552284241,0.2787332290753259,0.2730026992188847,0.2734611361423357,370308000,0.2770631270749228,50.50253677598332
2012-06-11,0.2810254096984863,0.2917988264881891,0.2803377680526063,0.2867559662415965,839080000,0.27650646226746695,49.61637041253894
2012-06-12,0.2867559790611267,0.2895066277435716,0.2837760982695947,0.2842345351624489,496128000,0.278242004769189,54.61349835275625
2012-06-13,0.2791916728019714,0.2872144140112734,0.2778163348073917,0.2865267450139836,494276000,0.2797155848571232,46.78224321923716
2012-06-14,0.2757532596588135,0.2810253509011965,0.2730026116748393,0.2787331396936658,589884000,0.2795845781053815,48.96371695723643
2012-06-15,0.28171306848526,0.281942300575812,0.2752948705282991,0.2778163142231001,385288000,0.2792571314743587,48.563993308457306
2012-06-18,0.2842344641685486,0.2865266753856084,0.2773578305173691,0.279650041734429,304424000,0.28092717272894724,45.58012676849521
2012-06-19,0.303489089012146,0.3078443072108947,0.2945494478622826,0.2959247856777435,960476000,0.2845947061266218,57.77254901960789
2012-06-20,0.3083027601242065,0.314033289112045,0.3046352106418628,0.3064689853830347,972720000,0.28849147047315327,61.64388034554387
2012-06-21,0.2943200469017029,0.3080733065864479,0.293632378452406,0.3080733065864479,516376000,0.28957205159323557,59.47124578954879
2012-06-22,0.2979878485202789,0.3014261940217609,0.2938618612438243,0.2979878485202789,865360000,0.2922572195529938,64.26963462375073
2012-06-25,0.2885896563529968,0.2991338389474426,0.2874435507373098,0.2982169653850183,494616000,0.2940909905093057,55.75210216857105
2012-06-26,0.2917989194393158,0.2938618996847455,0.2860683883960916,0.2901943762122785,437152000,0.29553182635988506,53.91711322861899
2012-06-27,0.3011968731880188,0.3032598525561094,0.2920280274181658,0.2920280274181658,506064000,0.29795502764838083,64.70576538505196
2012-06-28,0.303489089012146,0.3053228636576551,0.2959247856777435,0.2984462292309831,545896000,0.29795502764838083,63.59208931862365
2012-06-29,0.3167839348316192,0.3174716037692981,0.3103657369554781,0.3105949690431435,616508000,0.2991666240351541,67.10512322431228
2012-07-02,0.3083027601242065,0.3186177123023159,0.3057813164394305,0.3183885075379929,581684000,0.30116415449551165,60.042649206939224
2012-07-03,0.3163254857063293,0.3170131546173227,0.3080735134250415,0.3083027455038114,219284000,0.3037838169506618,67.2338989427328
2012-07-05,0.3131164610385895,0.3156378777655261,0.3083028050571223,0.3142625670031939,280076000,0.30728764619146076,67.37735852717965
2012-07-06,0.3071566224098205,0.3117410451237214,0.3037183053743948,0.3108241441857523,382760000,0.3094816037586757,61.83361221351023
2012-07-09,0.3030306398868561,0.3066981890290662,0.3005091964359221,0.3053228512694086,306336000,0.30974357042993816,58.6134043497559
2012-07-10,0.2938616871833801,0.3087610844468303,0.2915694764236659,0.2998214460887602,512028000,0.30836822731154306,45.13887175091625
2012-07-11,0.2890481650829315,0.2984462435125706,0.2876728272016564,0.2947786940460487,485216000,0.30440597449030193,40.27783420777253
2012-07-12,0.2842344641685486,0.2862974433337771,0.2817130208996575,0.2858390065554278,472160000,0.30096764649663654,44.387868817660774
2012-07-13,0.2879020571708679,0.2892773677167009,0.282629965098548,0.2844637398183093,324260000,0.2969071567058563,44.38773970301489
2012-07-16,0.2888189256191253,0.2911111371458393,0.2833176015598218,0.286068277252132,334460000,0.29343608021736145,50.140874369654455
2012-07-17,0.2835467159748077,0.2913402483266213,0.2787330628361786,0.2897357063888467,447476000,0.29006323644093107,45.05480649848477
2012-07-18,0.2993631362915039,0.3034891228729133,0.281483879322276,0.2828591899658663,616008000,0.28953930735588074,48.97961417376111
2012-07-19,0.3023428916931152,0.3062396445561526,0.2993630122124486,0.3014260183107445,403036000,0.2907509080001286,49.36703985970203
2012-07-20,0.2936325669288635,0.3025722078572907,0.2904234545473836,0.3005092011852003,451000000,0.29140582254954744,36.53334026748491
2012-07-23,0.2975293695926666,0.2995923766025501,0.2826299929310055,0.2858390785126198,451584000,0.2933050947529929,43.38030118855912
2012-07-24,0.2943200469017029,0.2998213398454817,0.2908817319805166,0.2979875664224561,351164000,0.2942219504288265,35.62869170061715
2012-07-25,0.3000508546829223,0.3030307358893533,0.292028112302321,0.2934034231723727,415044000,0.2958265117236546,41.73921399782551
2012-07-26,0.3014261126518249,0.3089904160624551,0.2991338738278519,0.3055520714891537,338440000,0.2983807112489428,46.15389231282517
2012-07-27,0.3089904487133026,0.3099073224795242,0.3002800113076007,0.3025722503737933,376516000,0.29975604159491404,53.82353368559601
2012-07-30,0.3055519759654999,0.3128870723283085,0.3030305605004288,0.3089903194638839,363552000,0.3002144822052547,58.09516301519187
2012-07-31,0.3103657066822052,0.3147209246458161,0.3050936151079997,0.305552051913297,387788000,0.30260493074144634,64.7616948528532
2012-08-01,0.3069274425506592,0.3151794157694216,0.3055521045724256,0.3121995350334619,335912000,0.3039475125925882,66.01928920597175
2012-08-02,0.3080734610557556,0.3126578832493189,0.300279926931511,0.30532281320468,367912000,0.3059122860431671,64.7649097578768
2012-08-03,0.3144916892051697,0.3177008014584376,0.3055520486339029,0.3128871467411929,326548000,0.30797526240348816,67.39112616190175
2012-08-06,0.321139246225357,0.3227437893277556,0.3170132587296712,0.3174716957124529,360324000,0.3107914243425642,74.99992072300623
2012-08-07,0.3243481516838074,0.3277864681266207,0.3225143774492449,0.325035820437432,407340000,0.31298538190977915,69.9631672541936
2012-08-08,0.3261820375919342,0.3296203552119098,0.3232021568562247,0.3241190579500765,517064000,0.31593253357069834,69.40289999626458
2012-08-09,0.3371844887733459,0.3378721574143381,0.3261818724933879,0.3266403091456141,822300000,0.319763788155147,84.17228503655369
2012-08-10,0.3351216912269592,0.3488749621758585,0.3307664723646156,0.3461243134511427,1278744000,0.32379153796604704,80.37025355313875
2012-08-13,0.3394768834114074,0.3397061155244544,0.3342047907392108,0.3355801287668518,447244000,0.3282777411597116,85.8183453152377
2012-08-14,0.3344340026378631,0.3410814329359062,0.3330586646933525,0.3406229687375235,388828000,0.33112664307866774,77.57358687718416
2012-08-15,0.3319125771522522,0.3383307757050529,0.3303080343453821,0.3355801269896584,594404000,0.33266569035393845,74.00730341561416
2012-08-16,0.3387893438339233,0.3399354500939535,0.3337464544295277,0.3348925606895578,371008000,0.334728717803955,73.72275069408892
2012-08-17,0.3358092904090881,0.3387891706267579,0.3328294101914184,0.3387891706267579,309864000,0.336104039634977,74.26480253645099
2012-08-20,0.3358092904090881,0.336267727213657,0.3307664035828863,0.3346631847350086,314392000,0.3359075827257973,72.11161672800546
2012-08-21,0.3348924517631531,0.3390184384223177,0.3314541341014024,0.3369554587553953,340248000,0.33587483423096787,75.41672761155634
2012-08-22,0.3355800807476043,0.3369554185784438,0.3316833266606479,0.3328294324112419,313556000,0.3353181481361389,75.21016918968033
2012-08-23,0.3280157744884491,0.3351216410107315,0.3266404366695182,0.3348924089324709,379040000,0.3344012584005083,62.13996217238591
2012-08-24,0.3346631824970245,0.3362677249649429,0.3273280843717154,0.3280157532366274,347724000,0.3347942020211901,62.13986088817556
2012-08-27,0.3289327025413513,0.335350928540767,0.328703497750507,0.3344340274014272,340944000,0.3333861104079655,53.937121533980715
2012-08-28,0.3275573849678039,0.3307664705750567,0.325723610052808,0.3264112790615965,310764000,0.3322072667734964,51.190497687830515
2012-08-29,0.3282450139522552,0.3303079934017525,0.3266404440189608,0.3273281129438988,250412000,0.33112665585109163,40.579857610788096
2012-08-30,0.3220561444759369,0.3287035768661673,0.3204516012525459,0.3275574706601269,307488000,0.32929289766720365,37.333399593080365
2012-08-31,0.3215975761413574,0.3266404359237296,0.318388491004934,0.3243482244476226,485064000,0.3272953970091684,31.250007813408217
2012-09-04,0.304405927658081,0.3174715534261429,0.3014260749428658,0.3163254478201946,694452000,0.32392256174768713,24.904219712581778
2012-09-05,0.3053228855133056,0.309907308792583,0.3021137728226206,0.3055520902820786,480256000,0.319731090750013,27.16543937363508
2012-09-06,0.3147209584712982,0.322972931154811,0.3073858594969234,0.3076150915868667,657296000,0.3177008415971483,30.188600560390086
2012-09-07,0.3071566224098205,0.30921960170095,0.2968416439782288,0.3066981856034934,781064000,0.3147864469460079,28.07016823552057
2012-09-10,0.304405927658081,0.3108241245164546,0.3037182861547625,0.3064689341439759,371108000,0.31138086318969727,26.936004384628546
2012-09-11,0.3080734610557556,0.3128871152891217,0.3030306021078984,0.3041767076562892,382808000,0.30938333698681425,31.06791010173177
2012-09-12,0.3115118741989136,0.3131164443239627,0.3076151195923375,0.3105950004063028,322608000,0.307942522423608,33.64492416390338
2012-09-13,0.3135749399662018,0.3154087152202877,0.3076151772217541,0.3142626091021496,433836000,0.30925238132476807,39.394060109825475
2012-09-14,0.3172423839569092,0.3227437083458898,0.3133456295930386,0.3133456295930386,339468000,0.3109551668167114,36.61977118251066
2012-09-17,0.3085320591926574,0.3179301405354029,0.3050937407490178,0.3179301405354029,493348000,0.3100710383483341,35.01690635577418
2012-09-18,0.3105949759483337,0.3142625254806139,0.3048644468824696,0.3050936516499133,359952000,0.3105622317109789,37.66665799897726
2012-09-19,0.3142624199390411,0.3186176096363282,0.3076149920599134,0.3112825403604879,451936000,0.31197030203683035,40.255528149385725
2012-09-20,0.3119703531265259,0.315179466483663,0.3094489361944794,0.3135749234677563,320596000,0.31252700090408325,42.567525720894444
2012-09-21,0.3133456110954284,0.3151793857835028,0.3112826316496678,0.3124287374140497,340136000,0.3127889633178711,43.99998266454594
2012-09-24,0.3131164610385895,0.3135748979593669,0.3078443681363448,0.3083028050571223,357832000,0.3127234663282122,58.40725376141315
2012-09-25,0.3073859214782715,0.3186177769692526,0.3069274845312632,0.3172424388029045,481544000,0.3113154002598354,51.82191434707547
2012-09-26,0.3021137416362762,0.3064689596972038,0.2984462197866331,0.3062397276267756,436812000,0.31039849775178086,37.99115208043064
2012-09-27,0.304405927658081,0.3048643917607108,0.3002799420116043,0.302801385274816,558888000,0.30951434799603045,47.08731430042906
2012-09-28,0.3057813346385956,0.3101365533237527,0.2991339042218777,0.3030306860257865,485508000,0.3083027643816812,51.50009718728939
2012-10-01,0.3007384538650512,0.3089904264682411,0.2995923480771258,0.3071566517424969,504236000,0.3066982073443277,42.23303728313771
2012-10-02,0.3018845021724701,0.3028013756981055,0.2984461854633687,0.3028013756981055,295492000,0.30506090606961933,39.28551764945471
2012-10-03,0.2989047467708587,0.303489170959853,0.2973002037697755,0.3025722970521836,430872000,0.3030306611742292,33.99973736491195
2012-10-04,0.3121994137763977,0.314033187926705,0.2979876846054973,0.2995922540653342,502608000,0.3037183029311044,45.45439404456691
2012-10-05,0.3048644959926605,0.3163255559706348,0.3037183899948631,0.3131164701069309,483068000,0.30411126783915926,46.610098058498
2012-10-08,0.3018845021724701,0.3050935868375065,0.2995922910330691,0.3037182765490532,240596000,0.30375106419835773,42.083185935631924
2012-10-09,0.2954664230346679,0.3023430591879552,0.2945495218190358,0.3014261852976462,366360000,0.3022775053977966,33.73010856930297
2012-10-10,0.2904234826564789,0.2954663701261288,0.2892773768361617,0.294091032211621,326568000,0.3008039380822863,32.19678967827349
2012-10-11,0.2920279800891876,0.2940909591229312,0.289735769018223,0.2931740856246699,320516000,0.29939586349896025,32.45267281750377
2012-10-12,0.2895066142082214,0.2922572627620648,0.2876728393972196,0.2899650510796422,260696000,0.29805327313286917,31.272566697193
2012-10-15,0.2931740880012512,0.2934032927150188,0.2865266594463805,0.2899649760806997,249580000,0.2953353694507054,38.345681643330586
2012-10-16,0.3016553521156311,0.3025722532157843,0.2929449419534337,0.295695590603254,367696000,0.29487692032541546,49.642895782961666
2012-10-17,0.2993631362915039,0.3007384742604135,0.2950079176068365,0.2979877983225943,391752000,0.2945167251995632,46.0714607438612
2012-10-18,0.2947786748409271,0.2986754288169059,0.2936325691229736,0.2986754288169059,254772000,0.2944184754576002,41.83664624730021
2012-10-19,0.2775870561599731,0.2924864575188396,0.2759825136521922,0.2904234508728511,709412000,0.29258470024381367,35.44656667026372
2012-10-22,0.2743779718875885,0.2803377324472776,0.2720857604916027,0.2787331626098354,480840000,0.29006327050072805,33.1459906797365
2012-10-23,0.2826299965381622,0.2844637714619117,0.2711689100960578,0.2718565791081289,573948000,0.28908089654786245,40.63319460396265
2012-10-24,0.2789624333381653,0.2856098637029139,0.2762117847468606,0.2844637578460937,332916000,0.2870506601674216,28.48669519551727
2012-10-25,0.2791916728019714,0.2842345332398973,0.2780455669149282,0.2812546524685211,307356000,0.28384156312261305,31.699346821784218
2012-10-26,0.2762117087841034,0.2812545677021794,0.2762117087841034,0.2796500254089704,389376000,0.2805342163358416,31.699360290418596
2012-10-31,0.2746071815490722,0.2796500685707904,0.2739195399782159,0.2773578571337606,347112000,0.2776525744370052,34.035050263406134
2012-11-01,0.2876728475093841,0.2879020796142181,0.27575332456441,0.2759825566692439,473220000,0.2790934017726353,48.12501777552053
2012-11-02,0.2862975895404815,0.2911112464846749,0.2844638414906241,0.2906528094722106,256700000,0.28079620429447716,46.081608830930385
2012-11-05,0.2984462678432464,0.2995923737293056,0.2856098709892565,0.2856098709892565,444840000,0.28305567162377493,55.4016661402429
2012-11-06,0.2982169091701507,0.2991337825597414,0.2931740508767859,0.2991337825597414,350804000,0.28580631102834425,53.179146658710415
2012-11-07,0.2890481650829315,0.2977585745719331,0.2876728272016564,0.2959247998386721,324620000,0.2872143813541957,42.120350884643685
2012-11-08,0.2906527519226074,0.2998215996577597,0.2899650828774067,0.2922572948111947,839024000,0.2892773875168391,44.50870049465884
2012-11-09,0.2794208526611328,0.2956955657356437,0.2785039789634071,0.2922572483811964,846280000,0.28996505481856205,41.06669292395082
2012-11-12,0.2732318043708801,0.2810253104238244,0.2704811294577853,0.2798792049851379,643624000,0.2879020486559187,47.094780552933635
2012-11-13,0.2711688578128814,0.2780455192824057,0.2709396530699302,0.2718565266923654,492120000,0.2857408012662615,47.82608344544773
2012-11-14,0.2645214796066284,0.2755241006952724,0.2642922475176767,0.2727734522544408,619300000,0.2808944029467446,37.46031955680903
2012-11-15,0.2656676173210144,0.273002689819655,0.263833842365024,0.2661260542286818,466688000,0.27624450411115375,40.46056176834367
2012-11-16,0.2608538866043091,0.2665844146186199,0.2555817953660805,0.2656675410664554,624552000,0.2722167500427791,37.65430265752497
2012-11-19,0.2681889533996582,0.2691058542648349,0.2624584254622256,0.2656675375023754,404092000,0.2690076359680721,44.897960730830036
2012-11-20,0.265074610710144,0.2683044002784497,0.2623061882211801,0.2671509000752528,336976000,0.2669581728322165,44.05201999991073
2012-11-21,0.2726876437664032,0.2733797216997641,0.264843828006114,0.2650745389849721,422312000,0.26688043560300556,39.96708504732128
2012-11-23,0.2745333313941955,0.2777631210568207,0.272457014466838,0.273841225751743,276932000,0.2673610746860504,42.172882139657695
2012-11-26,0.2793779373168945,0.2800700427647018,0.2745332541854579,0.274994648650127,364600000,0.269483425787517,35.947460920084
2012-11-27,0.2805315554141998,0.2846841623488835,0.2759175538204665,0.2782245546173332,451404000,0.2716068455151149,37.14181956225738
2012-11-28,0.2828384637832641,0.2842226748096901,0.2759174636543539,0.279377963718809,398332000,0.2747474993978228,44.98481457608136
2012-11-29,0.2777630984783172,0.2846840993370257,0.2768403093644679,0.2832999156662517,488688000,0.2761152344090598,40.142475479548736
2012-11-30,0.2761480212211609,0.2796085193628342,0.2745331275886989,0.2775322039768735,460504000,0.2776971501963479,47.065406655143995
2012-12-03,0.2710728645324707,0.279608790218586,0.2703807862349986,0.279608790218586,391380000,0.27746646744864323,48.02472353982455
2012-12-04,0.2791472375392914,0.2796086319770252,0.2699192112765871,0.2715341330610638,528068000,0.27812559689794264,56.5762581629024
2012-12-05,0.275917500257492,0.2786858951759887,0.2719956051644874,0.2768403168980666,633024000,0.27763124874659945,59.95410128642385
2012-12-06,0.2763788104057312,0.2782244156215178,0.2743025217264745,0.2752253105835652,412896000,0.2770379994596754,59.469209156842844
2012-12-07,0.275917500257492,0.2779938170725746,0.2726877107695149,0.2766096058625196,338288000,0.27604929038456505,64.42720306622762
2012-12-10,0.285145491361618,0.2872218081017588,0.2752253847185789,0.2759174902986258,513644000,0.2771039179393223,65.67190654705003
2012-12-11,0.2918357849121094,0.2955269960379204,0.2853761791927452,0.2860682847165361,816724000,0.2793450270380292,73.2001918114295
2012-12-12,0.2888365983963012,0.2943734135339516,0.2876830986803244,0.2927585194319045,399404000,0.2818827033042907,65.21745723899814
2012-12-13,0.2890674173831939,0.2946042070886955,0.2862990225304432,0.2883753117946031,377556000,0.28329987185341965,64.12564236693419
2012-12-14,0.2904515266418457,0.2934506317562602,0.2881445269386969,0.2902208431724943,338660000,0.28537616133689875,61.538533200672234
2012-12-17,0.2892980873584747,0.2913744040269752,0.2849147980054374,0.2897595093969936,445232000,0.28722177233014784,59.134644049606415
2012-12-18,0.289759486913681,0.292989275923035,0.2883752759087525,0.2892980649109652,416436000,0.2891991989953177,57.50009527272863
2012-12-19,0.2918357849121094,0.2952962850294533,0.2906822848729947,0.2918357849121094,458544000,0.2901549552168165,66.31029563643514
2012-12-20,0.2916050553321838,0.2932199496314719,0.2883752392320017,0.2929892386594568,334332000,0.29012199384825565,68.5086902899425
2012-12-21,0.2849147021770477,0.2876830959689801,0.2816848865017913,0.2876830959689801,462172000,0.2895617229597908,65.95735177808552
2012-12-24,0.282607764005661,0.2856068693891374,0.2816849475406484,0.2846840529241248,127376000,0.288638915334429,54.60128485359542
2012-12-26,0.2823770940303802,0.2865296999720983,0.2812235939077703,0.2819156994816587,196740000,0.2874854249613625,59.33336548547717
2012-12-27,0.2805315554141998,0.2832999783717348,0.277301765299234,0.2828385562110664,299804000,0.28623306325503756,55.76945212501218
2012-12-28,0.2791472375392914,0.283530525950171,0.2775323157548146,0.2779937376941541,220600000,0.28471702763012474,54.37490513207235
2012-12-31,0.2828384637832641,0.2839919638047491,0.277532358184111,0.278224463697324,326460000,0.2834316960402897,46.32349937926314
2013-01-02,0.2934506833553314,0.2936813943668558,0.2886059996278147,0.2897594996822154,478836000,0.28369535718645367,52.28757011058114
2013-01-03,0.2936814129352569,0.2969112022911425,0.29022091255326,0.2934507019091456,298888000,0.28494774443762644,57.44696445668055
2013-01-04,0.3033707737922668,0.3042935627042465,0.2932199582524571,0.2941427471644368,524968000,0.28791388869285583,67.03294363319017
2013-01-07,0.2946043014526367,0.3040630166893124,0.2925280115234258,0.3031402272766901,610732000,0.28966063261032104,54.205793650985285
2013-01-08,0.2881444990634918,0.2962190247449857,0.2860682105321612,0.2952962084520363,466424000,0.2907481959887913,48.945069943487105
2013-01-09,0.2816849052906036,0.291835719873567,0.279839327640614,0.2904515091344706,695020000,0.2911107199532645,43.345956805131905
2013-01-10,0.2821464538574219,0.2856069547569427,0.2805315314363523,0.2842227433964878,506368000,0.2910118613924299,41.796975134580876
2013-01-11,0.2816849052906036,0.2835305104421973,0.2789165113140151,0.2832998269867507,513172000,0.28933103595461157,41.63425826093906
2013-01-14,0.2814542651176452,0.2835305540439806,0.2782244487302688,0.2835305540439806,305684000,0.2875843005520956,46.72496941108513
2013-01-15,0.2763788104057312,0.2800700208373043,0.2747639161550199,0.2800700208373043,375888000,0.2837283057825906,44.39833468857422
2013-01-16,0.2789166569709778,0.28122365773984,0.2759175504711332,0.2759175504711332,337376000,0.28148721371378216,47.01203749022785
2013-01-17,0.282607764005661,0.2837612639607205,0.2791472641404824,0.2798393696138398,580736000,0.2806962515626635,51.737358723951886
2013-01-18,0.280762106180191,0.282607711264173,0.277301606960826,0.282607711264173,397088000,0.2805644231183188,51.340958810544294
2013-01-22,0.2793779373168945,0.2830691480374619,0.2779937539228871,0.2805314372293709,308224000,0.2801689207553863,47.01195260132744
2013-01-23,0.2798393666744232,0.2805314446389028,0.2768402613224492,0.2803007611512789,421808000,0.27990527238164625,35.748912259330396
2013-01-24,0.2812235951423645,0.2823770952700383,0.2775323837331632,0.2789165948870168,396980000,0.27987231952803476,37.26425240492872
2013-01-25,0.2862990498542785,0.2865297334047496,0.2803008375161832,0.2816850213238561,393920000,0.28128949659211294,30.729493262427624
2013-01-28,0.2909131348133087,0.2927587412576234,0.2869912108060312,0.2876833166603522,422492000,0.28300327914101736,45.40242813266311
2013-01-29,0.2846841812133789,0.290451683587727,0.2835306807385093,0.2897596053041017,388872000,0.28329991017069134,45.66503511385404
2013-01-30,0.2842226326465606,0.288836632048035,0.2832998437669081,0.284914738057103,287592000,0.28379427109445843,53.74145176342802
2013-01-31,0.2828384637832641,0.2874524913708141,0.2809928857501759,0.2842226748096901,470544000,0.2842886320182255,50.99323131253669
2013-02-01,0.2853761315345764,0.2862989479127228,0.2828384208716809,0.2851454205646384,288816000,0.2850795984268188,54.999979815513846
2013-02-04,0.2805315554141998,0.289528875022951,0.2803008718354844,0.2837613730307844,511744000,0.28498073560850956,48.889006906163594
2013-02-05,0.2869910299777984,0.2886059517875532,0.2809928471901592,0.2819156360800711,367296000,0.28507958991186955,62.36556600661312
2013-02-06,0.2846841812133789,0.2869911821631181,0.2784552841494071,0.2800701793139004,530688000,0.2841897393975939,56.756805825364715
2013-02-07,0.2835305631160736,0.2860682741086676,0.280762168625177,0.2837612741159855,440000000,0.28402493681226454,51.14942187390955
2013-02-08,0.2853761315345764,0.2876831312275339,0.2835305262798893,0.2853761315345764,307232000,0.2841897223676954,55.74715929127988
2013-02-11,0.2886059880256653,0.2916050935468633,0.2849147769993277,0.2876831715182761,408308000,0.2850136544023241,60.98905076849043
2013-02-12,0.2867604196071625,0.2899902090467987,0.285606919449919,0.2860683140124938,277804000,0.285211409841265,57.978781153156355
2013-02-13,0.2853761315345764,0.2922971306134488,0.2844533426580357,0.2869910258193255,856396000,0.28590349214417593,54.787152170805975
2013-02-14,0.2936814129352569,0.2939121239613684,0.2779938057032148,0.2814543060852118,882096000,0.28685926113809856,57.92073477620519
2013-02-15,0.2936814129352569,0.2950656240887007,0.2872218067218735,0.2929893073585351,733860000,0.28814457995550974,53.29655665841408
2013-02-19,0.289759486913681,0.2941427759266056,0.2879138814076461,0.2939120924268572,433552000,0.2890344262123108,56.395231375046585
2013-02-20,0.2856068313121795,0.2952962241425728,0.2846840149701964,0.2906822249374708,713012000,0.2890673833233969,51.59574687385333
2013-02-21,0.2835305631160736,0.2883752741013496,0.2828384576179471,0.2851454576106292,580408000,0.28834232262202664,50.78534137646275
2013-02-22,0.2888365983963012,0.2890673093401376,0.2837612051463237,0.2853760992483708,370148000,0.28863891959190363,53.69455651576278
2013-02-25,0.283761203289032,0.29183570124802,0.2832998089059817,0.2895287018311663,644444000,0.28840821555682583,53.43121206460384
2013-02-26,0.2871268987655639,0.2887517003399664,0.2834130428780786,0.2843415206851132,487504000,0.28747185638972683,50.154505186887214
2013-02-27,0.2924656271934509,0.2945546820134374,0.2864306168294898,0.2871269684361519,476980000,0.28729817271232605,58.27797814706602
2013-02-28,0.2938582599163055,0.2982684395833671,0.2903765303885223,0.2915371068977834,591392000,0.287883711712701,60.93111636557257
2013-03-01,0.2950187921524048,0.2959472421523514,0.2892159104769317,0.2917691618119464,389396000,0.28922827754701885,60.35623337997933
2013-03-04,0.2938582599163055,0.2966436380044668,0.2906086290881785,0.2929297821067007,353680000,0.2907036628041948,55.90334745328387
2013-03-05,0.2971078753471374,0.2975721004359529,0.2940903707643452,0.2954830737011194,366168000,0.2918852737971714,61.27429619060668
2013-03-06,0.2968757450580597,0.3017501494776044,0.2954830422694327,0.2989647715706753,342928000,0.29375877976417536,62.85234078922745
2013-03-07,0.2961793839931488,0.3015180409481391,0.2945545825730188,0.2985005367848555,314824000,0.2950519919395447,53.36395291156238
2013-03-08,0.2975721061229706,0.2989648090863612,0.2954830793482128,0.2968757823116035,246464000,0.29578148892947603,55.05006351745927
2013-03-11,0.2947869002819061,0.295947477540089,0.2922336192457659,0.2945548014324762,299748000,0.29591415183884756,56.72392571523325
2013-03-12,0.295715183019638,0.2966436331437028,0.2915371021206943,0.2943224801632147,310856000,0.29601363624845234,64.79553734697586
2013-03-13,0.295715183019638,0.3008217140426465,0.2929297773067914,0.295715183019638,485840000,0.29627891097749975,68.98870100579992
2013-03-14,0.2959473133087158,0.298500592927953,0.2940903851920277,0.2975721150344445,383304000,0.2961131164005824,63.16313290021899
2013-03-15,0.2933940291404724,0.2959472808089929,0.2922334249834571,0.2959472808089929,355776000,0.2956157284123556,69.66857982951909
2013-03-18,0.2913049757480621,0.2940903537905209,0.2892159491337996,0.2915371021142362,298312000,0.2949193843773433,59.000127112278584
2013-03-19,0.2894481122493744,0.2929298424949251,0.2873590851701769,0.2915371669989042,355480000,0.29375881382397234,42.35272436696293
2013-03-20,0.2929297387599945,0.2938582164322065,0.2896801360830587,0.2922333874234161,340588000,0.2934935050351279,47.872154426569125
2013-03-21,0.2882875204086303,0.291769250471908,0.2878232952675928,0.2913050253308705,339032000,0.29243241037641254,36.69710505484563
2013-03-22,0.2896801233291626,0.2908406996155884,0.2880553220622307,0.2892158983486565,232476000,0.2915702589920589,41.81787408881616
2013-03-25,0.2880555093288421,0.2915372404516139,0.2859664540529755,0.2913051139752934,362076000,0.29044285842350553,31.06761623507694
2013-03-26,0.2901444435119629,0.2903765699135419,0.2875911637759145,0.2887517404431491,232540000,0.289978631905147,36.9365628177442
2013-03-27,0.2936261892318725,0.2952509911189128,0.2882875307427415,0.288983882314425,254944000,0.2903102338314056,45.528443402873776
2013-03-28,0.2978041470050812,0.2980362733224438,0.2908406895280473,0.2929297157030294,349276000,0.2915039530822208,50.37026398785633
2013-04-01,0.2880555093288421,0.2971079991799129,0.2859664540529755,0.2971079991799129,442828000,0.2908076345920562,41.21181324538981
2013-04-02,0.2850379049777984,0.2889838600191294,0.2831809768200163,0.2882875085011699,371524000,0.29034340381622314,36.78138273222893
2013-04-03,0.2815561592578888,0.2861984655566611,0.2794671048212443,0.2845736362158282,353156000,0.28918283752032686,33.86216032608712
2013-04-04,0.2843415737152099,0.2852700240250753,0.2796992668252199,0.2806277171350852,294676000,0.288652275289808,37.49982345471516
2013-04-05,0.2892159521579742,0.2892159521579742,0.2794670874019407,0.2801634388374183,551352000,0.2885196336678096,45.714212344785246
2013-04-08,0.2885197103023529,0.2894481607887311,0.2831810508298357,0.2894481607887311,326660000,0.28779013667787817,47.058890171460426
2013-04-09,0.2931619882583618,0.2952510154754131,0.2866627525037196,0.2887517797207709,380584000,0.2871269711426326,53.70380167450817
2013-04-10,0.2978041470050812,0.298268371969486,0.2926976170559871,0.2933939683377545,384688000,0.2885196336678096,54.75120640752579
2013-04-11,0.2964116930961609,0.2982686221818461,0.2855022727644822,0.2936263133028047,969220000,0.2901444605418614,58.45444248850321
2013-04-12,0.3038393259048462,0.3070889301586293,0.2952510347035098,0.2978043149531507,770548000,0.2933277700628553,63.09054358775412
2013-04-15,0.2975721061229706,0.3038392417879004,0.2957152057322207,0.3029107639221972,430420000,0.29521784612110685,58.102761583058665
2013-04-16,0.3008218109607696,0.3029108382481167,0.2987327560030874,0.3003575857491742,468844000,0.2968758259500776,58.914867177628466
2013-04-17,0.2968757450580597,0.3012859244381703,0.2950188172299987,0.2985005465312412,532948000,0.29806954520089285,52.69228091158839
2013-04-18,0.2910729050636291,0.2994290684598511,0.2910729050636291,0.2975721401862094,402548000,0.29777110474450247,44.569334676595204
2013-04-19,0.2917691767215729,0.2926976544392879,0.287126871143969,0.2908407266741816,303028000,0.2969089661325727,53.5086227480167
2013-04-22,0.2922334372997284,0.2947867167461837,0.2892159604434249,0.2915371135146289,245568000,0.29631207244736807,57.14286559548246
2013-04-23,0.2998933792114258,0.302910857109857,0.2943225933143917,0.2947868185548937,376948000,0.29574836577687946,66.80868431160329
2013-04-24,0.3101063370704651,0.3126596165085732,0.3005895984415097,0.3008217248160021,556556000,0.2975389701979501,70.78661573173764
2013-04-25,0.3126595914363861,0.3133559428336958,0.3089457357642843,0.3117311413535231,353224000,0.29923008169446674,69.64991566881432
2013-04-26,0.3112670183181762,0.3126597216930074,0.3096422161610976,0.3121954964581758,324332000,0.30128597787448336,68.84627483398735
2013-04-29,0.3149808049201965,0.3161413815822474,0.3103384982719926,0.3117312013345859,269712000,0.3047013921397073,68.35947883533393
2013-04-30,0.319623202085495,0.319623202085495,0.3135881906655864,0.3156772458510954,276712000,0.3086805386202676,68.35960578779745
2013-05-01,0.3168378174304962,0.3217122517764279,0.3156772404595922,0.3196231966265982,341316000,0.31219545006752014,66.79385216719288
2013-05-02,0.3205515742301941,0.3214800244474743,0.314748663526041,0.3166055916309305,323480000,0.315146620784487,64.63408651065879
2013-05-03,0.3219441175460815,0.3242652698078454,0.3207835414151996,0.3226404687586742,293864000,0.3168377322810037,73.33333333333326
2013-05-06,0.3210158050060272,0.3238011833773699,0.3191588768683556,0.3219442552396983,217116000,0.3180314770766667,70.23270063158702
2013-05-07,0.3168378174304962,0.3217122517764279,0.3138203117720783,0.321015900059818,448068000,0.31882730552128385,69.90781635076861
2013-05-08,0.3226405382156372,0.324497465958865,0.3161413049495019,0.3173018813302287,334032000,0.3199215531349182,81.48190858888779
2013-05-09,0.3228727281093597,0.3242654034381513,0.3163734935640121,0.3168377186736092,566800000,0.32038577113832745,81.30889568601285
2013-05-10,0.3374958634376526,0.3388885658776998,0.3296039290612481,0.3296039290612481,861136000,0.32333692056792124,85.4549257614234
2013-05-13,0.3305325210094452,0.3365675301118984,0.3291398180872398,0.335174827189693,289812000,0.32476277010781424,74.26503596755532
2013-05-14,0.3354070484638214,0.3381924274259741,0.3312289661854247,0.3344785703628803,454140000,0.32668604595320566,71.88797659372489
2013-05-15,0.3412097990512848,0.3423703754696773,0.3337820878373133,0.3337820878373133,313172000,0.3295709022453853,73.38440222931304
2013-05-16,0.3395850658416748,0.3442273724481498,0.338424461519726,0.3407456424932936,308368000,0.332820509161268,73.1063734172968
2013-05-17,0.3451557457447052,0.3474768985304139,0.3386565124106561,0.3412097915430652,312116000,0.33603696737970623,73.89736131428731
2013-05-20,0.3444595038890838,0.3458522070714213,0.3426025755360781,0.3437631522979151,236380000,0.3391207924910954,70.98075054253961
2013-05-21,0.3480755984783172,0.349475376105259,0.3424765435923266,0.3464425431208107,357784000,0.3406321832111903,76.02323646012916
2013-05-22,0.3359442353248596,0.3494753147012495,0.3345444579438635,0.3494753147012495,480404000,0.3414052852562495,61.245923969844355
2013-05-23,0.3413101136684418,0.3424765858980233,0.3310451413615891,0.3319783080208976,393884000,0.342248580285481,63.37246751108692
2013-05-24,0.3392102420330047,0.342243073559794,0.3354775220291295,0.339443547462325,283304000,0.34196292928286953,62.36345609088099
2013-05-28,0.3389769792556762,0.3427096997292234,0.3357108696994813,0.3417765335162758,279300000,0.34187605977058405,65.89616724649201
2013-05-29,0.3368774354457855,0.3389770739166911,0.335477657924591,0.3368774354457855,335052000,0.3406934440135955,60.79638757619109
2013-05-30,0.3413101136684418,0.3448095303571864,0.3354777247096423,0.3364109191798425,284504000,0.34024353112493244,63.14437961849483
2013-05-31,0.3375773429870605,0.3443428698238243,0.3375773429870605,0.3394437038488571,577508000,0.3387437803404672,50.06876638043349
2013-06-03,0.337110698223114,0.3406101137714792,0.3301118393155008,0.338043864578325,444468000,0.33891041789736065,56.235588850650636
2013-06-04,0.3375773429870605,0.3452760641601664,0.3354776765884565,0.3392103983120496,363676000,0.3383771649428776,52.244861722584446
2013-06-05,0.330345094203949,0.3396768675700488,0.3294119001808119,0.3371106465808984,464520000,0.3371107152530125,39.08479190207662
2013-06-06,0.3324448466300964,0.3350110963143208,0.3301119024847608,0.3303452080236495,341044000,0.33617755344935824,42.89440998209848
2013-06-07,0.337110698223114,0.3392103364277801,0.3333779771805046,0.3347777267133212,274584000,0.33621087670326233,41.847146877418
2013-06-10,0.3368774354457855,0.3389770739166911,0.3343111859272243,0.3361775466851883,224148000,0.3355776369571686,42.243546044456075
2013-06-11,0.3305785059928894,0.3371107550124301,0.3305785059928894,0.3324448390177119,296336000,0.33457780310085844,33.03187298665972
2013-06-12,0.3277789652347564,0.3350111033617912,0.3259126043170486,0.3322115758906737,312588000,0.3332446983882359,40.33166795939575
2013-06-13,0.3352443873882293,0.3368774426573244,0.3263791944562879,0.3266124721742233,236256000,0.3329114190169743,43.157889075051635
2013-06-14,0.3347775936126709,0.3368772587934361,0.3324446508412905,0.3364106758013344,236012000,0.3335446332182203,44.80873630328
2013-06-17,0.3380438983440399,0.341076731017736,0.3354776488945543,0.3373440096022815,255336000,0.33434449774878366,48.97971287662382
2013-06-18,0.3359442353248596,0.3434096497981109,0.3331446805628674,0.3396769286560436,486772000,0.33417786019189016,48.97958518620868
2013-06-19,0.3462092578411102,0.3611401180957212,0.3378106472097109,0.3389771193634669,1159588000,0.3355109776769365,54.75102137075233
2013-06-20,0.3368774354457855,0.3438762674299858,0.3345444914510521,0.3434096841932163,628696000,0.3364108247416359,49.38774212016162
2013-06-21,0.3364108204841614,0.3399102361462529,0.3308117387382847,0.3387437642588891,714228000,0.33764394692012234,49.38776787110902
2013-06-24,0.329412043094635,0.3357110150982337,0.3245128766384799,0.3315117096994647,580772000,0.33681075487818035,43.589810779371156
2013-06-25,0.3317449986934662,0.3336113318344876,0.3282455545268284,0.3329114708120491,457360000,0.33637752703257967,51.19058300624174
2013-06-26,0.3298785388469696,0.3359442031695253,0.328478761599955,0.3354775922132666,579752000,0.3352110471044268,47.80872540093171
2013-06-27,0.3268457651138305,0.3312783475036269,0.3233463491816064,0.3308117642748407,808036000,0.33391126564570833,40.983705258043656
2013-06-28,0.3275455832481384,0.3308116929563984,0.3226463908748687,0.3268456946504028,431536000,0.33124502641814096,41.86991975464748
2013-07-01,0.3289453685283661,0.3305784513715833,0.3268457303169192,0.3298785626974734,199524000,0.33011187400136677,48.44438665986121
2013-07-02,0.3287120461463928,0.333611210577214,0.3256792141782393,0.3270789635252401,256392000,0.32901204909597126,50.934472604542854
2013-07-03,0.3296452462673187,0.3336112448745355,0.3259125253364783,0.3259125253364783,140388000,0.32904536383492605,43.548382665837075
2013-07-05,0.3322114646434784,0.3329113532296092,0.3284787440580337,0.330578409816426,184684000,0.32911200182778494,47.179627942138886
2013-07-08,0.3305785059928894,0.3347777831096273,0.3287121451571795,0.333144727807464,262084000,0.3292119971343449,41.48940290566476
2013-07-09,0.3322114646434784,0.3343111025909915,0.330345104350756,0.3312782705916776,157364000,0.3299785256385803,45.69884829641412
2013-07-10,0.336644172668457,0.3375773670713775,0.3312783952370557,0.3322115896399762,208468000,0.33127832412719727,37.26705265421319
2013-07-11,0.3413101136684418,0.341776696998096,0.3378106691688054,0.3385105580687327,239832000,0.3330447162900652,56.73772101805107
2013-07-12,0.3415432870388031,0.3448094249699066,0.3394436487916447,0.3406101206647067,216360000,0.3348777507032667,57.85716697249713
2013-07-15,0.3408434391021728,0.3422432166415503,0.3354776622824079,0.3422432166415503,201332000,0.3364774925368173,71.6814799574026
2013-07-16,0.3427097499370575,0.3445761104472575,0.340610111744884,0.3422431667622281,162560000,0.33797724757875713,71.17117117117098
2013-07-17,0.3408434391021728,0.3438762718968997,0.3399102726165122,0.3427097998843806,166100000,0.33944366659436903,71.17158071729492
2013-07-18,0.3394435942173004,0.3415432321268876,0.3350109851257915,0.3403767604413661,344488000,0.34047682796205786,75.96163176765816
2013-07-19,0.3322114646434784,0.3389769894173578,0.3287120495237036,0.3373439345903054,480532000,0.3398435839584895,57.57578396959638
2013-07-22,0.3319781422615051,0.3378105004972689,0.3305783929714485,0.3347776686524961,292384000,0.33851044518607,55.11804449791228
2013-07-23,0.3315115869045257,0.3361774738835615,0.3298785320240393,0.3361774738835615,246792000,0.3370773451668875,54.68754522273275
2013-07-24,0.3315115869045257,0.3354775852745301,0.3310450037687982,0.334544419003075,284252000,0.33574422342436655,53.22580645161279
2013-07-25,0.3326780796051025,0.3371106892009303,0.328945358662393,0.331278302298866,243320000,0.3343111276626587,50.84751083949951
2013-07-26,0.3312783539295196,0.3333780202161133,0.3287121322159756,0.3287121322159756,227360000,0.33294468692370816,51.28199249027426
2013-07-29,0.3305785059928894,0.3347777831096273,0.3296453116695908,0.3305785059928894,179540000,0.3316782457487923,46.90284194901699
2013-07-30,0.3361774981021881,0.3406101077381306,0.3315116107870162,0.3317449162771277,266076000,0.3322448219571794,49.152379065565555
2013-07-31,0.3368774354457855,0.3401435459140579,0.3343111859272243,0.3345444914510521,270160000,0.3329447209835052,40.59378264818009
2013-08-01,0.3415432870388031,0.3422431757248169,0.3340778726133828,0.338043871419617,277648000,0.33437782100268765,50.0
2013-08-02,0.3443428874015808,0.3450427762368429,0.3385105267925454,0.3408434710361596,209628000,0.3362108639308384,55.81401797155535
2013-08-05,0.3459759652614593,0.3471424373651971,0.3415433545807226,0.3434097155088808,185188000,0.33811056188174654,55.468905939368696
2013-08-06,0.3408434391021728,0.3469091046916265,0.3401435503324841,0.3462092159219377,206608000,0.339477002620697,50.0
2013-08-07,0.3406101167201996,0.3441095322988599,0.3387437561827375,0.3389770338681184,244380000,0.34091008986745563,51.82489374756398
2013-08-08,0.3429431021213531,0.3445761573610365,0.3385104918297713,0.3424765188829988,345696000,0.34187660472733633,69.82769823072978
2013-08-09,0.3380438983440399,0.3431763694321257,0.3291787058404997,0.3294119835471622,906224000,0.34204324228422983,59.55895959023846
2013-08-12,0.3352443873882293,0.3401435531955143,0.3058492534900857,0.3242795281295485,257568000,0.341143399477005,55.47956951614318
2013-08-13,0.3364108204841614,0.3378105700624679,0.3336112657057813,0.3357109317895663,197468000,0.3400102470602308,56.95370457319947
2013-08-14,0.3506417274475097,0.3527413653540253,0.335477567747036,0.3357108732081505,828508000,0.34067678451538086,68.59901950619852
2013-08-15,0.3529747128486633,0.3557742396610215,0.3455092709345321,0.3469090482461522,723616000,0.3424098236220224,72.03786591335239
2013-08-16,0.3543745279312134,0.3592736934222962,0.3515749730095833,0.3522748617399908,660456000,0.3443761680807386,73.83169871240028
2013-08-19,0.3487755060195923,0.3534413946120861,0.3485422004656117,0.3522749224639627,393432000,0.3452093686376299,62.616888260643016
2013-08-20,0.3505340814590454,0.3528787887904544,0.3481893741276364,0.3486583100036949,234192000,0.3469936805112021,63.39311862225143
2013-08-21,0.3488926887512207,0.3528786844457511,0.3474858535879239,0.3484237250627165,261540000,0.3489434378487723,57.66211443971694
2013-08-22,0.3507684469223022,0.3540510249160574,0.3486581942539394,0.3486581942539394,129016000,0.3509945273399353,56.8305401552352
2013-08-23,0.3507684469223022,0.3540510249160574,0.3500650293661813,0.3512373826426805,245120000,0.3510126301220485,55.277780148124045
2013-08-26,0.3514717519283294,0.3524096510944414,0.3500649451058118,0.3510028163208236,300152000,0.3507979214191436,62.969829790236375
2013-08-27,0.3470168709754944,0.3505339304575441,0.3458445178148111,0.3481892241361776,277464000,0.3497468275683266,57.0879369067284
2013-08-28,0.3470168709754944,0.3502994486449658,0.3456100360022328,0.3477202884621251,318824000,0.3494955939905983,54.752215090637485
2013-08-29,0.3463134765625,0.3495960824017839,0.344906641495506,0.345844540857204,276216000,0.348892650433949,60.69360998601065
2013-08-30,0.3458445370197296,0.3474858259456069,0.3442032480938523,0.3465479545454215,378120000,0.34845720018659315,64.58652869799734
2013-09-03,0.3460789918899536,0.3510028866328582,0.3439687672579121,0.3467824094176694,284680000,0.3477872780391148,63.65428615201756
2013-09-04,0.3493615984916687,0.3514718231284784,0.3456100569694449,0.3460789926719464,222080000,0.34758629969188143,47.38269853688508
2013-09-05,0.3502996563911438,0.3517064921987332,0.3477204946787241,0.3479549486792419,174904000,0.3474188574722835,44.19984181386776
2013-09-06,0.3488926887512207,0.3524097487083548,0.3463135002688792,0.3505339778076617,226756000,0.3476868314402444,38.11775528027983
2013-09-09,0.3547545075416565,0.3547545075416565,0.3507685112606644,0.3517063828734465,246408000,0.3487922080925533,62.81389318242792
2013-09-10,0.3622573912143707,0.3624918729810892,0.3556922092083366,0.3573335256731691,292132000,0.3510699101856777,70.16083815014096
2013-09-11,0.3683538734912872,0.3692917732075904,0.3592094980006935,0.3617886872816315,396164000,0.3542855296816145,79.0209454564848
2013-09-12,0.3681192994117737,0.3728087126098294,0.3664779824315682,0.3664779824315682,303808000,0.3574341450418745,77.20561572192817
2013-09-13,0.3704639971256256,0.3721052861153591,0.3667124554767146,0.3692916438542293,159696000,0.360448773418154,78.76685317205732
2013-09-16,0.3706984519958496,0.3760912826488469,0.3692916448370938,0.3735121222155747,231412000,0.36336288707596914,78.47200952566753
2013-09-17,0.371870756149292,0.3749188798506242,0.3704639491763639,0.3721052379536649,168608000,0.3666454681328365,90.76862007403265
2013-09-18,0.375153511762619,0.3760913834531686,0.3702296155094478,0.3721053868416613,268168000,0.36955961159297396,91.66614442890004
2013-09-19,0.3735121786594391,0.3774981748049238,0.3718708614662003,0.3767947571436945,227572000,0.3711674383708409,89.18858106674855
2013-09-20,0.3702295124530792,0.3767946963127975,0.3695260949054118,0.3744499897879772,356036000,0.37143538679395405,82.49938434895905
2013-09-23,0.3667125403881073,0.373043243929285,0.3646022872403059,0.3699951191276474,271244000,0.3712344212191446,75.2870947783485
2013-09-24,0.3681192994117737,0.3695261066005259,0.3648366934024701,0.3669469461122597,229732000,0.37089946440287996,74.09607742548035
2013-09-25,0.368588238954544,0.3714018813122642,0.3657745686457161,0.3674158856429017,233156000,0.3705980053969792,73.78006012606481
2013-09-26,0.3674158453941345,0.3702294874436327,0.3653055928936823,0.369526069943482,148816000,0.36996158957481384,74.23289442287943
2013-09-27,0.3653057217597961,0.3676504289533532,0.3631954964660405,0.3646023040115061,151920000,0.36855476243155344,65.30610480297995
2013-09-30,0.3648366630077362,0.3674158512322363,0.3594438326890301,0.3615540852230134,226640000,0.36731540305273874,54.700950336550406
2013-10-01,0.364602267742157,0.3669470026535826,0.3624920426583191,0.3653056854204735,226976000,0.3665115109511784,41.304224686626654
2013-10-02,0.3643677532672882,0.3657745604390306,0.3608506934112714,0.3608506934112714,162036000,0.36617654136248995,41.3043388158576
2013-10-03,0.3606162667274475,0.3678848693886726,0.3589749774671709,0.3646022629170081,436768000,0.3651046795504434,28.571539741562688
2013-10-04,0.3655401468276977,0.3685882712956416,0.3592094160284644,0.3601473155307372,246228000,0.3646692378180368,40.678070165989695
2013-10-07,0.3655401468276977,0.3681193355200602,0.3622575404964082,0.3641333115498436,169952000,0.36440128087997437,38.053325294645475
2013-10-08,0.3624919950962066,0.3697605968999206,0.3596783527032267,0.3646022199031646,290712000,0.363999319928033,25.892628143292356
2013-10-09,0.3568646013736725,0.3650711007467673,0.3549888588380983,0.3648366189542697,275860000,0.36286045398030964,22.4803726825575
2013-10-10,0.3608507513999939,0.3617886229985382,0.3568647272284017,0.3594439160510658,223484000,0.3623245230742863,34.84863512104269
2013-10-11,0.3578025698661804,0.3596783407160215,0.3540510281664982,0.3552233814537605,213704000,0.36138663973127094,35.38459131764472
2013-10-14,0.363195389509201,0.363195389509201,0.3568646595900319,0.3568646595900319,166628000,0.36175508584294996,42.857167561435425
2013-10-15,0.3613195717334747,0.3653055666801631,0.3610850899332155,0.3631953422822406,208820000,0.3611521465437752,39.869274530132586
2013-10-16,0.365774542093277,0.3671813771455654,0.3629608999398057,0.3634298356402,210072000,0.3611856315817151,47.904198908735815
2013-10-17,0.3664780259132385,0.3674159254347934,0.3629609655974066,0.3629609655974066,213324000,0.3617550645555769,51.552708239585144
2013-10-18,0.3706984519958496,0.3718708052703661,0.3643677499036817,0.3657745570624374,255068000,0.3637313289301736,57.06211200195325
2013-10-21,0.3716364204883575,0.3753879348937044,0.3704640669958531,0.3751534809658708,195008000,0.36527213879993986,58.33326860489499
2013-10-22,0.3697606325149536,0.3718708575251666,0.3664780261143757,0.3716364036079823,179452000,0.3669804334640503,56.14972353346999
2013-10-23,0.363429844379425,0.3690571567727905,0.3622574911246955,0.3690571567727905,252216000,0.3670139270169394,53.03018631498937
2013-10-24,0.3608507513999939,0.3667125187686746,0.3601473337255299,0.3643678118212023,236436000,0.366946952683585,44.68093737196731
2013-10-25,0.3573336601257324,0.3629609451333479,0.3561613067532201,0.3627264912295109,330492000,0.36574111240250723,41.379401024839616
2013-10-28,0.3566301763057709,0.3585059469437869,0.3517062818748666,0.3568646301660829,394024000,0.3643342767442976,43.52334677244095
2013-10-29,0.3570992648601532,0.357802682644447,0.352878786105506,0.356161393115172,387952000,0.3623915357249124,50.29263325330578
2013-10-30,0.3568646013736725,0.3599127249206331,0.3538164778267118,0.3582714362264548,204032000,0.3602812758513859,44.51603168863073
2013-10-31,0.3561611771583557,0.3599126898146825,0.355457759800576,0.3573335301042889,293368000,0.3583384965147291,47.586109567379076
2013-11-01,0.3578025698661804,0.3594438588781262,0.3552233814537605,0.3580370237529686,206136000,0.35753460015569416,41.08550579986746
2013-11-04,0.3474858403205871,0.3589749191792262,0.3467824227657959,0.3589749191792262,410264000,0.3556253271443503,32.1215991471051
2013-11-05,0.3470168709754944,0.3486581598102301,0.3416240408461305,0.3453755821407586,422368000,0.35415150012288776,22.973517264833276
2013-11-06,0.3493615984916687,0.3495960803184723,0.3434998323326351,0.3470168920280552,198044000,0.3531131318637303,26.45195942566147
2013-11-07,0.341155081987381,0.3491270717578137,0.340451664548554,0.348189200473446,553076000,0.35083539145333426,13.372710404133386
2013-11-08,0.3648366630077362,0.3660090162095808,0.3502994609439793,0.3517062959666349,734532000,0.35197425740105764,44.60964189019986
2013-11-11,0.3678847849369049,0.3688226563128758,0.3627264364668546,0.3634298260232804,297624000,0.35364905851227896,48.54009807364291
2013-11-12,0.368588238954544,0.3716363631550358,0.3643677614424099,0.3695261104234149,316032000,0.3551898683820452,54.39998373078518
2013-11-13,0.3786704838275909,0.3786704838275909,0.3669469506863157,0.367650340313906,332792000,0.3596448174544743,63.47499334060193
2013-11-14,0.3803117573261261,0.3826564638585056,0.3772636332438114,0.377498115077492,307980000,0.36440122979027884,67.88299260527887
2013-11-15,0.3791394233703613,0.3821875476079239,0.3753878815470369,0.3817186118677853,450332000,0.3686552047729492,67.39118721560016
2013-11-18,0.3699951171875,0.3742155955098585,0.3690572455385816,0.3709330167875314,316948000,0.37277520980153767,58.78586880028069
2013-11-19,0.3639836311340332,0.3715273203745275,0.3635121558257173,0.3682269651138363,206716000,0.3726533481052944,54.49623530288673
2013-11-20,0.3585615754127502,0.3651623136791213,0.3578543484373393,0.3642193350110805,204776000,0.3713214610304151,51.430763983628886
2013-11-21,0.3613905012607574,0.3620977283262842,0.3573829186927489,0.3590330964439898,213568000,0.37029321278844557,52.10874363782665
2013-11-22,0.3578543365001678,0.3618619184238416,0.3571471095483483,0.3618619184238416,158668000,0.36731947745595656,56.621669409287755
2013-11-25,0.3656338453292846,0.36610532068475,0.3578544036054158,0.3578544036054158,248208000,0.3652226328849792,60.87405782721461
2013-11-26,0.3686984777450561,0.372706060425144,0.3672840235744449,0.3696414284571417,753176000,0.3637310692242214,61.2003565675334
2013-11-27,0.3701129257678985,0.3712916281896681,0.3661053150518962,0.3684627198954353,181272000,0.3637478990214212,68.20548736754296
2013-11-29,0.3677555322647095,0.3710559162611292,0.365398127168332,0.3701129654635724,116964000,0.3642867420400892,52.507346085492614
2013-12-02,0.3712916672229767,0.3738847959619917,0.3656338781421991,0.366341105290107,373872000,0.36610532658440725,52.90222274577345
2013-12-03,0.3710558712482452,0.376242156210629,0.3686984664378451,0.371291622970278,290560000,0.36748609372547697,52.11898673534777
2013-12-04,0.3762421011924743,0.3769493281526724,0.369169887795449,0.3701128664432058,493176000,0.3701129172529493,47.72327842542057
2013-12-05,0.3701129257678985,0.3769493885731687,0.3696414223172048,0.3769493885731687,271812000,0.3707527858870369,41.1803182359399
2013-12-06,0.3646908700466156,0.3745919642542151,0.3637478912967369,0.3745919642542151,281000000,0.37018027050154545,38.360765307175875
2013-12-09,0.3585615754127502,0.3658695406545322,0.3578543484373393,0.3646908383963402,385220000,0.3685300775936671,40.31930355791064
2013-12-10,0.3668125569820404,0.3684627348188565,0.3580901643281695,0.3585616396954764,524268000,0.3683953668390001,52.30771474902086
2013-12-11,0.3632763624191284,0.3679911711660254,0.3625691354865984,0.3675196959118311,414156000,0.3672503232955932,53.968212561065094
2013-12-12,0.3562042415142059,0.363983683581051,0.3554970143985865,0.3620977539735607,258724000,0.36512866190501614,45.92596303676846
2013-12-13,0.3540825545787811,0.3595045915763071,0.353611079209971,0.3569114629966094,184588000,0.3619630123887743,46.96975791583704
2013-12-16,0.3545540571212768,0.3576186894071475,0.3540825817163319,0.3543183334700473,237620000,0.35974031686782837,39.91419732120284
2013-12-17,0.3562042415142059,0.357147192266709,0.3512536798073543,0.3543183119067156,274104000,0.35852794136319843,38.32602381926985
2013-12-18,0.361154705286026,0.3618619322648966,0.3524323141532314,0.3569113996177596,426232000,0.3588983884879521,42.14869082159428
2013-12-19,0.3625693619251251,0.3630408374737741,0.3583260257822956,0.3606834316280348,258544000,0.3582922177655356,45.378278474531
2013-12-20,0.3698771595954895,0.3701129113116281,0.3623334419088293,0.3632764206709025,382080000,0.3592351887907301,48.81884473095203
2013-12-23,0.3719988763332367,0.3750635086554308,0.3689342721135287,0.3719988763332367,168568000,0.36149156519344877,50.763393033779266
2013-12-24,0.372941792011261,0.3741204943889459,0.3691699331616768,0.3741204943889459,79600000,0.3641857419695173,47.13120105115038
2013-12-26,0.3694056272506714,0.3755348898994561,0.3684626486341399,0.3743561877056496,168920000,0.3663073948451451,49.35615541252123
2013-12-27,0.3715273439884186,0.3722345710470831,0.3691699391945249,0.3712916203705183,210976000,0.36849640948431833,56.62097478075743
2013-12-30,0.3764778971672058,0.3767136488824972,0.3712916123531248,0.3717630876812265,248180000,0.37068543689591543,67.75698615764873
2013-12-31,0.3776566088199615,0.379542538281198,0.3748277286793479,0.3771851334802729,235776000,0.37284075788089205,62.49994847025352
2014-01-02,0.37388476729393,0.3767136756686516,0.3705844116600659,0.3752992214812908,260092000,0.37341327326638357,62.16224527240751
2014-01-03,0.3694056272506714,0.375299138219704,0.3682269250568648,0.3745919112829247,259332000,0.3730428091117314,66.09177322102843
2014-01-06,0.3743561804294586,0.3771850600191152,0.3696413436433956,0.3731774501560855,409492000,0.37324486460004536,73.11811659412281
2014-01-07,0.3804854452610016,0.3818998992200963,0.3755349126091275,0.3781280407308295,333288000,0.37482769574437824,76.19031565766788
2014-01-08,0.3856718242168426,0.3875577537866966,0.3804855108741233,0.3818999650771347,308192000,0.37684833577701016,77.77765916203603
2014-01-09,0.3712916672229767,0.3804855358383228,0.370112964677292,0.3797783086904149,292172000,0.37610744578497746,58.11326029315936
2014-01-10,0.3708201050758362,0.3750634391896955,0.3675197497108795,0.3724703108607955,218492000,0.37513080239295954,56.70481697490936
2014-01-13,0.362097829580307,0.3731776296968814,0.3613906023170171,0.3708202242209086,243332000,0.3734469541481563,43.82033271543997
2014-01-14,0.3734133243560791,0.3741205515111686,0.3623334978321437,0.3639837038948478,241828000,0.3740194823060717,50.98039377700622
2014-01-15,0.3774208724498749,0.3788353266289533,0.3734132897457966,0.3750634675530661,175044000,0.3744572954518454,52.97805804134919
2014-01-16,0.3785995244979858,0.3793067514933769,0.3757706446189008,0.3774208222064938,220652000,0.37418787819998606,56.3106887474767
2014-01-17,0.3769494891166687,0.3830787545857183,0.3745920836443404,0.3785996673268005,340400000,0.3729418303285326,53.74601539198332
2014-01-21,0.3783639073371887,0.3807213125833249,0.3743563240392547,0.3774209283772419,246076000,0.37395215034484863,51.36992943837309
2014-01-22,0.377892404794693,0.3795425827280906,0.3734133182869162,0.3790711073331892,337940000,0.3749624788761139,50.17305155151481
2014-01-23,0.3764778971672058,0.3807212313250834,0.3736490170961145,0.3767136488824972,185028000,0.37701677424567087,51.97131755723467
2014-01-24,0.3668125569820404,0.3748277506361927,0.3668125569820404,0.3734132964317883,246696000,0.37607380747795105,48.17280533569654
2014-01-27,0.3644551634788513,0.3719988538999181,0.3623334821056708,0.3668125684918399,233812000,0.3742215633392334,42.75865947261753
2014-01-28,0.3679912388324737,0.3682269905541595,0.3623334504343537,0.3637479045595042,167996000,0.37270609395844595,40.50178529353117
2014-01-29,0.3644551634788513,0.3686984981227277,0.3642194117365587,0.3665768167495473,162944000,0.3709211902959006,33.45577247977613
2014-01-30,0.3705844581127167,0.3712916852950478,0.3653981441772797,0.366576846780336,202896000,0.36980984040669035,49.36709603497534
2014-01-31,0.3701129257678985,0.3722345788860907,0.3651623643554736,0.365398087978338,335348000,0.3686984862600054,49.36712236843293
2014-02-03,0.3651624619960785,0.3731776293662897,0.3637480074707518,0.3727061538920108,431728000,0.3670819955212729,52.94120002516976
2014-02-04,0.3672841191291809,0.3679913463984828,0.3630407836158598,0.3649267136331681,280692000,0.367149361542293,42.85715278028609
2014-02-05,0.3639836311340332,0.3658695604697768,0.3611547230791777,0.364690858147747,214676000,0.36708199977874756,34.07813061696666
2014-02-06,0.3686984777450561,0.3696414284571417,0.3639836679796626,0.3644551433357054,168380000,0.3671830339091165,39.17531080448799
2014-02-07,0.3741205334663391,0.374592008846163,0.3663410913405493,0.3696414471018011,157248000,0.36856380105018616,47.14279522302234
2014-02-10,0.3752991259098053,0.3802496862024039,0.3734131968410784,0.3736489485130977,324372000,0.3692373250211988,46.889798762536884
2014-02-11,0.3830787539482116,0.3840217048945777,0.375535062069813,0.3774209639625452,235384000,0.37108958618981497,54.58336603560497
2014-02-12,0.3967515826225281,0.399580490749217,0.3842573320712544,0.3842573320712544,744528000,0.3756023177078792,64.72601939074245
2014-02-13,0.4092459082603454,0.4116033414992774,0.3995805640624082,0.4066527794717464,902836000,0.38159685901233126,79.60524592181855
2014-02-14,0.4222115576267242,0.4231545082013687,0.4052382224632928,0.4054739741581933,817536000,0.38991513422557283,85.10023577857466
2014-02-18,0.4219758808612823,0.4238618104479311,0.4184397734247473,0.4224473843348074,428988000,0.3975261918136051,84.17912689469561
2014-02-19,0.4276335835456848,0.4314054419597698,0.4200898667175148,0.4219757959245573,450340000,0.4051709132535116,88.95346273255404
2014-02-20,0.4427211284637451,0.4436640793128588,0.4278694699240388,0.4285766690096305,398088000,0.41480262790407446,90.0523451050526
2014-02-21,0.4394206702709198,0.4476716152720682,0.4365917900975878,0.442013826822922,451052000,0.4228514730930328,87.30960020535204
2014-02-24,0.4457857310771942,0.4490860869309568,0.434470181131817,0.4384777641263817,403112000,0.4298563514436994,92.74986678533254
2014-02-25,0.4437728524208069,0.4470881383892785,0.4390367538053112,0.4451936932972054,242184000,0.434788772038051,90.6044014458856
2014-02-26,0.443062424659729,0.4494561516317272,0.4416415838973417,0.442825608456207,360884000,0.4377674673284803,93.16637536001208
2014-02-27,0.4380896091461181,0.4475618077559655,0.4369055843198873,0.4430625247080395,388848000,0.4400694285120283,87.77183822794629
2014-02-28,0.435247927904129,0.4399840269119375,0.4288541716600861,0.4357215321590345,321692000,0.44115719199180603,84.2353453303382
2014-03-03,0.4331166446208954,0.4331166446208954,0.4217500019281877,0.4255388922355487,375948000,0.4397851228713989,82.03969020474655
2014-03-04,0.4376159608364105,0.4404576144876126,0.434537490952035,0.4352479114221795,260344000,0.4395273072378976,81.36209378028087
2014-03-05,0.4414047598838806,0.4416415760832125,0.4352478492243409,0.437142265901509,241472000,0.43890145421028137,78.97163227533484
2014-03-06,0.435247927904129,0.4444833096776048,0.4345375074070823,0.4421152601737006,290144000,0.43768360785075594,68.3821884184689
2014-03-07,0.4347742795944214,0.4378527494833185,0.4314590217013788,0.4371423290121305,268452000,0.4364995871271406,60.78639190220335
2014-03-10,0.4283805787563324,0.4352479394372509,0.4264861334571349,0.4333534941380534,300888000,0.4351125827857426,54.973197781029924
2014-03-11,0.4326429665088653,0.4364318561692106,0.4290908930383055,0.4305117054889071,297220000,0.4347404454435621,53.97590053661064
2014-03-12,0.433827131986618,0.4364319980033206,0.4288542162199601,0.4305118453990528,239428000,0.43484194363866535,40.941769668360884
2014-03-13,0.42009237408638,0.4364319318208978,0.4179611126969861,0.4347742746637996,385172000,0.4323385741029467,33.76530724634776
2014-03-14,0.4219867289066314,0.4257756186660909,0.4158298183342239,0.4158298183342239,460048000,0.4295645696776254,28.386961624069926
2014-03-17,0.4219867289066314,0.4262492228286805,0.4215131247440418,0.4231707534277911,299656000,0.4276701126779829,29.464167828270206
2014-03-18,0.431932657957077,0.4347743118230972,0.4217500390602415,0.4236444843807143,293904000,0.42726416672979084,41.06468736347108
2014-03-19,0.4395104050636291,0.447798606757242,0.4340638854269704,0.435247938436953,366168000,0.4288541419165474,51.094863689769184
2014-03-20,0.4397472143173218,0.4435361048467466,0.4352479315143347,0.43714234854967,191800000,0.42986903446061264,53.61215947661005
2014-03-21,0.4390366673469543,0.4470880503453835,0.4366686185055403,0.4435359770832624,566116000,0.4306132537978035,54.86372043529931
2014-03-24,0.436905562877655,0.4428256867182648,0.4305118065462948,0.4392736124138989,306096000,0.43301513791084284,49.392726577924925
2014-03-25,0.436905562877655,0.4421152662115161,0.4335902765892873,0.4416416619501428,304424000,0.43514639990670334,45.88753763292056
2014-03-26,0.4269597828388214,0.4492194680550255,0.4231708918400775,0.4409312936959813,557756000,0.4358568361827305,42.915017094409066
2014-03-27,0.4212764501571655,0.429564624035911,0.4165403225685035,0.4260125495164487,540728000,0.4343345207827432,39.40525994204274
2014-03-28,0.4238812327384949,0.4264860983390716,0.4193819502240899,0.4205659749099202,398820000,0.43210178187915255,46.24501878572533
2014-03-31,0.4241179823875427,0.4283804762332621,0.4217499333876287,0.4245915865416513,273404000,0.4298690344606127,42.37288858670297
2014-04-01,0.4416415691375732,0.4468512713765966,0.4324061609494501,0.4376158914178448,656272000,0.43024116328784395,55.40975083402621
2014-04-02,0.4388000071048736,0.4425888694161915,0.4369055618345261,0.4416416608957063,239948000,0.4305117981774466,65.25104836319284
2014-04-03,0.443536102771759,0.4541923255778644,0.4395103960170621,0.4397472122600597,599548000,0.43145901816231863,66.78979419251084
2014-04-04,0.4298013746738434,0.4485089812243743,0.4279069295734969,0.4459041156827262,368032000,0.4318649598530361,55.01525523834593
2014-04-07,0.4312221109867096,0.4395102821327461,0.4276700376384082,0.4300380865372757,428576000,0.4332857685429709,49.48795726691768
2014-04-08,0.446614533662796,0.4477985583153157,0.4305117645132788,0.4312221849506655,470692000,0.43653338296072824,54.601224625464695
2014-04-09,0.4461408853530884,0.4525346408328262,0.4425888115218444,0.4487457507877499,421968000,0.4396795119558062,54.128407529567525
2014-04-10,0.435247927904129,0.4504034334373655,0.4338270869100357,0.4442465216648405,372748000,0.43876613463674274,47.83790908364243
2014-04-11,0.4290909171104431,0.4385631135633291,0.4234075823010882,0.4319325704004345,353112000,0.4373791217803955,45.73638343801485
2014-04-14,0.433827131986618,0.4354847611657107,0.4290910324867076,0.4319326865407779,290184000,0.4359921259539467,48.402965649266854
2014-04-15,0.436905562877655,0.4392736124138989,0.4300382022849214,0.4343006970960358,304636000,0.4370070099830627,55.55554075816711
2014-04-16,0.4378527700901031,0.4395103991146379,0.4324062505271658,0.4390367948546818,235136000,0.4379542469978332,59.77652511851339
2014-04-17,0.4395104050636291,0.4435361119011883,0.435247938436953,0.436195146969686,153532000,0.4369393714836665,59.32205739833917
2014-04-21,0.443062424659729,0.4442464492185943,0.4369054856618805,0.4397471389572828,117004000,0.43649959138461514,60.869587520981
2014-04-22,0.446851372718811,0.4496930547930859,0.4414048530489543,0.4437729026245983,255120000,0.4381572263581412,53.54844759984704
2014-04-23,0.4520609974861145,0.4532450219939928,0.4468512670679532,0.4475616874185544,261580000,0.44143866641180857,58.74993166650743
2014-04-24,0.4560867547988891,0.4608228536573159,0.4551395463189541,0.4551395463189541,391492000,0.4446186125278473,58.3595954013789
2014-04-25,0.443536102771759,0.4594020570887952,0.4425888660291457,0.4551395623204777,313600000,0.4455658325127193,59.29488433555412
2014-04-28,0.4416415691375732,0.449456136610794,0.4361950507029424,0.4470880875722041,226788000,0.44610708951950073,57.00636751210113
2014-04-29,0.4425888359546661,0.4442464930842552,0.4376159492540238,0.4432992564060079,171300000,0.4465468653610774,46.64031915475717
2014-04-30,0.4373791515827179,0.4423520667237087,0.4364319430936607,0.4418784624791801,305740000,0.44573496920721867,43.223501480943646
2014-05-01,0.4397472143173218,0.4449569176232481,0.4361951400320024,0.4440097091055804,198104000,0.44472008943557734,54.00841237971796
2014-05-02,0.4364319443702698,0.4418784637717208,0.4338270786736786,0.4418784637717208,156376000,0.4424873675618852,56.88893313883247
2014-05-05,0.4411680400371551,0.4444832979634986,0.43548470443994,0.4359583086823639,239260000,0.4403561225959232,56.8888366837825
2014-05-06,0.4321694374084472,0.4492193873821243,0.430985412712645,0.4454305252931825,416188000,0.43873231325830725,45.99998590463072
2014-05-07,0.4326429665088653,0.4361950399794251,0.427906868548119,0.4321693623586648,293900000,0.4374467985970633,45.56443959983232
2014-05-08,0.4380896091461181,0.4449569418465061,0.4288541985638899,0.4309854601887327,432728000,0.4368040519101279,48.86366669971856
2014-05-09,0.4274332225322723,0.4288540631669158,0.4193818675476117,0.4248283856745855,539532000,0.43538320490292143,38.77552068730075
2014-05-12,0.4399839639663696,0.4409311723406698,0.4281436899113804,0.4283805061196419,299856000,0.4354170262813568,45.61931673873005
2014-05-13,0.4328796863555908,0.4411678847121181,0.4314588741285542,0.4340637106594709,221104000,0.4349095608506884,38.05312165650824
2014-05-14,0.4286173284053802,0.4347742680192558,0.4283805404075388,0.4331166391168662,214320000,0.4331166020461491,32.94123308181615
2014-05-15,0.426249235868454,0.4300381257438228,0.4219867418160071,0.4276700766290603,325896000,0.43227085896900724,37.71044541481016
2014-05-16,0.4253020882606506,0.4283805581954174,0.4229340388076572,0.4229340388076572,283960000,0.43122216207640507,38.2253518464907
2014-05-19,0.4390366673469543,0.4414047161883684,0.427906843438182,0.429801288157187,360076000,0.43135745610509596,47.838563304955684
2014-05-20,0.4339220225811004,0.4403451986144936,0.4317809733564343,0.4391557205209247,256200000,0.43228442754064283,47.89395750515242
2014-05-21,0.4339220225811004,0.4393936274833964,0.4313051594314909,0.435587286240218,216712000,0.4314184359141758,46.34593461600725
2014-05-22,0.4358252584934234,0.4382042150369514,0.4329705163130697,0.4329705163130697,130364000,0.43183923193386614,49.61257069818726
2014-05-23,0.4398694336414337,0.4420105113257291,0.4355873066322389,0.4382041699043568,182656000,0.4334466755390167,49.16331665624672
2014-05-27,0.4477200508117676,0.4477200508117676,0.4410589666751723,0.4424863519756569,209680000,0.436513934816633,60.16959194715008
2014-05-28,0.4515262544155121,0.4543809957827452,0.4451030792493898,0.449385205479935,224676000,0.44026024426732746,61.83325003977924
2014-05-29,0.4508125483989715,0.4550946745004781,0.4498609774250323,0.4512883338859411,171884000,0.4419425129890442,58.475612346717256
2014-05-30,0.4520020186901092,0.4531914965672126,0.4484335850587992,0.4508125408130059,239128000,0.44452536957604544,68.72928603559595
2014-06-02,0.4505746364593506,0.4562841185988422,0.4467682961267641,0.4534293775290964,181500000,0.4469043144157955,59.72229821862015
2014-06-03,0.4486715793609619,0.4520021067217468,0.4427241604577402,0.4515263211501196,243212000,0.4487395031111581,66.02760476404795
2014-06-04,0.4491474628448486,0.4524779909316745,0.4472442917840618,0.4474821988014356,161236000,0.4500649358545031,72.5714042313376
2014-06-05,0.4510504603385925,0.4524778168153759,0.4472441196817226,0.4498609824282445,188696000,0.45054070864404944,77.5488963439219
2014-06-06,0.4527156949043274,0.4567599138700259,0.4515262170697461,0.4531914803662822,161052000,0.4507106287138802,79.97255103344189
2014-06-09,0.4531915485858917,0.4574736751068569,0.4491473290114107,0.4522399775187407,247456000,0.4510504858834402,71.79520831134509
2014-06-10,0.4555705785751343,0.4577116563629176,0.4496231875413983,0.4515263583440733,217608000,0.45156028015272953,86.40022128616573
2014-06-11,0.461517870426178,0.4627073483042088,0.4539051893192693,0.4539051893192693,266228000,0.4531235992908477,88.66682646252886
2014-06-12,0.4643727242946625,0.4665137736506712,0.4574737339131077,0.461517982366852,337148000,0.4553666199956621,88.96120693862811
2014-06-13,0.4648484885692596,0.4693685224104296,0.4603284547280897,0.469130615444275,227852000,0.457609623670578,87.76997285400645
2014-06-16,0.4634209871292114,0.4665136351157013,0.4593767682358268,0.4627073231287344,198620000,0.45937684178352356,79.46404602967243
2014-06-17,0.4665137231349945,0.4684168936672519,0.4615179323921364,0.4638968884676098,157608000,0.46134798867361887,78.89901297793809
2014-06-18,0.4660378992557525,0.4681789765631908,0.4610420805644544,0.4653242068199398,215536000,0.4631831816264561,79.6295136351511
2014-06-19,0.4553326666355133,0.4598526721466924,0.4520021108846591,0.4574737159072518,474592000,0.4631491942065103,54.72987271099022
2014-06-20,0.4503368735313415,0.4581874352525927,0.4467684389634453,0.4565221714594539,353148000,0.4615519089358194,49.69342316211444
2014-06-23,0.4451030492782593,0.4453409278331997,0.4391556316545241,0.4443893568946599,414200000,0.45879909821919035,45.76262789262398
2014-06-24,0.4382041096687317,0.4479578404956258,0.4363009392196557,0.4443894065383805,275780000,0.45499275837625774,38.725370388338234
2014-06-25,0.4427240192890167,0.4429619261786678,0.435349274381849,0.4393934929902165,215420000,0.45203604868480135,41.860409559297
2014-06-26,0.4367767572402954,0.442962054570159,0.4353494005668306,0.4427241476115511,256908000,0.44778791069984436,35.62241520584797
2014-06-27,0.4372525215148926,0.4398693559655112,0.4336840593378833,0.436300922147893,302820000,0.4436757138797215,35.62231136617679
2014-06-30,0.4410588443279266,0.4422483222952427,0.4355872400063942,0.4355872400063942,180512000,0.44163659640720915,37.238397005983224
2014-07-01,0.4460546672344208,0.4486715301303263,0.4391556779449388,0.4405830628625949,321180000,0.44102485265050617,36.17024338989879
2014-07-02,0.4443895220756531,0.4462926930195363,0.4417726584828886,0.4443895220756531,179284000,0.440922920192991,31.73910746372873
2014-07-03,0.4484335780143738,0.4496230558727916,0.4403451115614988,0.4403451115614988,136892000,0.442384272813797,35.918199756505544
2014-07-07,0.4448652267456054,0.4493852604594983,0.4441515342266335,0.4491473535000428,127496000,0.44269015959330965,34.64562230028119
2014-07-08,0.4412967562675476,0.4455788826703047,0.4370146298647905,0.4436757122291468,221940000,0.44333587374006,29.296658802665448
2014-07-09,0.4546188712120056,0.4565220414447517,0.4417724934105112,0.4451030484076641,387668000,0.44581678083964754,42.257972090963236
2014-07-10,0.4522400498390198,0.4541432206370615,0.4424863172236794,0.4460547518352336,266308000,0.44741409591266085,47.63635850107806
2014-07-11,0.4531915485858917,0.454618933546011,0.4510504995051055,0.4527157630523162,191188000,0.44843365039144245,52.32555147085606
2014-07-14,0.4589011371135711,0.4600906153269122,0.4534295316603229,0.4550947954871208,272636000,0.45050673825400217,61.15410393411229
2014-07-15,0.460804283618927,0.4619937617695219,0.4565221566049061,0.4596148054683321,395440000,0.45227398191179546,69.87482833450397
2014-07-16,0.4603283405303955,0.4662757579742743,0.4577115063488525,0.4627073245235799,319728000,0.45448299816676546,66.666873579006
2014-07-17,0.4591389298439026,0.4638968701665386,0.4550947103470238,0.4550947103470238,324832000,0.4570318801062448,73.26753243531542
2014-07-18,0.4386798143386841,0.4531914544339517,0.4379661220068962,0.4496230211343994,567816000,0.45475487198148457,51.04889683175864
2014-07-21,0.4412967562675476,0.4443894046895051,0.4370146298647905,0.4370146298647905,243364000,0.4531915443284171,50.17794879408099
2014-07-22,0.4393936097621918,0.4470062635821275,0.4384420386694724,0.4446273074909355,298816000,0.45122041021074566,44.776112426190394
2014-07-23,0.430115669965744,0.4398694014188801,0.4296398844127751,0.4396315228220926,297352000,0.44710820061819895,39.99989977997529
2014-07-24,0.4308293163776397,0.4336840577493999,0.4277366680751535,0.4324945798145506,254576000,0.4428260624408722,37.06294533331634
2014-07-25,0.4232167303562164,0.4303535990966724,0.4225030378102917,0.4294019995823077,266132000,0.4375244038445608,34.983501351768695
2014-07-28,0.421551376581192,0.4251198104290046,0.4144145088855668,0.4251198104290046,330352000,0.4321547533784593,35.9321817969488
2014-07-29,0.4229788482189178,0.4286883605620991,0.4215514630432733,0.4217893700256797,217972000,0.4299117582184927,22.857309402686482
2014-07-30,0.430115669965744,0.4313051480278633,0.4244061866113288,0.4255956646734481,246184000,0.42831446017537794,32.45283661071238
2014-07-31,0.4163177609443664,0.4282125427704468,0.4156040683629223,0.424882015202903,401880000,0.42501791034426,25.705453121704863
2014-08-01,0.4208376705646515,0.4232166262261415,0.414890253051538,0.4163176377921874,219884000,0.42369248185838965,24.52222107852647
2014-08-04,0.4198861420154571,0.423930361649373,0.4177450929032056,0.4203619275560249,241724000,0.42212917123522076,22.25803101396083
2014-08-05,0.4201241135597229,0.426309411616276,0.4151282937171686,0.4186967283591652,298136000,0.4216873688357217,22.653814312784803
2014-08-06,0.4196483194828033,0.4248820178469689,0.4141767141368769,0.4172693347433859,223456000,0.42141550353595186,22.875888436781153
2014-08-07,0.4153661727905273,0.4270230471605985,0.4125114025812566,0.4232167341472304,407696000,0.4203279784747532,29.41188236384002
2014-08-08,0.4520020186901092,0.4543809744443159,0.4334461581354193,0.4334461581354193,894348000,0.4234545997210911,55.905499901522624
2014-08-11,0.4496230781078338,0.4543809897767966,0.4484336001905932,0.4524778194373334,344624000,0.42821250217301504,55.61356293220688
2014-08-12,0.4496230781078338,0.4520020339423152,0.4446272595116668,0.44938519954002,296152000,0.43232470325061245,61.91860909744426
2014-08-13,0.4522400498390198,0.4560463914351032,0.4474821370236142,0.4503368790409781,256596000,0.43694669008255,62.784168255438146
2014-08-14,0.4472441673278808,0.4539052500073315,0.4453409967966958,0.4539052500073315,255992000,0.44082098347800114,64.80934570306394
2014-08-15,0.4529536664485931,0.4555705010424443,0.4443894134737886,0.4486715399611908,369796000,0.44557889018739966,68.43578097224349
2014-08-18,0.4591389298439026,0.4596147437277407,0.4503367983837801,0.4548568034051047,284076000,0.4518321411950247,70.10580423647778
2014-08-19,0.462842732667923,0.465232212702034,0.4575858538049995,0.4592585126167564,248260000,0.4533808146204267,68.91924393178617
2014-08-20,0.4599752724170685,0.4633205611090256,0.4587805325595506,0.4611700122745863,221468000,0.45485969952174593,78.88891211549063
2014-08-21,0.4556742310523987,0.4611700404294746,0.4549574098820013,0.4587805605685587,272796000,0.45572414994239807,73.1189056601832
2014-08-22,0.4559131860733032,0.4597363652081528,0.4523289663161992,0.4551963364249131,251224000,0.4562488836901529,74.13724321157687
2014-08-25,0.4566300809383392,0.460931150769736,0.4556742718175569,0.45782482097568,153380000,0.4575897284916469,74.30215500771152
2014-08-26,0.4647542834281921,0.4657100639677664,0.4561521446326374,0.4578247748193156,269636000,0.4592755309173039,77.25208427789504
2014-08-27,0.4594973027706146,0.4654710010259584,0.4587804532830053,0.4618867820727521,182972000,0.45932672704969135,76.35268872009287
2014-08-28,0.4633206725120544,0.4642764532339432,0.4571080123652217,0.4585417119329068,179704000,0.45939500417028156,61.114313925061175
2014-08-29,0.4647542834281921,0.4657100639677664,0.4599752952757811,0.4649932143206624,207932000,0.4600777200290135,65.13909736547222
2014-09-02,0.4659489691257477,0.4659489691257477,0.4616479002284567,0.4659489691257477,192636000,0.46154553975377766,65.95303022713748
2014-09-03,0.4702500104904175,0.4719226403845324,0.465232092323231,0.4683384212607825,259456000,0.4635936575276511,67.0378845206102
2014-09-04,0.4786132574081421,0.4814806559081722,0.4692942692527354,0.4695332286226865,491832000,0.4667341113090515,77.89848772709546
2014-09-05,0.4771796762943268,0.4802860064485019,0.4740733461401517,0.478135457041064,253792000,0.46850916743278503,73.3192920532705
2014-09-08,0.472878485918045,0.4776574454082366,0.4709668964249993,0.4767016649041365,319288000,0.4704207650252751,63.723070933128184
2014-09-09,0.4669048488140106,0.4738343580897003,0.466426958498237,0.470728028309898,198588000,0.4709327902112688,53.88125747479926
2014-09-10,0.4685772955417633,0.4702499537187856,0.4642762274155481,0.4695331042836101,172376000,0.47147893479892183,58.41111037287521
2014-09-11,0.4637985229492187,0.4669048527552422,0.4587806033791154,0.4652322223934909,250720000,0.4711717282022748,57.87045163734122
2014-09-12,0.4568688571453094,0.4666657335279257,0.456390966989171,0.4666657335279257,262536000,0.46926013486725937,50.81956822323371
2014-09-15,0.4506563544273376,0.4590195342002029,0.4487447647822846,0.458302684522702,294152000,0.4652662915842873,45.318317943773565
2014-09-16,0.4573468565940857,0.4597363362818104,0.4480278687210525,0.4494615679276252,219936000,0.46243303162711,44.061253064325804
2014-09-17,0.4575858414173126,0.4618869110592444,0.4540016214631774,0.4561521705265674,173584000,0.4602483681270054,48.33343207289683
2014-09-18,0.4645152986049652,0.4649931888485737,0.4590194895913543,0.4604531888070249,219604000,0.4599070038114275,50.988056556717225
2014-09-19,0.4559131860733032,0.4664269144517164,0.4551963364249131,0.4659490241810718,601316000,0.4580978453159332,43.46283756983221
2014-09-22,0.4513731002807617,0.465232086413516,0.4508951816157927,0.465232086413516,221464000,0.45632278493472506,39.73056337702861
2014-09-23,0.4494614601135254,0.4544793491631795,0.4473109118195268,0.4489835415027449,196144000,0.4552645853587559,34.843096097936225
2014-09-24,0.4520899355411529,0.453523634611513,0.448744675690102,0.4492225658852747,159592000,0.45546938266072956,28.897173232517446
2014-09-25,0.4422930181026459,0.4528067438637398,0.4413372377992917,0.4516120042421273,298440000,0.45331883430480957,25.50314110049429
2014-09-26,0.4432487785816192,0.4465940377636023,0.4418150797980057,0.4437266686812116,241188000,0.4512706824711391,28.16881243862632
2014-09-29,0.4425320625305176,0.4456383918411002,0.4353636234221782,0.4396646925841508,208540000,0.44813022017478943,30.53417453608249
2014-09-30,0.4408594071865082,0.4439657363191842,0.4356025293535902,0.440620447835978,277204000,0.4459796803338187,27.86261395282409
2014-10-01,0.4365583658218384,0.4446825854647741,0.4353636259634746,0.4415762846209043,350976000,0.44386328969682964,28.076867726492097
2014-10-02,0.4346466958522796,0.4379919554421978,0.4246108601128454,0.4358414354893704,288996000,0.441746894802366,30.543918206658404
2014-10-03,0.4356025755405426,0.4432489337501328,0.4356025755405426,0.4372752342019194,239140000,0.43939155765942167,35.483869113682104
2014-10-06,0.4329741299152374,0.4408594183799794,0.4301067315754446,0.4372751989400825,199032000,0.4380602879183633,24.50009697167735
2014-10-07,0.4284341335296631,0.4353636420552058,0.427956243265623,0.4310625727091527,301896000,0.4359439100537981,22.01840058722594
2014-10-08,0.4363193809986114,0.4384699297090968,0.4246109139788848,0.4279562024780253,260172000,0.43505638412066866,23.423466951318716
2014-10-09,0.4279561638832092,0.4348856711233843,0.4243719448404831,0.4344077524631481,306956000,0.4332130636487688,23.529431683121246
2014-10-10,0.4026276767253876,0.4260446106279102,0.4023887458599597,0.4246109114959702,691376000,0.42836582234927584,16.883169999153566
2014-10-13,0.4011940658092499,0.4133804247905513,0.4007161755224012,0.4052561759747345,397628000,0.4235868752002716,16.993548234578583
2014-10-14,0.4105129539966583,0.4217435011675949,0.4043002963353705,0.4066897756689673,376620000,0.4200026435511453,23.95204504972122
2014-10-15,0.4167255759239197,0.418876124377651,0.4019108100102994,0.4045392201406288,404428000,0.4176814215523856,33.2287977179149
2014-10-16,0.4169645309448242,0.4217434894795757,0.4083623941883356,0.4093182029861897,351116000,0.41604290689740864,32.594926841513455
2014-10-17,0.4162476360797882,0.4267613608007234,0.4145750064719775,0.4219824027870719,290716000,0.41317551476614817,32.594849651584795
2014-10-20,0.4198319315910339,0.4236551100970956,0.4133803427862915,0.4162477124234168,200336000,0.4120149101529802,36.41973716576476
2014-10-21,0.4377531111240387,0.4382310013763582,0.4217435740349954,0.4229383139082168,351092000,0.41703282935278757,50.65616943964777
2014-10-22,0.4274783134460449,0.4384699309261182,0.4274783134460449,0.4370362317818153,239512000,0.4207877218723297,46.39426514700661
2014-10-23,0.4370361864566803,0.4401425152906162,0.4317793376141644,0.4348856664481003,214476000,0.42457675508090426,50.66368104016799
2014-10-24,0.441576212644577,0.444204622813643,0.437036184831906,0.4396646234858123,210156000,0.4281268460409982,53.91302249461251
2014-10-27,0.4418151974678039,0.4434878275042714,0.4365583480025446,0.4413373072409338,145092000,0.4316769412585667,56.33482643472331
2014-10-28,0.4523288905620575,0.452806780752667,0.4401425340348848,0.4406204242254943,192580000,0.4368314061846052,57.39513497886871
2014-10-29,0.4494614601135254,0.4530456787853517,0.4453993228309185,0.4504172403654106,168340000,0.4410641959735325,60.465094693706625
2014-10-30,0.4465941488742828,0.4501783682402184,0.4408594092827233,0.4482668073662608,170260000,0.44232720136642456,77.38096563807312
2014-10-31,0.4669048488140106,0.467143808214322,0.4544795296948012,0.4568690097585185,256316000,0.44795956356184824,83.13249463541882
2014-11-03,0.4747900068759918,0.4793300348272361,0.4724005274758132,0.4776573764592379,308732000,0.4533529664788927,82.88504277778722
2014-11-04,0.4810025990009308,0.4826752286555907,0.4700109838677301,0.4778962705080838,360196000,0.45898530738694326,82.88503755865248
2014-11-05,0.4810025990009308,0.4841089274937777,0.4774183803903006,0.4838699966773048,335652000,0.4645835076059614,82.84308795437096
2014-11-06,0.4831531643867492,0.4838700138312562,0.4745509995375043,0.4819583963226787,394088000,0.46898697529520306,83.81642359262733
2014-11-07,0.472878485918045,0.4943838321087526,0.4680995264278534,0.4886490921144608,450800000,0.4723322646958487,75.11317490492684
2014-11-10,0.4783742725849151,0.4814806016198029,0.4712058056279514,0.4724005453733049,293388000,0.4768722823687962,71.79490131515824
2014-11-11,0.4726394712924957,0.4781352509446011,0.4685773336576834,0.4755068407816029,212992000,0.47769151415143696,75.4717209481518
2014-11-12,0.4695332944393158,0.4721617054529856,0.4630816753947406,0.4709669654054494,204584000,0.4769405552319118,69.76760122170882
2014-11-13,0.4671436548233032,0.4719226133815218,0.4633204765827924,0.471205763900821,225328000,0.4749607060636793,65.97016547968707
2014-11-14,0.472878485918045,0.472878485918045,0.4630816075692141,0.4676216361758034,160248000,0.47380011848040987,68.15645708428806
2014-11-17,0.4707278609275818,0.475745778671047,0.4676215322523337,0.4707278609275818,158732000,0.47202507512910025,61.91947380066193
2014-11-18,0.4819585680961609,0.4831533365860554,0.4697722086507523,0.4709669486557983,207772000,0.47332222972597393,68.99447666255804
2014-11-19,0.4801588058471679,0.4837582224984692,0.475119679746133,0.4823184558379487,240300000,0.4735771630491529,69.86638067132469
2014-11-20,0.4880774021148681,0.4885573433432023,0.4753595602771964,0.4767993267514195,220968000,0.4757825817380632,64.68604456461745
2014-11-21,0.4907170534133911,0.4931166454286561,0.4866377527085191,0.492396762102998,198976000,0.478808833020074,61.91459050931346
2014-11-24,0.4938364028930664,0.4959959951088515,0.489997045205,0.4919166954436473,136004000,0.48262208274432583,60.066491096261565
2014-11-25,0.4935962855815887,0.4971957004311336,0.4919165777220538,0.4928764026116797,190240000,0.4855817684105464,59.841079837353654
2014-11-26,0.5019950866699219,0.5024750279157062,0.4904770116681332,0.490717010896416,219264000,0.4900485149451664,63.41376685340101
2014-11-28,0.5031946897506714,0.5060742218640789,0.4991153907305192,0.5036746308398269,124832000,0.4930822466100965,74.78496806012467
2014-12-01,0.4938364028930664,0.5039146524621222,0.4931165197508807,0.5010351771041514,190060000,0.4950361890452249,61.890114362795615
2014-12-02,0.4945563673973083,0.4967159599683794,0.4887973013123688,0.4933565428926855,245952000,0.4959617555141449,68.26221981841302
2014-12-03,0.5072743892669678,0.5075143313685391,0.4955163681279544,0.4969561351589849,284424000,0.498327089207513,77.10586213731128
2014-12-04,0.502714991569519,0.5084740007128842,0.499355574336788,0.5065543500686904,185332000,0.4995954590184348,74.77536495410982
2014-12-05,0.5055945515632629,0.5082340856417259,0.5027150182334583,0.502954960274013,165680000,0.5013094970158168,73.73052790134322
2014-12-08,0.4991156160831451,0.5099138091730864,0.495036315221173,0.5048746829102011,226944000,0.5008981440748487,69.37446277249856
2014-12-09,0.4974358975887298,0.4986357222244693,0.48855741268525,0.4959961309101574,239448000,0.5000754594802856,62.14674809203145
2014-12-10,0.4863977432250976,0.4979158189824888,0.4859178591586138,0.4959961110841976,204364000,0.49901279381343294,54.27628165478764
2014-12-11,0.4861578047275543,0.4926366973584876,0.4851979793768208,0.4892772800255275,135652000,0.49781299914632526,48.529483612706606
2014-12-12,0.4710403978824615,0.4839981839245899,0.470560456572802,0.4796789123754156,323964000,0.4926367146628244,37.34575555866472
2014-12-15,0.4696005582809448,0.4851979332892607,0.468160791786211,0.476559362926248,254696000,0.4879060813358852,34.06956562621211
2014-12-16,0.4643214344978332,0.4765593639122198,0.4640814924851412,0.4691206466217452,185308000,0.4820099217551094,31.952889059710316
2014-12-17,0.4832783937454223,0.4839982772433164,0.4583226136526278,0.4736800233879014,345596000,0.47974746142114905,39.79069915637218
2014-12-18,0.485197901725769,0.49503621011514,0.4806386605259635,0.4892772017216247,226156000,0.4779991762978689,40.25987767426253
2014-12-19,0.4899973273277282,0.4919169786716413,0.4839983167590917,0.4885575602143911,325528000,0.47851340259824476,47.814384363494426
2014-12-22,0.4986357390880584,0.4986357390880584,0.4878375458443639,0.489517254622576,148976000,0.48029596464974533,52.130344771557674
2014-12-23,0.4955161511898041,0.50487457558356,0.4950362099859794,0.50247498398599,109280000,0.4837925008365086,43.17539842363762
2014-12-24,0.4935962855815887,0.4974356423508505,0.4931164017421549,0.4967157593809415,45644000,0.4872204618794577,44.54011779397009
2014-12-26,0.4940764307975769,0.4967159646374647,0.4923967222439409,0.4935964895490601,52636000,0.491471175636564,42.899430461142764
2014-12-29,0.4933564662933349,0.4967158828474402,0.490236991718588,0.4926365831444878,82944000,0.4929109002862658,46.17830200283912
2014-12-30,0.4887972474098205,0.492396663315979,0.4880773642285889,0.4899970717821317,112120000,0.4934250925268446,44.47851159728766
2014-12-31,0.4811186492443084,0.4921567831282716,0.4796788540956557,0.4895171920620312,166300000,0.4921567099434988,46.474398653266746
2015-01-02,0.4830382466316223,0.4866376625933764,0.4753595307203975,0.4830382466316223,113680000,0.48992849673543654,47.9623424136845
2015-01-05,0.4748797416687011,0.4844781390547844,0.4727201201352045,0.4830383722955231,197952000,0.4869804382324218,52.7585951415218
2015-01-06,0.4604821503162384,0.4760794982915834,0.4600022376380756,0.4755995856134206,197764000,0.4822498474802289,44.47680537338243
2015-01-07,0.4592823386192322,0.467920880952457,0.457842572028564,0.463841551814028,321808000,0.4772792628833225,46.78904274414514
2015-01-08,0.4765593111515045,0.4794388438281316,0.4643213830920004,0.464561353683515,283780000,0.47487966929163244,45.62486828322052
2015-01-09,0.4784789979457855,0.482078413850835,0.4717601359320055,0.4782390559557072,209540000,0.47340563365391325,45.62499490599281
2015-01-12,0.4724800884723663,0.4799188347591527,0.468160817357632,0.4796788641284596,190732000,0.47217155354363577,38.769109658534006
2015-01-13,0.4717602431774139,0.4856778829544195,0.4684008257095202,0.4760795146399872,236720000,0.4705604101930346,30.82192946116338
2015-01-14,0.4736799001693725,0.4751196667906336,0.4655212989299397,0.4667210949125264,155260000,0.47038900426455904,34.14638579321192
2015-01-15,0.4703203737735748,0.4799187394080115,0.4700804031905595,0.4770392354387577,188932000,0.47179446475846426,33.44718809264036
2015-01-16,0.4789589345455169,0.4794388471264607,0.4681607441446525,0.469600510492871,181512000,0.4746054070336478,40.36690383254641
2015-01-20,0.4803987741470337,0.4849579586638974,0.4743997658516264,0.4823184247635254,140308000,0.4751539017472948,41.81822561244573
2015-01-21,0.4871175289154053,0.488317353262736,0.4743996883297228,0.4777591335703978,144780000,0.47638797760009766,48.96754513807223
2015-01-22,0.4955161511898041,0.4969559175905013,0.4830382519981295,0.4880773771897935,159712000,0.4796788437025888,58.77191708241428
2015-01-23,0.4969560801982879,0.4979159057092228,0.4919168961469883,0.4959961974765579,120416000,0.4832782489912851,58.529525540632754
2015-01-26,0.4947963356971741,0.4971959276231032,0.4916768604723878,0.4947963356971741,133240000,0.4862948826381138,63.174537336759904
2015-01-27,0.4710403978824615,0.4875976007200639,0.4700805438685369,0.4871176594104043,357948000,0.4863977432250976,56.21469679767937
2015-01-28,0.4633616209030151,0.4787190257121946,0.4631216502788909,0.4767993465353733,272728000,0.48416955556188307,52.2309504235412
2015-01-29,0.4746397137641907,0.4772792475382293,0.4614419304724366,0.4636015802207121,235340000,0.48334683265004835,48.87645447260465
2015-01-30,0.4607219994068146,0.4767992854222923,0.4600021448374899,0.4712802192233512,298200000,0.4795760427202497,40.88673491987163
2015-02-02,0.4708003997802734,0.472720079090812,0.4544831685487848,0.4636016238197984,259604000,0.4760452210903167,49.172594879046265
2015-02-03,0.4825582802295685,0.4830382214029941,0.4717601187244478,0.4741597101700301,183468000,0.47398839252335684,54.79736056589266
2015-02-04,0.4837582111358642,0.4892772783977021,0.4796788818953367,0.4811186771274324,181516000,0.4724115175860269,54.506419581068165
2015-02-05,0.4916766583919525,0.4919166003226933,0.4837580025698969,0.4842378864313786,140448000,0.4753595548016684,59.1751884593579
2015-02-06,0.4895172417163849,0.4969560172075308,0.4873575916824275,0.4911969504503112,210524000,0.47909607206072125,54.80353240870555
2015-02-09,0.4890373647212982,0.4904770742207001,0.4835182971394265,0.48663777260791,273944000,0.48115287934030804,53.96478319756879
2015-02-10,0.502714991569519,0.5029549335973472,0.4873575575728333,0.4895172074556392,226204000,0.4871518782206944,56.7288219097489
2015-02-11,0.4993555247783661,0.5039147089085471,0.4959960506682613,0.5039147089085471,320832000,0.4912311817918505,51.73161220532026
2015-02-12,0.5351095795631409,0.5399087639996074,0.5247913273036586,0.5279108029084411,676904000,0.49873851026807514,63.14048657056457
2015-02-13,0.5353495478630066,0.5360694312848423,0.5257511785195893,0.5339097810193352,310084000,0.5061087012290955,64.15414636581883
2015-02-17,0.5370292067527771,0.5396687981238949,0.5310302550773405,0.5343896725924481,203340000,0.5125876367092133,77.22775345336801
2015-02-18,0.5307901501655579,0.53726909906894,0.5298303249538344,0.5363092166464393,170948000,0.5184837664876666,78.15632160334752
2015-02-19,0.5322298407554626,0.5384687895588942,0.5298302494626635,0.5375089644839284,169432000,0.5246541202068329,76.20086602062223
2015-02-20,0.5360692143440247,0.5363091563172703,0.5279106151459666,0.5317499727717501,157752000,0.5294190091746194,87.74046506656667
2015-02-23,0.5317502617835999,0.5358295635997722,0.5291106698001691,0.5358295635997722,125008000,0.5340468287467957,82.39828733139771
2015-02-24,0.5374108552932739,0.5374108552932739,0.5289799730058989,0.5337976364361355,149356000,0.5343755824225289,81.1782414802824
2015-02-25,0.5333157181739807,0.5376516486714861,0.530906887041277,0.535242760107718,123820000,0.5340850353240967,77.270959065862
2015-02-26,0.5347611308097839,0.5378926176254551,0.5304251994814352,0.533797609658287,152864000,0.5337610244750977,75.52751959050727
2015-02-27,0.5313886404037476,0.5345201264081836,0.5294615411689082,0.5333156822075263,157492000,0.5338465230805534,74.45720423144478
2015-03-02,0.5443965196609497,0.5472871408782385,0.5292208731323476,0.5299435284366697,301512000,0.5355846200670514,78.20723272111582
2015-03-03,0.5342791676521301,0.5429509700557542,0.5325929918279612,0.5403012733936395,160344000,0.5353288991110665,66.68842170015745
2015-03-04,0.5403013825416565,0.5415057694746265,0.5301842681217949,0.5323522335184226,226840000,0.536550487790789,71.05578780337765
2015-03-05,0.5506594777107239,0.5516229989442712,0.5388561846642981,0.5403014952301592,323056000,0.5384431481361389,60.82321196542334
2015-03-06,0.5431920289993286,0.5501775998923552,0.5427102397445018,0.5475279025684855,257392000,0.5398540496826172,54.95961817253855
2015-03-09,0.5446372032165527,0.5487322677132784,0.5422283721525708,0.5434328164000931,222388000,0.5412649171692985,54.82564087441561
2015-03-10,0.5540316700935364,0.5576449454604636,0.54608252171736,0.5470460426715195,527212000,0.5444996356964111,64.1743755579919
2015-03-11,0.5511410236358643,0.5612580782666128,0.549695713708313,0.5540315860599118,262120000,0.545463136264256,61.3328513635055
2015-03-12,0.5460827946662903,0.5499369378404104,0.5357248100119453,0.5458419286651242,406972000,0.5471493686948504,55.91441003759875
2015-03-13,0.5468050241470337,0.5482503338903382,0.5359652585032975,0.543432673033355,359288000,0.5480784603527614,59.28648586641685
2015-03-16,0.5533092021942139,0.55668161282119,0.5475280170825281,0.5511412936717586,236956000,0.5484569924218314,59.7058374027524
2015-03-17,0.5600538849830627,0.5602947509104663,0.5482505930741683,0.5521047350679986,299900000,0.5508658289909363,65.81195074873706
2015-03-18,0.5509002804756165,0.5629444380912496,0.5458417515063727,0.5600538747221419,413844000,0.5517605543136597,58.74668248221397
2015-03-19,0.5593310594558716,0.5612581011504735,0.548732215273447,0.5528272219477688,310756000,0.5525176099368504,64.3563944073282
2015-03-20,0.5653531551361084,0.568725564530466,0.5586084512095173,0.5639079024597403,462084000,0.5545479144368853,61.59988809018241
2015-03-23,0.5470460057258606,0.5557178085897577,0.5468051398613539,0.5484913157750201,426012000,0.5546855160168239,56.4792474838285
2015-03-24,0.5395784974098206,0.549213818490721,0.5371696671395955,0.5453596785721521,330480000,0.5536531550543649,49.638435542072415
2015-03-25,0.5068185925483704,0.53933784263554,0.505132359011511,0.53933784263554,542552000,0.547011639390673,32.086472647779146
2015-03-26,0.5051321983337402,0.5073001629648936,0.4928471802859676,0.4964604546712231,311920000,0.5391656841550555,33.677504056736026
2015-03-27,0.515008807182312,0.5169358499283984,0.499833158905844,0.508023176723344,318288000,0.5340383308274406,38.150393189483296
2015-03-30,0.5171768069267273,0.5198265052324206,0.51067290801642,0.517417672927856,253252000,0.5280162947518485,34.355957984477456
2015-03-31,0.5041688680648804,0.5162130248463714,0.5036871362522626,0.5157312930337536,357276000,0.5192756823131016,31.638491268717715
2015-04-01,0.5060958862304688,0.5077820621656405,0.4974240832559707,0.5060958862304688,330768000,0.5134256652423314,33.97679118804602
2015-04-02,0.5073005557060242,0.510432043453893,0.5029646805180247,0.5089867325808625,192204000,0.5088145307132176,34.231079079315336
2015-04-06,0.5219942927360535,0.5236804690285699,0.4998330201525701,0.5051324149487438,515864000,0.5109824878828866,38.26718316546229
2015-04-07,0.5265712738037109,0.5323524598886287,0.519103853405895,0.5219944751639003,413964000,0.5140452129500253,37.24786645315686
2015-04-08,0.5304252505302429,0.5323523504497785,0.5219943678544025,0.5270528974599067,366432000,0.5162475619997297,41.87387634601919
2015-04-09,0.5427102446556091,0.5443964209161549,0.5260892905331376,0.526330156447195,379432000,0.5198951959609985,43.59935233987191
2015-04-10,0.5482506155967712,0.5484914815340698,0.5412649865354204,0.5431920863270399,258728000,0.5261925884655544,43.38931380721134
2015-04-13,0.5431920289993286,0.5501775998923552,0.5407831401562658,0.5470461133136587,236724000,0.5314920374325344,48.34032958802267
2015-04-14,0.5386152267456055,0.5431920236123217,0.5333157747193514,0.5410240581337081,220276000,0.5359655618667603,49.5745871565912
2015-04-15,0.5451192855834961,0.5492142948515795,0.5374109990605781,0.5400607548578213,243560000,0.5392691322735378,72.02198294799888
2015-04-16,0.5417467355728149,0.5465643985471488,0.5378925937071333,0.5419876014922098,155284000,0.5414370553834098,70.65204089728746
2015-04-17,0.5347611308097839,0.5400605832896296,0.5301843335513298,0.5304251994814352,293636000,0.5420564668519157,61.516679583106
2015-04-20,0.5321115851402283,0.5405424694106885,0.5311480062826685,0.5371701157025044,231624000,0.5405423726354327,58.65916420493581
2015-04-21,0.5313886404037476,0.5386151333145089,0.528738886134726,0.5386151333145089,230456000,0.5381335190364293,68.40371530402851
2015-04-22,0.5374108552932739,0.5381335105509172,0.5263302179175141,0.5345202916937789,207420000,0.5373076370784214,70.0616001686253
2015-04-23,0.5352428555488586,0.5403014420312969,0.5215125213872468,0.5275346290083628,259380000,0.5368258697646004,67.68267935249183
2015-04-24,0.5306658744812012,0.5352426121665823,0.5246437695984203,0.5350017463492066,240960000,0.534761096749987,56.29345854064955
2015-04-27,0.5347611308097839,0.5441555912567976,0.52777550195705,0.5323522992155042,248456000,0.5337631532124111,55.985697370794085
2015-04-28,0.5374108552932739,0.5393379551240155,0.5287390496326324,0.5337976364361355,234484000,0.5341416852814811,55.19703216777511
2015-04-29,0.5333157181739807,0.5388560355223059,0.531147752925228,0.5335565840579318,195156000,0.5343137042863029,42.04093504646752
2015-04-30,0.5347611308097839,0.5374108283341691,0.5294616783299383,0.5306661228426158,218844000,0.5347954886300224,37.7195990675586
2015-05-01,0.5480098724365234,0.5496960492375411,0.5366883093808348,0.53909714158673,256968000,0.5363096339362008,53.816840753262944
2015-05-04,0.5446372032165527,0.5511410987772603,0.5429510272148717,0.5475278234657561,200720000,0.5376516836030143,54.86358358574237
2015-05-05,0.5306658744812012,0.5434326816988903,0.5282570440142985,0.5427100268157146,292928000,0.5376516836030143,39.58329395551998
2015-05-06,0.5323523879051208,0.5386153625798714,0.5253667578885848,0.5335567751873733,316484000,0.5373075774737767,43.06076426648679
2015-05-07,0.5417467355728149,0.5434329118707245,0.5284981336778605,0.53018430997577,534564000,0.5379269889422825,54.982683750785455
2015-05-08,0.5017600059509277,0.5260892413599176,0.4935699913277718,0.5060959365851158,1146552000,0.533419030053275,35.874577040372785
2015-05-11,0.496942400932312,0.5020009872564833,0.4909203509306814,0.4947744353648101,544144000,0.5280163543564933,34.55750240223517
2015-05-12,0.5017600059509277,0.5058550132625057,0.4930882021136177,0.4933291254362278,388800000,0.5214092305728367,33.842959668583504
2015-05-13,0.5046507120132446,0.5092275093156619,0.4998330487784084,0.5053733672415777,308524000,0.5156968746866498,36.22580563784125
2015-05-14,0.5128405690193176,0.5154903231786707,0.5048914214033745,0.506095865554182,293052000,0.5131504024778094,42.22699657899374
2015-05-15,0.5130817294120789,0.5174176040103406,0.5099502420901346,0.5150087720266209,215824000,0.5103974512645176,40.217542153431715
2015-05-18,0.512359082698822,0.5154905700734811,0.5094684612972641,0.5118772933215339,324972000,0.5061992151396615,38.49574453758696
2015-05-19,0.509164571762085,0.51473053450548,0.5081965330873949,0.5130364956732248,253808000,0.5072570102555412,38.816825559270505
2015-05-20,0.509164571762085,0.5154565346630451,0.50868055242474,0.5094065525823049,196824000,0.5090030346597944,37.9867188929315
2015-05-21,0.5055345892906189,0.5115845715905599,0.505050569935737,0.5094065710389523,239692000,0.5095422608511788,28.086471194206553
2015-05-22,0.504808783531189,0.5086807667707963,0.5035988212233345,0.5067448039994573,212592000,0.5095648424965995,28.875078403204924
2015-05-26,0.5016627311706543,0.5057766947618088,0.4977907484681202,0.502388731533437,259732000,0.507968008518219,32.6210936104861
2015-05-27,0.5285243391990662,0.5309443201123737,0.5033564915431502,0.5050504724127759,432332000,0.5101740956306458,48.23784871795153
2015-05-28,0.5357843637466431,0.5374783448749187,0.527556438924474,0.5285244198982165,327656000,0.5135205643517631,47.20035152336119
2015-05-29,0.5355423092842102,0.5391722518608122,0.5348163092295104,0.5357842900701445,335168000,0.5172888125692096,75.3090322897549
2015-06-01,0.5415924191474915,0.5469164021480581,0.5355424935393591,0.5389304564956666,372660000,0.5219213621956962,82.84436018425389
2015-06-02,0.5309444069862366,0.5411083515639257,0.5304603876456206,0.5382043509140415,224304000,0.525551336152213,69.77195140368971
2015-06-03,0.525136411190033,0.5365103164434503,0.5241683726050146,0.5323963543962716,250788000,0.5284552829606193,63.35098221257123
2015-06-04,0.534574568271637,0.5362685499269477,0.5219906386071307,0.5219906386071307,323712000,0.5331569739750454,63.937747307520596
2015-06-05,0.5386884212493896,0.5411084027877446,0.5273144560919015,0.532880419399809,313320000,0.5346089856965202,65.64420663029537
2015-06-08,0.5263463854789734,0.5406242914355212,0.5202964615106962,0.5369943485939351,342812000,0.533260703086853,57.48302616960948
2015-06-09,0.5290086269378662,0.5328805522066838,0.5258626443842579,0.5268306257014622,256888000,0.5323273198945182,60.677120748753104
2015-06-10,0.5195707082748413,0.5261046546517943,0.5166667064642272,0.5227166910040304,529460000,0.5291813611984253,55.08281637392032
2015-06-11,0.525136411190033,0.5287663539447024,0.5195704489622266,0.5195704489622266,283052000,0.5283516475132534,59.39670493573882
2015-06-12,0.5108584761619568,0.5248943424737901,0.5096484568488023,0.5217483614958643,323728000,0.5263119425092425,52.566611219482354
2015-06-15,0.5098906755447388,0.5123106573294667,0.5043247116701728,0.508196636368204,306548000,0.5227856721196856,53.55647824097548
2015-06-16,0.5161826014518738,0.5169086017843039,0.5038407111944008,0.5089226558244923,256892000,0.5195705550057548,43.5115723767086
2015-06-17,0.5222324728965759,0.5251364736029744,0.514730548000922,0.5159405098306502,233544000,0.5189828532082694,42.783533622335206
2015-06-18,0.5309444069862366,0.5343323692798311,0.5251364633833737,0.5265884637083158,299404000,0.5192593932151794,47.754173731576884
2015-06-19,0.5292503833770752,0.5353003073164009,0.5244104211468543,0.5309443643879624,355656000,0.52064220394407,43.70364739330728
2015-06-22,0.5270724296569824,0.5331224118280202,0.5190864855014798,0.5302184111544171,514236000,0.520918778010777,47.83783477930344
2015-06-23,0.5135205984115601,0.5321544516236433,0.5094066353151454,0.5280404885272286,414064000,0.5212990811892918,44.02989692679737
2015-06-24,0.5084384083747864,0.5154563691802562,0.506018427858785,0.5127943502248341,253368000,0.5210916144507272,35.93729554988262
2015-06-25,0.5123105049133301,0.5154564860672156,0.5084385236703248,0.5084385236703248,350460000,0.5205384578023639,35.77019737569806
2015-06-26,0.5019046664237976,0.508680649961359,0.4997267232303994,0.508196630531206,421296000,0.5176344854491097,36.53337887187032
2015-06-29,0.4869007170200348,0.5011786238467981,0.4861747168680888,0.4960966227831762,391724000,0.5113425297396523,29.57730477263405
2015-06-30,0.4866586029529571,0.4919825840083991,0.4832706412344467,0.4898045838906871,315916000,0.5052579896790641,32.47401525868571
2015-07-01,0.4936768114566803,0.5057767219929863,0.4893208667423799,0.498758814269776,302892000,0.500487187079021,33.502691338861794
2015-07-02,0.4941608905792236,0.49730687346793,0.4910149076905172,0.4934348900897581,145764000,0.4977215145315443,39.76284235437192
2015-07-06,0.4881107807159424,0.4968227266612607,0.4844808368952612,0.4900468007576335,214776000,0.494817567723138,37.43024658190192
2015-07-07,0.4789148867130279,0.4871428428028116,0.4636689943790845,0.4852068802861198,594252000,0.4900467651230948,29.189370360865993
2015-07-08,0.4755268692970276,0.4791568418750558,0.4716548870077476,0.4762528695823247,332492000,0.48627850839069914,23.12007958424094
2015-07-09,0.4697189033031463,0.4852068327055845,0.4668149309644182,0.4830288318151949,357588000,0.48382396357400076,13.545082192660772
2015-07-10,0.477946788072586,0.4823027603622524,0.4745587968035327,0.4757687875035259,216708000,0.48257941859109055,21.658019281851594
2015-07-13,0.4810928106307983,0.4837547730883965,0.477946828773222,0.4827867919853529,212472000,0.48078170418739313,24.86798860505786
2015-07-14,0.4813348352909088,0.482302845330512,0.4750428998515534,0.4818188547349398,249216000,0.47894941057477675,29.412020379521522
2015-07-15,0.477946788072586,0.4832707413828654,0.4735908157829196,0.4801247597931923,265732000,0.47749741162572584,30.063605253815027
2015-07-16,0.4885947406291961,0.4885947406291961,0.4791567955301039,0.4808507767996471,282848000,0.47888024789946415,35.75597411417071
2015-07-17,0.4856906533241272,0.4873846342921703,0.4793986910445957,0.4869006726995291,220372000,0.48033221704619267,39.297166459581405
2015-07-20,0.4767367541790008,0.4876266983407364,0.4755267635886359,0.4856906787780111,188412000,0.4813347671713148,42.70839212869126
2015-07-21,0.4789148867130279,0.4856908420668318,0.4757689043507125,0.4757689043507125,149720000,0.4814730669770922,44.59481723527636
2015-07-22,0.4697189033031463,0.4755268768290607,0.4639109586256901,0.4755268768290607,356472000,0.4798482230731419,33.77057613168722
2015-07-23,0.4755268692970276,0.4825448047418325,0.4697188958631077,0.4706869058596565,169916000,0.4790185136454446,38.22628437658181
2015-07-24,0.4699607491493225,0.4793986631714313,0.4680247586490712,0.4789146727584805,188844000,0.47787765094212126,38.46151805797228
2015-07-27,0.4672988355159759,0.4726227886315757,0.4619748824003761,0.4658468351896975,192420000,0.4748353787830898,41.94627516517814
2015-07-28,0.4774628281593323,0.4806087811021524,0.4636689102166965,0.4685088733268267,198308000,0.4736599751881191,51.2269679084428
2015-07-29,0.4832708835601806,0.48714286647867,0.4745589364178106,0.4764949278770554,232680000,0.4745934222425733,58.58893561787848
2015-07-30,0.4844807684421539,0.4893207313171601,0.4820607581561965,0.4820607581561965,190180000,0.475388548203877,54.545435697895314
2015-07-31,0.4827867150306701,0.486658667674124,0.4798827433359668,0.4864166868611622,218340000,0.47725537845066607,51.20267933544762
2015-08-03,0.4910145699977875,0.4914985315266347,0.4803666374551084,0.4866585700568113,397132000,0.4794679071222032,56.172674799139756
2015-08-04,0.4929505884647369,0.4944025886128331,0.487384626361634,0.489320645791395,260100000,0.4827521698815481,59.74830881430338
2015-08-05,0.4980326294898987,0.5055345539360233,0.4970645908478347,0.5050505346149913,234628000,0.4871427118778229,56.61009137736487
2015-08-06,0.4948867261409759,0.5004526895739905,0.4866587425680986,0.4968226883364104,655676000,0.4896318401609148,56.41898596459835
2015-08-07,0.5561122894287109,0.5655501766675054,0.5294924358618185,0.5435283628477734,1405248000,0.5000377552849906,82.03119606899412
2015-08-10,0.5754721164703369,0.5795860789781319,0.5488522640367595,0.5522402840698608,662304000,0.5130365192890167,84.21948051481681
2015-08-11,0.5725682377815247,0.5781342018184639,0.5670022737445856,0.5670022737445856,435008000,0.5258624511105674,88.15082341990374
2015-08-12,0.574020266532898,0.5781342301186405,0.5633723573876276,0.5633723573876276,384048000,0.5377204077584403,87.75512115855982
2015-08-13,0.5691801309585571,0.5759561130601241,0.5677281306727282,0.5747460935896319,276884000,0.5486103424004146,88.24628065905944
2015-08-14,0.5696642994880676,0.5730522625777473,0.5653082974896916,0.5686962605793713,214652000,0.5588434381144387,90.1328040892564
2015-08-17,0.5660341382026672,0.5686961002086183,0.5590161754267206,0.5686961002086183,273880000,0.5690073541232518,86.59984354957248
2015-08-18,0.5608821511268616,0.5681726397954862,0.5565078231618946,0.564284367584289,287084000,0.5696887629372733,82.24572306787073
2015-08-19,0.5586950778961182,0.5664716235816972,0.5526196407155728,0.5601531874546221,249248000,0.5672920431409564,80.58600581156696
2015-08-20,0.5385249257087708,0.5550500192752834,0.5358517045014872,0.5523768560076853,426932000,0.5624287128448486,69.93543961139267
2015-08-21,0.5217567682266235,0.543628245977303,0.5212707122118457,0.5346366442515477,382664000,0.5549624988010952,60.3622758779893
2015-08-24,0.5032874941825867,0.530505355548717,0.4860332883434848,0.4925947256846678,682284000,0.5455492649759565,53.13485888168593
2015-08-25,0.4928377568721771,0.5273461088054021,0.4928377568721771,0.5254019428439968,622684000,0.5345740446022579,48.47423279234892
2015-08-26,0.5300189852714539,0.5305050409839447,0.5049883038409734,0.508876575721954,614976000,0.5294290227549416,58.59932418838633
2015-08-27,0.549946665763855,0.5501896647931357,0.5324494609826274,0.5356086801220068,463764000,0.5278668105602264,48.10841996507301
2015-08-28,0.5523767471313477,0.5557789647903659,0.5460583097990713,0.549946583383524,320944000,0.5269641918795449,42.093104310963696
2015-08-31,0.5463013648986816,0.5535919148305871,0.54411425785879,0.5497036408467976,219352000,0.5280751117638179,41.19844614432084
2015-09-01,0.5239437818527222,0.5394968762711746,0.5200555661877834,0.5305052761515736,353408000,0.528387542281832,35.282253755622875
2015-09-02,0.539739727973938,0.5399827269017653,0.5292900208618033,0.5382816185276572,344044000,0.5335950042520251,41.87082269720654
2015-09-03,0.5411980152130127,0.5504326727800951,0.5402259612427086,0.547759451937162,262556000,0.5405036125864301,42.181857410672954
2015-09-04,0.528560996055603,0.5404688132880098,0.5283179971140218,0.5319632129963873,287972000,0.5402953284127372,40.1933364696604
2015-09-08,0.5511616468429565,0.5533488116397867,0.5392538848083456,0.5414409916655006,238448000,0.5404688971383231,47.66903608382397
2015-09-09,0.5402258634567261,0.5574800066104124,0.5390107527590343,0.5528627366023182,289392000,0.5387330566133771,45.74945397310867
2015-09-10,0.5487315654754639,0.5555360598856148,0.5346366365267747,0.5370668006861821,357076000,0.5390802281243461,52.482249867363244
2015-09-11,0.550432562828064,0.5540777789734709,0.5404688522886418,0.5426560167396856,301584000,0.542864339692252,57.52545374059318
2015-09-14,0.5514045357704163,0.5548067524579552,0.5484883169298643,0.5531056441141857,192460000,0.5445307408060346,63.904404826986806
2015-09-15,0.5574798583984375,0.5603960769458561,0.5499463710704748,0.5516474792432519,327976000,0.5468567184039524,69.16415874885604
2015-09-16,0.5613682866096497,0.5645275049347784,0.5523766875072321,0.5565079596386311,173508000,0.5515434741973877,61.579900818061645
2015-09-17,0.5664716958999634,0.5761923502780871,0.5652565851328627,0.5710889661718029,268712000,0.5537306240626744,56.85477889181849
2015-09-18,0.5659855604171753,0.5708458869227856,0.5552928536927652,0.5586950706587599,326412000,0.55741058077131,55.737630763941866
2015-09-21,0.5718181133270264,0.5730332242902278,0.5637985663768723,0.5667147863368118,281840000,0.5607086590358189,60.78022542531653
2015-09-22,0.5562649369239807,0.5633124281129872,0.5533487176900014,0.5594241551142365,228356000,0.5615418553352356,64.48789449300826
2015-09-23,0.5589379668235779,0.5623401831639667,0.5545636969487425,0.5567508029163344,161632000,0.5626180597714016,59.75297576691668
2015-09-24,0.5696308612823486,0.5754632417777634,0.5467872792708379,0.5555358789837925,382440000,0.564353917326246,63.20528450558248
2015-09-25,0.5737621784210205,0.5849409423828156,0.5681727964401229,0.5766783399286608,369692000,0.5661244732992989,72.794027474866
2015-09-28,0.5662285685539246,0.5774073312862605,0.5625833525853637,0.5737621153176997,395584000,0.5660897408212934,58.959410959515864
2015-09-29,0.5761921405792236,0.5771641940753337,0.5642843259178406,0.5723038686551344,380736000,0.5675478237015861,71.63720336491225
2015-09-30,0.5990358591079712,0.5997649139591564,0.57813644121311,0.5815386585588621,556380000,0.5714360730988639,75.8102733919613
2015-10-01,0.5873708724975586,0.6007367377930345,0.5703596764020767,0.5990356297714157,489296000,0.5758797781808036,67.19434440738911
2015-10-02,0.6026812195777893,0.6026812195777893,0.578136523915869,0.5842119625649517,386144000,0.582128814288548,71.05775387875073
2015-10-05,0.6177482008934021,0.6252816908080959,0.6034102180115288,0.606569436542778,482024000,0.5890027199472699,73.04819689604349
2015-10-06,0.625767707824707,0.6284408702851524,0.6087565633734163,0.6111867268664579,453216000,0.5964320812906537,73.87370068732486
2015-10-07,0.6323291659355164,0.6386476028299211,0.617019129591255,0.6272258398006526,310152000,0.6058750237737384,74.15311462064545
2015-10-08,0.6359744071960449,0.6376755158191878,0.6189632050852824,0.629655970630276,460068000,0.6144153475761414,75.08697625170171
2015-10-09,0.6335443258285522,0.6386476523591962,0.621636505984042,0.632572213969661,423248000,0.6193451285362244,72.67846584414049
2015-10-12,0.640348494052887,0.6439937671537552,0.6296557895230909,0.6342730581979901,227588000,0.6269133601869855,83.01513836659917
2015-10-13,0.6415637731552124,0.6454519882326853,0.6330581723089928,0.6352453367448205,298444000,0.632468010698046,82.81845046021036
2015-10-14,0.6648933291435242,0.6753430371485394,0.6415637498285988,0.6422927466743702,612148000,0.639203029019492,84.38586096161882
2015-10-15,0.6665945649147034,0.6802034936079688,0.6593040736082763,0.6661085089850718,526048000,0.6450354371752057,84.10704767460857
2015-10-16,0.6770440936088562,0.6833625293036802,0.6670803842671496,0.6687815505954675,448396000,0.6514232839856829,89.86007629083824
2015-10-19,0.6758293509483337,0.6823908470842849,0.6680528595015056,0.6792316275172423,294712000,0.657116847378867,88.24644324219449
2015-10-20,0.674856960773468,0.6780161787676521,0.6678094700218528,0.6729128533645833,264824000,0.6630186523709979,84.97751053532019
2015-10-21,0.6661084890365601,0.683119692848449,0.664893436158381,0.678988362419491,386280000,0.6666986516543797,87.32737827469828
2015-10-22,0.6901670098304749,0.6923541741674609,0.6729128679000191,0.6738849216254587,306884000,0.6736419711794172,88.2980055796594
2015-10-23,0.6947843432426453,0.6994016709015518,0.6857927448129654,0.6962424528127908,381776000,0.6779121160507202,87.11958550889467
2015-10-26,0.6916252374649048,0.6969716207770679,0.6853068002613502,0.6952705119822143,247436000,0.6814879264150348,83.2926154613815
2015-10-27,0.6911390423774719,0.6955133126110368,0.6877367678184144,0.6882228235953245,208268000,0.683501490524837,81.67548444261811
2015-10-28,0.6967288255691528,0.6967288255691528,0.6853070007006968,0.6955137143947616,217036000,0.6864871297563825,82.05145136986474
2015-10-29,0.6726697087287903,0.6925970677986597,0.6714546562416657,0.6855496359060977,327168000,0.6861746651785714,66.8056523460042
2015-10-30,0.6894379258155823,0.6942983101159991,0.6748569467333133,0.6799603299698699,301160000,0.6895074418612889,69.42297823527636
2015-11-02,0.6974574327468872,0.6981864874559164,0.687493781622918,0.6916250530143115,190088000,0.6905489308493478,70.98524628024012
2015-11-03,0.6925971508026123,0.6972144782742862,0.6848206633099447,0.6933262055581219,376768000,0.690236474786486,62.07617771786943
2015-11-04,0.6811755895614624,0.6957565730740782,0.6780163706730945,0.6906532462265661,442264000,0.688743667943137,55.85937443862302
2015-11-05,0.6733987927436829,0.6865217194023824,0.6714546855036976,0.6845775542227404,478800000,0.6862093465668815,48.50298140659728
2015-11-06,0.766717255115509,0.7761949094875568,0.7246754236985761,0.7399854584766286,1172272000,0.6962076936449323,71.24981604858993
2015-11-09,0.7633148431777954,0.765502006999072,0.7526220809002094,0.7591835723640391,492568000,0.7091569985662188,70.44930750166796
2015-11-10,0.7487339973449707,0.7574825962144368,0.7326949090742263,0.7533512667413522,552260000,0.71762786592756,68.59945085554259
2015-11-11,0.7414434552192688,0.7545663236204643,0.7387702354044658,0.7492199419305136,619896000,0.7239115834236145,62.485124248085164
2015-11-12,0.7387703061103821,0.7465468515055564,0.7356110881648212,0.7397423597998637,291080000,0.7305077484675816,60.8123575493775
2015-11-13,0.7241895198822021,0.7426587766614337,0.720544245150924,0.739499557874218,292940000,0.7366525956562587,57.57916436611628
2015-11-16,0.7387703061103821,0.7392563619249533,0.7278345427696469,0.7336669807858581,344280000,0.7459913832800729,60.40337148805497
2015-11-17,0.7387703061103821,0.7450887420015037,0.7356110881648212,0.740714471429006,257048000,0.7419989619936261,59.412308371433745
2015-11-18,0.7569438219070435,0.757919624951929,0.73376957554502,0.7418195726274309,350216000,0.7410888160978045,69.37809351745938
2015-11-19,0.759139358997345,0.7667014552294972,0.7535287527090767,0.7596272605631565,254072000,0.742575296333858,67.17848765330538
2015-11-20,0.7657257914543152,0.7701167315331868,0.7601151845711042,0.7647500463789062,239744000,0.7460442015102932,66.94499176091048
2015-11-23,0.7542605400085449,0.772068102996079,0.7515772269237466,0.772068102996079,242552000,0.7482570920671735,64.81964706967673
2015-11-24,0.760358989238739,0.7669453396795671,0.7508453460865767,0.7542604821433506,195428000,0.7534241591181073,69.52995286562366
2015-11-25,0.7593832612037659,0.7679211603483367,0.7566999480598973,0.7588954178101606,138300000,0.7563688669885907,71.94355745501097
2015-11-27,0.7657257914543152,0.7681651832226815,0.7569439694562593,0.7608470079175828,86996000,0.7602196506091526,49.54497458707415
2015-11-30,0.7737756967544556,0.7771908913458954,0.7657256990740626,0.7664575223322512,327244000,0.762624204158783,54.60451405249919
2015-12-01,0.7989014387130737,0.7996332619216131,0.7798741516104036,0.7806059748189429,409496000,0.7683045012610299,70.20626149951794
2015-12-02,0.792803168296814,0.8084152657055309,0.7910955996864617,0.8001213444096213,294240000,0.7721726979528155,70.8870878991687
2015-12-03,0.7910954356193542,0.8074393530657185,0.7871923975367116,0.7991454334899041,246656000,0.7774348258972168,71.448124012947
2015-12-04,0.8232952952384949,0.8247589415550212,0.7910953089136051,0.7910953089136051,458756000,0.7864257267543248,85.49640386064613
2015-12-07,0.8076833486557007,0.8230515214205324,0.805243957076516,0.8230515214205324,333588000,0.7933257392474583,74.50138700811013
2015-12-08,0.8186603784561157,0.8220755141872569,0.7925589008542969,0.7976816044510086,314488000,0.8008878231048584,76.34759012863472
2015-12-09,0.7979256510734558,0.8232953677003533,0.7896317320960521,0.8184165849889772,372676000,0.8043378165790013,63.29119062651144
2015-12-10,0.8045121431350708,0.8089030247647513,0.7976818117381769,0.8003651250585547,236596000,0.8051393457821437,64.30775615490131
2015-12-11,0.7925590872764587,0.8020727317592525,0.7908515190092418,0.7964621253842471,227320000,0.8051044770649501,58.18453993369291
2015-12-14,0.7945103645324707,0.7989013030380065,0.7849967225968096,0.7932906981651552,275892000,0.8055923240525382,63.03319364969567
2015-12-15,0.8042680621147156,0.8098786679223915,0.7991453578310586,0.8035362389085251,307296000,0.8028741478919983,63.88894754465295
2015-12-16,0.8091470003128052,0.8118303719714002,0.7989015897753288,0.8059757851960565,236356000,0.8030832409858704,65.36152991010465
2015-12-17,0.7969499230384827,0.81866052401173,0.7964620796528216,0.810366604858703,254160000,0.7999817473547799,59.30232310360846
2015-12-18,0.784021258354187,0.799389432302185,0.783045513279329,0.7913394336551534,395896000,0.7979954055377415,52.966142641001
2015-12-21,0.8025606274604797,0.8032924507883492,0.7854848855161274,0.7925591389124077,284216000,0.7977166175842285,51.101354936928324
2015-12-22,0.8032923340797424,0.8113423313570532,0.7984135513758981,0.8049999022101202,130012000,0.7992499385561261,53.26245786570492
2015-12-23,0.8064635992050171,0.8096348139772659,0.8030484627301895,0.8045121092650245,122524000,0.8009575435093471,54.73685370840889
2015-12-24,0.8091470003128052,0.8110985486244822,0.8028045700793079,0.804024295044067,52448000,0.8016545346805027,44.66917387455246
2015-12-28,0.808414876461029,0.808414876461029,0.7893876509930456,0.8006088605950441,142024000,0.8015499455588204,50.31043552031907
2015-12-29,0.8215878009796143,0.8240271923394954,0.8067074729725644,0.8089029426443608,203660000,0.8050696424075535,51.21956912563693
2015-12-30,0.8145135641098022,0.8279302459246624,0.8142696424170691,0.8208559933982933,180344000,0.8094256860869271,57.79813326085312
2015-12-31,0.8040241599082947,0.8169529399313707,0.8040241599082947,0.813293881971462,148528000,0.8096347621509007,49.778714778025545
2016-01-04,0.789631724357605,0.7947544287064437,0.7815817271467573,0.7876802345560503,358076000,0.8076832464763096,48.70126470210244
2016-01-05,0.8023165464401245,0.8157332272409726,0.7928029032264144,0.8045120159878286,490272000,0.8070908103670392,53.16208568338098
2016-01-06,0.7691409587860107,0.7928030522718915,0.7601151572240628,0.7891439356711444,449344000,0.8013756615774972,38.03996075927635
2016-01-07,0.7386483550071716,0.7549922694973756,0.7288907324856072,0.7498695074956118,645304000,0.7914090156555176,29.561536869105964
2016-01-08,0.7227923274040222,0.7488938078293302,0.7213286810295858,0.748161984642112,398472000,0.7772953765732902,28.947402263374485
2016-01-11,0.724012017250061,0.7291347797254984,0.7110832374591325,0.7235241738826609,409372000,0.7643665841647557,31.750745712425456
2016-01-12,0.736208975315094,0.7469423436550173,0.7310862709890011,0.7369407985273468,469356000,0.7546787006514413,29.012363368712556
2016-01-13,0.7137664556503296,0.7466982604389202,0.7130346325963908,0.7418194206927733,481672000,0.7438408051218305,25.10182261232812
2016-01-14,0.6993741989135742,0.7074241962624483,0.6786393431580674,0.6991302190644388,600236000,0.7291347554751805,21.966858187092527
2016-01-15,0.6613194942474365,0.6793710334064816,0.6498543628516241,0.6713210376333083,841452000,0.713731689112527,17.349163920458437
2016-01-19,0.6666861176490784,0.6940073164975041,0.6640027471924032,0.6749800343196022,457140000,0.7034513694899422,19.32421295873435
2016-01-20,0.6703453660011292,0.6788832648891191,0.6452196290354598,0.6540014496129222,481180000,0.6959589464323861,15.859051345427531
2016-01-21,0.678151547908783,0.6886409382753077,0.6637591191008116,0.6776637044534066,481456000,0.6894074508122036,19.319490878758486
2016-01-22,0.6940074563026428,0.6986423169708827,0.6896165173033609,0.6910801636364549,257996000,0.6833786623818534,25.83065770659067
2016-01-25,0.6932756900787354,0.701813588949934,0.6918120436254238,0.6937635916163984,270728000,0.6804514101573399,27.48005701498259
2016-01-26,0.7001059055328369,0.7030331982006495,0.6876650280139799,0.6947392798547448,227944000,0.6805559396743774,25.43961514840413
2016-01-27,0.6918119788169861,0.701325621712602,0.678639278290547,0.6991301522383048,231700000,0.6849120088985988,28.89477131264269
2016-01-28,0.6842498779296875,0.699861969464235,0.6708331976911562,0.6974225783444722,276776000,0.6874211175101144,33.02891604710261
2016-01-29,0.7144983410835266,0.7159619874383276,0.6874211161584031,0.6901044290357556,310504000,0.6937286853790283,47.62568431139555
2016-02-01,0.7147424221038818,0.7184014803492338,0.7076681691606042,0.7137666771157668,289884000,0.6989559531211853,47.33149161790696
2016-02-02,0.6844937205314636,0.7110830981135793,0.6796149388554606,0.7074240409364096,341908000,0.6975968480110168,36.51399150959584
2016-02-03,0.687908947467804,0.6940074544528834,0.6720529339940089,0.6898604952932854,326772000,0.6968301704951695,42.514157489190126
2016-02-04,0.6881530284881592,0.7037651225893929,0.6813226973340883,0.6888847936006881,348140000,0.6951226166316441,46.46156552700984
2016-02-05,0.6447317600250244,0.6910802566244809,0.6427802700914326,0.6835181604322114,600428000,0.6883968710899353,44.94053635812281
2016-02-08,0.6152151823043823,0.6381454523059521,0.6061893808070516,0.6349742373279029,608852000,0.6785347717148917,36.31658025981319
2016-02-09,0.6218013763427734,0.6476589330486996,0.6049695606863302,0.6078968532038578,425372000,0.6652923481804984,37.2924615707716
2016-02-10,0.6203378438949585,0.6437560138526082,0.6169227074377281,0.6257045284418068,335800000,0.6518059798649379,34.34607817979642
2016-02-11,0.6171663999557495,0.6235088271123209,0.6044815456426067,0.6044815456426067,340144000,0.6421877912112645,27.659571518435655
2016-02-12,0.6276558041572571,0.6288755285669451,0.6037497407962531,0.6269239811433764,340816000,0.6335801993097577,31.94629340464826
2016-02-16,0.6583923101425171,0.6593681131891137,0.634730220376235,0.6366817101500759,485352000,0.6293286681175232,39.857690751435044
2016-02-17,0.6747364401817322,0.6810788706526518,0.6640030694649346,0.6666864412239788,771468000,0.6336150509970528,46.004632439572994
2016-02-18,0.732793927192688,0.7557242548940007,0.729378790564732,0.7301106138649631,1068660000,0.6504120145525251,59.187437560972526
2016-02-19,0.7425513863563538,0.7491377951067465,0.7232801779407434,0.7288907836587017,525628000,0.6676620159830365,55.755743734563566
2016-02-22,0.7688968777656555,0.7774347766045355,0.7518211382475731,0.7532847846953442,449668000,0.6888847351074219,60.03612985095829
2016-02-23,0.7708484530448914,0.7781666273832052,0.7591393392077814,0.7627984554567782,369380000,0.7108393141201564,67.87879864866733
2016-02-24,0.7762150168418884,0.7774347415465875,0.7464544203313955,0.7676771765476949,336852000,0.7320620587893895,68.1362594939529
2016-02-25,0.7779227495193481,0.7818257879767742,0.7640182222695138,0.779142474482157,349616000,0.7491378358432225,68.32668207674962
2016-02-26,0.7727999687194824,0.7835332798084835,0.7649938925676553,0.7815817898503675,361964000,0.7631469113486153,80.99171026546998
2016-02-29,0.7677809000015259,0.7839395508337841,0.7672912792924075,0.7739016258380463,323344000,0.7681450503213065,91.8861865462962
2016-03-01,0.8018120527267456,0.8018120527267456,0.768515392757005,0.769739561278225,348700000,0.7766108598027911,92.94878759557281
2016-03-02,0.8064638376235962,0.8094017957280273,0.7959362322448176,0.7974052112970331,233812000,0.7819775683539254,93.74235865115554
2016-03-03,0.7993640303611755,0.8089122793789962,0.7885915540580352,0.8054846998150818,302004000,0.7860512222562518,92.04283659436366
2016-03-04,0.7969154715538025,0.8062189068762762,0.7907947458738745,0.8054844174598222,175304000,0.7890084300722394,90.56259284653183
2016-03-07,0.7917741537094116,0.7978948802247694,0.7814913588471033,0.7925086432261176,239968000,0.7909872020993914,86.43418526439734
2016-03-08,0.7773292064666748,0.7883464896546614,0.7748809277995186,0.7836947426755944,274940000,0.791634236063276,78.31774384764542
2016-03-09,0.7768396735191345,0.7854086206364683,0.7668016889896622,0.7841845103503811,222788000,0.7929283465657916,67.82106322749678
2016-03-10,0.7756155133247375,0.7858983083493151,0.7599465395880851,0.7814913711795354,286084000,0.7891859837940761,64.37014992803577
2016-03-11,0.7888360619544983,0.7890809306662838,0.7778188378142036,0.7871222728298205,277400000,0.7866677301270621,59.7818268158973
2016-03-14,0.7907949686050415,0.7939777375155955,0.7814914722906277,0.7851639204072601,190312000,0.7854435784476144,59.78471961914542
2016-03-15,0.7868776321411133,0.7917741902306275,0.7729224474231555,0.7866328217481106,226216000,0.7840096013886588,55.305964460606205
2016-03-16,0.8103809356689453,0.8130740828569022,0.7773291470048513,0.7810015939104454,363644000,0.7866677130971637,63.27281218131582
2016-03-17,0.8035258054733276,0.8113602618414364,0.7925085227688838,0.8074430628431646,353680000,0.7904100843838283,62.38889519088974
2016-03-18,0.8277637958526611,0.8385362100378974,0.8079326982965759,0.8130741242260027,545512000,0.7976849590029035,70.94016916169907
2016-03-21,0.830211877822876,0.8304566881138675,0.8116049531618129,0.8204187657245852,337780000,0.8054844396454948,62.71921675657437
2016-03-22,0.8287432193756104,0.834619077229397,0.8184604243528023,0.8275191090763766,242012000,0.811185462134225,60.27094548995729
2016-03-23,0.842943012714386,0.8490636790679296,0.8287429640402246,0.8324154105495963,429008000,0.8186351827212742,68.85584805848728
2016-03-24,0.8441674113273621,0.8456363904334766,0.8326605056154264,0.8353535950622517,244956000,0.8268194368907383,70.66397387561724
2016-03-28,0.852736234664917,0.8564086232725278,0.8417189520989558,0.8426982518362143,265388000,0.8328701938901629,75.88368142725255
2016-03-29,0.8664464950561523,0.8684050942796525,0.8471050796449712,0.8490636788684713,261812000,0.8418588638305664,88.07554907695176
2016-03-30,0.8755053281784058,0.8875019118156608,0.8691397916210226,0.869629470729887,376700000,0.8486790827342442,89.27890924018405
2016-03-31,0.8723225593566895,0.8813811850782607,0.8654674020662803,0.879422585387164,379884000,0.8546948943819318,87.90802868204196
2016-04-01,0.8850534558296204,0.8855431348404527,0.8603258040279955,0.8669361496306555,348292000,0.8627392138753619,87.86143165400131
2016-04-04,0.8764846324920654,0.8970502212240615,0.8730570538272565,0.8923984739666373,393940000,0.8675308738436017,82.05146841123363
2016-04-05,0.8752604722976685,0.8833397977586093,0.8652224888746877,0.8686501257153656,339568000,0.8719727396965027,83.73856434003545
2016-04-06,0.8764846324920654,0.8769743116034259,0.8478397762094075,0.8642432384237685,453376000,0.8753653679575238,80.40570698513486
2016-04-07,0.8674258589744568,0.8786879512733896,0.8637534705652525,0.8708534370554638,378104000,0.8755052770887103,78.80809436873523
2016-04-08,0.873056948184967,0.8801569733969281,0.8644879441882465,0.8745259269697264,255936000,0.875155508518219,74.53596283957226
2016-04-11,0.8784434795379639,0.8928883451574261,0.8755055209809262,0.8781986107438216,387524000,0.8760299256869725,75.32162410472216
2016-04-12,0.8774639964103699,0.8826053644409557,0.8603259862319407,0.8813811958403943,292764000,0.8749457171985081,75.7104995467473
2016-04-13,0.8994983434677124,0.8997431537949944,0.8813810367029412,0.8813810367029412,350716000,0.8782333901950291,77.56555105768935
2016-04-14,0.9019467234611512,0.9058639809967544,0.8933777189537961,0.897050166134539,416564000,0.8820457117898124,77.83007330049762
2016-04-15,0.909046709537506,0.9171260346119874,0.8987639162504667,0.9017018738672108,436972000,0.8866974370820182,77.51187421918452
2016-04-18,0.905129611492157,0.9073330800925667,0.8963157954620927,0.9073330800925667,307320000,0.8920836874416896,70.899550640098
2016-04-19,0.8889710307121277,0.9102710537982804,0.8833399827458185,0.9085572642048272,309152000,0.8943571278027126,56.75683274044769
2016-04-20,0.8923984169960022,0.8977846533908245,0.886522559892648,0.8875018596812791,200172000,0.8963506902967181,60.04901331904427
2016-04-21,0.8914190530776978,0.8968052890850283,0.8875017958334176,0.8926431631325309,178280000,0.898344269820622,53.611146990660124
2016-04-22,0.8879914879798889,0.9004776909069151,0.8850535304104409,0.894357023799317,223540000,0.8967004333223615,56.93209915997408
2016-04-25,0.8923984169960022,0.8972949743107251,0.8857880704582828,0.8882363491156443,191972000,0.895336389541626,59.943147826026845
2016-04-26,0.8931329846382141,0.9080675266159708,0.8892157267691045,0.8977847320060048,214536000,0.8930630002702985,59.7142819382586
2016-04-27,0.9134536385536194,0.9139433176409182,0.8892156619779128,0.8909294512261059,352396000,0.8942521469933646,73.73741534405852
2016-04-28,0.8862776160240173,0.913208737343214,0.8840742062793047,0.9078225014050622,381224000,0.8938673734664917,55.578487038542335
2016-04-29,0.8698742389678955,0.8845639110635124,0.860325934594274,0.8826053114660575,321904000,0.8906496337481907,46.69176392621773
2016-05-02,0.8813812732696533,0.8867675105164748,0.8740364361357569,0.8781985046744739,256076000,0.8892156652041844,51.39861494111734
2016-05-03,0.8708535432815552,0.8750156112264014,0.8632638968376084,0.8713432223692418,224024000,0.8867673873901367,38.85717015062689
2016-05-04,0.8510225415229797,0.8610604671123465,0.8422087261503686,0.8603259776336647,525764000,0.8808565480368478,32.550327071842986
2016-05-05,0.8561637997627258,0.8662017824370375,0.8497982640111046,0.858122457578682,246884000,0.875575235911778,31.63259391261434
2016-05-06,0.8649777173995972,0.8671811858166002,0.852981133846897,0.8546949231584869,183240000,0.8686501043183463,36.513120355380586
2016-05-09,0.8637537360191345,0.8708537046913499,0.8566537089753398,0.8671813151535253,333336000,0.8654324071747916,40.58499620351982
2016-05-10,0.8804019093513489,0.8818708883456996,0.8608156784175331,0.8691398148900903,269676000,0.8669363600867135,45.92348132118838
2016-05-11,0.8828502893447876,0.8926434059334549,0.8781985414536968,0.8830951581196097,328176000,0.8671462195260184,47.11704138176661
2016-05-12,0.8708535432815552,0.8931329202688458,0.855184571305975,0.8892156626820586,670540000,0.8671462195260184,44.54829829972177
2016-05-13,1.0033057928085327,1.0037954136293323,0.9548298292545012,0.9594815189100036,2110256000,0.8889009697096688,69.44207897422159
2016-05-16,1.0329296588897705,1.047864257091193,0.9925330341300396,0.9957158020427191,973032000,0.9141532352992466,72.25251021591225
2016-05-17,1.0351334810256958,1.0424782603103533,1.015057509711764,1.028278205818677,628392000,0.9384612015315464,70.55419687616731
2016-05-18,1.061575174331665,1.073571821789158,1.02827849746696,1.02827849746696,541072000,0.966721407004765,79.68496243713027
2016-05-19,1.066226601600647,1.0738163078988787,1.0559438640945211,1.0574127265298308,398880000,0.9932677916118077,84.62866837799825
2016-05-20,1.0853230953216553,1.0897300323744508,1.071123042646968,1.0728368320436417,391084000,1.0221924781799316,85.02942344784658
2016-05-23,1.0870370864868164,1.094137055770435,1.0804267380522283,1.0899750450673371,413636000,1.053075841494969,88.29144487213867
2016-05-24,1.113424301147461,1.1168608981389916,1.0874051383797323,1.0903507260602905,415788000,1.0688070569719588,95.42287068573262
2016-05-25,1.108760118484497,1.1215241312554194,1.0999233592050857,1.116860422634156,458076000,1.0796399797712053,93.79784666372191
2016-05-26,1.1205424070358276,1.1286427116184383,1.1075328304954608,1.110723863120316,309964000,1.0918412549155099,93.86103962901782
2016-05-27,1.126679539680481,1.128397779796396,1.1180882220545765,1.121770265485534,277416000,1.1011418785367693,94.37601341271025
2016-05-31,1.1468071937561035,1.1492618886596668,1.1308520280218282,1.1315884833114151,412524000,1.1126533917018346,94.44130130392494
2016-06-01,1.1490166187286377,1.1600623963491603,1.137970724061802,1.141407203816584,387132000,1.1217524664742606,94.43686614079829
2016-06-02,1.1571166515350342,1.1669351962340313,1.1438615108497312,1.1551528489582064,329208000,1.1317638329097204,98.42208484348893
2016-06-03,1.140916109085083,1.147298175879218,1.1207881243013058,1.1458254992771602,461076000,1.1356912340436662,88.36581226805707
2016-06-06,1.135025143623352,1.1526985517912516,1.1291339685519477,1.143861789184145,322512000,1.139443380492074,82.80558481604199
2016-06-07,1.1372339725494385,1.1482798643401753,1.1367430804398049,1.141897798729807,193400000,1.1418278898511613,82.80613804393707
2016-06-08,1.1335521936416626,1.1416524997253907,1.1242245400794793,1.137479565117162,234616000,1.1428096975599016,77.08918266793367
2016-06-09,1.1630078554153442,1.1647260951029603,1.127170151020724,1.1296248460294898,472168000,1.145124077796936,80.69376854419909
2016-06-10,1.1340432167053225,1.1595714853814238,1.1325704229704463,1.1492620462836034,400024000,1.1429850203650338,64.54120697703553
2016-06-13,1.1485257148742676,1.1708629523771206,1.135270686875839,1.135270686875839,475588000,1.1417577436992101,67.05243168831655
2016-06-14,1.1507344245910645,1.1561345883052188,1.133061023199151,1.1458251529292145,298344000,1.1431603602000646,61.94961445713216
2016-06-15,1.162516951560974,1.1725809434940158,1.1475436867059876,1.1603078197123036,301036000,1.1470877613340105,66.46632025969569
2016-06-16,1.1671807765960691,1.1691444623525629,1.1426344120241525,1.153925751431864,246456000,1.151365876197815,64.93725855827168
2016-06-17,1.1468071937561035,1.1688989797029918,1.1421433670763694,1.1686535336218946,471000000,1.1532594476427351,55.907712009405174
2016-06-20,1.167426347732544,1.1823996141683148,1.1644807602591405,1.165217215650647,293768000,1.1538906608309065,56.03456216053279
2016-06-21,1.1603076457977295,1.1755263544607877,1.1585892893386234,1.172335321687502,212508000,1.1576427221298218,53.21221452747388
2016-06-22,1.1593257188796997,1.1703716103155122,1.157362033457979,1.1627621976292806,202620000,1.1591855798448836,50.65499127314526
2016-06-23,1.1902543306350708,1.191481678107759,1.1696353378698376,1.1703717931719697,297880000,1.164831280708313,63.45381813311738
2016-06-24,1.1225063800811768,1.162517021166108,1.1119514953378618,1.1414071346331718,1017684000,1.1591154847826277,47.44742569545283
2016-06-27,1.1104786396026611,1.121769979072743,1.0940324640546495,1.1131786636403918,449088000,1.1510151794978551,44.75462370898864
2016-06-28,1.126679539680481,1.1328160446394178,1.1112152615909163,1.131588813875428,381920000,1.1481398003441947,48.71566271287179
2016-06-29,1.145089030265808,1.1539257920505352,1.1335522443632222,1.136497831624798,318932000,1.1449487549918038,46.50719130908407
2016-06-30,1.1539257764816284,1.1610441813958083,1.1377251638078456,1.1470527006152498,430940000,1.144037059375218,54.20559286587094
2016-07-01,1.1453343629837036,1.1625168756110866,1.1414069917212517,1.1475436117343378,218488000,1.1420382942472185,49.30770659027329
2016-07-05,1.162271499633789,1.1642351853834436,1.129870275102444,1.1389523655869582,371084000,1.1380407469613212,52.35239556413742
2016-07-06,1.16963529586792,1.176508371240382,1.148279965613728,1.15417113963404,273104000,1.1447734492165702,51.47805553011537
2016-07-07,1.200073003768921,1.204245938800698,1.17209015728844,1.1774903228769371,395400000,1.1575726440974645,56.16941657961396
2016-07-08,1.2481838464736938,1.2540750208284928,1.2081732075810006,1.2128370344374997,481932000,1.1749304022107805,67.22264324271559
2016-07-11,1.27690327167511,1.2862308092606898,1.2646300295756414,1.26610282330943,448776000,1.1937610081263952,68.10060158016795
2016-07-12,1.2960492372512815,1.3078314679305882,1.2749392365916847,1.2911399647143798,436760000,1.214064359664917,71.58468080847369
2016-07-13,1.2955580949783323,1.3058676481791751,1.2935944095745504,1.298503681607145,324604000,1.2355248928070068,71.69658648979302
2016-07-14,1.3088136911392212,1.3205960428161945,1.2916312900208504,1.3024317400426328,316892000,1.2564594915934972,70.00827250334159
2016-07-15,1.293594241142273,1.299485413632838,1.2724843624460982,1.2921214480196317,428616000,1.2741679123469762,85.09532689620634
2016-07-18,1.3002221584320068,1.3115134978737928,1.2953128855028084,1.3095498121113731,252992000,1.2884749344417028,89.803961580551
2016-07-19,1.3137226104736328,1.3188773289575455,1.2970309906090705,1.2994856853421457,382652000,1.2978376150131226,89.6871179020524
2016-07-20,1.330905199050903,1.338023721175451,1.3127409001593509,1.3181410654929735,296460000,1.3055521760668074,89.63314261827985
2016-07-21,1.3063585758209229,1.3321322839550411,1.3019401957574588,1.327959349942945,361308000,1.3070249387196131,80.47070811150095
2016-07-22,1.3419510126113892,1.3419510126113892,1.3014494824155765,1.3110225820115229,315768000,1.3136524983814784,85.47358332788477
2016-07-25,1.366743087768555,1.3699341215856136,1.3441604049164957,1.350051580285318,312528000,1.3219281264713831,85.8739682661853
2016-07-26,1.390061855316162,1.397180259449646,1.37680683131793,1.3787705169016886,514508000,1.3357092142105103,86.62288728433154
2016-07-27,1.376070499420166,1.4045443525990555,1.367724747156367,1.4020896576146036,446676000,1.346544691494533,80.93160149070994
2016-07-28,1.3790160417556765,1.3893254794441314,1.3748431072362757,1.379261487836883,221916000,1.355872324534825,77.33308760534764
2016-07-29,1.4015988111495972,1.405280736700063,1.359379039228928,1.3841708507397283,409588000,1.3659714119774955,76.73658930088615
2016-08-01,1.3925166130065918,1.4126447147188184,1.3834345221155575,1.4074899955028848,301120000,1.3782797030040197,71.61695982510408
2016-08-02,1.3755794763565063,1.3998803925681342,1.362324452431307,1.3991439373243522,282748000,1.383083769253322,66.70070159725338
2016-08-03,1.3792616128921509,1.3819617541228328,1.3662520330382748,1.373861447477093,299828000,1.3848721299852644,65.31466907709789
2016-08-04,1.4047898054122925,1.4111718719468571,1.383189027858697,1.3858890518989588,272712000,1.3869761228561401,73.13584024350806
2016-08-05,1.4285997152328491,1.429336053443811,1.414117343667321,1.420990301821459,371588000,1.3944802965436662,74.92843753313082
2016-08-08,1.4418543577194214,1.451672900210868,1.4266355349252977,1.4482364220434876,305064000,1.4034571988242013,74.90448061784883
2016-08-09,1.4455363750457764,1.4595278516685468,1.441854450635777,1.4489728534346114,372344000,1.4097339936665125,73.51449218658306
2016-08-10,1.4362090826034546,1.4605100004609752,1.4315452558979147,1.458300868672581,375740000,1.415975775037493,78.41038612554179
2016-08-11,1.4654196500778198,1.471556271902404,1.4408732798258086,1.4438188676653152,681064000,1.4288100855691093,77.79015006300028
2016-08-12,1.547404170036316,1.555749921725487,1.4882474529489678,1.5194213280087905,1425744000,1.4528304508754186,82.33747245811263
2016-08-15,1.5459314584732056,1.5586955912787488,1.525067019621552,1.5491224916745914,573304000,1.4729935441698347,80.26700111250463
2016-08-16,1.536603927612305,1.5461769102051253,1.5319401008358395,1.5437223322969476,287652000,1.4884227173668998,81.74766180639256
2016-08-17,1.501011848449707,1.5400407099919315,1.4889841685353606,1.536604230016404,595212000,1.4968737874712263,71.36725814675324
2016-08-18,1.524330735206604,1.5267853131925158,1.4929112942535625,1.498802468693833,331684000,1.5081301246370589,71.44090012836843
2016-08-19,1.528257966041565,1.5397947507192422,1.516966627435242,1.5235941395469652,291560000,1.5212799651282174,74.14855159291483
2016-08-22,1.534639835357666,1.5368490838092324,1.5147573015712226,1.5329215960321565,244748000,1.5311685630253382,79.4012202995441
2016-08-23,1.5470587015151978,1.5571412379533252,1.5426321792026143,1.5502556147528457,339764000,1.5311192103794642,80.04571371975116
2016-08-24,1.523205041885376,1.553206874835587,1.5160735191964374,1.5524691796313494,298448000,1.5278725794383459,71.33132934511332
2016-08-25,1.513122320175171,1.5244344661009044,1.4941868556830806,1.523696770986217,406032000,1.5245180640901839,66.01810496542345
2016-08-26,1.5254185199737549,1.53402555122439,1.5050074261370991,1.5170573871499942,300024000,1.528004731450762,65.89420746293362
2016-08-29,1.5244348049163818,1.5377142580280394,1.521975703392226,1.5315664455866465,274652000,1.528019598552159,65.16240326593449
2016-08-30,1.5155819654464722,1.5305828256962586,1.5114013401660338,1.5224675908382412,285544000,1.5262087413242884,65.28144866998691
2016-08-31,1.5084501504898071,1.5227133137730984,1.5040237445407163,1.5185328062365124,388544000,1.5224673577717371,59.05430082173639
2016-09-01,1.5529611110687256,1.5586171265775457,1.5084502132183422,1.509679822594,428492000,1.523310559136527,51.38818658132959
2016-09-02,1.537713885307312,1.557879075775254,1.5202539286580412,1.556157669946988,323148000,1.5253832510539465,48.079338526127614
2016-09-06,1.5522234439849854,1.5522234439849854,1.5352552786065703,1.543124615181348,306812000,1.5309691258839198,53.56434792449211
2016-09-07,1.5293529033660889,1.5549282121743777,1.5204999749965984,1.5473047757576015,397988000,1.5315311806542533,56.866028376495706
2016-09-08,1.5404194593429563,1.5428786782633848,1.5104177389906106,1.5278777008251996,315808000,1.5338147027151925,54.14372138492066
2016-09-09,1.4636932611465454,1.532057934916034,1.4509056074541256,1.5234509054161292,697760000,1.5264020306723458,37.906184100171735
2016-09-12,1.493941068649292,1.4968920840835598,1.409591816673458,1.4442660721331084,598260000,1.5243293046951294,43.00224317822936
2016-09-13,1.472300410270691,1.507466460782083,1.463939278468302,1.4902522831216412,471768000,1.5128063474382674,37.54113433414627
2016-09-14,1.4853339195251465,1.490252239102568,1.4634474384473168,1.4757431787598765,319048000,1.5053234951836723,43.45244081998756
2016-09-15,1.5416489839553833,1.5433703902001372,1.484350429240278,1.487793358991791,515212000,1.5038128580365862,54.2522193194786
2016-09-16,1.545337438583374,1.5554199759536438,1.5276314649580771,1.54705884454264,902444000,1.506096363067627,53.04733794717403
2016-09-19,1.5657485723495483,1.604849230987265,1.5544364254772662,1.5615679478972309,417128000,1.5097148077828544,55.96584698277718
2016-09-20,1.5514857769012451,1.5837008191243287,1.542878744832412,1.5837008191243287,331112000,1.5222565957478114,55.104871020153865
2016-09-21,1.595012664794922,1.5979636801597403,1.555912004366063,1.5561579027694654,336212000,1.5366953951971871,61.153314588292645
2016-09-22,1.5989474058151243,1.609275960444926,1.589848577827876,1.6043576401847364,308732000,1.5547878231321062,56.6170923498473
2016-09-23,1.5972260236740112,1.6055871565162227,1.5900945002308915,1.600914851871286,276132000,1.570772409439087,58.91019554368859
2016-09-26,1.5822252035140991,1.5886190318336617,1.562306023254851,1.579028289354318,230040000,1.5765690122331892,54.485284656328325
2016-09-27,1.6363263130187988,1.6387855312535446,1.5753391782980453,1.576076873411281,402752000,1.5895674228668213,64.6267573631094
2016-09-28,1.6422282457351685,1.6434578547797354,1.6213253610254212,1.6387854342199593,319788000,1.6004930904933385,64.12000801534825
2016-09-29,1.6574751138687134,1.662639448760792,1.6242764882023837,1.6395232427191462,336684000,1.6156344243458338,82.40139814197651
2016-09-30,1.6850179433822632,1.7014943080158884,1.656737518016021,1.6665741571185435,429932000,1.6284923212868827,82.24075250394147
2016-10-03,1.6832963228225708,1.709363543925394,1.6803454250720071,1.6850178459648726,242596000,1.6405421665736608,88.16731703446092
2016-10-04,1.67960786819458,1.7140361083002995,1.6670661111143683,1.685755797528958,281624000,1.6523110015051705,86.37215796484043
2016-10-05,1.6778862476348877,1.7110849914408546,1.672722029868266,1.6938708149567994,305440000,1.6659768649509974,82.06025473354313
2016-10-06,1.6559996604919434,1.6680495011694338,1.6294406437094708,1.6577210663030135,360212000,1.6687873431614466,73.98725574809177
2016-10-07,1.6439497470855713,1.671492358070773,1.6392773262541018,1.6670658356101211,286260000,1.6690332719257899,67.58850975225371
2016-10-10,1.6500978469848633,1.6614099940525835,1.6346050753925976,1.65255694821072,287876000,1.6679793766566686,73.0194570286847
2016-10-11,1.626244068145752,1.6471469578452709,1.6137023108736406,1.6446878564310925,388540000,1.6595831087657384,58.02782288953575
2016-10-12,1.6336209774017334,1.6422280049276683,1.6060783720567862,1.6196037177778204,419920000,1.6524866308484758,58.757636432066306
2016-10-13,1.6070622205734253,1.618128467585437,1.5664860597040318,1.614439757668758,390116000,1.6421229669025965,52.20741197318745
2016-10-14,1.6228013038635254,1.6378021629940245,1.613210561814025,1.626735913147524,330636000,1.6342536892209734,59.07590195870345
2016-10-17,1.6134562492370603,1.637801948810756,1.6112430464619931,1.622555193251649,195328000,1.6281760590417045,43.60390684177392
2016-10-18,1.6380478143692017,1.647392656586831,1.6291948861843857,1.6358346116384943,269372000,1.6273329257965088,48.941508281276036
2016-10-19,1.634605050086975,1.6422284865668948,1.6186204819493963,1.626981730869045,199060000,1.6251196690968104,43.84110824609886
2016-10-20,1.6655901670455933,1.671000399728276,1.6304242409179972,1.653786225554049,312084000,1.6307405403682165,44.86334788232714
2016-10-21,1.660918116569519,1.663869014444789,1.6451794473454788,1.6596885073853314,279508000,1.6346401316779,44.174155273928484
2016-10-24,1.7388737201690674,1.7408410247183188,1.671984427398531,1.672230443071436,339836000,1.6534703459058488,61.12652364787439
2016-10-25,1.7673994302749634,1.7779738797923132,1.7275610846682143,1.7359222145883235,397460000,1.674127221107483,65.26846094753026
2016-10-26,1.774531364440918,1.793958743801399,1.7509233607921624,1.752644766731573,333792000,1.6971379518508911,71.28983080605857
2016-10-27,1.7381354570388794,1.7914992680162654,1.7310039359235383,1.7880564566321715,388664000,1.711436186517988,65.55645208608739
2016-10-28,1.7351850271224976,1.773056079813104,1.7319881132242128,1.746497174973198,290856000,1.7258047546659196,64.20370175058056
2016-10-31,1.7499397993087769,1.7614978443313347,1.739857144608174,1.7408408554181312,252388000,1.7378547021320887,71.29559280653554
2016-11-01,1.6980512142181396,1.765924083117375,1.679361532668219,1.756333343994963,473224000,1.7431594303676061,59.618252470585375
2016-11-02,1.6909199953079224,1.7342012812695242,1.6879689798824955,1.7110851892070085,295848000,1.7363088982445853,63.28925056523472
2016-11-03,1.6712462902069092,1.70026440573606,1.6387853633115157,1.6987888983988175,309664000,1.7225727353777205,57.58269414343577
2016-11-04,1.6616557836532593,1.690182106482202,1.6373100850751383,1.6601802761095563,328780000,1.706447652408055,57.538483223473634
2016-11-07,1.7526445388793943,1.7637107854866467,1.7091173647639202,1.710346973778497,487580000,1.7085203783852714,64.84078804890676
2016-11-08,1.7499397993087769,1.764940656273204,1.7337093331473998,1.7592845243244275,429884000,1.7106282029833113,64.96497183949971
2016-11-09,1.72042977809906,1.743545985583618,1.6899362671621323,1.702477905828938,456532000,1.7064124856676375,57.14291925141795
2016-11-10,1.6665741205215454,1.7583009012633843,1.641736624922392,1.7580550028805193,869280000,1.7019157579966955,50.65303145000345
2016-11-11,2.163325071334839,2.182998351090328,1.93044239356834,1.9552800089323428,2175344000,1.769402197429112,74.91341839890512
2016-11-14,2.0568435192108154,2.1687353901412543,2.0563517223762995,2.1662761714446725,1348796000,1.8244875158582414,65.56471120224734
2016-11-15,2.1195523738861084,2.150537687881932,2.063975105301365,2.072828152667611,626092000,1.8899013144629342,67.50690235946854
2016-11-16,2.253330707550049,2.276200786428079,2.1234869528133,2.14783265682644,987984000,1.9614279099873133,73.79065557903921
2016-11-17,2.272019863128662,2.3310396951683643,2.229230262102111,2.2700524415844194,832988000,2.036010776247297,74.43475233650388
2016-11-18,2.2958743572235107,2.319728030406566,2.257511386139382,2.27202044951643,576060000,2.1182171446936473,74.64478779397064
2016-11-21,2.286528348922729,2.320218880691478,2.272265073985472,2.313825055432271,436436000,2.2067820344652445,77.62637552544074
2016-11-22,2.303004264831543,2.3052174666220284,2.271772955174111,2.2943972386886133,330368000,2.226736204964774,78.4847050187439
2016-11-23,2.3143343925476074,2.345858622152893,2.284780295175416,2.308177142131471,443236000,2.2635206154414584,80.16176585369998
2016-11-25,2.319014072418213,2.3421647729132378,2.3005425539460145,2.3254174726535464,195564000,2.2920151438031877,80.97373878671569
2016-11-28,2.317782402038574,2.333298250601326,2.305221751880554,2.3118715354789283,278736000,2.30122252873012,79.08891880515469
2016-11-29,2.2966020107269287,2.3259099617834944,2.2788696445740886,2.3150732939747107,444568000,2.304734264101301,77.61275004802098
2016-11-30,2.270742654800415,2.319014430577857,2.2682797539737245,2.305222326873481,440500000,2.3011440208980014,77.90004654884042
2016-12-01,2.1584360599517822,2.2700028890453123,2.0877525237485086,2.268278906086088,1035524000,2.2828451224735806,73.54142872026264
2016-12-02,2.178385734558105,2.18700565157478,2.0963729785849656,2.124203097042424,478292000,2.265042475291661,51.32606188442733
2016-12-05,2.262861013412476,2.2808397634485624,2.1919310794721283,2.2163132295844283,602284000,2.2576891354152133,68.87071821853081
2016-12-06,2.3000495433807373,2.308423309209889,2.2552257510380587,2.2709879817973024,498796000,2.2549799169812883,67.34398296254818
2016-12-07,2.341425657272339,2.347090139918459,2.2682792113199675,2.286504344252161,480804000,2.258357524871826,60.292837074348014
2016-12-08,2.302267074584961,2.379600428571206,2.2916770229695413,2.3443818364951383,381544000,2.259166819708688,53.37270002094878
2016-12-09,2.261382818222046,2.3217224525067577,2.234045241826212,2.3199984696664813,382312000,2.2578297001974925,46.29475577884712
2016-12-12,2.206462144851685,2.215328446445904,2.155973854881347,2.212865545746098,601332000,2.264690569468907,42.16599171394455
2016-12-13,2.2453746795654297,2.272958645717139,2.2177909482888163,2.218776014441525,387796000,2.2742604187556674,44.59844306014034
2016-12-14,2.375413179397583,2.3916679462356827,2.255226176541522,2.2791157936937454,983980000,2.290339299610683,54.68279370394811
2016-12-15,2.4310734272003174,2.4613664446421093,2.379107308890595,2.3864957752574605,746548000,2.3090569972991943,57.96846798429265
2016-12-16,2.472941398620605,2.4800834798520044,2.4069370403738763,2.4586567664076604,1089528000,2.327844960348947,60.43045434175931
2016-12-19,2.502988338470459,2.5231836044160665,2.438215422179845,2.455455489584722,744656000,2.3565194266183034,63.7107306934852
2016-12-20,2.59017276763916,2.6138159976315287,2.56431278665916,2.575641986053991,848056000,2.403489419392177,69.62172957016604
2016-12-21,2.6064279079437256,2.609383341478102,2.5542156402949323,2.6017484910872226,576136000,2.460627385548183,81.20072928463026
2016-12-22,2.6379528045654297,2.681298778657627,2.623668167681246,2.630810486123338,718612000,2.5167099748338972,81.49902605467172
2016-12-23,2.7037103176116943,2.705188151921194,2.6172645265100734,2.619973576243985,647692000,2.5636095660073415,81.01181667053537
2016-12-27,2.889408588409424,2.8903936545805182,2.7391749581878093,2.7598629919064943,1194272000,2.6290860176086426,84.29352957611972
2016-12-28,2.6906566619873047,2.953688317249861,2.676864798047524,2.9455609353031957,2295764000,2.6601881980895996,67.1753761383466
2016-12-29,2.744346857070923,2.745824691175294,2.5318034502747264,2.5835231813008925,2175368000,2.6946679864610945,71.43534577732649
2016-12-30,2.6288399696350098,2.7564154536132865,2.618003535444342,2.742377201556542,1212932000,2.7001918724605014,66.61474918011123
2017-01-03,2.512347221374512,2.619727188017954,2.4475743038059843,2.5712090371196497,1501996000,2.6867517743791853,63.10125784737749
2017-01-04,2.570963144302368,2.598300730507084,2.500525736751242,2.5465809918664166,1199220000,2.6771818229130337,63.7137044757576
2017-01-05,2.505697011947632,2.6061810283839777,2.4887033310751074,2.5744104175245286,984296000,2.6488942078181674,55.80422352458327
2017-01-06,2.539191961288452,2.567514607504611,2.492397799398636,2.5330347111055405,822856000,2.5988632610866,54.913791235225546
2017-01-09,2.642138719558716,2.659871318717712,2.549043396036783,2.549043396036783,916248000,2.5919321264539446,57.28524607935471
2017-01-10,2.6221907138824463,2.6891799289421194,2.601502674628589,2.6551927881949564,880920000,2.574481248855591,55.17760741310694
2017-01-11,2.589926719665528,2.615540320011317,2.565052036411472,2.6106147541083398,525664000,2.568922213145665,49.98877736821457
2017-01-12,2.5475659370422363,2.5785978727012995,2.502742134368088,2.567022522188621,625616000,2.573953458241054,47.37766304459815
2017-01-13,2.547319173812866,2.5859857159085187,2.538206491124669,2.5515058218080493,457820000,2.5705757481711253,45.846460250380396
2017-01-17,2.4901819229125977,2.5416552793377973,2.476882587926542,2.5367297128013617,580612000,2.568359306880406,40.136533009574215
2017-01-18,2.535498142242432,2.5423940759915933,2.4409249674501563,2.4687550864557566,654424000,2.5678316184452603,31.215712913254634
2017-01-19,2.589926719665528,2.621943720097765,2.5362368534600126,2.5384533698601084,644872000,2.5603727613176623,43.68634670906735
2017-01-20,2.5616040229797363,2.6303174393769737,2.5396847736182893,2.6125848387502204,492024000,2.5517175197601323,38.1696522970951
2017-01-23,2.588202476501465,2.6081515918495644,2.553968963106325,2.5564318632480822,369904000,2.5514711993081227,47.02698573059202
2017-01-24,2.6433706283569336,2.649527879775839,2.5835235068409053,2.5983006753711515,428052000,2.565157583781651,60.53048704307372
2017-01-25,2.6546995639801025,2.6918885132726404,2.6187420648479254,2.685731262470835,522760000,2.5804976395198276,57.283610714549376
2017-01-26,2.7005088329315186,2.707897300122298,2.62785490674263,2.657409010380886,458800000,2.610544340951102,67.5388963824926
2017-01-27,2.752720832824707,2.755676266382561,2.6808058309588603,2.707404498104432,471996000,2.6415761538914273,68.59722936883978
2017-01-30,2.709620475769043,2.73400262161682,2.657654602032904,2.7317861056079438,496004000,2.658675261906215,56.561290935770785
2017-01-31,2.6889328956604004,2.7103596102576457,2.6647968969459166,2.68326841321086,362756000,2.6768651008605957,56.48006214852219
2017-02-01,2.806410789489746,2.810597438177288,2.705680374380157,2.7234127399320958,590004000,2.708037717001779,68.03448001906722
2017-02-02,2.841874837875366,2.8504949869114573,2.759862343946672,2.7904015019565254,483240000,2.736395461218698,74.80278066107203
2017-02-03,2.817001342773437,2.8544366826874352,2.8051798419125515,2.843353864153693,372744000,2.7595814296177457,71.82159647961902
2017-02-06,2.8891618251800537,2.889654358200948,2.8076416209077726,2.8076416209077726,506768000,2.786531857081822,81.51758132603973
2017-02-07,2.933986186981201,2.9780710717089662,2.903693169011817,2.9233959029166807,746224000,2.812426907675607,81.50320765826987
2017-02-08,2.921180009841919,2.938419846968916,2.8662584453335134,2.91600805870382,449580000,2.8426496982574463,78.03269149365018
2017-02-09,2.866257667541504,2.9322620336848386,2.8470477027415044,2.927336233056561,842568000,2.8679818085261752,74.6709662571475
2017-02-10,2.7982840538024902,2.9726532557626584,2.773162981489316,2.9536894356648067,1651092000,2.866820846285139,65.94404981970465
2017-02-13,2.669230699539185,2.807149847461459,2.664797431401418,2.792619062475442,1180724000,2.8421573979513988,51.76472540635139
2017-02-14,2.679081916809082,2.7128229021637384,2.6177569624938166,2.6596253316236798,850632000,2.8224546228136336,51.667246505722474
2017-02-15,2.684500217437744,2.704202953226726,2.653961047427363,2.6820375516204744,373020000,2.793217250279018,48.84134112801554
2017-02-16,2.6414008140563965,2.695337074658924,2.602241488889413,2.694105624226769,647176000,2.751419339861189,41.83526794926048
2017-02-17,2.640907287597656,2.645340554855347,2.580814026966412,2.627854339540495,563740000,2.7113803795405795,44.62427124633101
2017-02-21,2.735480785369873,2.7394212848468977,2.6652895374583605,2.665535921433529,551952000,2.692697967801775,53.26426582275095
2017-02-22,2.731288194656372,2.756934115279576,2.712300213903721,2.747563472346368,433772000,2.683127130780901,43.73671905034328
2017-02-23,2.478035926818848,2.6235271802790603,2.458061863324538,2.601580262348909,1592888000,2.655813591820853,27.74670943744225
2017-02-24,2.501955270767212,2.51527138920712,2.359916360512799,2.393699928929961,1029904000,2.630509785243443,30.708484156389005
2017-02-27,2.5747005939483643,2.589742869834052,2.504420996450085,2.5202031219353285,715400000,2.61482412474496,30.758078144950247
2017-02-28,2.5024471282958984,2.594180680799675,2.4851855457794407,2.584316650594358,625360000,2.5949735982077464,24.451672605339198
2017-03-01,2.534752607345581,2.5737146543952427,2.4933245513907574,2.5594119908825443,504804000,2.5798086438860213,27.638693591574608
2017-03-02,2.4412920475006104,2.535984783073522,2.4385795796942604,2.521928819113255,754332000,2.537781681333269,26.458596656668618
2017-03-03,2.427236557006836,2.4356206561275187,2.3727388544506502,2.430688874616205,864692000,2.4943457330976213,28.139569771401
2017-03-06,2.4084954261779785,2.419099074596916,2.346846624671316,2.3909871420922486,883568000,2.4844113758632114,32.34365963783931
2017-03-07,2.4348814487457275,2.4543625905405304,2.395672940531443,2.408495905082777,603400000,2.4748294012887135,33.82556418998409
2017-03-08,2.430443048477173,2.4980101960860424,2.4282237342452118,2.483214375920326,638712000,2.454221180507115,33.150841751906526
2017-03-09,2.4299488067626958,2.4523888692074864,2.4018368786079534,2.414413378916301,478060000,2.443864277430943,35.13646589726815
2017-03-10,2.444251298904419,2.4681710609586447,2.426003402718761,2.456334644961012,499740000,2.4309355190822055,36.439768196950396
2017-03-13,2.511573076248169,2.521436878221856,2.4538697288748854,2.454609578695099,774136000,2.4409756660461426,33.95774550207659
2017-03-14,2.5098464488983154,2.5337659819674627,2.477542344715776,2.5243955717351363,522016000,2.452777079173497,34.07816287417755
2017-03-15,2.528834104537964,2.539684213727494,2.473843238592727,2.521436313507445,615036000,2.469968318939209,55.50791483403844
2017-03-16,2.5599048137664795,2.560398203620792,2.5253816342559614,2.5394376009873247,523100000,2.487828799656459,56.18736469960513
2017-03-17,2.6156351566314697,2.616868160750082,2.559904452259046,2.577412734468957,1119688000,2.514284815107073,54.53544042578598
2017-03-20,2.6989834308624268,2.7029291370365387,2.617113908078119,2.633142722085458,748568000,2.5527183328356062,71.25317830968329
2017-03-21,2.6116902828216557,2.7115615317565944,2.603799336150178,2.681723434010165,913484000,2.5766381876809255,57.4356483461386
2017-03-22,2.664954662322998,2.6696399848137355,2.5966476789686,2.600593151810396,616764000,2.5985498428344727,73.4368231155162
2017-03-23,2.640788078308105,2.6770376522028165,2.6311709740019813,2.657063358804258,533940000,2.617255789893014,71.91297829594974
2017-03-24,2.6501588821411133,2.695039253667389,2.624266495782611,2.6871483078738088,439500000,2.634587900979178,75.283816521524
2017-03-27,2.6693923473358154,2.673337818784502,2.554232414907484,2.6035513959446965,506644000,2.650228977203369,74.90827890505986
2017-03-28,2.6555838584899902,2.6851752557906674,2.6452269047104813,2.6706261344799707,432444000,2.6559359346117293,73.44635545855652
2017-03-29,2.6469528675079346,2.675311258423002,2.644733554029873,2.662981451668602,349992000,2.648502996989659,72.22237685269687
2017-03-30,2.6977522373199463,2.7125480574725658,2.648433228763853,2.654104861834197,525532000,2.660797561917986,74.15432817864107
2017-03-31,2.686161518096924,2.709834823660008,2.6730920962245284,2.68813437195102,440808000,2.663827112742833,68.61198473581234
2017-04-03,2.6725990772247314,2.703916634529877,2.648925770459905,2.6866550443234654,445232000,2.6683715411594937,66.92317074742843
2017-04-04,2.485186815261841,2.5749475605418266,2.4743367057335357,2.549794788046868,1271280000,2.6448041030338834,46.63880326928571
2017-04-05,2.466691732406616,2.524395057262937,2.453622076426431,2.466445037505613,747048000,2.615846872329712,42.680057216892465
2017-04-06,2.484694242477417,2.496777359241233,2.426744197703723,2.4718712758627066,635120000,2.5914340700422014,39.069648584682234
2017-04-07,2.4740898609161377,2.508613276664468,2.459047584354599,2.491104991441292,429068000,2.566739354814802,28.63181568584099
2017-04-10,2.410960912704468,2.481486953272912,2.406768746193947,2.4748290139663176,756332000,2.5257691655840193,30.009839322720282
2017-04-11,2.4195921421051025,2.4388265844146733,2.375944780922404,2.3808765625760984,618148000,2.487687826156616,23.180747105618536
2017-04-12,2.399617910385132,2.433894628596318,2.394439433691774,2.4195922027534498,414092000,2.448690516608102,23.395160666727364
2017-04-13,2.3547375202178955,2.3971518778313805,2.3547375202178955,2.3754516619547665,506892000,2.4300549030303955,19.778144718132026
2017-04-17,2.4469640254974365,2.447210485215796,2.3623817781458256,2.367560254289212,497292000,2.427236659186227,30.202110231140736
2017-04-18,2.4484434127807617,2.4546084331193194,2.4067689100466234,2.432661289954126,370116000,2.422057969229562,31.1491181325691
2017-04-19,2.4580602645874023,2.49011742332566,2.451402090972091,2.46595120685528,380828000,2.4197680268968855,32.84055925699231
2017-04-20,2.49702262878418,2.5017079498791577,2.45140242182481,2.4726097141855456,404016000,2.432062557765416,31.364482505981883
2017-04-21,2.5073800086975098,2.510092476837193,2.4748294503352937,2.486665867357869,341896000,2.444603681564331,33.364023033692376
2017-04-24,2.538698196411133,2.551767620896464,2.517984285073674,2.5389446562099707,371820000,2.4644722938537598,37.93880719778885
2017-04-25,2.582838296890259,2.5973874184541805,2.5317931415374484,2.5532468990745496,388440000,2.4970581190926686,61.856158324494835
2017-04-26,2.565083265304565,2.5988665917734424,2.5631104116022847,2.5964008186099647,327004000,2.513932296207973,61.96751622796635
2017-04-27,2.605032205581665,2.6134163065889173,2.554480199065244,2.572481640699451,319700000,2.5363021237509593,63.895070789336614
2017-04-28,2.571988344192505,2.605032061998376,2.566316477009321,2.598127425606541,348248000,2.552577563694545,60.74712932485741
2017-05-01,2.6296911239624023,2.6348698357973883,2.5756868086105813,2.582838139076504,307732000,2.571530205862863,74.30134568204049
2017-05-02,2.551767349243164,2.604045747133782,2.5290805860723444,2.6028127427561625,629972000,2.577871254512242,62.7255561518611
2017-05-03,2.5707550048828125,2.580372108555184,2.5300668063237253,2.5448623866152977,336904000,2.582450798579625,66.50808683545151
2017-05-04,2.560891628265381,2.588017020050486,2.553000446994309,2.576920215417591,209788000,2.579315560204642,71.32660193753304
2017-05-05,2.5611379146575928,2.568289245756579,2.5337658297724195,2.5493014963096337,228428000,2.578751938683646,64.58733392468974
2017-05-08,2.534259080886841,2.5744538913219635,2.522915582689832,2.572974427298798,365240000,2.568641492298671,60.295934053297636
2017-05-09,2.538451194763184,2.5875237335332,2.531546558484866,2.5399308940637004,847672000,2.563850470951625,59.772293595424095
2017-05-10,2.990953207015991,3.0040228640439013,2.8116786676084446,2.818336608411273,2129096000,2.6154593399592807,79.9402551944307
2017-05-11,3.119428873062134,3.216340925570542,2.9569227899011628,2.9603751073039293,1939792000,2.6965538433619907,82.45295550927537
2017-05-12,3.1537058353424072,3.195873732155107,3.101674375321812,3.1226349762744743,962620000,2.7798325334276472,82.50784048287744
2017-05-15,3.312020301818848,3.314486310431872,3.190448852220749,3.194887714758498,1087540000,2.887136629649571,84.39175149687466
2017-05-16,3.3736684322357178,3.389204095257351,3.288593268623602,3.3630647854549784,1120700000,3.0032124178750172,86.62054381656363
2017-05-17,3.1495134830474854,3.325582366453966,3.1453213163820157,3.306841081482317,1271368000,3.0911059038979665,71.13323566187711
2017-05-18,3.2814431190490723,3.290320610371868,3.132992716254951,3.193408525900701,1156032000,3.1972476073673795,75.57337220184928
2017-05-19,3.357226610183716,3.412028190674344,3.33797191174462,3.382652586727232,1018372000,3.249572379248483,75.88767473833681
2017-05-22,3.4288151264190674,3.443132616575139,3.390058767967917,3.4009205395255546,836608000,3.2937704154423306,81.34906289558047
2017-05-23,3.382652997970581,3.4507849617875856,3.350068155945892,3.4485633108166653,681248000,3.326477152960641,78.46734079600452
2017-05-24,3.4206693172454834,3.4823830581455915,3.4085732413437326,3.4796674972276125,815996000,3.341998440878732,79.56249880107798
2017-05-25,3.4130160808563232,3.456709411770047,3.368088447126941,3.455968782996813,608228000,3.3476195335388184,79.1424427140223
2017-05-26,3.5013904571533203,3.586308522235257,3.384628176520461,3.4048702268931708,779140000,3.3978876726967946,81.74936488637614
2017-05-30,3.5761878490448,3.611241066213308,3.531260207670861,3.547305676166224,989652000,3.4399940626961842,82.55792956909757
2017-05-31,3.563351392745972,3.628767805404841,3.506574630459101,3.621115267869972,887316000,3.469440460205078,74.80036262394957
2017-06-01,3.5635979175567627,3.5801372947536505,3.518176604374596,3.579149711131973,503340000,3.4886951446533203,71.65025274007054
2017-06-02,3.5458245277404785,3.5868023038078807,3.539899967595518,3.560635692683657,487456000,3.5120053631918773,69.42568345678933
2017-06-05,3.653699159622192,3.666535625276969,3.517929157667893,3.529531320615191,817376000,3.545295340674264,67.81731835810209
2017-06-06,3.637160539627075,3.695171362631184,3.623830398073349,3.649009423553053,758728000,3.5773159776415144,64.41849360462996
2017-06-07,3.681101083755493,3.699862113417224,3.6460478659476494,3.661599660600236,612612000,3.6029889242989674,86.2356196121286
2017-06-08,3.948197841644287,3.94967886386708,3.747010942681303,3.788235670622428,1161744000,3.6561332089560374,88.37735946412239
2017-06-09,3.692949771881104,4.15950567555298,3.5238540408041343,4.066688357231543,3692928000,3.674647263118199,66.01508059033085
2017-06-12,3.702083587646485,3.744789576477959,3.5080557719691847,3.601120051494095,1697532000,3.6944309302738736,63.86175338806423
2017-06-13,3.737383127212525,3.820573198950569,3.5954413768286138,3.811439406032968,1672504000,3.721796444484166,68.19446713553255
2017-06-14,3.745282411575317,3.8030465072633857,3.665795247318449,3.740345436143925,1184640000,3.734879766191755,67.18052034972641
2017-06-15,3.761328220367432,3.7916911733850105,3.6164241852393046,3.6277796292730087,963824000,3.7526180062975203,68.27249160936796
2017-06-16,3.742814779281616,3.8188462452981056,3.708748910148455,3.770956323440617,924960000,3.761434248515538,63.666905559177216
2017-06-19,3.883521318435669,3.8887052486620126,3.783298196554672,3.78700086933396,778176000,3.752194745200021,66.18987309339929
2017-06-20,3.877843856811523,3.992631432543005,3.873647509613861,3.925733771669151,1095444000,3.7786081859043668,66.69290467680295
2017-06-21,3.936595678329468,3.940298587238016,3.84353140028478,3.905492091006855,682652000,3.8121099131447926,68.64057287198553
2017-06-22,3.9094414710998535,3.9580720162511622,3.885496512933469,3.944741639194244,469132000,3.8366896765572682,68.00296807221206
2017-06-23,3.7973690032958975,3.932892290102103,3.782310651055941,3.917093544550365,1088588000,3.8441306182316373,57.083764267861106
2017-06-26,3.755897045135498,3.8657473916431977,3.661598488301317,3.8302002756614697,1063960000,3.843354736055647,55.71391561729637
2017-06-27,3.618399620056152,3.7470110180474263,3.612722014959109,3.7383711330260105,999492000,3.8255811418805803,47.23189112688215
2017-06-28,3.746023178100586,3.750713434413505,3.597910143003092,3.6860374294905935,994948000,3.80593855040414,39.820984773406494
2017-06-29,3.620868444442749,3.7205976780455954,3.5566861012394746,3.717635633361652,1064424000,3.769227777208601,45.823803289394974
2017-06-30,3.568535327911377,3.6517254217861534,3.542368715736921,3.638148323860619,731060000,3.7166477271488736,42.631424689624836
2017-07-03,3.4394302368164062,3.5954425719494827,3.4209161609572387,3.580631405429847,709072000,3.649503265108381,35.10245848386384
2017-07-05,3.5312600135803223,3.5601419494522144,3.4838637687600915,3.502871516388504,820188000,3.611487695149013,40.12754810823514
2017-07-06,3.5418741703033447,3.5887767353968387,3.4500442071149733,3.5021307027578765,746284000,3.5809129987444197,39.826013947799325
2017-07-07,3.622842311859131,3.64110966241189,3.575693031183758,3.5986506378749623,654972000,3.581547669001988,44.742479158547596
2017-07-10,3.7941606044769287,3.801566187159533,3.670239453687517,3.696406065557332,958492000,3.5884244441986084,46.186290810003406
2017-07-11,3.8479743003845215,3.855626836275835,3.755897385806459,3.7978627381387575,757956000,3.620868137904576,48.775545229433064
2017-07-12,4.011638641357422,4.023734478111621,3.864760152789532,3.907712850482741,1145208000,3.684168611254011,52.83262024279574
2017-07-13,3.965230703353882,4.105197310374596,3.918822043956888,4.02373520168021,1369132000,3.7592829636165073,52.075685796751564
2017-07-14,4.071871280670166,4.073352067117285,3.9746102134582975,3.981522119672513,941948000,3.8365131446293423,60.25453896408804
2017-07-17,4.054591655731201,4.134819688774106,3.99287792903308,4.105937521544521,930792000,3.9097584996904646,61.36368666376651
2017-07-18,4.096804618835449,4.111369063595945,3.981769847573701,3.993618967181972,776640000,3.9774674006870816,69.6233937591659
2017-07-19,4.075575828552246,4.132352361678917,4.063479987111083,4.105938791845992,687044000,4.017669575554984,64.8104066849789
2017-07-20,4.134819507598877,4.135066226893409,4.046198784512107,4.09606339063172,699596000,4.058647462299892,74.55195442562672
2017-07-21,4.149631023406982,4.179253820619241,4.100013132350442,4.114330856906233,648332000,4.0783606597355435,78.79166967897531
2017-07-24,4.101494789123535,4.166417759155565,4.090880207460141,4.156790525688948,652524000,4.097826957702637,85.66505849177479
2017-07-25,4.081746578216553,4.096064304746589,4.0380532405776695,4.078537343318045,496556000,4.099237714494977,82.15127771957177
2017-07-26,4.128895282745361,4.194805594271195,4.094088555027769,4.139263144014775,640404000,4.109852518354144,82.88181593090258
2017-07-27,3.992630958557129,4.1654295707767055,3.8894455593918633,4.153827172418346,782856000,4.094970566885812,69.50528942165971
2017-07-28,4.058050155639648,4.082489036515745,3.931907533638772,3.956839618015836,513348000,4.09246689932687,65.67003248022829
2017-07-31,4.011638641357422,4.107665177532796,3.964983271019797,4.071624386556271,559672000,4.074869632720947,59.80474998857352
2017-08-01,4.060513973236084,4.0622419490962525,3.974361899396812,4.002256232328638,431384000,4.062138625553676,53.39492842427415
2017-08-02,4.058050155639648,4.09557223048365,3.981031779431783,4.091622835766596,478444000,4.0559322493416925,56.866517453212055
2017-08-03,4.109641075134277,4.113343748437121,4.040521524837894,4.05755457537244,442420000,4.059917177472796,53.04185532091384
2017-08-04,4.127661228179932,4.198261561092807,4.109640830559625,4.132351249361858,589096000,4.059740883963449,55.87777264644375
2017-08-07,4.25454568862915,4.255039127381258,4.14716343439404,4.156791140122205,717412000,4.097157273973737,61.16755912975903
2017-08-08,4.203938961029053,4.309098820603174,4.164688935446244,4.292559682282989,755336000,4.117998531886509,58.72476935173463
2017-08-09,4.2486186027526855,4.251087207561633,4.139014997594214,4.15777601747163,530784000,4.151852812085833,57.89108925295634
2017-08-10,4.066688060760498,4.262197106378586,4.056566918940891,4.2498540782430725,1328088000,4.152734824589321,45.3307334504426
2017-08-11,3.84994912147522,3.9249929899200944,3.774658533720848,3.879078008500606,1497196000,4.123006105422974,38.09851263416063
2017-08-14,4.157035827636719,4.16073849982177,3.929929340467553,3.941531501791044,1279020000,4.129776784351894,52.80068723645944
2017-08-15,4.121981620788574,4.188385342679903,4.087668817142956,4.162218981329094,764532000,4.128965411867414,49.74048331425307
2017-08-16,4.076809406280518,4.160493408783442,4.044471750143238,4.137042357703384,596632000,4.103574514389038,53.39173648608146
2017-08-17,3.9859659671783447,4.085448463119388,3.983744551783955,4.06841588535507,525444000,4.072435515267508,47.15387933298603
2017-08-18,3.986706972122192,4.057307778729768,3.9407919877720254,4.0402747285197895,601204000,4.03501956803458,48.978786262409066
2017-08-21,3.9286959171295166,4.022500811989156,3.8847558670717386,4.011145602799101,623672000,4.015306404658726,44.64077483567601
2017-08-22,4.016159057617188,4.022088832853007,3.945990678997193,3.965262330700381,450456000,4.039050681250436,48.4069683439086
2017-08-23,4.096458435058594,4.107576706648514,3.974157447569477,3.982805411030953,579520000,4.03039676802499,49.50940342633243
2017-08-24,4.081385612487793,4.133024085123888,4.054949270573526,4.128576400803826,469700000,4.024597338267735,48.274050485005915
2017-08-25,4.047290325164795,4.115729438390697,4.04086620590752,4.105599386486767,357200000,4.020380326679775,41.695136379477944
2017-08-28,4.075950622558594,4.079162682274708,4.010723567184948,4.0663149146631445,389496000,4.033235277448382,44.77960285375201
2017-08-29,4.069281578063965,4.09102425477122,4.00899605072311,4.0171496723016125,324096000,4.045031649725778,42.451116525101384
2017-08-30,4.093493938446045,4.1046122104593845,4.058656560470116,4.08904625263831,384400000,4.068574224199567,51.30110474476442
2017-08-31,4.186392307281494,4.190345176800284,4.106341044490912,4.113752910465106,612684000,4.092893259865897,68.56178202157155
2017-09-01,4.211593627929688,4.247172282198338,4.190345304234766,4.198993266889194,445432000,4.109341144561768,54.368860490175706
2017-09-05,4.099175930023193,4.165144275066754,4.04111426707515,4.160202716570295,695364000,4.111882618495396,48.375101583755296
2017-09-06,4.096704483032227,4.145872180927872,4.061867585192235,4.13203619639535,397672000,4.118941783905029,51.509360109163886
2017-09-07,4.115730285644531,4.148096411344083,4.07545747750024,4.113506442847015,352868000,4.124624592917306,61.04867971087983
2017-09-08,4.044325351715088,4.118941179197713,4.020112377855504,4.104116976809606,498856000,4.121059417724609,54.378942142351114
2017-09-11,4.175520420074463,4.186144815816874,4.08459783565444,4.090033737401556,567444000,4.132777486528669,66.88065259566504
2017-09-12,4.190593242645264,4.200228952676591,4.125366172813205,4.200228952676591,411488000,4.133377620152065,63.24085864424661
2017-09-13,4.2093706130981445,4.238277741980258,4.133025274506555,4.165391400242235,580960000,4.133060046604702,59.453865722959556
2017-09-14,4.185404300689697,4.263479132652938,4.145872775993344,4.1703326889447245,513712000,4.145378385271345,58.58143518143343
2017-09-15,4.450018405914307,4.450018405914307,4.265702427900358,4.270890922752138,1364792000,4.195851802825928,74.06970845564132
2017-09-18,4.633840560913086,4.724022360868531,4.567378337774616,4.574296331688613,1684460000,4.269867556435721,78.12657463430014
2017-09-19,4.628899097442627,4.690667164518176,4.561448191005017,4.583437796304999,874280000,4.353378091539655,78.26290503196903
2017-09-20,4.591591358184815,4.680043189212289,4.551318548425487,4.632605448906374,724920000,4.412816796983991,74.82749343058478
2017-09-21,4.46607780456543,4.514009878818435,4.388249918033279,4.487819999289856,1075600000,4.4521717344011575,63.50183026738798
2017-09-22,4.422593116760254,4.504374347008947,4.41271047195476,4.454712772697159,491232000,4.482632092067173,60.00931945368091
2017-09-25,4.224935531616211,4.392944735520105,4.204181553281641,4.391709110379478,874580000,4.488279410770962,55.51937873531249
2017-09-26,4.248653411865234,4.414686151731882,4.208874960414165,4.359589155761579,1125620000,4.459512983049665,56.546692591016
2017-09-27,4.341801166534424,4.355143280780073,4.268173544130083,4.339083450624045,713720000,4.417793069566999,59.15545886305115
2017-09-28,4.340565204620361,4.352918627823951,4.293127003912108,4.3489652873473,435244000,4.376602513449533,62.720113282430496
2017-09-29,4.41691255569458,4.440631195680559,4.379357453317067,4.424571832396655,619092000,4.351648398808071,60.87737332048711
2017-10-02,4.422593116760254,4.496220729135472,4.373178950226963,4.467066196517253,503480000,4.345436300550189,60.54339304048815
2017-10-03,4.431735992431641,4.4616318128982,4.387509838817215,4.42877086841683,390332000,4.3467424256461005,60.194822116275894
2017-10-04,4.468795299530029,4.491031837442169,4.40134440502949,4.437911271457932,427848000,4.381579535348075,62.838540204011984
2017-10-05,4.466324329376221,4.496714483138764,4.436428519852867,4.493255487222981,437364000,4.412675380706787,50.96882621191104
2017-10-06,4.479418754577637,4.492760864427205,4.422592261983684,4.438652086848173,318800000,4.432335036141532,38.489764525076524
2017-10-09,4.58047342300415,4.613581304650912,4.497457017925861,4.516234566172916,563492000,4.466607638767788,46.84282781355661
2017-10-10,4.667935371398926,4.767258509519774,4.626674355849263,4.729703426473682,974876000,4.502468041011265,54.67181863755225
2017-10-11,4.717597961425781,4.719080523249205,4.638534909219996,4.684490084469451,529508000,4.544611590249198,66.9666659804638
2017-10-12,4.719820499420166,4.770717219175904,4.692642406017641,4.721055653096266,528292000,4.585766519818987,71.23184925557679
2017-10-13,4.807779312133789,4.8179093658965,4.735140379914574,4.782083772895532,628728000,4.63419280733381,99.3719806763285
2017-10-16,4.890301704406738,4.893266828278319,4.774424833156459,4.83767546821618,576640000,4.694761003766741,99.4288787245203
2017-10-17,4.885854721069336,4.914267979500607,4.851264749283967,4.869547952762945,478596000,4.752823284694126,98.5448827098879
2017-10-18,4.881652355194092,4.895488337991125,4.776399922844425,4.894747528557987,567316000,4.795848846435547,98.02595938323186
2017-10-19,4.887090682983398,4.892031771255073,4.754907028841743,4.804074273729553,570772000,4.827156748090472,97.74169464411428
2017-10-20,4.864851951599121,4.93131415372265,4.855957054198643,4.904136531048056,451620000,4.848193032400949,93.44586200887763
2017-10-23,4.857933521270752,4.913030513619424,4.837673420899082,4.886593702799963,428696000,4.86792346409389,92.0518434946746
2017-10-24,4.908832550048828,4.910562048639118,4.841134697191034,4.867077176045384,407244000,4.882359640938895,92.26314184148362
2017-10-25,4.784801006317139,4.92217358839577,4.723280351533793,4.869299953418468,828160000,4.867288112640381,74.79757806536313
2017-10-26,4.834957599639893,4.846569744429253,4.78850807797648,4.812474119752696,322744000,4.860017095293317,76.17277805586426
2017-10-27,4.987400531768799,4.987647468292496,4.861146222728892,4.887089166557298,572192000,4.875123977661133,77.8487076634299
2017-10-30,5.03632116317749,5.091912044929746,4.971587974399415,4.987400866783506,504056000,4.8964426176888605,76.61508971935957
2017-10-31,5.109702110290527,5.1363858693371744,5.0625113053672255,5.068194145385301,411908000,4.931421211787632,77.38998068083406
2017-11-01,5.1193366050720215,5.1877757206036295,5.055097766599474,5.17245717397715,502576000,4.968764509473528,77.62170951126302
2017-11-02,5.088206768035889,5.134409354686632,5.031627190319589,5.089689329974683,342308000,4.994389397757394,71.04163610537653
2017-11-03,5.156152248382568,5.156152248382568,5.073383245289452,5.119338430300677,353640000,5.0474395751953125,70.39399514959086
2017-11-06,5.179375648498535,5.188023139938753,5.106983656941007,5.119337081497623,389944000,5.09664215360369,71.88616426978565
2017-11-07,5.238672733306885,5.26016846406415,5.189999846571817,5.202106334122879,427700000,5.132538182394845,74.59978683334495
2017-11-08,5.167763233184815,5.237931849685436,5.120325501027216,5.234225445510918,522988000,5.15131562096732,67.73874295785055
2017-11-09,5.072887897491455,5.097842156037144,4.950587384087223,5.071652743455834,978564000,5.1460564477103095,62.0423893163863
2017-11-10,5.340219020843506,5.402728356343318,5.228789397289866,5.2646149821469415,1253256000,5.177611078534808,71.45058560247577
2017-11-13,5.25349760055542,5.365668052544901,5.2381790525297,5.340219922601601,582376000,5.2012240546090265,64.85624802431212
2017-11-14,5.291792869567871,5.307111415770465,5.218906542476741,5.262638338731419,529292000,5.220601286206927,73.59717163915762
2017-11-15,5.188024520874023,5.2379335192245735,5.134163123067667,5.236697893688253,501948000,5.221836839403425,65.65185278821913
2017-11-16,5.228295803070068,5.292287709244727,5.219401375330818,5.2621449582917945,441768000,5.220354420798166,61.858535289185504
2017-11-17,5.222118377685547,5.320700235217757,5.207047239894067,5.285368994367231,515664000,5.228119441441128,59.54803040706277
2017-11-20,5.289323329925537,5.30142981823793,5.200871036025854,5.23768484530868,396100000,5.2590387889317105,59.289616003985216
2017-11-21,5.337996482849121,5.349609098641241,5.297229801803388,5.329102054212627,399176000,5.258721283503941,60.86969301187799
2017-11-22,5.314013481140137,5.365193152713851,5.28137729185322,5.365193152713851,356640000,5.267366409301758,61.30529508297695
2017-11-24,5.364204406738281,5.365193782416116,5.305854820766003,5.330332201394224,180752000,5.277710914611816,60.60492634688011
2017-11-27,5.294480800628662,5.374093461458703,5.291266509182589,5.372857449445769,422896000,5.2929189545767645,55.60164684839054
2017-11-28,5.209676742553711,5.30906891004697,5.148607554750246,5.2996736141094845,512752000,5.290259088788714,48.623080013024456
2017-11-29,4.8563642501831055,5.195088095433259,4.728044429842068,5.192368492029045,1396788000,5.238008499145508,38.3400198900512
2017-11-30,4.962432384490967,5.011139560025221,4.862051793076711,4.925098783624236,823768000,5.191309792654855,45.89849808843756
2017-12-01,4.88751745223999,4.948092416769816,4.758703399712723,4.927818235369389,811548000,5.126955645424979,30.387399797218748
2017-12-04,4.615056037902832,4.95229689245237,4.561651438432922,4.946115415933538,1240844000,5.027104582105364,26.174868774927788
2017-12-05,4.641757488250732,4.764390546699288,4.464730936085149,4.509729134246102,981488000,4.923897879464286,25.530478149222077
2017-12-06,4.6793389320373535,4.7010962364242666,4.570056779114417,4.59131986725412,467032000,4.836020469665527,29.847144553563638
2017-12-07,4.746836185455322,4.786642757234774,4.700601501463887,4.746094389511558,542600000,4.769900390080044,31.32855939280566
2017-12-08,4.734473705291748,4.815817069169766,4.726067314207636,4.7967788993921,466876000,4.752487455095563,31.178986291678825
2017-12-11,4.812850475311279,4.815817659154044,4.732743585262528,4.748566993822628,372748000,4.7311186109270364,31.767403364515445
2017-12-12,4.7184038162231445,4.792577289908678,4.6949158089253045,4.769336390764794,455016000,4.706959520067487,27.093264321778136
2017-12-13,4.603187084197998,4.7606812384681305,4.595769597193094,4.759445226424145,554280000,4.705263955252511,25.381072813816758
2017-12-14,4.610358238220215,4.681317421189569,4.564123547039313,4.596759744157543,438164000,4.7007783481052945,23.089197345091776
2017-12-15,4.736204624176025,4.756478806954166,4.58934176782954,4.654367040320056,670036000,4.708902018410819,30.838447815911366
2017-12-18,4.892958164215088,4.895924876675894,4.747084190999249,4.776753201929004,477704000,4.729776586805071,39.6409912977134
2017-12-19,4.84869909286499,4.888752758255146,4.820266107083291,4.883560660110145,373100000,4.746094499315534,49.68576597061467
2017-12-20,4.865760326385498,4.897160031984308,4.810130351151754,4.888012316478996,288820000,4.753653049468994,45.72493638097359
2017-12-21,4.84326171875,4.894193815759463,4.834855326693384,4.869222219295086,300904000,4.771489892687116,47.947768042132985
2017-12-22,4.827931880950928,4.837327175831902,4.728539724634422,4.806421687435599,466276000,4.803596292223249,62.96280380051534
2017-12-26,4.881583213806152,4.889247808315259,4.742632080347197,4.772548662582061,355080000,4.842342717306955,64.13979235252278
2017-12-27,4.874907493591309,4.944135951826949,4.8536448814501885,4.868232274578322,329488000,4.86215741293771,61.966550367308734
2017-12-28,4.880595207214356,4.929549494895069,4.874414203172018,4.898644003102996,240248000,4.860391276223319,58.85425840105506
2017-12-29,4.784169673919678,4.90680272293753,4.784169673919678,4.90680272293753,279964000,4.85117278780256,52.96020677706137
2018-01-02,4.928808212280273,4.932517192356261,4.808895212313051,4.840542031758623,355616000,4.860179628644671,56.401821502639635
2018-01-03,5.253190517425537,5.28360178550383,5.037593923814855,5.046247421663086,914704000,4.918740885598319,73.54648562830221
2018-01-04,5.280881881713867,5.391152913208901,5.25862989464564,5.334534041692234,583268000,4.983448028564453,82.33053544479961
2018-01-05,5.325634956359863,5.36296856300811,5.218825293614257,5.2957183664656124,580124000,5.0468839917864114,82.94219648609304
2018-01-08,5.488816261291504,5.562989262830399,5.404258586819939,5.4492572642600345,881216000,5.134585244315011,83.5093005372643
2018-01-09,5.487330436706543,5.533812215728459,5.405739979576529,5.494253234791499,497000000,5.221261705671038,80.70988376705313
2018-01-10,5.530351161956787,5.533812561215367,5.340467947288537,5.394861431577689,582664000,5.327859061104911,85.26456167218088
2018-01-11,5.540241718292236,5.594388100131074,5.518731053147994,5.562987923899448,406032000,5.415206704820905,85.1544170861864
2018-01-12,5.513045310974121,5.562741394413743,5.472497415295647,5.52837450275534,359916000,5.452328818184989,84.73944390693656
2018-01-16,5.442086696624756,5.6250471695035165,5.357529496639192,5.539501065363213,702348000,5.475358077457973,80.11628657396534
2018-01-17,5.556066036224365,5.565955548934279,5.3627213705205055,5.456673863376516,538408000,5.508276803152902,81.22701011764545
2018-01-18,5.549142360687256,5.603535850964295,5.505627285517425,5.536779882274066,408632000,5.516894817352295,81.2083650609722
2018-01-19,5.689329624176025,5.713559422106991,5.612437034801993,5.639386436560671,609380000,5.545751844133649,83.28907323074404
2018-01-22,5.7778425216674805,5.779573221407469,5.639633178970838,5.697240958136311,550944000,5.5811077526637485,91.16967560662498
2018-01-23,5.9069037437438965,5.929649946884044,5.812703696846336,5.831246704966619,475228000,5.633488042013986,91.05420388210773
2018-01-24,5.830011367797852,5.945968727412517,5.774381393838072,5.9101182473517335,579972000,5.678768907274518,80.56054225161748
2018-01-25,5.843607902526856,5.927670841358354,5.828773404962525,5.884402888723808,409884000,5.736129079546247,80.26580891630883
2018-01-26,6.016185760498047,6.016432868578666,5.874515019552599,5.887371713449403,516356000,5.801860468728202,82.65124924244611
2018-01-29,6.103216171264648,6.1343692416548095,5.948936297458724,6.001599091386767,455116000,5.881013870239258,81.30496937750127
2018-01-30,6.001105308532715,6.092585782293102,5.894543220894434,5.961299204050897,570832000,5.9255532537187845,73.74325140260645
2018-01-31,6.0772552490234375,6.163048915411116,6.043877264803013,6.076513453163384,478576000,5.968326500483921,74.52335226453911
2018-02-01,5.946215152740479,6.104451557343486,5.8858877740126045,5.897260875593051,519224000,5.973942416054862,66.4199841390824
2018-02-02,5.773640155792236,5.883664102289417,5.715538152114375,5.8596814105670205,718464000,5.965889385768345,59.43093451857292
2018-02-05,5.283603191375732,5.766470386110319,5.068500756647048,5.612437611846203,1165204000,5.885888712746756,45.5993292884441
2018-02-06,5.577327728271484,5.580294439867286,5.043775187586055,5.053665169399304,1114800000,5.823194708142962,50.53679764790919
2018-02-07,5.656940460205078,5.809490096221582,5.6050194654003045,5.6762257379756615,802932000,5.759441035134452,52.625240931690016
2018-02-08,5.378048419952393,5.815669675628486,5.377800840337516,5.782539278935995,1144000000,5.670432908194406,42.89900329941961
2018-02-09,5.738036632537842,5.90640967265506,5.378049659025071,5.890586266347382,1674604000,5.621973105839321,49.192017408032804
2018-02-12,5.637902736663818,5.822099656502495,5.563729752540247,5.819132473052566,1093172000,5.577928474971226,44.4749164875365
2018-02-13,5.751635074615479,5.79786975269274,5.569168857942581,5.60155793772168,625524000,5.574784891945975,48.414206698138074
2018-02-14,5.968963623046875,5.997891309202381,5.700209469812402,5.711335466673718,744988000,5.672693525041852,52.34315588845261
2018-02-15,6.094562530517578,6.140797211441129,5.971435258371617,6.052283937171471,698900000,5.746584211077009,51.49121247201164
2018-02-16,6.0287957191467285,6.181097775941141,6.0196475322147,6.067365803222385,637656000,5.799706390925816,48.572510983463836
2018-02-20,6.158352375030518,6.227333269230714,6.047586628144285,6.051295607969305,686240000,5.911178384508405,52.98479323194282
2018-02-21,5.971186637878418,6.2298040876141485,5.967478130632469,6.222881289245566,892292000,5.944485528128488,48.0680743206273
2018-02-22,5.990732669830322,6.076826925310267,5.925172459586742,6.005081869701464,534364000,5.9948898042951315,50.84516497917322
2018-02-23,6.084249019622803,6.084249019622803,5.999886539765119,6.050603026730384,415300000,6.04240608215332,56.079403679109056
2018-02-26,6.100329875946045,6.134965386795255,6.037985484544022,6.130512317096563,469312000,6.061172689710345,69.62677950766209
2018-02-27,6.087465286254883,6.157973561237927,6.064457208596317,6.073610609823185,455436000,6.060158797672817,64.17219069419937
2018-02-28,5.987020969390869,6.137933155797601,5.975393065454423,6.09834958508042,523116000,6.054190976279123,59.06508120385311
2018-03-01,5.744819164276123,6.038727410775939,5.643633459552477,5.984794638354639,1040120000,5.995114803314209,60.27988095677225
2018-03-02,5.851941108703613,5.858373686192887,5.4885141648867615,5.637200041437353,913428000,5.978079727717808,53.719794335666144
2018-03-05,5.829922676086426,5.869506241435814,5.678267781538178,5.80171927960349,620776000,5.95510687146868,56.607963852167494
2018-03-06,5.990978717803955,6.010275978807212,5.872228012105026,5.915275131124054,636808000,5.941782542637417,57.976701433562326
2018-03-07,5.983061790466309,6.035262778083159,5.886824167664216,5.888060947673651,581208000,5.925029958997454,50.546078489317054
2018-03-08,5.966734409332275,6.010523789141998,5.922450034324109,6.010523789141998,411912000,5.907782690865653,44.59081478683482
2018-03-09,6.069406032562256,6.0822702482262665,5.998155491729328,6.0142359972460975,505524000,5.919551985604422,51.66642143012559
2018-03-12,6.1790032386779785,6.259159924524613,6.102557366325849,6.110721722262003,605060000,5.981578281947544,50.86150854307423
2018-03-13,6.12828540802002,6.296268575594882,6.086970057618369,6.221801757076048,619772000,6.021056038992746,57.39579750968198
2018-03-14,6.153766632080078,6.198545527047686,6.091422251052265,6.171331646266917,505496000,6.067319461277553,57.63255800870885
2018-03-15,6.1686110496521,6.249757234129788,6.126553443635143,6.167374269419286,401952000,6.0926955086844305,54.26353114459859
2018-03-16,6.196813106536865,6.215862632350484,6.14733341424644,6.184937942637298,399456000,6.123231410980225,54.81710063583635
2018-03-19,5.962280750274658,6.16885746766244,5.863321829613645,6.139912284188357,713772000,6.122595173971994,44.882630169541336
2018-03-20,6.174548625946045,6.21338994269121,5.965250114657616,5.965250114657616,554696000,6.137615544455392,57.02373332266518
2018-03-21,6.149313926696777,6.234418652706064,6.1188837552522,6.168115722088311,438688000,6.133374214172363,68.09026718900282
2018-03-22,5.983309745788574,6.132490630258299,5.945952945193866,6.085979957788481,551196000,6.112663405282157,55.5812615474377
2018-03-23,5.763622283935547,5.999391985058871,5.752489372717199,5.996917952357739,735620000,6.056928498404367,47.588272066195294
2018-03-26,6.04837703704834,6.049613817531072,5.836109926948436,5.888063200946465,611424000,6.039752210889544,51.915524864920435
2018-03-27,5.579311847686768,6.184941287204906,5.439037518967538,6.129276721245348,1409000000,5.95153774533953,39.69704086139783
2018-03-28,5.476144790649414,5.675052159095834,5.368526989216213,5.544921278907112,945904000,5.882089751107352,38.0123418555568
2018-03-29,5.729480743408203,5.826212911809296,5.460064600904916,5.544427078860994,916628000,5.818508625030518,42.26349659675243
2018-04-02,5.468723773956299,5.805184657215482,5.380897740182267,5.658972775390556,922092000,5.721281460353306,34.87513357440017
2018-04-03,5.575103759765625,5.698802534949017,5.476144833993587,5.635716367229774,667432000,5.662966319492885,38.49318997951576
2018-04-04,5.597122669219971,5.607513321692377,5.294307818154366,5.319294930796115,789168000,5.639180660247803,38.40446765426497
2018-04-05,5.47688627243042,5.668619250940115,5.405388500532667,5.6555073073045135,701240000,5.557539122445243,36.19666600440442
2018-04-06,5.300494194030762,5.482331608570246,5.271301265259405,5.374218773046363,662988000,5.517708029065814,33.11275389260214
2018-04-09,5.329190731048584,5.491483558307645,5.309151212339888,5.363578975501228,499524000,5.4967145919799805,37.069229486636075
2018-04-10,5.638438701629639,5.66540485462208,5.5023697406912255,5.559518808097522,761676000,5.483708586011614,39.46729805819749
2018-04-11,5.597122669219971,5.664909643830483,5.56446619805715,5.623594295607323,460244000,5.502051285334995,39.219476102001686
2018-04-12,5.803946971893311,5.821759722140713,5.645859934147018,5.690144312149567,593920000,5.534743172781809,46.553207648000935
2018-04-13,5.727254867553711,5.875940797178689,5.6790124066571,5.8675291798624505,503036000,5.5533334868294855,49.26048945692303
2018-04-16,5.727006435394287,5.760405164237007,5.632747832118619,5.733933537209954,350792000,5.589064938681466,42.61005644516307
2018-04-17,5.876681804656982,5.897958105146553,5.723542837212989,5.779207384824428,447224000,5.671377454485212,58.0154141492245
2018-04-18,5.847736358642578,5.918986887807232,5.758673551091837,5.8262127956981935,391364000,5.745455401284354,60.43347262767174
2018-04-19,5.666393280029297,5.766836718611596,5.61097647081058,5.733437992967083,471996000,5.749448912484305,48.15401341348459
2018-04-20,5.658229827880859,5.742097304889119,5.627057870331245,5.65773483267242,386200000,5.758178506578718,56.50695798163028
2018-04-23,5.538736820220947,5.727253550060032,5.512760189078961,5.6760425446477445,427508000,5.720291342054095,48.76243415588913
2018-04-24,5.472434043884277,5.660455767675376,5.407121105423076,5.564465868818391,414596000,5.683888367244175,45.8809949338432
2018-04-25,5.3601155281066895,5.481835268863199,5.202770762082127,5.442746221044677,588492000,5.631475380488804,46.12227150021726
2018-04-26,5.571888446807861,5.580052801449265,5.455859009336494,5.521914215929779,375824000,5.587933472224644,58.805555426628224
2018-04-27,5.599349021911621,5.697566169886227,5.557044154741612,5.677774383289998,400848000,5.552449566977365,58.77248968243866
2018-04-30,5.563971042633057,5.665404004024835,5.54467425198951,5.615677041839718,327844000,5.537817818777902,47.058785862585395
2018-05-01,5.619389057159424,5.622110351386427,5.4971743036481415,5.55580788380502,253788000,5.532269137246268,50.869756335609424
2018-05-02,5.598855495452881,5.66045716497622,5.572631125810074,5.615925991110968,268248000,5.540857519422259,40.62434877384193
2018-05-03,5.764116287231445,5.790340653998316,5.585495200439473,5.6307690982253,443144000,5.582526411328997,51.55886770354573
2018-05-04,5.914286136627197,5.917502425724892,5.7181000516422245,5.7354178054399645,400660000,5.661693641117641,57.02877697841727
2018-05-07,6.15228271484375,6.20943177564846,6.009039406266824,6.018935535463976,687616000,5.744607107979911,59.70045546961304
2018-05-08,6.194835662841797,6.197556956961618,6.103545611809531,6.152530321586638,506616000,5.829676628112793,62.101101853267984
2018-05-09,6.327934741973877,6.330161512598483,6.187660461332376,6.214874344668311,596760000,5.938814299447196,73.86650885863853
2018-05-10,6.435553550720215,6.444706951889222,6.363065767063172,6.380878517899796,994080000,6.055409227098737,76.16590124485643
2018-05-11,6.297010898590088,6.427142277887249,6.198299686464402,6.253716507306892,1214456000,6.155145713261196,75.20145749234234
2018-05-14,6.317544460296631,6.394980307141077,6.29379459827383,6.335109949037145,523140000,6.234206880841937,78.96880801484657
2018-05-15,6.075096130371094,6.256686277346184,5.974652658806487,6.253964510822562,963528000,6.2571797370910645,72.50085160980514
2018-05-16,6.086226940155029,6.14832358781721,5.999637705355659,6.036499980947029,553828000,6.247743197849819,68.52612783685336
2018-05-17,6.12828540802002,6.22204901875555,6.07187860144694,6.08795957620981,519784000,6.238236018589565,68.85366661205089
2018-05-18,6.08449649810791,6.2435730669768255,6.07954843289269,6.180239625341193,483716000,6.2034591266087125,68.44327619001275
2018-05-21,6.04243803024292,6.185681336348375,5.949663944050659,6.181970523900174,640624000,6.147299766540527,65.1327495817675
2018-05-22,6.00433874130249,6.081031850821799,5.943726133024185,6.0557974777698265,518264000,6.105489458356585,64.32440026386165
2018-05-23,6.127866744995117,6.129104762259063,5.947402356595501,5.948145072520821,442956000,6.07839264188494,63.24052262261072
2018-05-24,6.131580352783203,6.173911858823892,6.070930722527704,6.124154137254527,437372000,6.086461816515241,58.85347190138488
2018-05-25,6.1709394454956055,6.187277776587898,6.108556984324216,6.144204037541416,292112000,6.098563602992466,50.90695914859053
2018-05-29,6.1538591384887695,6.221935919695896,6.107072286984995,6.15286900802552,352684000,6.1022169930594305,47.95742281685213
2018-05-30,6.262781620025635,6.271445851929154,6.162771359102023,6.187526509754319,390996000,6.127686296190534,46.67206724647396
2018-05-31,6.242977619171143,6.31749048600782,6.22020320155133,6.230847694457186,493868000,6.156334808894566,39.19409430594986
2018-06-01,6.377398014068604,6.383587156482695,6.2791205895680005,6.2877848223494,421968000,6.209628990718296,54.531681773706254
2018-06-04,6.556376457214356,6.578408157720231,6.379377776478071,6.411559140173212,642024000,6.270844663892474,61.423098484133206
2018-06-05,6.561824321746826,6.599452122009686,6.514789571418251,6.559596173508102,391712000,6.332308088030134,80.10478276334155
2018-06-06,6.563803672790527,6.567021951300534,6.455376583518102,6.471714918506621,371356000,6.388431549072266,79.87697814900433
2018-06-07,6.5081048011779785,6.571972705575497,6.417748426383606,6.560090194951482,369448000,6.439038072313581,73.3626009030163
2018-06-08,6.492757797241211,6.535336250651293,6.416512066787621,6.435325966724169,360456000,6.471891811915806,76.02256176584297
2018-06-11,6.451661586761475,6.521718144500929,6.438788948655817,6.480129839312713,265372000,6.501703807285854,76.11593204411753
2018-06-12,6.500182628631592,6.512312553502011,6.427897908574673,6.478150926631645,319160000,6.519244466509138,81.22848998331453
2018-06-13,6.495726108551025,6.576675051975256,6.486566576152391,6.501667363057547,338208000,6.510580130985805,77.25590035690792
2018-06-14,6.607372760772705,6.6640618682623085,6.525928499974208,6.540781875258711,430016000,6.517087050846645,80.39204099994944
2018-06-15,6.566525936126709,6.621482190765573,6.519243782857745,6.550187602914215,432260000,6.517475945608957,75.2208176286859
2018-06-18,6.562318325042725,6.579894204176256,6.495232142497851,6.522462384425368,356268000,6.525220734732492,76.47610446272981
2018-06-19,6.440523147583008,6.526423224508421,6.313034756733457,6.459089156799753,594932000,6.517758641924177,61.33200136439667
2018-06-20,6.493499279022217,6.546474803038329,6.443246259809949,6.481616768461422,369780000,6.5237354551042825,65.32396091585241
2018-06-21,6.364772319793701,6.543751262218643,6.357098218724655,6.525432668778922,359516000,6.504391125270298,49.222292061962804
2018-06-22,6.212281703948975,6.398935243733128,6.196933971992394,6.385567300734983,434160000,6.463899067470005,28.089747085338956
2018-06-25,5.919428825378418,6.109547558052897,5.830805778910774,6.1058344509513685,665816000,6.365621362413679,20.055452495295597
2018-06-26,5.990477085113525,6.081080888213602,5.938986512724815,6.0328085946405166,478884000,6.283328669411795,24.891776066984605
2018-06-27,5.835262298583984,6.100388753789127,5.82981587239756,6.034045286339777,453892000,6.1794635227748325,22.89606656214788
2018-06-28,5.962502956390381,5.9743854664884175,5.8176856318390495,5.8253597332704805,338012000,6.111174924033029,30.406219969066484
2018-06-29,5.864472389221191,6.0402330449154045,5.863234372116201,6.0276082923016565,392300000,6.021313939775739,29.1784955458035
2018-07-02,5.996665000915527,6.000378108225789,5.774364420313867,5.794911162139062,357572000,5.968727179936001,33.14558552703194
2018-07-03,5.862988471984863,6.037264213200171,5.854571653291494,6.031322957191045,222732000,5.91882814679827,30.50651302384412
2018-07-05,6.008792400360107,6.013743050638263,5.879323334244588,5.918188653877001,306216000,5.931594371795654,31.938957147189896
2018-07-06,6.122666835784912,6.13108365150168,5.962996640358211,5.984286094181465,296352000,5.950478621891567,37.17267472690051
2018-07-09,6.170197486877441,6.206587732524908,6.0914766849534665,6.19693337027771,303880000,5.998326505933489,38.94471476819093
2018-07-10,6.269219875335693,6.291251582932946,6.142226281641664,6.182577060655264,360016000,6.0421432086399625,45.10752578344494
2018-07-11,6.127618789672852,6.2110432980548325,6.116973825236302,6.176386372366532,367508000,6.079735551561628,40.053845884626696
2018-07-12,6.219213008880615,6.267237881743086,6.16301920486554,6.172921454685342,345508000,6.1115281241280695,45.961562478171324
2018-07-13,6.171931266784668,6.237779910449294,6.1298476465526,6.237779910449294,246988000,6.15566280909947,48.81109971835957
2018-07-16,6.1442060470581055,6.1971820512032325,6.131828705459678,6.1442060470581055,197036000,6.175007615770612,57.84925968602428
2018-07-17,6.280110836029053,6.295211626106862,6.069445323921442,6.094943193528777,362136000,6.19749961580549,59.675786305186
2018-07-18,6.230847358703613,6.286546326853731,6.179852100303943,6.272683556499072,277640000,6.2061638832092285,64.22208339990632
2018-07-19,6.239017963409424,6.272685240067159,6.196934811917914,6.212035131322029,235752000,6.201849324362619,60.87210196146073
2018-07-20,6.210795879364014,6.275406493139366,6.199903500369841,6.236541159048277,222352000,6.21373176574707,64.40776816897977
2018-07-23,6.174158096313477,6.186040605492268,6.022409397971963,6.18430775924391,301584000,6.20729534966605,58.02185942145547
2018-07-24,6.15683126449585,6.308827417653976,6.139254910632193,6.222184610123154,354620000,6.205138206481934,64.8411561127983
2018-07-25,6.235056400299072,6.2476816269391895,6.108310249045602,6.166237370670052,319112000,6.218116828373501,62.26522096060117
2018-07-26,6.3085784912109375,6.345463567401592,6.198171149388678,6.215004784437119,325124000,6.222183636256626,60.53887369461877
2018-07-27,6.23876953125,6.352147740349501,6.184803403711614,6.3452163544423,295420000,6.223315375191825,53.79141646471229
2018-07-30,6.043453216552734,6.2588224602861855,6.008548394598087,6.252881203949962,340340000,6.195377554212298,38.71843980993237
2018-07-31,6.0615234375,6.136283723011578,5.994189839270523,6.033055177833157,283988000,6.174052919660296,46.232034394796415
2018-08-01,6.101378917694092,6.148166244975472,6.037511012313753,6.092962572024045,283556000,6.163655894143241,42.86140172077901
2018-08-02,6.204111576080322,6.208072097563845,5.971166526425702,6.030083296897074,269668000,6.170410224369594,51.82680402548165
2018-08-03,6.240748882293701,6.264513900318836,6.2117857977614,6.228618958724884,214288000,6.171223436083112,55.42562183015216
2018-08-06,6.288527011871338,6.291992704693762,6.181585363542131,6.228124802061887,207508000,6.168358939034598,50.52498262946994
2018-08-07,6.360812187194824,6.379378669880959,6.310559637673302,6.337295051668954,258132000,6.185793604169573,57.88058437923585
2018-08-08,6.3972015380859375,6.442256017164348,6.327144965378662,6.362049780522828,262100000,6.236329078674316,59.274283506489084
2018-08-09,6.348681926727295,6.4177483698942375,6.341007825023719,6.415025392934629,204280000,6.2773517199925015,57.896303400155325
2018-08-10,6.3073410987854,6.339770352414392,6.255603119465486,6.266742914184172,256396000,6.306774888719831,57.586111553226495
2018-08-13,6.340264320373535,6.461069199406025,6.314271626949036,6.316004473177335,375208000,6.326225280761719,60.26595787265725
2018-08-14,6.471713542938232,6.485824199163111,6.362543760893378,6.445720850109737,466220000,6.359220232282366,62.50000000000001
2018-08-15,6.413539886474609,6.526422782455124,6.334818615118527,6.492508100232021,591136000,6.377079214368548,55.635328790662335
2018-08-16,6.372941017150879,6.485824381462059,6.312786227962617,6.483348819385215,801260000,6.37881190436227,57.436866270778076
2018-08-17,6.06053352355957,6.262287383030578,6.033550222652588,6.261544667059298,1143188000,6.330716473715646,50.83795902937115
2018-08-20,6.135292530059815,6.267979442466334,5.909526280730271,6.01993407947894,854388000,6.30023227419172,53.428409716955954
2018-08-21,6.270952224731445,6.275408048826561,6.131828714121528,6.151632744006176,673988000,6.295033863612583,57.236491086984564
2018-08-22,6.506123065948486,6.511074189973505,6.234807985256849,6.238273677641328,749856000,6.318727970123291,61.579374597788565
2018-08-23,6.605637550354004,6.6709908672900005,6.453641463924956,6.467504231497427,720684000,6.337859971182687,63.34662716539292
2018-08-24,6.738821983337402,6.753427471474214,6.609600737990808,6.614056561594955,531512000,6.384328842163086,65.50201208003145
2018-08-27,6.829919338226318,6.904184310293047,6.737087887060319,6.768526533221396,505776000,6.449611459459577,65.94314014335698
2018-08-28,6.792293071746826,6.846754504144084,6.672230883596816,6.823979611720709,475384000,6.5541485377720425,63.41635526291501
2018-08-29,6.897808074951172,6.92282432093886,6.763809849884647,6.784615384477545,420108000,6.66307932989938,67.95209992308477
2018-08-30,6.880963325500488,6.97780871593763,6.8440580778356,6.866597400741575,346608000,6.750223772866385,69.0581754753957
2018-08-31,6.952049255371094,6.964928935765115,6.8509931561492525,6.860900820647783,306592000,6.813927514212472,69.82341024100705
2018-09-04,7.026851654052734,7.064499557449269,6.91043893789457,6.938922769688465,391720000,6.874100957598005,68.67340905934032
2018-09-05,6.896073341369629,7.04468503507189,6.815080102942609,7.009266024184306,393156000,6.8965654373168945,65.47529112533391
2018-09-06,6.754891872406006,6.882202450717836,6.721949780757953,6.879725534232668,322796000,6.885847227913993,61.50712643704581
2018-09-07,6.733591079711914,6.859167860718644,6.617921491985042,6.662752592718692,295420000,6.877461229051862,74.59069629365337
2018-09-10,6.804677486419678,6.834400014785048,6.712290807176201,6.756131241250396,220140000,6.864156859261649,74.52232370259657
2018-09-11,6.756874084472656,6.846040721039312,6.737554323727126,6.758359856511895,243112000,6.846429824829102,69.02603614725064
2018-09-12,6.642937660217285,6.736563021414469,6.487390806329898,6.716995712563337,419092000,6.8022710255214145,55.91882825267276
2018-09-13,6.7207112312316895,6.8113641025385085,6.69148427952384,6.7088222216516336,305536000,6.758536679404123,55.07372156731653
2018-09-14,6.846783638000488,6.912915845529068,6.77421182536549,6.811117078927837,386936000,6.751495293208531,54.79018656195388
2018-09-17,6.784861087799072,6.870313042224705,6.765541803056249,6.821271235850476,205528000,6.755776609693255,47.94766183659657
2018-09-18,6.712785243988037,6.891614551560944,6.706098089136994,6.78882511564889,299520000,6.752804347446987,46.488726187187076
2018-09-19,6.736564159393311,6.754397677020433,6.644177477000604,6.694209968399528,224860000,6.743073872157505,42.32495770423063
2018-09-20,6.595382213592529,6.656808135150557,6.541386568941393,6.614453950541359,430584000,6.720003604888916,37.84534030822835
2018-09-21,6.525286674499512,6.652845269611771,6.492097034372639,6.607271047597377,435128000,6.703196321214948,31.821169508160523
2018-09-24,6.581017017364502,6.584484606285388,6.407141526583593,6.494326821918809,293912000,6.683240004948208,30.695084569455418
2018-09-25,6.648138999938965,6.67315524125078,6.561448816248533,6.647148327870699,280388000,6.654862199510847,38.63793101941245
2018-09-26,6.611233711242676,6.693465633945016,6.595382013393871,6.653092794746679,268548000,6.630058288574219,42.7209016549896
2018-09-27,6.623122692108154,6.667706241696803,6.591666846456789,6.6464051389607945,214428000,6.6172493525913785,44.34871232438294
2018-09-28,6.960470199584961,6.982761972271351,6.727150180880644,6.755138907893004,709396000,6.649235929761614,56.26360429908311
2018-10-01,7.167040824890137,7.233915672083341,6.999604975957422,7.038244018018817,622060000,6.730901445661273,64.62372282008124
2018-10-02,7.095709323883057,7.251255737261924,7.073417544146881,7.139549761041056,383964000,6.812390395573208,66.64850206946659
2018-10-03,7.10189962387085,7.17348075680581,6.997871501632641,7.166050007923267,320552000,6.8868021965026855,64.79523093893201
2018-10-04,6.917622089385986,7.090011323366915,6.8405915439342335,7.065738202650397,391220000,6.925299780709403,52.630624600472075
2018-10-05,6.684054374694824,6.955022823203768,6.626591136082019,6.892853773600523,426636000,6.935702732631138,46.6797608124862
2018-10-08,6.582749366760254,6.716251983331009,6.441816001665867,6.600830429653313,408612000,6.929935114724295,45.797956121419745
2018-10-09,6.577053546905518,6.65680808260747,6.509187548645453,6.562192048362027,273500000,6.875161307198661,44.784542246208716
2018-10-10,6.085397720336914,6.516866899058399,6.083168353468724,6.471044646459707,684940000,6.720640863691058,36.434302228091795
2018-10-11,5.8238396644592285,6.131713297356919,5.802291014000633,5.998210212043619,725436000,6.538945198059082,33.06621443630023
2018-10-12,6.106449604034424,6.180755676857309,5.935794178537706,6.080938263373666,608236000,6.396738052368164,39.674455471841405
2018-10-15,5.83003044128418,6.093072921605937,5.829039769543402,6.093072921605937,449760000,6.241367816925049,33.68561864259473
2018-10-16,6.088863372802734,6.1000092587515065,5.893439280096134,5.942728633662583,408712000,6.156340530940464,40.43015178765174
2018-10-17,6.020253658294678,6.189175724537898,5.971211859531817,6.151031788328973,329668000,6.075984001159668,39.180273323239675
2018-10-18,5.932822227478027,6.127998811692099,5.8723869751484985,6.089607786057695,524020000,5.9839509555271695,29.739245733848705
2018-10-19,5.676220417022705,6.0076241458847495,5.639810731188842,5.988057305767104,613608000,5.925497055053711,21.176133054124364
2018-10-22,5.72699499130249,5.828546202223096,5.624205558385853,5.728481235636528,368844000,5.9116621017456055,23.32491869421554
2018-10-23,5.47534704208374,5.552872693514543,5.367603289909986,5.459742419395346,626436000,5.821504592895508,21.067950361217214
2018-10-24,4.939105987548828,5.483519745276379,4.925235633520547,5.436954850346148,884288000,5.694229670933315,18.72357323151806
2018-10-25,5.14790678024292,5.195214810348151,4.797183255084061,4.8415192681191,951720000,5.559807300567627,25.524896565986182
2018-10-26,4.911365509033203,5.073599526702132,4.783311805778513,4.91186060888678,664784000,5.401394707815988,24.470375215226525
2018-10-29,4.597547054290772,5.056013744296567,4.359520726942718,5.0525461558257305,758016000,5.21064111164638,22.365171800443093
2018-10-30,5.028025627136231,5.037933293931272,4.597547614755747,4.62058251487302,807192000,5.118041855948312,34.98207034730457
2018-10-31,5.221963405609131,5.265556284182285,5.053041296402848,5.192736453283943,745772000,5.045894486563546,41.28409160588719
2018-11-01,5.402278900146484,5.411690993469848,5.131805582585273,5.258373033990966,566528000,5.03545618057251,39.491404210261145
2018-11-02,5.323267459869385,5.498629186773639,5.206607191866129,5.392867257324554,452960000,5.090336390904018,41.963906962226034
2018-11-05,5.245245933532715,5.333422364114536,5.084497693276712,5.3101394439240455,379332000,5.104241984231131,35.80835080155977
2018-11-06,5.227660179138184,5.32153308768528,5.190506906599606,5.23731982213188,299012000,5.1494269371032715,36.43380572382598
2018-11-07,5.295278549194336,5.384940753938136,5.230632587115128,5.294287877072499,483812000,5.249102864946638,39.013152077698265
2018-11-08,5.102084159851074,5.236825026786725,5.0485836095310965,5.236081904534893,511352000,5.259682655334473,39.88479912683639
2018-11-09,5.0941572189331055,5.184562541536846,4.979478777026566,5.013163989670542,413240000,5.241424628666469,38.67967579424388
2018-11-12,4.694640159606934,5.024805614719028,4.672843483561452,5.002761388752705,617116000,5.140333380017962,36.73624665967911
2018-11-13,4.936628341674805,5.057994393912348,4.7862828912396855,4.792475417593144,644712000,5.085099220275879,49.953230009699645
2018-11-14,4.884119510650635,5.124127176761936,4.7761286982288205,5.109761250952143,526580000,5.033509731292725,44.70830345684662
2018-11-15,5.012915134429932,5.084991823831958,4.842259276739323,4.878173846516215,840708000,5.002831867762974,52.1291743424519
2018-11-16,4.07270097732544,4.227009150577226,4.00285315695543,4.045207816999074,1963520000,4.8281779289245605,41.28485245054288
2018-11-19,3.5840163230896,4.008054473131095,3.582282528727253,4.007311823338831,1697820000,4.611311095101493,26.476724338420553
2018-11-20,3.692502498626709,3.820803746237107,3.301901800762086,3.3204782015703618,1692032000,4.411074706486294,24.371175266786466
2018-11-21,3.584264278411865,3.846563773925209,3.5570189016060567,3.8297211644700657,1025496000,4.252449580601284,18.781852491185973
2018-11-23,3.5914466381073,3.705134409946211,3.5367081075417226,3.549587789582065,411968000,4.060280765805926,19.509791452328457
2018-11-26,3.7908339500427246,3.801236715714381,3.6300857095461447,3.7125651851629966,814832000,3.90409711429051,25.443247608228518
2018-11-27,3.8076772689819336,3.88891830156516,3.7289131533205135,3.7648275038395145,738060000,3.7319202763693675,26.018546585023387
2018-11-28,3.964709520339966,3.969910903304036,3.792815387753698,3.9253273507985633,804524000,3.7164929253714427,28.187389218397314
2018-11-29,3.90148663520813,4.004131127727471,3.87123877326063,3.96694114903452,549172000,3.761845827102661,29.442020137195513
2018-11-30,4.051981449127197,4.062642418971194,3.8608243107913096,3.911154879944143,729564000,3.813199962888445,32.98541788077934
2018-12-03,4.215866088867188,4.330907541332571,4.148923852142171,4.279337267668514,890804000,3.903428792953491,41.53200804510767
2018-12-04,3.895287990570069,4.176196838535952,3.880163824676703,4.171238049105715,812112000,3.9468347004481728,32.080171503959974
2018-12-06,3.9245445728302,3.929503126300897,3.7390900386430177,3.754709801280673,692308000,3.965936217989241,33.35401286779897
2018-12-07,3.6597509384155273,3.9389245124255527,3.6104122571159434,3.9287591352848983,681676000,3.944803885051183,27.583994330339266
2018-12-10,3.765122652053833,3.7899161266160215,3.611155690479493,3.6148747825982497,629472000,3.916291475296021,42.9566194053099
2018-12-11,3.67413067817688,3.865039562281547,3.595039743293712,3.8568577495849454,671912000,3.8838120528629854,52.523131728187714
2018-12-12,3.691734552383423,3.7879327562242606,3.590577558798652,3.67983364615647,654136000,3.8323482104710176,49.9773451370257
2018-12-13,3.691486120223999,3.802808478909871,3.655535844249827,3.738593671918811,471384000,3.757436786379133,53.37836000412868
2018-12-14,3.630991220474243,3.733635721092752,3.6074374393378656,3.649834008935208,471820000,3.7196801049368724,51.20547724578299
2018-12-17,3.559833288192749,3.673138974747846,3.501816730576885,3.600990387903989,662868000,3.667578492845808,42.36096317018685
2018-12-18,3.6431400775909424,3.727189590899094,3.5764458582392438,3.603718496806261,564372000,3.66520551272801,44.78797592490301
2018-12-19,3.434131145477295,3.662974134322945,3.382560867827784,3.6094202935145674,745364000,3.6179210117885043,33.72873442064491
2018-12-20,3.349585771560669,3.5157014402859024,3.2898336808839765,3.4257014896294447,749588000,3.5715574537004744,33.293325962161646
2018-12-21,3.2124781608581543,3.4090897172238206,3.1849574941900696,3.3761144294532026,863740000,3.50309225491115,24.379618553670554
2018-12-24,3.150742530822754,3.2226433177744287,3.086775522708637,3.1361144339769425,463840000,3.4258431707109724,15.33255650524201
2018-12-26,3.299999237060547,3.300990900456961,3.085784337859495,3.1968586774937924,695100000,3.3785586016518727,28.192635380373034
2018-12-27,3.252148151397705,3.282148218515748,3.1036357839530626,3.2476854292016903,637044000,3.334603582109724,25.69899631431022
2018-12-28,3.3136355876922607,3.406362976487989,3.2308257791061568,3.272726515120065,628728000,3.2875315121241977,35.336187887438044
2018-12-31,3.3099162578582764,3.389502794196484,3.2791723310839056,3.357023574871529,465140000,3.269786528178624,28.89663243452594
2019-01-02,3.3773539066314697,3.4333868996248627,3.224378856162952,3.239006953051816,508752000,3.2737534046173096,35.93423928150912
2019-01-03,3.1733040809631348,3.351072585396013,3.1658661345099586,3.3171056401141668,705552000,3.2681571074894498,29.119249080200447
2019-01-04,3.376610517501831,3.414792156100815,3.2157014402835227,3.24644513111555,585620000,3.300423962729318,39.10061982052405
2019-01-07,3.555370569229126,3.5923127453752457,3.3825605935906724,3.433883069464481,709160000,3.3369055816105435,47.580496533104856
2019-01-08,3.466858386993408,3.639172544283973,3.394213726416275,3.636940947071021,786016000,3.3675784724099294,47.05791464078364
2019-01-09,3.535040616989136,3.582395974416625,3.4676025381289186,3.5181809199379885,617260000,3.399207762309483,46.54625589586712
2019-01-10,3.6007425785064697,3.6094202238187583,3.455205461973821,3.5157014179979367,523156000,3.440754379544939,55.85977637863256
2019-01-11,3.689998865127564,3.712808776786297,3.5506600004094517,3.57842846515151,874764000,3.4854179450443814,61.93289345813514
2019-01-14,3.7299160957336426,3.7552054025821127,3.614131006452233,3.637684784225225,730168000,3.564933947154454,69.46464189877595
2019-01-15,3.715784072875977,3.802064931597008,3.697436882293088,3.76264335800668,617012000,3.613387312207903,72.04488831870843
2019-01-16,3.69024658203125,3.776031605595157,3.684792197403687,3.743056554435112,470104000,3.632655314036778,66.85222326094745
2019-01-17,3.761651277542114,3.8015686783789326,3.629998406859348,3.657271273873061,493436000,3.6747685841151645,71.5634435219289
2019-01-18,3.890824556350708,3.916857724775426,3.759915557958248,3.81148582676693,651336000,3.725594861166818,73.10436631262138
2019-01-22,3.6885111331939697,3.8722301238220407,3.658263273690258,3.860577252162477,661552000,3.738133226122175,63.075874131056665
2019-01-23,3.701403617858887,3.832560666001168,3.6701640957404,3.743800416167239,591020000,3.739762476512364,61.63019524576303
2019-01-24,3.913387060165405,3.930990147489875,3.781238351296663,3.785949106572364,708972000,3.76597261428833,76.41128850424748
2019-01-25,3.970659494400024,3.988758649715397,3.75123827001264,3.8538827493316914,1154572000,3.8023833887917653,73.66655040562185
2019-01-28,3.421734094619751,3.511734038207602,3.247932693968221,3.385535784531684,2511528000,3.764024462018694,45.88862603390957
2019-01-29,3.2628090381622314,3.423966163267884,3.248180938977569,3.3756189075121297,1153932000,3.6927612849644254,43.98303696532659
2019-01-30,3.406363010406494,3.4207430762470104,3.2593381453189685,3.3389249302879227,974228000,3.6235524926866804,46.36706965621068
2019-01-31,3.5640485286712646,3.599751010651744,3.381321194805929,3.403139443918474,842852000,3.6057721206120084,49.01517480317701
2019-02-01,3.588345527648926,3.639419968174311,3.5350399630359077,3.582643109291416,625048000,3.589620964867728,47.17317638665952
2019-02-04,3.698676586151123,3.735866562606489,3.582147630703884,3.604213677095452,528592000,3.558948040008545,49.16401590863154
2019-02-05,3.717767238616944,3.7544613817460473,3.676858171779204,3.710577088552101,542424000,3.5228205748966763,50.05292998453717
2019-02-06,3.793386697769165,3.8578495341980528,3.745535520267437,3.75098990427045,702464000,3.575913803918021,52.68109795603629
2019-02-07,3.655039548873901,3.749254409956487,3.6121471598327095,3.7470230495303545,637120000,3.6319467340196883,47.3218655677876
2019-02-08,3.673635482788086,3.684296455384477,3.5734701501908077,3.5878502151835927,461604000,3.670128515788487,44.22318164632763
2019-02-11,3.630991220474243,3.683800966011415,3.5826439606208225,3.629503488798189,495180000,3.6796917574746266,48.328068757805035
2019-02-12,3.748015880584717,3.763635881330857,3.655040687756964,3.669420990891623,591060000,3.7025018078940257,51.27754111138351
2019-02-13,3.790411949157715,3.863552438847325,3.7638829456268734,3.777519380248085,605372000,3.71560685975211,46.2840856319803
2019-02-14,3.831321239471436,3.85958577367494,3.7462798392413776,3.789420506301492,827264000,3.7318288598741804,45.74759241464911
2019-02-15,3.90099048614502,4.062890991905326,3.8781805745021543,4.04008131671056,1516748000,3.7472008296421597,70.6738333457093
2019-02-19,3.883634567260742,3.9642132338206393,3.871238067588212,3.8903288851582154,551892000,3.77985726084028,80.5067916900296
2019-02-20,3.930990934371948,3.998180982563622,3.901734970024586,3.912891775333928,540988000,3.81662232535226,78.47145684853707
2019-02-21,3.8620645999908447,3.9681801382661352,3.847436502459841,3.943634934947698,448548000,3.849632808140346,67.89750013172875
2019-02-22,3.9468588829040527,3.9657019084975222,3.900247387129171,3.913883824563626,401740000,3.8780389513288225,70.07217211530451
2019-02-25,3.934460878372192,4.097849085348831,3.925782998303352,4.03041126266841,656020000,3.8986173697880337,64.82682045345027
2019-02-26,3.895039796829224,3.985783606228599,3.861568678891669,3.929750612073512,488464000,3.9077200208391463,60.869508013819924
2019-02-27,3.8531394004821777,3.907188836317456,3.796114501695703,3.8806600682997,500256000,3.9008841514587402,53.821780861649394
2019-02-28,3.828568696975708,3.8692718758909623,3.806231855038525,3.846934797261979,324944000,3.893017598560878,62.98943689370292
2019-03-01,3.8829221725463863,3.9251141407930623,3.820130207820398,3.8784546150274335,357188000,3.886150632585798,64.8700237429259
2019-03-04,3.891111850738525,3.944224296999847,3.8345245328287154,3.921390880130561,409992000,3.8903002398354665,69.4332911902413
2019-03-05,3.8846588134765625,3.9228797969187608,3.82112222745173,3.875475647043627,362924000,3.8814145156315396,62.22878362946439
2019-03-06,3.7737183570861816,3.884162521879481,3.77098835426432,3.875724223752015,403524000,3.8584512983049666,48.66927826524577
2019-03-07,3.704474210739136,3.75982056736387,3.658311023061156,3.750141055686013,450104000,3.83122764314924,40.32548597596876
2019-03-08,3.738723993301392,3.749396189101285,3.5937812828889903,3.6151256744887768,422416000,3.814882584980556,36.91723504515178
2019-03-11,3.999323606491089,4.022156793840031,3.715146662894388,3.762302775963278,859728000,3.839276143482753,56.69964054851354
2019-03-12,4.033574104309082,4.079985114301369,3.95092675658682,4.027120937896919,579576000,3.860797848020281,56.03223547904728
2019-03-13,4.1849684715271,4.214254820812788,4.063603806431297,4.071049656945547,768900000,3.9027773652757918,67.30906323862041
2019-03-14,4.109021186828613,4.20606336972168,4.101327285949279,4.1941502023353925,519384000,3.934829132897513,58.77584725315278
2019-03-15,4.214502334594727,4.257190636489186,4.148731854313607,4.152206489042034,661484000,3.997798272541591,63.768075170861565
2019-03-18,4.193158149719238,4.299879619691205,4.166105229411055,4.246022305412801,486992000,4.067610263824463,64.92205178853536
2019-03-19,4.360934257507324,4.405360357128281,4.270841793358255,4.287718390383089,854972000,4.156497444425311,72.57278394482096
2019-03-20,4.328422546386719,4.443334056570707,4.293675714283009,4.3899733066028,719148000,4.203511578696115,72.06401465616878
2019-03-21,4.565195560455322,4.591503860063608,4.346541045580498,4.351504947149413,824312000,4.27945750100272,75.93889589859617
2019-03-22,4.405360698699951,4.586538799738648,4.391462156525321,4.537893902127443,747644000,4.310942104884556,67.5296145805261
2019-03-25,4.313035488128662,4.4289397039512695,4.2467688686274006,4.364658929139138,525212000,4.340087005070278,63.79481848417937
2019-03-26,4.389725208282471,4.5108413565047645,4.333385929072114,4.454750603699583,703508000,4.365118844168527,70.2844463928556
2019-03-27,4.380542755126953,4.461700604496169,4.3110500270474805,4.415289592550396,474372000,4.391888073512486,73.17906979215456
2019-03-28,4.399155616760254,4.464925632462409,4.346042930186937,4.4066009930987375,480264000,4.397348267691476,72.88837174790731
2019-03-29,4.456488132476807,4.480811057864354,4.4155371329536255,4.465919354961696,456896000,4.415643351418631,68.44214513176965
2019-04-01,4.523995876312256,4.554274914274913,4.476591711677349,4.5483183278939725,483824000,4.409757682255337,69.26678288679253
2019-04-02,4.541863918304443,4.586290014274835,4.505132197961692,4.548069029398765,440920000,4.429258142198835,65.66448225401918
2019-04-03,4.681347370147705,4.740416650952711,4.586539046596323,4.591502947178313,783504000,4.4818741253444125,73.79293365203804
2019-04-04,4.672411918640137,4.714852172484048,4.609619959964738,4.665958754324384,457376000,4.522257941109793,70.69783802377941
2019-04-05,4.739174842834473,4.756548492685493,4.6791133575303165,4.7155970281119926,481744000,4.573491096496582,73.70695366432139
2019-04-08,4.760024070739746,4.785091155090903,4.684574291270691,4.708648690110463,424192000,4.625043732779367,69.86175237690227
2019-04-09,4.697231292724609,4.737686179037519,4.655039088718205,4.726517640524543,439972000,4.659435612814767,67.81770399475131
2019-04-10,4.767717361450195,4.793529077520977,4.692020004561179,4.696487325922731,444772000,4.694252967834473,61.657094206076785
2019-04-11,4.7538161277771,4.801716843907919,4.70442662095735,4.770196612422263,374600000,4.724531854901995,74.10689897695678
2019-04-12,4.715845584869385,4.796507310952013,4.707158995707699,4.792536095885126,471708000,4.729460171290806,80.13353937121349
2019-04-15,4.584056854248047,4.71311542226327,4.544346598456222,4.708151521943394,440092000,4.716838019234793,63.43045078712263
2019-04-16,4.671170711517334,4.690033151773582,4.590509471177453,4.623270451962824,394964000,4.707123143332345,68.13239251750345
2019-04-17,4.648337841033936,4.7270137160976615,4.626000764151662,4.706165903909824,351004000,4.691167967660086,65.46514126209894
2019-04-18,4.623767375946045,4.689041296093805,4.595970289969916,4.655039571052807,380988000,4.680673122406006,60.822044752876955
2019-04-22,4.677623748779297,4.693259606449838,4.5686688510146265,4.600188619320266,279936000,4.667802606310163,60.117586985918074
2019-04-23,4.7322258949279785,4.763498088085355,4.681099047354128,4.690778321562646,346856000,4.664718287331717,61.958220006949354
2019-04-24,4.744636058807373,4.785339003334173,4.681844087408871,4.742650214485939,318204000,4.6688312121800015,54.730995602853866
2019-04-25,4.638906002044678,4.726765033170298,4.5592374522633365,4.704427959264903,499296000,4.676666804722378,47.81197978976422
2019-04-26,4.420004367828369,4.48949755986092,4.30112164027268,4.485029765047512,868988000,4.640785898481097,32.61231549180452
2019-04-29,4.450779914855957,4.478577001876419,4.355723060888487,4.427946255243696,391920000,4.612563337598528,33.33333333333333
2019-04-30,4.492227554321289,4.517790744322916,4.399404596444974,4.418515094035123,362920000,4.593771934509277,38.69116260669013
2019-05-01,4.47907304763794,4.586787220391971,4.478824521259415,4.544595015455744,354280000,4.56540754863194,33.00204032463236
2019-05-02,4.546579837799072,4.588275458332732,4.4455668951608445,4.488751780251713,394684000,4.538886683327811,38.52081702339859
2019-05-03,4.542112827301025,4.564946009612433,4.4805616041626095,4.555018683115511,336824000,4.509954793112619,40.00568370094514
2019-05-06,4.463685512542725,4.475846737404881,4.31849449984335,4.355722806843526,422176000,4.484923294612339,42.62246405147384
2019-05-07,4.29640531539917,4.415288016656609,4.24825652905285,4.415288016656609,555220000,4.467266287122454,29.08588215884231
2019-05-08,4.316508769989014,4.396673910238006,4.256943389066103,4.268856559927398,419168000,4.448084694998605,31.42539741176539
2019-05-09,4.223934650421143,4.257192219030091,4.1050523932512455,4.247512943457575,660248000,4.409757137298584,29.202176738463947
2019-05-10,4.189931869506836,4.258680413523153,4.070304536535706,4.193158451681177,569500000,4.368451254708426,24.09706294726429
2019-05-13,3.932559728622437,4.080977068369672,3.916675580408984,4.057895360022364,656912000,4.280734096254622,15.054240249955825
2019-05-14,4.021659851074219,4.056902783679465,3.933552519561103,3.972269850799725,524880000,4.206383671079363,20.39029502080615
2019-05-15,3.960605382919312,3.997089055458415,3.906748296288845,3.966065389135297,502320000,4.134515081133161,21.164800570825605
2019-05-16,3.9757447242736816,4.018433509440006,3.91270494198286,3.955145200765673,781088000,4.088706425258091,27.156665924575336
2019-05-17,3.884907722473145,4.063107771474698,3.845445755501489,3.933801147599461,1022068000,4.027049132755825,22.59610943821461
2019-05-20,3.766273021697998,3.8412262085621114,3.7414539947355534,3.78612814859124,572064000,3.9616689000810896,17.289147540321324
2019-05-21,3.848423957824707,3.864308108434011,3.788362227835228,3.827079800565692,361848000,3.912882055555071,23.246982270879244
2019-05-22,3.7774417400360103,3.835766148475726,3.766521254040468,3.8097063819468513,325868000,3.8907223428998674,17.468010031876474
2019-05-23,3.656325340270996,3.715146090996346,3.5965116674763187,3.715146090996346,591844000,3.838531698499407,15.899122122648734
2019-05-24,3.602468252182007,3.710430479443989,3.595767034155915,3.6751875449409854,357584000,3.7873692512512207,16.20570155356917
2019-05-28,3.557297706604004,3.652850655306097,3.555312099184021,3.620089671373013,428356000,3.727591105869838,17.923330763095635
2019-05-29,3.4830894470214844,3.544640205295166,3.4483428527061144,3.509645557963519,559800000,3.6701884950910295,15.452692833014055
2019-05-30,3.456502676010132,3.522099432460653,3.418237822426676,3.4863193619456454,394300000,3.6259355885641917,16.346984013671744
2019-05-31,3.365809679031372,3.4748891812634963,3.364070378436393,3.4075531302728064,389720000,3.556990691593715,15.572724058424214
2019-06-03,3.324066162109375,3.415752413082119,3.2947463907709222,3.376990657384309,478644000,3.49222275188991,18.994728316474905
2019-06-04,3.5531582832336426,3.558376185167301,3.3660583480395427,3.388172347229134,641836000,3.4774846008845737,29.108373244605687
2019-06-05,3.5104215145111084,3.632421624078859,3.47414453190071,3.626955148287575,511616000,3.4643350669315884,29.591803207106082
2019-06-06,3.572539091110229,3.597137872711987,3.512160242000285,3.514645024859921,408140000,3.4665124075753346,32.46820589810417
2019-06-07,3.615276336669922,3.649565439446264,3.559369907514877,3.5785024510507037,348856000,3.485396248953683,37.764351826005885
2019-06-10,3.6880788803100586,3.756657323153524,3.67143111953728,3.67143111953728,402780000,3.5184785638536726,46.297608307120704
2019-06-11,3.7457242012023926,3.7857283502627457,3.706217198259694,3.747960410884141,383872000,3.572752067020961,45.02177339947023
2019-06-12,3.632669448852539,3.708453669042387,3.617512652206957,3.702241711753581,358892000,3.6168382508414134,43.25738505322747
2019-06-13,3.683854818344116,3.702241642868211,3.637141800856831,3.654783380089688,308080000,3.635509184428624,51.37149417762017
2019-06-14,3.5939083099365234,3.615028494446946,3.5491833945324376,3.590678281157321,394428000,3.647435869489397,49.58835360474654
2019-06-17,3.60359787940979,3.64062033540375,3.5693085421669304,3.5921680213415312,276040000,3.651872839246477,52.30523600544623
2019-06-18,3.798649787902832,3.854059081062545,3.6540387648355375,3.664971479598743,581920000,3.6780690465654646,64.02386976736301
2019-06-19,3.804612398147583,3.845361793298085,3.778522652759161,3.833932171595601,331644000,3.694716691970825,65.75928949692991
2019-06-20,3.828963279724121,3.909219929712509,3.814551963528356,3.8953055227701183,350168000,3.7066079889025008,72.3073958637878
2019-06-21,3.770820140838623,3.863252121829804,3.764359847461872,3.814054557721149,434428000,3.72634380204337,71.18288603881291
2019-06-24,3.793182849884033,3.8227511988156015,3.744979102414021,3.792189031470821,282948000,3.741962092263358,64.15594919507879
2019-06-25,3.76386308670044,3.873191169227853,3.761129967573937,3.798152428653057,311868000,3.7662413460867747,65.18760281529241
2019-06-26,3.9571750164031982,4.018299592383468,3.878409332972275,3.891329921106845,584072000,3.8167523656572615,69.91767636985882
2019-06-27,4.0558180809021,4.074950386948419,4.006868855487333,4.042897494829749,445440000,3.8534906932285855,71.56410438348263
2019-06-28,4.0806660652160645,4.108992024511703,4.033953279257894,4.099798374218473,397668000,3.8929269313812256,70.16337596308797
2019-07-01,4.128869533538818,4.322181195149947,4.091349926515386,4.287891853403796,709756000,3.9357706819261824,69.87116488253838
2019-07-02,4.030971050262451,4.1333419287237945,4.017802127034012,4.112221510410361,400228000,3.9729350975581577,70.98715894883682
2019-07-03,4.043890953063965,4.060041802697205,3.9840092574828505,4.054326755432695,246636000,4.008750540869577,69.7680434166215
2019-07-05,3.981276512145996,3.989973014935344,3.9179157359106274,3.985500595489945,396552000,4.039809601647513,71.92683658883128
2019-07-08,3.906237840652466,3.940527182235838,3.87617281969884,3.921643210752934,329788000,4.032532862254551,65.9507676037684
2019-07-09,3.9087228775024414,3.9368002634679993,3.851325714002341,3.863997728866844,342860000,4.011519261768886,57.2789833388095
2019-07-10,3.97705340385437,4.034450336336042,3.9382916359512783,3.952206043825623,452076000,3.9967174530029297,60.5343510116193
2019-07-11,4.131602764129639,4.172352163605973,4.012832693269536,4.0501034912530605,682560000,3.997107914515904,65.95075048931844
2019-07-12,4.16464900970459,4.2357124701066695,4.159431108052494,4.159431108052494,506392000,4.016204765864781,71.32097146426969
2019-07-15,4.1562018394470215,4.20192081085043,4.127876351644319,4.185770429821443,289840000,4.032249178205218,69.95364019359572
2019-07-16,4.151480197906494,4.178563525212649,4.095822104880401,4.141292730431857,341444000,4.056563990456717,71.89783853357116
2019-07-17,4.2168288230896,4.223786025825203,4.123899930636736,4.153219706143605,348204000,4.1009341308048795,67.14804195264661
2019-07-18,4.228507518768311,4.291371164389587,4.170613439945516,4.227265364030677,442192000,4.146617650985718,62.88476659088569
2019-07-19,4.185271263122559,4.273230561531356,4.179307880694527,4.26677050702317,344896000,4.176363059452602,57.59639677324629
2019-07-22,4.256832599639893,4.26975318628698,4.199186868912586,4.206641217567248,315940000,4.194253035954067,58.9877306983059
2019-07-23,4.364669322967529,4.366656959528526,4.280436944204497,4.296091122374806,428176000,4.2228273664202005,73.11523331054227
2019-07-24,4.439211845397949,4.444926894123487,4.3318718656364,4.407904430288153,366236000,4.2632573672703336,75.22990139301157
2019-07-25,4.308016777038574,4.410387627535656,4.284660392175826,4.397715380009226,392700000,4.285619735717773,69.17449579166455
2019-07-26,4.350010871887207,4.396723663946052,4.335102644914468,4.335102644914468,274160000,4.3046457426888605,77.09325381518545
2019-07-29,4.343799114227295,4.359949969769887,4.255591433975574,4.342805295627195,248160000,4.321115970611572,76.44197302888085
2019-07-30,4.359451770782471,4.371626875060617,4.28292206996739,4.2973336209986925,197772000,4.345998900277274,74.83034838764006
2019-07-31,4.192229747772217,4.328889965550222,4.149989385757035,4.327895673237867,359416000,4.336769921439035,53.87296442735906
2019-08-01,4.097809314727783,4.293108558716683,4.045629834365673,4.20266447363312,421212000,4.298647063119071,46.04062614221128
2019-08-02,4.005130290985107,4.07445446353543,3.957672258260001,4.005130290985107,428348000,4.236635412488665,41.86300716873128
2019-08-05,3.746718406677246,3.822750960676315,3.6997570536301936,3.821508569256221,589156000,4.156449931008475,32.8779678999845
2019-08-06,3.785480499267578,3.8669795404010574,3.737773893750693,3.821509144992469,361272000,4.075802734919956,31.333450815683833
2019-08-07,3.823744535446167,3.835671302749761,3.707210929030838,3.724603933880314,372560000,4.00150922366551,32.877900204230826
2019-08-08,3.93232798576355,3.933570377377517,3.8239939488225367,3.881391114400766,309300000,3.9404915400913785,39.860668909272704
2019-08-09,3.830950975418091,3.8948084322634977,3.780511015637287,3.891329830689784,341816000,3.888880286897932,33.326911549447644
2019-08-12,3.763117790222168,3.8309507539501024,3.7412521266214847,3.7787714963989343,279200000,3.841067211968558,25.68799648485829
2019-08-13,3.87741494178772,3.923382478622136,3.722616707640462,3.761626804806264,351956000,3.822822162083217,28.001597543412927
2019-08-14,3.728828430175781,3.800388568001883,3.685097340154028,3.7892072816564335,419880000,3.820266451154436,27.625340138685957
2019-08-15,3.696526765823364,3.767589990667172,3.662237663294885,3.7477122019917184,477200000,3.80755877494812,24.56474230305595
2019-08-16,3.9646291732788086,4.013826503293724,3.8980383619123904,3.95941127105053,1007960000,3.827685151781355,37.74097875205969
2019-08-19,4.243415355682373,4.259317873192827,4.061782113365243,4.077932967015631,815112000,3.872126204626901,46.79391356612526
2019-08-20,4.171110153198242,4.238446212378507,4.149989733459158,4.237949066180677,463188000,3.9207203728812083,49.38416432888914
2019-08-21,4.254595756530762,4.30975669923468,4.215585664112146,4.237202751880667,427244000,3.990931510925293,54.60114758264308
2019-08-22,4.260808944702148,4.306776249710684,4.221550033107527,4.264287546444157,303488000,4.0457020827702115,57.9044438495358
2019-08-23,4.03618860244751,4.238693894962377,4.016310814305943,4.184278432152691,568056000,4.08961067880903,59.14009788977493
2019-08-26,4.110978126525879,4.139055739199346,4.072713522808169,4.114953872879457,318208000,4.148818016052246,60.04904262795703
2019-08-27,4.020286560058594,4.151976728727694,3.9909667870160326,4.149243609871837,290968000,4.156769071306501,55.87754783670858
2019-08-28,4.00984001159668,4.062568312541914,3.954624468464328,3.99392223087066,255612000,4.123401165008545,52.4625190137411
2019-08-29,4.153600215911865,4.185933420556191,4.097887025973425,4.101369070695014,357976000,4.120899745396206,59.981604725829996
2019-08-30,4.166285037994385,4.249606013799285,4.14812859198938,4.1998621051641445,290616000,4.108283928462437,62.913162459683726
2019-09-03,4.083212852478027,4.126489831949737,4.060330978584198,4.093410405266968,296140000,4.0829130581447055,56.72609913071311
2019-09-04,4.197373867034912,4.204835593878821,4.143899343969294,4.143899343969294,227728000,4.105939524514334,65.66601001746105
2019-09-05,4.4704670906066895,4.4766849589793285,4.297856370030301,4.299597392150358,695676000,4.157295090811593,72.28818594817695
2019-09-06,4.443356990814209,4.504044190055208,4.405303081723671,4.447087617386065,376976000,4.217733723776681,66.0086111471654
2019-09-09,4.4893717765808105,4.575926241346267,4.472956348255274,4.474448789301198,417524000,4.286238261631557,59.741247177575005
2019-09-10,4.556026935577393,4.582639435304797,4.4468392145399465,4.456539128653216,352812000,4.343727793012347,65.31338769213608
2019-09-11,4.584627628326416,4.632879071496145,4.541599250176534,4.570699454940156,361512000,4.403491020202637,63.72943689882746
2019-09-12,4.5831379890441895,4.685858804928762,4.575179095730551,4.631140879705241,327840000,4.474908896854946,63.46190229056645
2019-09-13,4.525185108184815,4.553539101008627,4.4814104978045615,4.51647999736956,324592000,4.521739074162075,73.72566239828396
2019-09-16,4.482156276702881,4.516728134649595,4.439625528850408,4.450071660800387,231832000,4.523408957890102,68.58191835497277
2019-09-17,4.503546714782715,4.507774979321848,4.442361881512801,4.4888723170503,223048000,4.532007489885602,75.99680898000226
2019-09-18,4.476436614990234,4.512252339495928,4.389882659024344,4.49658313792207,258152000,4.530159609658377,74.65831991879712
2019-09-19,4.400825500488281,4.500810450585569,4.390130312031318,4.482404953945371,245476000,4.507987976074219,64.07928974222361
2019-09-20,4.2951202392578125,4.423459191737684,4.284923162437037,4.399831101241645,350244000,4.466629777635847,56.63418167532196
2019-09-23,4.348595142364502,4.3941107795295,4.291638569022442,4.2953696700313815,249712000,4.433123656681606,64.09511435959388
2019-09-24,4.291141510009766,4.409531506404624,4.255574842142143,4.379934125904165,317268000,4.399688856942313,55.29945869497141
2019-09-25,4.432910919189453,4.452559803237135,4.245874359420754,4.29064377648413,308432000,4.392653805868966,47.50744497365381
2019-09-26,4.410775661468506,4.431916990087712,4.359788365189732,4.423211876654245,234564000,4.379400798252651,47.8232447186733
2019-09-27,4.271989822387695,4.4197286020751365,4.211302152824442,4.368989901893488,362056000,4.350194113595145,37.07849053908427
2019-09-30,4.329445838928223,4.339643395605866,4.266519950134679,4.297858840704171,186184000,4.3399970190865655,36.38275861080782
2019-10-01,4.327703475952148,4.501806682926707,4.322978046541209,4.352575430433239,366008000,4.3446517671857565,34.04407292222534
2019-10-02,4.303825855255127,4.317754032858804,4.231448668584901,4.305815459371947,293372000,4.3382561547415595,33.12300475976444
2019-10-03,4.50951623916626,4.515734108148081,4.277959325726504,4.308302924847908,450588000,4.369452544621059,49.19665872615398
2019-10-04,4.525930881500244,4.55527967346371,4.4465896155657125,4.511753649291467,265524000,4.3827411106654575,52.30728553519313
2019-10-07,4.584627628326416,4.684363501778522,4.582140386737037,4.59084549510345,480984000,4.407577105930874,54.111928095487066
2019-10-08,4.408040046691895,4.492852998413541,4.389883598608516,4.492852998413541,444436000,4.427012852260044,46.987998864394264
2019-10-09,4.494593143463135,4.544088466129214,4.456042068059754,4.484893229125015,292412000,4.45060532433646,54.08986067290475
2019-10-10,4.552294731140137,4.603282006354328,4.487130698303519,4.492353764205771,309124000,4.482689789363316,61.707426985687164
2019-10-11,4.625916957855225,4.70923745186966,4.617460427723012,4.636363092350418,446404000,4.528702804020473,62.397192062195515
2019-10-14,4.639347553253174,4.660239822488352,4.586121603579048,4.617211425481787,200040000,4.547250134604318,66.20371870219542
2019-10-15,4.8840861320495605,4.956712380207494,4.71570365603876,4.729632309028545,664124000,4.598415170397077,69.15928083571768
2019-10-16,4.830363750457764,4.954972105213519,4.8189228126552655,4.850012637253041,428944000,4.633520330701556,67.35240966468916
2019-10-17,4.832353115081787,4.919901869835701,4.777883310201542,4.874883871195083,263436000,4.694136483328683,76.13090724735008
2019-10-18,4.737840175628662,4.865432928568595,4.663473373366728,4.832850665565099,307440000,4.728886059352329,68.40807985456918
2019-10-21,4.875133037567139,4.8885640539462045,4.780371125805909,4.799273791765229,261868000,4.77500581741333,71.98811460511556
2019-10-22,4.865185260772705,5.037298409991811,4.857474949190354,4.932090347427092,328720000,4.809187003544399,72.80278888937961
2019-10-23,4.852251052856445,4.866427814808763,4.751271273511901,4.783107316807916,279916000,4.839601789202009,66.50708473061307
2019-10-24,4.896275520324707,4.92985212041318,4.859464981967236,4.893539220495518,232020000,4.841343130384173,67.37476449062194
2019-10-25,5.087288856506348,5.108181121639975,4.969147461590748,4.976857770065245,423092000,4.878046716962542,70.97793982735382
2019-10-28,5.143251419067383,5.195730671957775,5.101714989853794,5.131063788119243,330792000,4.922460760389056,84.1182473818004
2019-10-29,5.046997547149658,5.135790170441866,5.027597717384836,5.129323244258218,211236000,4.966626099177769,75.40615602707473
2019-10-30,5.048987865447998,5.079580529377761,4.980838920887303,5.073859822667536,205960000,4.991462503160749,74.07776052355048
2019-10-31,4.999741077423096,5.048987348429831,4.919902620012374,5.028095077286321,209732000,5.010684762682233,68.560170230658
2019-11-01,5.038790702819824,5.071123914601427,4.939302875568177,4.964423414375213,283640000,5.037333284105573,69.34013949397072
2019-11-04,5.235523700714111,5.247959909080152,5.096739125856128,5.119869572070564,376716000,5.085797309875488,67.84538573663082
2019-11-05,5.2133893966674805,5.261391797562708,5.165386521379289,5.23527646486896,300868000,5.10381167275565,70.09398303452382
2019-11-06,5.164144515991211,5.214882754657109,5.076595271028035,5.189265053344421,269012000,5.106796400887625,66.58391594891383
2019-11-07,5.181802272796631,5.265371817158566,5.137032857088701,5.250697418649544,280340000,5.126054218837193,74.03730075541259
2019-11-08,5.167875289916992,5.199462754784538,5.127334129593863,5.164890882896166,189100000,5.143038136618478,68.29364954024886
2019-11-11,5.1778244972229,5.200954957265661,5.080823911548276,5.167129304194802,243436000,5.168478625161307,69.53698980199955
2019-11-12,5.2133893966674805,5.269351162720486,5.181055720995538,5.216125220893545,283504000,5.193421295710972,71.94697456179192
2019-11-13,5.187522888183594,5.209658539332354,5.121114985951338,5.182050765082911,300188000,5.186564036778042,68.09902593169431
2019-11-14,5.21786642074585,5.220105081221384,5.136535539362813,5.196476515642784,518080000,5.18720361164638,60.139202477475315
2019-11-15,5.078583717346191,5.267360796972034,4.990288280436552,5.215627298232652,1053628000,5.174980640411377,45.55392219216309
2019-11-18,5.279798984527588,5.306411489560033,5.068139482266885,5.071123889360883,574588000,5.188980170658657,63.9870116922273
2019-11-19,5.173096656799316,5.27233539210148,5.11489670669116,5.248707302512565,414564000,5.1897260802132745,56.62324879291594
2019-11-20,5.252438068389893,5.336256188735974,5.13753013093992,5.150214924328911,472588000,5.200385161808559,63.065860869873944
2019-11-21,5.227566719055176,5.303674539327308,5.205928230436491,5.247961823580081,288388000,5.202410493578229,59.90602720997199
2019-11-22,5.245225429534912,5.296709874744304,5.221596864781539,5.25019943976297,224100000,5.210653713771275,50.62692119021971
2019-11-25,5.501904487609863,5.506878973703711,5.36038353667369,5.373316915881832,506476000,5.251230580466134,64.3069411813666
2019-11-26,5.39719295501709,5.488969974847671,5.390726029551983,5.484244071716554,385244000,5.296746185847691,60.95387939342595
2019-11-27,5.432039737701416,5.477090960811388,5.405656363553785,5.442742821340498,215784000,5.318494864872524,61.574776195908306
2019-11-29,5.394703388214111,5.429549525942647,5.370808622489961,5.401175085073994,141556000,5.350152969360352,60.26957324837189
2019-12-02,5.208276271820068,5.401175779826286,5.193093513318117,5.387734853691792,372036000,5.343844141278948,51.18873532648433
2019-12-03,5.168701171875,5.172683316813623,4.9872515189885895,5.024586738875106,465232000,5.335434777396066,48.260966056569174
2019-12-04,5.212507247924805,5.274732768272059,5.1838835655342335,5.252331542967603,273424000,5.3307607514517645,50.95887362544855
2019-12-05,5.195581912994385,5.250091431797594,5.164966685126337,5.23441066984992,184884000,5.287000383649554,49.13584346884495
2019-12-06,5.280954360961914,5.313809897474566,5.254819760632158,5.264776070134713,232236000,5.2703948702131,58.19003414170622
2019-12-09,5.280954360961914,5.335713113740033,5.249344075251532,5.258055608694784,211880000,5.2488112449646,50.05585556759908
2019-12-10,5.326007843017578,5.377779530532303,5.258306149867408,5.311073373720012,256388000,5.238997595650809,57.860910918272296
2019-12-11,5.409637928009033,5.415114089309581,5.333971953447674,5.336461031358274,233796000,5.267763546534947,58.04590631885484
2019-12-12,5.577149868011475,5.595319711924043,5.371805897682244,5.380766199566231,404348000,5.326113360268729,65.61288643613068
2019-12-13,5.57515811920166,5.6993604024804005,5.521146124817035,5.580136275086,454704000,5.377920627593994,64.94440333532471
2019-12-16,5.604031085968018,5.676461694117354,5.594572778812132,5.622698934885538,320976000,5.43627050944737,55.82873810779579
2019-12-17,5.682186126708984,5.704836118935157,5.613240139053931,5.622698445386399,321196000,5.493589333125523,66.77408309664672
2019-12-18,5.712553024291992,5.773036251441817,5.708570403983363,5.717033175424729,343548000,5.55524628502982,66.59793639910956
2019-12-19,5.860648155212402,5.87408907998168,5.74217080898658,5.747148964437648,445360000,5.631623472486224,74.37501964405718
2019-12-20,5.957969665527344,5.983357501349498,5.907940290008705,5.927105668248703,603044000,5.709956577845982,93.25098827820891
2019-12-23,5.944279193878174,6.01870085920795,5.93357658723119,5.986592564523979,355060000,5.762403624398368,96.12180997702565
2019-12-24,5.939301490783691,5.956475795589439,5.894499039071839,5.928847648683333,138864000,5.814424106052944,95.31335285954329
2019-12-26,5.953489303588867,5.981614981768694,5.923869608981522,5.942786221174375,182852000,5.864346708570208,97.41501257979084
2019-12-27,5.895743846893311,5.982112902106943,5.869360001396753,5.968671976624288,254644000,5.8948549543108255,89.83860093204464
2019-12-30,5.78249454498291,5.8790686958543,5.751133012388113,5.873841773755167,258056000,5.904846600123814,78.34042154183085
2019-12-31,5.856665134429932,5.86612343847469,5.727982731204513,5.747148104606454,231004000,5.9042775971548895,79.03045138926932
2020-01-02,5.971409797668457,5.971409797668457,5.892010445596926,5.942537349164542,237536000,5.906197616032192,79.72082448905866
2020-01-03,5.87583065032959,5.919637558269956,5.826796822243751,5.851687121635845,205384000,5.8964192526681085,67.10366577923408
2020-01-06,5.900473594665527,5.905700516480827,5.756359621904757,5.782494230981256,262636000,5.890872410365513,68.15782581756473
2020-01-07,5.971907615661621,6.017705602199702,5.883796256515214,5.928847472247913,314856000,5.893503597804478,69.60208548771905
2020-01-08,5.983108997344971,6.024426839104934,5.927603932688203,5.967676998031507,277108000,5.9059843335832864,67.26649313013107
2020-01-09,6.048818111419678,6.1212487048791,5.995055363091682,6.069477028787541,255112000,5.944030557359968,68.54234164970279
2020-01-10,6.0811767578125,6.186462444350852,6.066989533627013,6.1560964484809455,316296000,5.976103646414621,63.93963616284299
2020-01-13,6.271834850311279,6.296973919615413,6.141658878781784,6.1643093449606505,319840000,6.019021511077881,67.74554287547551
2020-01-14,6.154850959777832,6.254411699514828,6.141658799771101,6.229023390430331,359088000,6.058881555284772,60.66032037859502
2020-01-15,6.112287998199463,6.189945513199104,6.086402159866249,6.16754428868986,263104000,6.089140755789621,58.436489417267154
2020-01-16,6.195919513702393,6.201893205518962,6.142405527455289,6.16580228926058,284192000,6.121142455509731,61.07319227788733
2020-01-17,6.2046308517456055,6.222551926626451,6.157090558824123,6.215084693407007,253792000,6.152788434709821,64.77027043665781
2020-01-21,6.171278476715088,6.2048803152981495,6.137178632668914,6.168042628062491,217916000,6.170282772609165,70.12879541599906
2020-01-22,6.225291252136231,6.311909089238601,6.197663099811183,6.216579715343932,239240000,6.1908705575125555,69.49200491570735
2020-01-23,6.293736457824707,6.302199225459399,6.176503911154498,6.265362021832883,244516000,6.193999358585903,67.92130583572913
2020-01-24,6.234499454498291,6.459009239561232,6.180238697894959,6.409228633096276,373512000,6.2053777149745395,70.78176225148766
2020-01-27,5.978628158569336,6.029653066688247,5.780252977773536,5.929843088153652,470536000,6.186283452170236,53.57140989436252
2020-01-28,6.172026634216309,6.204383703782825,5.991323246194807,6.044588479277602,310976000,6.1828701836722235,58.227670915120584
2020-01-29,6.111542224884033,6.193679896862206,6.071717453105673,6.157588979316764,258848000,6.1695718084062845,55.07473889995071
2020-01-30,6.118260860443115,6.131701783224077,5.958714942205189,6.013721985150289,290504000,6.161997863224575,52.8780345130155
2020-01-31,5.884792327880859,6.084411825677321,5.842976956920806,6.07246444119071,370420000,6.1133551597595215,43.02382463959499
2020-02-03,5.981864929199219,6.001279074420457,5.860400477267656,5.866622935364559,255564000,6.068802084241595,38.96572559792855
2020-02-04,6.151117324829102,6.170283177377277,6.073709042756878,6.1237384171402685,271544000,6.0568903514317105,49.863358893189584
2020-02-05,6.241469860076904,6.282289699223964,6.158087399726927,6.272084620751414,208220000,6.0944391659327914,54.56792896183709
2020-02-06,6.328335285186768,6.328335285186768,6.194675177734428,6.275817310153531,218284000,6.116768973214286,54.67159728871863
2020-02-07,6.262127876281738,6.310414943243129,6.236739566476,6.28826248219082,189752000,6.138281209128244,51.94939652451926
2020-02-10,6.545377731323242,6.546124027329759,6.279798897492714,6.284777052660866,529608000,6.199297904968262,60.845741776281685
2020-02-11,6.667838096618652,6.782582072275336,6.591674116500765,6.65365087473123,638556000,6.311161586216518,62.34038139863895
2020-02-12,6.7835774421691895,6.790049139533246,6.681776389310906,6.720605149266072,374644000,6.425691945212228,63.30816029731941
2020-02-13,6.73976993560791,6.806973607493274,6.698203336082663,6.725582715312186,528016000,6.509785175323486,63.8434153472713
2020-02-14,7.212934017181396,7.341865218316745,7.118600192938907,7.1499617209802695,1041924000,6.648565769195557,80.219389192954
2020-02-18,7.381688594818115,7.400107674639711,7.090224388293279,7.109638529491907,620164000,6.799044813428607,79.97777940063939
2020-02-19,7.832947731018066,7.850620039502541,7.504148319348195,7.504148319348195,694332000,7.02344764981951,85.73794286481362
2020-02-20,7.683607578277588,7.873270750699054,7.37621335116715,7.78491062439982,810052000,7.1860519136701315,80.68111425015636
2020-02-21,7.319464683532715,7.596492964996843,7.234589157698324,7.571353892162281,768180000,7.279141426086426,76.74962383527631
2020-02-24,6.801995277404785,7.015802435651572,6.670575020069589,6.7250845370441645,856916000,7.281772545405796,63.21910284556057
2020-02-25,6.522479057312012,6.939141090526179,6.420678006754452,6.877164335215975,1055496000,7.250730991363525,55.780256984756136
2020-02-26,6.661864280700684,6.856008081626583,6.521234941797233,6.522728008722888,747732000,7.172006743294852,56.44507528323049
2020-02-27,6.291027069091797,6.64966057095951,6.198629094216085,6.3483086737227055,906416000,7.016197953905378,49.47384051034666
2020-02-28,6.726119518280029,6.785642779729529,6.021803597722082,6.038489872052209,1133252000,6.8580796377999445,55.92700242461941
2020-03-02,6.884515762329102,6.913405955586812,6.50023030439148,6.8962213781378505,890744000,6.743923664093018,54.474866469507376
2020-03-03,6.622015476226807,7.000074707621005,6.536590903035929,6.940302540308167,652792000,6.644288063049316,49.41692669150236
2020-03-04,7.08574914932251,7.095213112715437,6.654641699163994,6.729357274638746,597408000,6.684824330466134,53.53218980383833
2020-03-05,6.806313991546631,7.053123305909204,6.761733655663814,6.886259139101553,540328000,6.725372178213937,50.73724420606132
2020-03-06,6.6257524490356445,6.6842795827074015,6.425515243639986,6.626748580774733,515412000,6.720213345118931,43.0435716439659
2020-03-09,6.112706661224365,6.460381763975549,5.931895713663488,5.974732222369242,614160000,6.69473900113787,36.10009796402387
2020-03-10,6.502223968505859,6.502223968505859,6.126406261250022,6.389154687832175,580648000,6.662753922598703,35.22394429136901
2020-03-11,6.138359069824219,6.390647822883888,6.041229343978403,6.362255932629581,499964000,6.556160109383719,33.622161478599025
2020-03-12,5.387221813201904,5.880591547871109,5.374520065165271,5.615103210164313,816540000,6.379761014665876,31.07311541624361
2020-03-13,5.998142719268799,6.002625548762548,5.469407777571271,5.740623949726182,634836000,6.224388667515346,42.26759144835935
2020-03-16,4.891361236572266,5.63104297256949,4.831589056647844,5.290091825274877,726972000,5.950823988233294,36.46422302382599
2020-03-17,5.411130428314209,5.500540018363488,4.756873781766378,5.003683107514514,833632000,5.77730655670166,40.237174175641314
2020-03-18,5.051251411437988,5.228575666366858,4.499852892401873,4.98350971068714,874268000,5.625670092446463,40.30612678611615
2020-03-19,5.3040385246276855,5.397681548940483,4.816396698508904,5.029832983972858,765512000,5.45450074332101,38.55436668150627
2020-03-20,5.124223709106445,5.736141627251314,5.1087824811310405,5.454215947191174,804636000,5.309624263218471,35.88095051234143
2020-03-23,5.297064304351807,5.391455014961884,4.944159162264522,5.123226756819827,643876000,5.296744619097028,39.21767550209979
2020-03-24,6.205852508544922,6.29252262339165,5.679608014732803,5.7032676882386975,1101644000,5.326417446136475,43.32313319127673
2020-03-25,6.117189407348633,6.520651674070698,6.068375159691463,6.320912803870535,793432000,5.501535756247384,44.61484368019125
2020-03-26,6.406587600708008,6.530614786550064,6.226274460518204,6.324400321803206,696108000,5.643743923732212,48.315983962017214
2020-03-27,6.294265270233154,6.55302911484809,6.193399457546249,6.226274177603564,638828000,5.821317332131522,51.486605031021625
2020-03-30,6.614543914794922,6.623758962977979,6.315682596985886,6.359764624736775,602252000,6.008532387869699,50.93022506397983
2020-03-31,6.564984321594238,6.858864569074707,6.419289243805975,6.654642355975329,949960000,6.214355332510812,53.727325628093475
2020-04-01,6.053681373596191,6.513429604344959,6.009101514807017,6.36698780602018,656912000,6.32244348526001,56.07739065982532
2020-04-02,6.362505435943604,6.375705012122686,6.03475435884826,6.082820919284177,675764000,6.344822474888393,53.51632950354909
2020-04-03,6.074603080749512,6.366490595902517,5.937126918400337,6.324899124823226,663212000,6.338738713945661,63.56266089494482
2020-04-06,6.68452787399292,6.721387595066812,6.299245814449324,6.356776811021011,727884000,6.378444467272077,64.30049094367428
2020-04-07,6.45116662979126,6.929842768857639,6.408080732488739,6.90618262494853,784520000,6.40085894720895,66.18111766880043
2020-04-08,6.648415565490723,6.673320757486183,6.490268142600633,6.560251499344632,542444000,6.405697754451206,65.7412727025642
2020-04-09,6.548794746398926,6.797098478837113,6.485784791472698,6.774186027060479,525564000,6.403384957994733,66.99950905539023
2020-04-13,6.720641136169434,6.729357882841926,6.400610651116325,6.489023638809924,398408000,6.498664924076626,66.99167688951817
2020-04-14,7.071802139282227,7.105921904267473,6.821256743745336,6.848901415569043,530948000,6.599993024553571,61.923035106231545
2020-04-15,6.994346618652344,7.077280628589877,6.858364921063001,6.903691995250456,366148000,6.7313849585396905,62.114738905739685
2020-04-16,7.339530944824219,7.446622923774193,7.136554773121046,7.149754347379322,745620000,6.824956825801304,62.68967803831204
2020-04-17,7.2802581787109375,7.443137348930064,7.146268727741518,7.4217188549029,539120000,6.943398475646973,63.60762230116546
2020-04-20,7.149007320404053,7.309645293108187,7.104676377829495,7.153739539148925,449388000,7.014911583491734,57.78212783188036
2020-04-21,6.712172985076904,7.092224547039059,6.652400807148246,7.030958409056792,735160000,7.038251331874302,51.92595303718659
2020-04-22,7.126591682434082,7.169428659064748,6.858862241086603,6.904438222876537,483356000,7.096244267054966,64.40416386485978
2020-04-23,7.0732951164245605,7.300678638429084,7.048141014704802,7.168681951686637,424160000,7.096457549503872,60.24553251085013
2020-04-24,7.212265491485596,7.21425775443476,6.988368672900913,7.063084233817732,352328000,7.127588817051479,67.13426157134008
2020-04-27,7.398804664611816,7.558695402226678,7.322096841808652,7.34675311432739,479388000,7.13605649130685,62.33016408917609
2020-04-28,7.256349086761475,7.576130635658763,7.250870124951542,7.546244309815871,442904000,7.132640906742641,64.34978744580769
2020-04-29,7.433176040649414,7.485974824111868,7.31587285674116,7.391086267383881,379160000,7.173236438206264,64.08838237187476
2020-04-30,7.279261112213135,7.433174602388813,7.265314320226597,7.379130308414006,375916000,7.254249027797154,62.86291643708654
2020-05-01,7.042662143707275,7.195081190731634,6.994346202651434,7.081763036975813,342096000,7.242259093693325,55.54409509750174
2020-05-04,7.254605770111084,7.268303649724436,6.995343614233226,6.995343614233226,317556000,7.268160615648542,53.3057160699051
2020-05-05,7.315622329711914,7.478252560492404,7.254604641389725,7.358708225237828,368896000,7.282925878252302,55.844514086569355
2020-05-06,7.416487693786621,7.521338495598032,7.357213829130768,7.395069678002015,323464000,7.285452025277274,51.53655065466445
2020-05-07,7.592816829681396,7.656075704098052,7.504403849001382,7.555708193207782,373732000,7.333518845694406,55.96198998650762
2020-05-08,7.78284215927124,7.7890683379932595,7.630672014172306,7.66454286344492,339216000,7.3834711483546664,61.82511980374497
2020-05-11,8.034883499145508,8.081705018034938,7.749221691038973,7.777862498603452,469060000,7.49141720363072,76.5046476114692
2020-05-12,7.772880554199219,8.141475876196386,7.763167676564852,8.092662098835039,493060000,7.595734119415283,63.79292869261656
2020-05-13,7.7504658699035645,8.047832293697526,7.56591883243049,7.887443704105184,625852000,7.666571276528495,64.64504485923482
2020-05-14,8.000015258789062,8.005494220239203,7.658316935036619,7.811981520060034,602312000,7.7643416949680875,66.25886421170298
2020-05-15,8.458518981933594,8.468231385191919,7.84410995767559,7.859800101450532,987660000,7.913203307560512,69.66448005504401
2020-05-18,8.717034339904785,8.882653491006105,8.647549274720886,8.727245522608667,774460000,8.073805809020996,75.98577029042539
2020-05-19,8.772075653076172,9.053004812307378,8.72948756854108,8.756883334611839,717320000,8.215124879564558,74.89806240538674
2020-05-20,8.935949325561523,9.00867216528188,8.855007567982353,8.956869516435537,587536000,8.34384856905256,80.69394654667293
2020-05-21,8.741939544677734,9.018136441190569,8.704332600633995,9.017140784426273,761068000,8.482285567692347,81.98781648356206
2020-05-22,8.991984367370605,9.058481494944774,8.680172853957092,8.79174719228107,1038764000,8.659645353044782,82.24254041924408
2020-05-26,8.684656143188477,9.146895451857231,8.639080149199375,9.121989784334003,770780000,8.75745119367327,73.27857208879203
2020-05-27,8.492886543273926,8.599977573488728,7.966392300965685,8.59225743516911,1175892000,8.762360845293317,67.75386517465446
2020-05-28,8.45478343963623,8.727244712419553,8.347441574108315,8.380316297061471,734896000,8.724896430969238,64.89630292661148
2020-05-29,8.841808319091797,8.841808319091797,8.452790589096749,8.522026736622248,745256000,8.734858240400042,67.13413912487712
2020-06-01,8.772822380065918,8.807191544707422,8.65651578164217,8.799720317630332,389876000,8.711554391043526,62.6917162065434
2020-06-02,8.791748046875,8.80370257715088,8.625133265614396,8.762858802924514,391320000,8.718669891357422,69.1222412306278
2020-06-03,8.736207962036133,8.832590926608708,8.666971836593147,8.788758291453608,365440000,8.682130404881068,68.27332801670865
2020-06-04,8.737207412719727,8.913366038653837,8.648504104619935,8.698835276385058,424280000,8.689637729099818,65.05293634708048
2020-06-05,8.890192985534668,8.966935347603327,8.678901511629059,8.76511263033542,481748000,8.746395792279925,60.07102894066667
2020-06-08,8.775579452514648,8.860045494954527,8.65672761553752,8.847587452303124,387736000,8.792223794119698,51.46418007203911
2020-06-09,9.015769958496094,9.07930718736841,8.722005680130868,8.770592693242827,468488000,8.817075456891741,55.578073646673396
2020-06-10,9.335451126098633,9.468256112022411,9.122913533165256,9.137116670119507,632180000,8.897450992039271,58.53562521394689
2020-06-11,8.766857147216797,9.230302523523088,8.756641306957437,9.119424348084378,583652000,8.893895149230957,50.45892379139062
2020-06-12,8.902649879455566,9.156548824573738,8.674166016765152,9.131881775725049,570908000,8.917672566005162,48.2823821409109
2020-06-15,9.143094062805176,9.15156575726074,8.714530686873426,8.785792531382722,400004000,8.975656373160225,59.04698453923534
2020-06-16,9.038195610046388,9.235783891478814,8.809213678653492,9.194173451926623,535716000,8.99679960523333,61.1434054896373
2020-06-17,9.205137252807615,9.267926459696756,9.03994061738912,9.083296156036427,408304000,9.058165005275182,64.56648218574897
2020-06-18,9.187201499938965,9.251485849960533,9.08404694610961,9.196171254513708,254408000,9.082655225481306,57.82661894539213
2020-06-19,9.230304718017578,9.413440902031782,9.19641887807752,9.211618128210237,524160000,9.067634310041155,60.48960606112294
2020-06-22,9.494915008544922,9.499400359136338,9.242262119774644,9.26892329461873,398468000,9.171642575945173,64.49033720725484
2020-06-23,9.418423652648926,9.610280548689325,9.376066118055864,9.51908600474059,375108000,9.245324543544225,63.93823302590918
2020-06-24,9.20464038848877,9.524567882424472,9.113943905202312,9.4445852960748,449372000,9.254116875784737,58.7861172825542
2020-06-25,9.458288192749023,9.473238411248351,9.15156681443416,9.324487111410804,376072000,9.314130101885114,60.28886640438329
2020-06-26,9.124409675598145,9.468257176021824,9.09451018223149,9.468257176021824,592084000,9.30259759085519,55.852870102526644
2020-06-29,9.16925811767578,9.173743468777449,8.870260374063909,9.13910960070317,342248000,9.300034250531878,52.755967804575306
2020-06-30,9.46601390838623,9.494418281309624,9.235536811625986,9.28287774999419,367892000,9.333706992013115,52.36379006167039
2020-07-01,9.498157501220703,9.543755254372565,9.381548801536931,9.488938719659828,326648000,9.33417020525251,66.43168464495562
2020-07-02,9.580130577087402,9.704961911915024,9.546243794157816,9.606790803004376,364056000,9.357271194458008,65.59969186661378
2020-07-06,9.80636978149414,9.875637502865098,9.680043349688749,9.709195749411132,315892000,9.443232536315918,65.37317404945361
2020-07-07,9.838762283325195,10.036349625514532,9.817832548502176,9.91301341659674,357800000,9.4975859778268,69.20059487294907
2020-07-08,10.18186378479004,10.19083448771981,9.932201081128548,9.96035642783184,365480000,9.6486508505685,71.60035094675487
2020-07-09,10.473884582519531,10.534680625125125,10.19930485398848,10.345564945605604,494548000,9.835026059831891,75.37847109752762
2020-07-10,10.444233894348145,10.619645438907677,10.344069605250006,10.553367935360455,497676000,9.974771772112165,74.07121647580222
2020-07-13,10.018659591674805,10.75618660028211,9.991500360563432,10.559596310858286,457076000,10.049129213605609,59.76224453446131
2020-07-14,10.342327117919922,10.36799123895936,9.752803219373442,10.04133614686112,542676000,10.15801443372454,65.76800893492782
2020-07-15,10.193071365356444,10.39813327701383,10.022144300709185,10.379446698554249,403984000,10.21325751713344,67.24920423109731
2020-07-16,10.100885391235352,10.172644356689387,9.862434655691096,9.981535509582216,344964000,10.250703675406319,61.883717304486524
2020-07-17,10.16741180419922,10.214254686080867,10.054042392101053,10.19133177590211,266284000,10.248639106750488,71.40514106838306
2020-07-20,10.475629806518556,10.496061491500113,10.122812550358631,10.239920246823443,284852000,10.248888424464635,74.19471069779144
2020-07-21,10.293986320495604,10.524713369026122,10.252375876943214,10.477869541075188,277036000,10.227424485342842,66.0174632915913
2020-07-22,10.403867721557615,10.56707022385117,10.257109603158328,10.332855851427311,367292000,10.282454218183245,67.00972469387338
2020-07-23,10.095900535583496,10.51175592773994,9.997729433642824,10.415079942644432,411660000,10.247250420706612,58.92853133498071
2020-07-24,10.160433769226074,10.330114796666884,9.7443293540735,9.842001448963808,473292000,10.242587906973702,56.492729971001026
2020-07-27,10.386676788330078,10.406858491880412,10.18360701014886,10.19805917435,292132000,10.283415249415807,59.38059009892453
2020-07-28,10.181365966796877,10.347309717554095,10.17513742074152,10.339586054308894,271636000,10.285408701215472,49.991055057662315
2020-07-29,10.430530548095703,10.481110751976058,10.312426746284986,10.356030370319775,284508000,10.278965950012207,49.208816698875566
2020-07-30,10.578533172607422,10.587502923822775,10.260847909524566,10.340331482231235,308880000,10.319615500313896,52.34938920852195
2020-07-31,10.579278945922852,10.730522410600685,10.398135997400104,10.527950722424327,386080000,10.344674246651786,61.5195167796177
2020-08-03,10.973459243774414,11.061663543055651,10.679444912836956,10.69663733264104,412720000,10.470039776393346,62.603190418840555
2020-08-04,11.190232276916504,11.190232276916504,10.86955771691953,11.013076593870208,310336000,10.61715384892055,69.38963751208613
2020-08-05,11.24903392791748,11.333749929119117,11.12893697967583,11.206427374833025,249924000,10.740347726004464,72.61923505144335
2020-08-06,11.297622680664062,11.320047535905452,11.141396727758718,11.311824867203155,244316000,10.899812970842634,72.42433967033847
2020-08-07,11.16207790374756,11.4663081040337,11.000619509567368,11.274700240183378,342516000,11.004319735935756,64.62157619605375
2020-08-10,11.127693176269531,11.37013027307293,10.820223710732987,11.296378130139871,427796000,11.082771165030342,68.94683343483631
2020-08-11,10.813745498657228,11.099537174248944,10.759676058298204,11.03674700971712,354512000,11.11626638684954,58.524244994196785
2020-08-12,11.402022361755373,11.428682587806655,10.921632633441217,10.95402429958267,464412000,11.177489689418248,74.32711641621381
2020-08-13,11.404762268066406,11.682581223966398,11.317804063272629,11.507417774715831,374460000,11.20813683101109,73.72223969630257
2020-08-14,11.525358200073242,11.665637805493732,11.402271013381,11.49147141809074,366436000,11.247611727033343,72.6192975024685
2020-08-17,12.295775413513184,12.368282408308476,11.777762532142908,11.811648364970852,621300000,11.390204974583217,84.30073118364746
2020-08-18,12.219780921936035,12.454245313188446,12.045864494634852,12.408398541639867,503448000,11.541305405752999,80.75376823467589
2020-08-19,12.097940444946287,12.273850054046092,12.057575133532684,12.255412493746544,622624000,11.679912158421107,76.35268890338577
2020-08-20,12.100431442260742,12.33364975196691,11.839057786602936,11.934986705835776,921388000,11.863724436078753,76.36699597778026
2020-08-21,12.641120910644531,12.76595227595172,12.15450157038542,12.160980095260424,999868000,12.04073851449149,77.50930993819384
2020-08-24,12.677746772766112,12.869354640857493,12.465707220741129,12.8407002876966,490564000,12.222593443734306,76.08815203988992
2020-08-25,12.70739459991455,12.718606550680466,12.531733100681723,12.588542789163244,289076000,12.391455786568779,75.84110210162306
2020-08-26,12.730318069458008,12.82549894325586,12.635386223400946,12.756480239554431,321244000,12.45353330884661,75.61935016494175
2020-08-27,12.586052894592283,12.80706217673446,12.524508821262856,12.738790552037838,317604000,12.505857876368932,75.3842455581063
2020-08-28,13.103815078735352,13.104064106459427,12.600253456514604,12.632645119907025,537160000,12.649554252624512,80.04852744213508
2020-08-31,13.329809188842772,13.529638751359306,12.99418441341534,13.138699399567772,500840000,12.825179644993373,89.31025234524921
2020-09-01,13.778937339782717,13.951161114147387,13.395607023063691,13.438974582148033,511316000,12.98772484915597,88.8243298984488
2020-09-02,14.302839279174805,14.681932030587577,13.857697349645273,14.659001312168998,874012000,13.219880921500069,90.45020485638747
2020-09-03,12.975890159606934,13.84224502552326,12.839556108597575,13.786664795289532,945128000,13.258237430027553,65.14558247828275
2020-09-04,12.58408546447754,13.134903773665314,11.66912816097081,12.744843884180868,1463684000,13.237347057887487,53.26880812172556
2020-09-08,11.876747131347656,12.51180873225195,11.668632615854657,11.698790157619571,795728000,13.136017663138253,46.59780627140105
2020-09-09,12.676302909851074,12.770265792530216,12.19452303243184,12.362261058607643,736200000,13.074944496154785,55.05643177868785
2020-09-10,12.27428150177002,13.025488325723185,12.129971432749487,12.949719407008288,698684000,12.924154826572963,51.420666866692905
2020-09-11,12.127476692199709,12.613991344914488,11.859544462285424,12.44749980415137,636928000,12.688231876918248,45.513807123900555
2020-09-14,12.833072662353516,13.27447512133685,12.592806926349876,13.041188050272968,1201744000,12.47826521737235,51.214680547764104
2020-09-15,12.951462745666504,13.258275873628206,12.788709618930802,13.239582748118504,727556000,12.47477558680943,51.882534396614204
2020-09-16,12.47641372680664,13.052903844219442,12.475666420048729,12.917816263077135,556384000,12.459393909999303,48.16928316830811
2020-09-17,12.425569534301758,12.551435580661911,11.998124322118478,12.095327445749737,792512000,12.537797110421318,48.827071473927155
2020-09-18,12.15215301513672,12.594053723671006,11.952263684330296,12.55542196034771,698460000,12.462918554033552,42.786935251632165
2020-09-21,12.479156494140623,12.484390494072684,11.868271214150369,11.888709009343742,721044000,12.492186410086495,43.649763724456626
2020-09-22,12.599287986755373,12.609506883213678,12.118506402595152,12.536729096807136,646452000,12.559588023594447,40.73885122558876
2020-09-23,12.08685302734375,12.688267633843768,12.042489056909767,12.537228000249492,647012000,12.452985218593053,32.571434743331764
2020-09-24,12.310419082641602,12.531245354511263,11.977435959248508,12.035509104369488,731240000,12.361407552446638,43.66695327955756
2020-09-25,12.83457088470459,12.844291577500536,12.208482777349888,12.409618591217493,588016000,12.412572860717773,52.325206902541076
2020-09-28,12.995330810546877,13.012030170429576,12.711198294902,13.00056481055566,573808000,12.49396732875279,61.55627194659123
2020-09-29,13.185500144958496,13.401839758111288,12.893890764359542,12.898127404420933,621460000,12.64158834729876,56.018397450579734
2020-09-30,13.489322662353516,13.581042683791331,13.110229910612452,13.117457679149188,689184000,12.7858977999006,64.70232269056281
2020-10-01,13.57306671142578,13.720865165944376,13.419784204146744,13.716130321501415,525004000,12.925009046282087,67.76310901604243
2020-10-02,13.02249813079834,13.478356236260836,13.01128187322965,13.18475308134866,552496000,13.058672632489886,52.41981286887688
2020-10-05,13.60098361968994,13.60272828655454,13.182510772940786,13.195720800960808,479820000,13.243038994925362,57.42454257225244
2020-10-06,13.694697380065918,14.098963788249868,13.623415141154222,13.787912981247416,784420000,13.365914208548409,65.25596002834646
2020-10-07,13.921504020690918,14.076282106160074,13.821309759284272,13.95714561296807,418084000,13.498224667140416,67.94213681722758
2020-10-08,13.796635627746582,14.04163818419971,13.716131853958128,14.032166592711608,378900000,13.585529736110143,70.4526115801327
2020-10-09,13.720863342285156,13.782176717356316,13.619174489826392,13.725100932421183,346892000,13.618606976100377,66.47265059039829
2020-10-12,14.18270492553711,14.303336967435383,13.870159568035136,13.946924894276616,434744000,13.705698149544853,69.25967436334602
2020-10-13,14.204889297485352,14.30483445701729,13.97608790145185,14.252992659370426,344604000,13.874611173357282,79.2509697544097
2020-10-14,14.05235481262207,14.29910107674324,13.917516320403053,14.247010177633838,276100000,13.939092772347587,74.53829288738906
2020-10-15,13.927485466003418,13.96312610542931,13.725850492780184,13.768719851769514,267224000,13.9723482131958,67.3470753175291
2020-10-16,13.7694673538208,14.078524355779496,13.750525122871888,13.994032098702894,242392000,13.950628689357213,62.29803650409797
2020-10-19,13.456670761108398,13.940941659706011,13.365947158412617,13.860687006081015,298068000,13.902062279837471,54.1463064664725
2020-10-20,13.603973388671877,13.757754110452392,13.465894667102834,13.54216179692203,229212000,13.885363715035576,51.84118345428195
2020-10-21,13.48358917236328,13.749527692706032,13.436483176144431,13.583534319654134,219596000,13.785490036010742,48.57978764628381
2020-10-22,13.32033634185791,13.570322782592395,13.191479184719874,13.481344799645845,290480000,13.659125328063965,55.390091534871125
2020-10-23,13.5488920211792,13.551883150157146,13.25080215414743,13.40906862611122,233484000,13.587202072143555,48.92056076613274
2020-10-26,13.1012544631958,13.6510763007922,12.998817356200222,13.386135175331315,336896000,13.469169071742467,39.27574066963416
2020-10-27,13.35598087310791,13.401093105478983,13.151354761087696,13.26550635531582,250520000,13.410099574497767,39.88238192637304
2020-10-28,12.588570594787598,13.2196444828129,12.570625726226456,13.1578329010127,376520000,13.286085265023369,32.427052906341856
2020-10-29,12.98436450958252,13.152600766199775,12.711198200525546,12.799428893206546,320080000,13.197569710867745,40.199115544023186
2020-10-30,12.495854377746582,12.897128609243849,12.262566328767218,12.810892647070952,416820000,13.056464740208217,27.71061047379814
2020-11-02,12.542461395263672,12.797681834744678,12.357276711228304,12.61922671380893,299652000,12.945339747837611,28.174190588661887
2020-11-03,12.979877471923828,13.065117033567685,12.5643958148572,12.66982406903723,272900000,12.864051955086845,36.899538595881396
2020-11-04,13.752269744873049,13.78541936200502,13.296411643005507,13.348502540252872,410228000,12.957054138183594,48.15204624013273
2020-11-05,14.11690902709961,14.295364206685472,13.948423644328455,14.119401951689364,319028000,13.065758160182408,53.511338535716156
2020-11-06,14.517683029174805,14.54435123168051,13.852713125346142,14.066808904462588,383348000,13.341345650809151,60.535526312300625
2020-11-09,13.589265823364258,14.64678754010569,13.569327185847,14.508210634120491,582976000,13.427760124206543,49.87357068138367
2020-11-10,12.731135368347168,13.565088723820216,12.589816445282944,13.565088723820216,644068000,13.46137169429234,44.25981387364367
2020-11-11,13.377164840698242,13.39411330187676,12.90884404106616,13.014023190503698,404744000,13.580615043640137,50.40378128307163
2020-11-12,13.415796279907228,13.72410500138642,13.275474700255112,13.437978740251724,365812000,13.642889159066337,49.028088974488014
2020-11-13,13.2565336227417,13.627152166884994,13.019507106004282,13.585778371152378,346312000,13.572069713047572,51.183757436380176
2020-11-16,13.47411823272705,13.607959347793312,13.115961496704896,13.132410801829966,413776000,13.480242456708636,50.90573924396261
2020-11-17,13.381403923034668,13.554874202590296,13.263264779279249,13.511257530399176,312028000,13.317916870117188,56.779942723133644
2020-11-18,13.387880325317385,13.56434168052157,13.1448725462646,13.424269216618637,510924000,13.28914751325335,53.69683468954215
2020-11-19,13.399347305297852,13.44645330267934,13.06013278246462,13.172539700466864,565936000,13.384606361389162,59.07022663766637
2020-11-20,13.047919273376465,13.453431099655289,13.02523765866418,13.413054668904676,341088000,13.337571280343195,54.781675915559155
2020-11-23,13.100010871887209,13.341772215729872,12.975889493731826,13.131165767553131,361356000,13.292459079197474,51.22584133359207
2020-11-24,12.91831398010254,13.121941738155792,12.845785300237692,13.102501306122909,346500000,13.244141987391881,40.323864921434925
2020-11-25,13.19447135925293,13.229115586422983,12.980375587849998,12.992837355387127,259916000,13.204192434038434,39.07287431646579
2020-11-27,13.220890998840332,13.366696632376184,13.130417440912618,13.334295274838,167276000,13.181262016296387,33.14325170980487
2020-11-30,13.360716819763184,13.371683976299058,12.932773332641062,13.224632804593725,286952000,13.17738151550293,46.26299370301863
2020-12-01,13.349251747131348,13.48757957766835,13.187993195466492,13.45119067768799,296948000,13.170225007193428,63.97662619508473
2020-12-02,13.503276824951172,13.631883916424048,13.193970808620035,13.30986703257335,283360000,13.235276085989815,53.66765404158068
2020-12-03,13.35917854309082,13.62245282975101,13.29236326791589,13.550151881059854,199520000,13.272300039018903,48.44858494263982
2020-12-04,13.52098274230957,13.5227279244604,13.351948298497124,13.411533667496512,202244000,13.35839557647705,57.23624293129229
2020-12-07,13.569345474243164,13.693503505827312,13.462889387092297,13.563860753158616,223244000,13.411949021475655,52.87169419978339
2020-12-08,13.31330394744873,13.561369918030191,13.244991722634673,13.547657637897526,271920000,13.425150871276855,48.13051814974496
2020-12-09,12.8952054977417,13.3771267922856,12.83287729943408,13.263939141754832,401300000,13.358649253845215,38.96822952946693
2020-12-10,12.93659210205078,13.032827240259753,12.814179233486414,12.833626362652886,207764000,13.299697875976562,39.77517928004769
2020-12-11,12.97747802734375,12.984209578683062,12.787750612850637,12.931603998119142,209264000,13.224583762032646,48.19599677021801
2020-12-14,13.272167205810549,13.351947226601784,13.041553053490476,13.052024145554842,270156000,13.212153570992607,53.92163380009984
2020-12-15,13.323771476745604,13.426986362862651,13.150499202549646,13.40280299721001,193016000,13.183980533054896,59.818018656297575
2020-12-16,13.206098556518556,13.400313049100214,13.176180337490916,13.385603115420372,223116000,13.132088116237096,50.30495491709794
2020-12-17,13.304577827453612,13.342722654952569,13.142274953172642,13.330007078417683,231384000,13.130841527666364,52.1149708080426
2020-12-18,13.235518455505373,13.368152289041408,13.034572396275758,13.34222373459072,342064000,13.179457664489746,46.71855784516635
2020-12-21,13.295602798461914,13.333249277123658,12.931855491448976,13.038810902481204,302332000,13.230744906834193,48.62881041046232
2020-12-22,13.241750717163086,13.300588554199456,13.018117291464907,13.282638382275874,185580000,13.268498148236956,42.95502912733093
2020-12-23,12.973491668701172,13.238511143539291,12.969253776582566,13.219563314841134,179144000,13.225830214364189,40.261809201559885
2020-12-24,12.958030700683594,13.09639936262665,12.903182538590542,13.00141106893714,97884000,13.173581532069615,34.651813655797895
2020-12-28,12.864540100097656,13.026593800525331,12.72816672890075,13.026593800525331,212564000,13.12478746686663,31.245844630018397
2020-12-29,12.907670974731444,13.03656621408776,12.80694877343674,12.88947162772584,170372000,13.068086487906319,37.827265811873175
2020-12-30,13.109617233276367,13.177430166610051,12.861302045573767,12.95454423449945,225396000,13.050100599016462,57.39349936893151
2020-12-31,13.019115447998049,13.114851287037244,12.879499929815664,13.100391478599668,192424000,13.010602406093053,52.75239863149833
2021-01-04,13.07745361328125,13.614972534629288,12.926868655114353,13.068229351372883,560640000,12.98713139125279,53.29611039353861
2021-01-05,13.367901802062988,13.406544978569976,13.051025281968446,13.063739906567823,322760000,13.043475696018763,53.16513966846827
2021-01-06,12.579824447631836,13.20859112644938,12.551403186013744,13.186152937941964,580424000,12.989446231297084,33.45903099991129
2021-01-07,13.307320594787598,13.340978357195588,12.851078640686229,12.931855368359583,461480000,13.052700587681361,51.77046757531729
2021-01-08,13.240253448486328,13.384106839169371,13.006148952979984,13.325768310454082,292528000,13.100212369646345,48.86240629681367
2021-01-11,13.584057807922363,13.922625030648138,13.325769911241853,13.381864913182376,518344000,13.167989594595772,55.61805525238282
2021-01-12,13.44768238067627,13.716691474669126,13.308317002723244,13.714696165855404,291476000,13.229213442121234,52.392506230055204
2021-01-13,13.49455451965332,13.587548473937822,13.34820839879639,13.452919325025922,210028000,13.288799285888672,53.98584675862385
2021-01-14,13.163965225219728,13.562366985194982,13.144269871017764,13.53768526071532,283120000,13.259665489196777,52.94522563950415
2021-01-15,12.82415008544922,13.28861951331294,12.813180643216462,13.19163686182663,277780000,13.294569151742119,48.118572396579395
2021-01-19,12.989446640014648,13.058007089454373,12.808694289194596,12.980470603146165,226188000,13.249158586774554,51.72059006673011
2021-01-20,13.32901096343994,13.393582699187649,13.02086031759542,13.07570848862872,258572000,13.261838231767927,55.36575845336467
2021-01-21,13.829384803771973,13.96077278898475,13.216573741362614,13.381618544589832,337780000,13.296884945460729,58.518725866764804
2021-01-22,13.67480754852295,13.803702799106055,13.589791977354604,13.702232110393949,246820000,13.329331398010254,57.644423877752004
2021-01-25,13.615718841552734,13.790487156750563,13.200114475431374,13.743865597572096,251112000,13.346640586853027,56.274297936106684
2021-01-26,13.398320198059082,13.607243696761891,13.350700978936148,13.543170311270954,163980000,13.38011986868722,50.36071556849117
2021-01-27,12.882242202758787,13.196375916108444,12.75858250465138,13.193633079637165,371272000,13.388418742588588,53.83351063829785
2021-01-28,13.01512622833252,13.303083185039084,12.924875108321336,12.960527229968816,228316000,13.392087255205427,45.63860994891393
2021-01-29,12.954045295715332,13.298097268819046,12.876010448081596,13.03906087218396,271552000,13.338520731244769,45.72031417247086
2021-02-01,13.200615882873535,13.234272695684933,12.867284187944932,13.017370804876167,217204000,13.248696599687849,44.09465171681447
2021-02-02,13.51948356628418,13.534690899280989,13.24897849422142,13.361917906856638,220440000,13.226507459368024,51.0469523117943
2021-02-03,13.493308067321776,13.893455005939776,13.479346611084065,13.598517340812304,245408000,13.209020205906459,49.9817147813678
2021-02-04,13.626689910888672,13.635914172427226,13.30108745905453,13.493805954300225,201340000,13.2416444505964,57.20496160240532
2021-02-05,13.553641319274902,13.699490037131104,13.50851576115915,13.68727376259905,169152000,13.337558610098702,62.38783084737929
2021-02-08,14.39906120300293,14.433964843253122,13.689516798307066,13.689516798307066,434624000,13.53526360648019,69.44558900839712
2021-02-09,14.224042892456056,14.543162957851855,14.18340440571702,14.301329248326892,287560000,13.716691834586006,62.934122741373805
2021-02-10,14.72366714477539,14.864030195216568,14.30207964171064,14.42349486440317,485352000,13.934270586286273,62.926090819792066
2021-02-11,15.20882797241211,15.23026945856,14.883974002663004,14.939072297561736,450828000,14.175605501447405,70.23881631378413
2021-02-12,14.920125961303713,15.24921880638576,14.734387226341903,15.008631897945564,374756000,14.37943662915911,66.2263462420913
2021-02-16,15.288111686706545,15.330246186065928,14.908906898789846,15.022843043593909,321960000,14.616782597133092,72.65938031725123
2021-02-17,14.86502742767334,15.181654817044835,14.73937336558946,15.129298403062354,274756000,14.80412346976144,74.31669204259414
2021-02-18,14.788237571716309,14.832365470383229,14.534935121166765,14.688512077666529,233868000,14.85972009386335,72.04863112306492
2021-02-19,14.885470390319824,15.135281542586627,14.805939546070965,14.983200582071149,271724000,14.954209736415319,73.80324756742729
2021-02-22,14.316287994384766,15.091650900192912,14.285622248231505,14.734135890727472,325884000,14.896012714930944,62.73693113066071
2021-02-23,14.103127479553224,14.199611797390215,13.352695375792258,14.036560433142531,391780000,14.738055501665388,56.82789481118153
2021-02-24,14.459144592285156,14.466873798767557,13.718186928105691,14.08392951702053,448320000,14.672201020377022,60.48953866467199
2021-02-25,13.270920753479004,14.335237389749665,13.179922110478245,14.006892084424166,824436000,14.384030887058803,46.85641334619809
2021-02-26,13.676803588867188,13.81641816432624,13.324274883727146,13.714698294311097,500932000,14.21428462437221,51.02781094295337
2021-03-01,13.803703308105469,13.88672452437137,13.515996475820742,13.83686176922663,353184000,14.073636872427803,44.35461875920583
2021-03-02,13.369397163391112,13.882233328557607,13.359175248617808,13.861789499010998,264116000,13.85705498286656,42.27578858563203
2021-03-03,12.76955223083496,13.41452391633515,12.763568206502914,13.38934384192077,377592000,13.636092730930873,32.65313551671191
2021-03-04,12.336244583129885,12.939332788727,12.050532179367124,12.765561191735108,573344000,13.383680888584681,24.26286428705211
2021-03-05,12.42724609375,12.51550284846816,11.647145933179123,12.51550284846816,542840000,13.093409674508232,26.84453617745018
2021-03-08,11.561381340026855,12.436967094606448,11.534704310653057,12.415775737440423,543112000,12.849189758300781,18.31441811709267
2021-03-09,12.490144729614258,12.586412134756063,12.030252786567042,12.10108216233075,521824000,12.67966706412179,31.406943741155146
2021-03-10,12.438268661499023,12.948787357967568,12.427544694009546,12.809623139684142,384376000,12.484604971749443,31.529942735140224
2021-03-11,12.96225357055664,13.014877305773767,12.703876577191563,12.918858230682492,299916000,12.426441601344518,35.83435947831326
2021-03-12,12.825085639953612,12.857757016732018,12.559725484966588,12.617834888369174,243964000,12.434374945504326,38.26988934091413
2021-03-15,13.159531593322754,13.174994392196952,12.736551311019616,12.833816720833342,221988000,12.551987375531878,42.716455037968295
2021-03-16,13.259291648864746,13.480009238479935,13.085210766805847,13.324384200767923,272128000,12.670851026262556,40.35694133412595
2021-03-17,13.30916976928711,13.420899964632993,12.958265221766766,13.008394442841102,243864000,12.92053508758545,50.376245685890616
2021-03-18,12.691908836364746,13.15229933575772,12.68642222084311,13.104913891109524,293896000,12.949358531406947,40.698645655323446
2021-03-19,12.814860343933104,12.890428541929326,12.582171563045334,12.719340733621904,299208000,13.003157343183245,40.654389325740084
2021-03-22,13.154541015625,13.362290286581189,12.8757131162083,12.881699205676698,297804000,13.03062697819301,47.93240089945652
2021-03-23,13.039321899414062,13.31241302650274,12.989940456822648,13.222380015459564,222048000,13.061232158115931,52.86309021111691
2021-03-24,12.61259937286377,13.12760865112876,12.606364971908212,13.119627514303462,245840000,12.983098983764648,52.937084072978735
2021-03-25,12.505107879638672,12.684176838550286,12.24249148281004,12.469444406077091,295144000,12.87535844530378,50.82462056586157
2021-03-26,12.80837631225586,12.82533563189145,12.343746514897376,12.524311038193582,363968000,12.803816522870745,64.99343075854384
2021-03-29,12.9171142578125,13.031089713184375,12.669461195939402,12.789421789789944,273520000,12.83598872593471,56.39473532357466
2021-03-30,12.840797424316406,12.944048905153211,12.674448450555577,12.811119092966855,200204000,12.839694023132324,55.98487001175755
2021-03-31,13.316155433654783,13.438111096113374,12.9512845424705,12.98420518861565,314776000,12.862781797136579,55.33907891022608
2021-04-01,13.77853775024414,13.836647153223506,13.47875948504674,13.539613622347158,308276000,12.968384061540876,63.098762795560596
2021-04-05,13.953866958618164,13.980302987658074,13.699978520943077,13.834155615253897,255672000,13.159993716648646,61.4116932037675
2021-04-06,13.828168869018556,14.020455365723707,13.74038112554351,13.966086787615374,191744000,13.349002429417201,58.11222653869036
2021-04-07,14.109489440917969,14.209248400005173,13.67852811184965,13.847370651958226,251284000,13.534875733511788,60.70593692448299
2021-04-08,14.282573699951172,14.436702196538349,14.214736421344636,14.218478203246908,244416000,13.729941368103027,74.14810098249659
2021-04-09,14.365375518798828,14.37335665612881,14.140917091200215,14.179822876153391,195172000,13.947738238743373,73.82906794151111
2021-04-12,15.172430038452148,15.31558532416919,14.105252388520904,14.255390812498227,869324000,14.212920325142997,77.11644110535214
2021-04-13,15.641797065734863,15.66224795457644,15.08937856206101,15.194874361790076,676212000,14.479100227355957,81.9327352507456
2021-04-14,15.24026584625244,15.682698986670523,15.190884408077046,15.587428630492008,385500000,14.662871497017997,82.44239557542254
2021-04-15,16.098451614379883,16.175266146038638,15.593916950022594,15.624842552773393,598480000,14.987197603498187,87.42726410525066
2021-04-16,15.874238014221191,16.126879184276163,15.82710088322032,16.014399292378307,335208000,15.239304542541504,82.46784765146614
2021-04-19,15.324811935424805,15.769490354274648,15.1963716702609,15.499142071927194,404420000,15.388195719037737,73.32105138502615
2021-04-20,15.134769439697266,15.459735537504107,14.92702015356022,15.286403414182216,334132000,15.498109136308942,71.74053410729289
2021-04-21,15.323565483093262,15.325560529414377,15.065936218178726,15.082396063863788,216776000,15.519699914114815,70.11742128110194
2021-04-22,14.81454372406006,15.401379472680713,14.747953695197406,15.33803175116828,277788000,15.40152086530413,60.28626104181523
2021-04-23,15.228544235229492,15.298126350819684,14.864422122239874,14.8983398121262,227500000,15.399846349443708,62.08329415848817
2021-04-26,15.440783500671388,15.441781499599918,15.088632586087162,15.14848873726782,197796000,15.305893761771065,65.04000263274693
2021-04-27,15.344761848449709,15.63281719131528,15.317577086886567,15.541038414691972,164572000,15.230254309517997,61.933186603417425
2021-04-28,15.240015983581545,15.494902413959666,15.17891352833118,15.327555418613876,209416000,15.218140602111816,59.37300148798994
2021-04-29,15.287901878356934,15.399382827510305,15.035260691362996,15.362970613895572,173196000,15.240016664777484,59.09335233463089
2021-04-30,14.973407745361328,15.328053131684458,14.96093799310581,15.138011900106177,201912000,15.189994130815778,47.82725393382709
2021-05-03,14.801074028015137,15.210088002136116,14.751942803190856,15.08863088029794,203912000,15.188069888523646,40.18520654484338
2021-05-04,14.316741943359377,14.602303765977911,13.976562277710713,14.602054504104792,405324000,15.057812418256487,39.42305150782834
2021-05-05,14.42373275756836,14.777879613344718,14.352903386413088,14.673630127077862,292024000,14.912519454956055,26.83360755479235
2021-05-06,14.488078117370604,14.536212294500968,14.183812159767982,14.460394829112328,193380000,14.790136064801898,29.937915632617262
2021-05-07,14.776633262634276,14.9347518590091,14.636471034155644,14.772643170075382,229328000,14.723938533238002,41.4180935081982
2021-05-10,14.231447219848633,14.770397986562724,14.215735160013324,14.751692881602263,268904000,14.573016439165388,37.27338148442144
2021-05-11,14.271851539611816,14.320234986651585,13.716939372809758,13.791758851839734,285584000,14.472794124058314,34.53614983921996
2021-05-12,13.725417137145996,14.225960648008476,13.676285911200807,13.97581304781882,303408000,14.319128853934151,34.16032080138203
2021-05-13,13.632390022277832,14.04689153989146,13.426635785921247,14.00000367438786,285404000,14.221364293779645,24.395951911741662
2021-05-14,14.20875358581543,14.293549246436612,13.71544242176158,13.856602665329971,258616000,14.190652983529228,32.30411654752763
2021-05-17,14.13143825531006,14.135179086084914,13.820189147439333,14.122958594909171,216980000,14.139704431806292,32.47864542649097
2021-05-18,13.982049942016602,14.36961603130712,13.97032797343224,14.232696093578404,186256000,14.026192528860909,32.06521428775369
2021-05-19,14.031928062438965,14.045645075732622,13.510684411423444,13.53387813226448,344000000,13.9976897920881,32.10378355343542
2021-05-20,14.577363967895508,14.648442606942425,14.23618631019407,14.26810895417662,321592000,14.041334424700056,44.70528326751093
2021-05-21,14.955700874328612,15.185397577080348,14.833745230232523,15.127287217753508,672992000,14.217089244297572,51.95928920451439
2021-05-24,15.574460983276367,15.707140602698978,15.139508535207892,15.175920747126446,554816000,14.49452795301165,65.41163156822088
2021-05-25,15.610122680664062,15.780461753336072,15.445270222634818,15.728088225317292,435408000,14.694723537990026,64.79624095885714
2021-05-26,15.662249565124512,15.755774145670296,15.548773568780533,15.6964174706596,370440000,14.913410867963519,64.68862278592405
2021-05-27,15.450758934020996,15.712129037283384,15.42282638195373,15.661999810410894,581476000,15.12322643824986,58.598959957841686
2021-05-28,16.2054386138916,16.238360207751256,15.46372758635442,15.46372758635442,644536000,15.433727945600237,73.90223488459748
2021-06-01,16.22538948059082,16.34884259201486,15.865008231063197,16.230877046647862,472804000,15.669160161699567,73.77232274969066
2021-06-02,16.73790740966797,16.87807060542616,16.196463014308506,16.213173074788646,594168000,15.923761095319476,86.96367810259926
2021-06-03,16.92894172668457,17.217497481858928,16.543122488003693,16.660589498084,580008000,16.11725834437779,89.49914812559062
2021-06-04,17.535982131958008,17.618531567781588,17.0543930159948,17.071350432831878,617120000,16.39238112313407,89.57578045524627
2021-06-07,17.576631546020508,17.76966675931509,17.15140798405468,17.528997800041044,575756000,16.66586426326207,91.3394967003214
2021-06-08,17.415023803710938,17.579127533223744,17.209517870586684,17.485104439825335,323848000,16.94647353036063,91.07243019338786
2021-06-09,17.32048225402832,17.53676175397874,17.2182062592392,17.477640789648753,381656000,17.10576547895159,88.92854409257507
2021-06-10,17.387088775634766,17.45394434785257,17.138631864159084,17.31225309027903,287772000,17.271722521100724,87.5129681720187
2021-06-11,17.786460876464844,17.900213119387068,17.405790819740933,17.441462460375565,416308000,17.42151587350028,87.58271441808124
2021-06-14,17.979537963867188,18.00024285469395,17.62431367365189,17.86703422166271,321376000,17.571601050240652,86.0003003467692
2021-06-15,17.749792098999023,17.977047292047796,17.6894245538106,17.87601791631772,243032000,17.60214533124651,80.26885187513659
2021-06-16,17.771493911743164,17.915680208021012,17.54623517817857,17.752037516457413,307124000,17.629982812064036,80.09752799704536
2021-06-17,18.61665344238281,18.794016313609266,17.71761484251838,17.735824645418788,809656000,17.80164418901716,88.2568349752701
2021-06-18,18.59819602966309,19.332844026543803,18.543564712742768,18.743130315586548,968856000,17.984174728393555,85.17247914874639
2021-06-21,18.38715362548828,18.49616692597896,17.783969153847508,18.395135639529343,672384000,18.127041135515487,80.08673062802728
2021-06-22,18.84565544128418,18.922489472768028,18.34599538521237,18.43131006974648,580144000,18.27835464477539,79.78275270817966
2021-06-23,19.015779495239254,19.11107262621432,18.86660492166314,18.96638769705542,332356000,18.426389149257115,79.66257286159689
2021-06-24,19.163707733154297,19.377741399109176,19.04671243218289,19.18591044298028,320924000,18.62837709699358,76.60973232398514
2021-06-25,18.98959350585937,19.303410040549164,18.853391089051254,19.23855093117441,278364000,18.80239132472447,72.13299894772503
2021-06-28,19.94151306152344,20.03505906064387,19.276961918357816,19.31911966222412,495436000,18.9916569846017,81.72154561495269
2021-06-29,19.98317527770996,20.055017215462307,19.61422882531729,19.83923827680205,367632000,19.189511162894114,83.88156361885383
2021-06-30,19.95897674560547,20.118628446569623,19.82052857801329,19.95573369553224,326568000,19.414057322910853,83.08315872634219
2021-07-01,20.16802215576172,20.41149073724128,19.975441297900502,20.08121155895554,480136000,19.6029668535505,82.21218043840332
2021-07-02,20.442420959472656,20.4606326644844,20.243605247031763,20.39577356791263,342764000,19.806772777012416,82.59506452068902
2021-07-06,20.65346336364746,20.79665050849105,20.305971658098485,20.692378064925016,446708000,20.019595009940012,88.61987646591447
2021-07-07,20.32742500305176,20.829580152975502,20.28776234377668,20.808127298112325,418428000,20.21071379525321,81.44884286139408
2021-07-08,19.85944557189941,20.089193999690128,19.65788541886709,19.813296811765635,503300000,20.198989868164062,66.85620533919572
2021-07-09,20.00662040710449,20.03655581322756,19.71126496551043,19.919061865932267,296624000,20.20233917236328,68.4582111818133
2021-07-12,20.467866897583008,20.48807125144117,20.14382263411727,20.19595885016762,321984000,20.27503776550293,75.59067235237228
2021-07-13,20.20593643188477,20.416727060901955,20.07023268472152,20.356108292394367,290708000,20.280454090663365,67.58012726493774
2021-07-14,19.79832649230957,20.37332271425502,19.709770667963955,20.313453800297573,380100000,20.188440595354354,59.52864026665701
2021-07-15,18.92498016357422,19.803814364622088,18.817464681338382,19.76864135557301,550564000,19.94151442391532,47.52957319696859
2021-07-16,18.12148094177246,19.115313933860246,18.03367308457853,18.989090020194087,688224000,19.626379558018275,42.05184086952123
2021-07-19,18.738882064819336,19.000560347774528,17.82662034396464,17.87626335626047,749060000,19.466299057006836,38.27061601658751
2021-07-20,18.57150077819824,18.797008846585275,18.124475648348096,18.68924404684624,434687000,19.261281967163086,36.56134950833674
2021-07-21,19.367765426635746,19.484511423689785,18.701219665619544,18.840914429138287,371017000,19.10412461417062,45.09315975721383
2021-07-22,19.55136108398437,19.843722751735356,19.2340522965266,19.59925696547212,323826000,19.01061385018485,44.86022314950353
2021-07-23,19.51544189453125,19.65713309711813,19.20811154644152,19.613228217905828,195672000,18.970201764787948,41.95390652834123
2021-07-26,19.25202178955078,19.399698591612943,18.87284750706961,19.26898499980905,203943000,19.016921997070312,37.945225481815946
2021-07-27,19.16620445251465,19.57930316589248,18.70021966396074,19.22307963138905,248863000,19.166168212890625,39.58095453238591
2021-07-28,19.460559844970703,19.603248312954715,18.953665880664538,19.276960231537203,202191000,19.269265038626536,46.30590356640319
2021-07-29,19.61921501159668,19.809799369383363,19.285940277026736,19.47652463481342,190781000,19.418938500540598,46.419836214099156
2021-07-30,19.45656967163086,19.58728322303168,19.221083159467003,19.375744653053815,183497000,19.431624821254186,40.108287933518326
2021-08-02,19.7070255279541,19.91756684982009,19.31887202276156,19.65713508536522,217444000,19.453862598964147,45.10906819253559
2021-08-03,19.771886825561523,20.17800085913957,19.178180215430835,19.697049250153903,301811000,19.490497589111328,49.72213335514252
2021-08-04,20.22988510131836,20.273789984080235,19.784854521282057,19.94650267323402,231309000,19.630192347935267,65.02560836334885
2021-08-05,20.59209251403809,20.687884285609535,20.297734365144763,20.45539149725626,211435000,19.833890642438615,81.66656561883325
2021-08-06,20.321680068969727,20.525236609531856,20.1660194089161,20.47933718371037,178497000,19.95690781729562,72.26790546306201
2021-08-09,20.25083923339844,20.46337510200437,20.09916955101376,20.401509736652816,146443000,20.047139848981583,74.28580255188544
2021-08-10,19.892621994018555,20.385546579623437,19.791840024636087,20.27778177522068,179238000,20.109433037894114,58.691400574592066
2021-08-11,19.656137466430664,20.00537630186909,19.387723666623643,19.999388839259684,185925000,20.102163314819336,51.705183561847996
2021-08-12,19.861690521240234,19.98541936157483,19.577310788879924,19.826766828016936,151652000,20.11499241420201,55.340171394750364
2021-08-13,20.14407539367676,20.170019798239373,19.80780873286796,19.861692094221883,183063000,20.102733884538925,63.67807351818654
2021-08-16,19.90659523010254,20.242861907282474,19.41067491651548,20.09119218977491,210876000,20.004805701119558,60.8480515996333
2021-08-17,19.415658950805664,19.726980302862238,19.22507458815548,19.64216427592462,204585000,19.87537411281041,49.37795452443552
2021-08-18,18.998571395874023,19.591278762336877,18.958657519140605,19.45756955911799,285913000,19.696478707449778,41.976300452035275
2021-08-19,19.75492286682129,20.45040680217333,18.72117584406825,19.451583472432365,766555000,19.676807403564453,53.343813635879734
2021-08-20,20.77070617675781,20.819599343855508,19.88962808663675,19.94750054382269,675741000,19.83603150503976,60.17564865597681
2021-08-23,21.910219192504883,21.949133886284063,20.90441319662244,20.9253674089034,575807000,20.128678458077566,66.96752399604073
2021-08-24,21.745580673217773,21.91121984527033,21.488142624605064,21.705668697425946,297299000,20.357464926583425,62.61420727554987
2021-08-25,22.164661407470703,22.421102116675492,21.674730654126947,21.68969740344925,347701000,20.68004580906459,62.964798692196624
2021-08-26,22.019983291625977,22.29139081056944,21.74258831034155,22.151696043936543,237940000,21.052092143467494,64.29781723844017
2021-08-27,22.586746215820312,22.67255953075244,22.118766845641883,22.135730053430706,304722000,21.564688546316965,68.15015140341595
2021-08-30,22.638628005981445,22.99285502803157,22.50192700173265,22.780319195441106,262580000,21.976646423339844,72.4031483026055
2021-08-31,22.340229034423828,22.64960848489917,22.07575965768957,22.64960848489917,259850000,22.200863974434988,71.67900996450291
2021-09-01,22.3961181640625,22.651606683869023,22.312286528869905,22.44003078877317,201767000,22.270278113228933,70.97735064351147
2021-09-02,22.35120964050293,22.54781615826985,22.250411800203647,22.4729653910565,187834000,22.356796537126815,69.01590325269301
2021-09-03,22.79731559753418,22.940029254710744,22.155601914389685,22.280351920881667,280532000,22.44717570713588,74.04118872040476
2021-09-07,22.616676330566406,22.85320183987072,22.47695503816648,22.78733385604332,198107000,22.53241756984166,78.07063291164647
2021-09-08,22.294322967529297,22.56478087939906,21.93304554697287,22.4679747564134,254434000,22.4906428200858,79.38969443901111
2021-09-09,22.132646560668945,22.49292462996501,22.086739031677183,22.26737679222793,196856000,22.418359756469727,73.71884101870167
2021-09-10,22.433048248291016,22.58075108424613,22.225464032158616,22.303307161441147,248376000,22.43161964416504,69.34337641400056
2021-09-13,22.107696533203125,22.91807281122728,21.8142839074264,22.638632124604968,297500000,22.39041655404227,52.83506382624497
2021-09-14,22.197513580322266,22.36517682671795,22.041825464297556,22.230446616492696,199755000,22.368459974016464,56.63057683105312
2021-09-15,22.29631996154785,22.32226893890092,21.92206992197683,22.264384369334497,166538000,22.29688916887556,52.13200405972464
2021-09-16,22.197513580322266,22.232443423321364,21.883143089796683,22.13863157304754,156033000,22.237008775983536,52.91817863164739
2021-09-17,21.856199264526367,22.27635678563001,21.78633957022575,22.25539887733983,294503000,22.17441967555455,37.03025710104235
2021-09-20,21.07077980041504,21.3901395706077,20.620681481856906,21.103712848743147,349440000,22.022724424089706,27.916938002239462
2021-09-21,21.20350646972656,21.382147403645494,20.908098967153816,21.37416398300492,204688000,21.847075598580496,33.20552735044269
2021-09-22,21.897117614746094,21.916078715957664,21.153606789755287,21.323266863029662,268726000,21.816992895943777,43.79651664047302
2021-09-23,22.437034606933597,22.489928100290907,21.846217693457888,22.095717674072198,248555000,21.85121018545968,50.950032957784934
2021-09-24,22.03683280944824,22.104697587256283,21.817273540214742,22.0258551315166,217655000,21.814140592302596,41.49546481101173
2021-09-27,21.616682052612305,21.755404005848817,21.282352932207125,21.66658129628844,245215000,21.7311646597726,39.38559825597335
2021-09-28,20.657604217529297,21.37616553358485,20.6096998759877,21.171575581882184,343069000,21.559936795915878,34.69577822689669
2021-09-29,20.475963592529297,20.97496352903468,20.426062456758544,20.898117873834774,218394000,21.4749630519322,34.566722376590334
2021-09-30,20.6745662689209,21.0238666270702,20.64662239255166,20.72646231125432,221009000,21.39940016610282,33.30167365244411
2021-10-01,20.700517654418945,20.81728233562724,20.16259416455059,20.708501076159504,240978000,21.228457314627512,35.83199194050478
2021-10-04,19.692537307739254,20.50091681405472,19.51589125346557,20.46299270561288,345635000,20.836386271885463,28.714409862629708
2021-10-05,20.410099029541016,20.606705539937668,19.814292883884317,19.910101557760328,279282000,20.603995731898717,35.4972172727073
2021-10-06,20.65860366821289,20.6785622243354,20.03984274359429,20.07976366290771,297202000,20.46712739127023,38.433875874090816
2021-10-07,21.03285026550293,21.279356000810225,20.93005562833921,21.04981455953654,256919000,20.520733969552175,43.84236340771478
2021-10-08,20.78933334350586,21.163583270919297,20.73344559799775,21.058793748091592,151258000,20.565501076834543,47.7094673404401
2021-10-11,20.653608322143555,21.020872328180136,20.469976319125266,20.53384939608552,163388000,20.56250708443778,45.52687474690746
2021-10-12,20.629657745361328,21.01488542962795,20.48694409410736,20.786343335849477,162134000,20.552384240286692,38.429309708379506
2021-10-13,20.897117614746094,20.94801619997055,20.67156982071264,20.876159709689016,180652000,20.72446714128767,35.206109589422624
2021-10-14,21.702505111694336,21.71148598348728,21.079752654658886,21.245420995880536,243589000,20.909096581595286,47.02012289162529
2021-10-15,21.81827545166016,21.88713769511986,21.618676594338883,21.76637940612052,226994000,21.074763979230607,51.899897359201475
2021-10-18,22.17755508422852,22.246417324659078,21.60071009092256,21.705501532705583,189494000,21.23829323904855,66.15052300737958
2021-10-19,22.245420455932617,22.334241251071425,21.9929262022478,22.23144661359932,161473000,21.446305683680944,69.26756242245348
2021-10-20,22.05879020690918,22.38813006458751,21.9380319418382,22.26038583137689,146276000,21.647045952933176,65.1121754159465
2021-10-21,22.646615982055664,22.665578987578357,22.038834713601,22.052806653024465,187590000,21.93518284388951,68.92464167458655
2021-10-22,22.6805477142334,23.083739042087227,22.515878704929623,22.777353835554827,249384000,22.189958572387695,85.84761369523473
2021-10-25,23.11966896057129,23.30829014309968,22.724461041768397,22.92705416374333,230235000,22.39241055079869,84.83440236696256
2021-10-26,24.66756248474121,25.20848014915591,23.87614929818743,23.94101982441546,485898000,22.799451555524552,88.63234255638025
2021-10-27,24.402097702026367,25.039819627754436,24.23343508120034,24.42505241727428,245990000,23.117243358067103,83.16304270282245
2021-10-28,24.8911190032959,24.900101780305317,24.47395571718295,24.82824527483204,234204000,23.495200293404714,88.51205495692165
2021-10-29,25.51586532592773,25.65758152328084,24.949999891827137,24.95099734360504,292503000,23.989068167550222,91.812571410576
2021-11-01,25.77534294128418,25.842208370772436,25.17654262385293,25.597699462588817,265740000,24.436029161725724,92.52720077102612
2021-11-02,26.348201751708984,26.624648227209995,25.748403812668705,25.77036108051584,294112000,24.95997973850795,92.88630171602951
2021-11-03,26.544801712036133,26.730430521344747,26.182528772964595,26.616658209529835,239910000,25.449284417288645,92.13267065275188
2021-11-04,29.741397857666016,31.302268996700604,27.06376336050376,27.174541418674576,1153631000,26.174118041992188,94.87845215289191
2021-11-05,29.692495346069336,31.33719807733602,29.351178403482844,30.12662479171835,851260000,26.929889133998326,94.11763125074603
2021-11-08,30.74239730834961,31.037804879087293,29.84718991465861,30.088706528336484,503101000,27.765786034720286,94.72577088817972
2021-11-09,30.595685958862305,32.24538176052157,29.904073062161725,32.21743788200978,646746000,28.49147469656808,95.12553062266447
2021-11-10,29.40008544921875,30.788304375527165,28.720447604687248,29.2972926998278,636206000,29.009295054844447,83.54318569238583
2021-11-11,30.3292179107666,30.52881866243942,29.717444976144325,30.40706292726186,332172000,29.578011648995535,84.88711142353051
2021-11-12,30.3292179107666,30.6186388103388,29.57073771935728,29.949978766828863,413054000,30.11864253452846,84.25645011431867
2021-11-15,29.96495056152344,30.582712063187355,29.188506658934788,30.490897004453117,384909000,30.15057863507952,78.36079153300756
2021-11-16,30.142593383789062,30.32921965955124,29.646587638275637,29.699483039745203,264484000,30.21487835475377,81.02481244442504
2021-11-17,29.20248031616211,30.44798552502293,28.742401833013343,30.357166009226244,428508000,29.994890213012695,72.21766916044272
2021-11-18,31.611650466918945,32.6944795952981,31.258358361821458,32.30226783384212,781711000,30.14002799987793,76.53346634602374
2021-11-19,32.91903305053711,33.02182769774817,31.841193046741573,32.17851641694314,533867000,30.64273480006627,78.49524801628513
2021-11-22,31.89208984375,34.577708036360065,31.836202083077225,33.449966883105866,754335000,30.866002219063894,71.34076304141671
2021-11-23,31.682514190673828,32.29528662460545,30.818244902798806,31.4719357098306,532163000,31.059330259050643,69.75748452967619
2021-11-24,32.6086540222168,32.789291790947665,30.86614561342591,31.398080594044345,435162000,31.437002182006836,63.35908579358552
2021-11-26,31.43999290466309,32.644577680201,31.28729903306625,32.53479707579873,283069000,31.622344970703125,57.37263465274767
2021-11-29,33.30924987792969,33.34517718004604,31.97192962824051,32.30127147962138,454964000,32.20902633666992,60.12916973880341
2021-11-30,32.61064529418945,33.28629321448128,31.800270958309547,33.102659303581106,622066000,32.35173988342285,57.61943963650071
2021-12-01,31.37597274780273,33.22649341521758,31.32107571883393,33.15662516153625,484368000,32.13130269731794,57.449677673044164
2021-12-02,32.065670013427734,32.41701018032745,30.966737749643595,31.1553839077485,472890000,32.15609986441476,56.66731357504272
2021-12-03,30.635364532470703,32.06866878992762,30.073420121563696,31.939909415701194,544325000,32.00650705610003,51.0591525644506
2021-12-06,29.98059463500977,30.184210114917637,27.985347978050683,29.82388797033957,658938000,31.63107000078474,50.05305616993706
2021-12-07,32.36610794067383,32.388069797769525,30.593443775729348,30.898870840520747,593053000,31.76337214878627,56.55872824263113
2021-12-08,31.766237258911133,32.22936665896323,31.36199708371953,31.93891273407669,475551000,31.542941774640763,57.71724865620306
2021-12-09,30.4327449798584,32.14452657125806,30.37086113067773,31.67440845151027,488507000,31.231813158307755,46.20561897879298
2021-12-10,30.14129447937012,31.246216117140637,29.8049274009044,31.091506489093447,488825000,31.055430548531668,40.434094974680484
2021-12-13,28.10811996459961,30.23711604757903,28.063204387226197,30.192200470205613,598344000,30.490066255841935,37.81344644523585
2021-12-14,28.28378677368164,28.624146025020703,27.198828121818572,27.646984365520247,667035000,30.154126576014928,39.030188786107665
2021-12-15,30.401805877685547,30.44272925630748,27.78572711681189,28.346672107086977,698297000,30.214299610682897,43.3859988215089
2021-12-16,28.333696365356445,31.10149017055974,28.040249693631463,31.09350577104492,707366000,29.638240814208984,41.166562598851755
2021-12-17,27.748798370361328,28.867693746505232,27.707874990959684,27.932452886899156,713758000,29.064320972987584,32.94156307555764
2021-12-20,27.66695213317871,28.09115335279871,27.09403052205565,27.25372993911969,461847000,28.6692077091762,34.23716629883545
2021-12-21,29.02040672302246,29.06532230281092,27.349548297152086,28.32072277535436,524385000,28.50908088684082,42.54580365675986
2021-12-22,29.34479331970215,29.49950295143825,28.39557886127162,28.83675022926519,395184000,28.685748508998326,41.18599227444443
2021-12-23,29.584339141845703,30.00255293617632,29.375731983483323,29.69912295763696,343022000,28.871541704450333,46.31068943991092
2021-12-27,30.88689422607422,31.028627790469503,29.584344321777383,29.604307224653837,403686000,28.940840039934432,53.04291103845337
2021-12-28,30.265064239501957,31.27117091775834,29.95564496237045,31.25320506703361,420591000,29.21674973624093,41.998035743083335
2021-12-29,29.94466209411621,30.490635793883296,29.310854299985547,30.21615258320105,343139000,29.5304445539202,42.91151413021147
2021-12-30,29.530447006225582,30.39981182469049,29.484533852253943,29.77099370539125,308864000,29.79665810721261,46.21822419043373
2021-12-31,29.355770111083984,29.973609113306747,29.275920414532827,29.6182767262056,266530000,29.844567162649973,46.675108048230825
2022-01-03,30.064441680908203,30.65333398224201,29.72907215097168,29.75901650492273,391547000,29.947374071393693,59.326229823611285
2022-01-04,29.23500061035156,30.410788077798998,28.295767620650075,30.22014674983897,527154000,29.89746856689453,54.26857576394589
2022-01-05,27.55216407775879,29.360761698058194,27.48129825759056,28.8946376918404,498064000,29.421078545706614,36.69245992194151
2022-01-06,28.12508773803711,28.384599746692302,27.014178729970627,27.588097870851957,454186000,29.11536761692592,48.867695397628154
2022-01-07,27.195838928222656,28.368633810890536,27.006195152038096,28.08816129845375,409939000,28.722678593226842,47.106752461121644
2022-01-10,27.348546981811523,27.417417654983364,25.59584393958312,26.53108468375196,594681000,28.41097858973912,48.346273011963305
2022-01-11,27.7647647857666,28.012300188933875,26.788602534334327,27.27169293480433,404089000,28.183692114693777,42.77507943573629
2022-01-12,27.94642448425293,28.541304091564665,27.55615795137803,28.01429568316571,383413000,27.88111822945731,41.81946925879492
2022-01-13,26.52510070800781,28.42652245848051,26.448243722713595,28.32571227438092,540171000,27.49398967197963,34.27726605610347
2022-01-14,26.891407012939453,27.145929233083397,26.160781232241582,26.25061238008451,395832000,27.39959580557687,27.278903861397367
2022-01-18,25.854358673095703,26.58797908364764,25.7216090020734,26.2106886411857,424270000,27.075205939156668,26.04876751329266
2022-01-19,25.019927978515625,26.49315614018337,25.00495675510724,26.03002865451013,488315000,26.76436151776995,24.671457089744422
2022-01-20,24.10465240478516,25.530969979434104,24.03278709885486,25.25648673633565,435181000,26.300948006766184,23.462206197204154
2022-01-21,23.330108642578125,24.77638710347708,23.219317018447757,23.46285831524654,718958000,25.6674257005964,22.16176510500729
2022-01-24,23.328113555908203,23.336097955364192,20.848778570710763,22.288070327962892,913982000,25.007666996547155,16.70445178023698
2022-01-25,22.282075881958008,22.899914812184477,21.958684934175366,22.50365909722576,664616000,24.401520592825754,16.35428405819576
2022-01-26,22.72923851013184,24.011825408045205,22.25812470136362,23.196360119400374,755959000,23.806925092424667,23.491325717817816
2022-01-27,21.902795791625977,23.94994520390396,21.63429989022851,23.52374694006863,573353000,23.24241610935756,16.72713824502489
2022-01-28,22.79711151123047,22.81507736078237,21.256010188975853,21.97066529793948,543774000,22.924870899745397,26.390195880907186
2022-01-31,24.440019607543945,24.462977133356745,23.008712395145714,23.138467440076717,564680000,22.97278050013951,36.54165847348819
2022-02-01,24.59173393249512,25.09778183030343,23.84513747035358,25.05685845677424,518925000,23.153012684413365,34.94933418448868
2022-02-02,25.194599151611328,25.76851822880284,24.50689192905058,25.745562607975295,543419000,23.419653483799525,37.4487663113954
2022-02-03,23.90302848815918,25.029908072459417,23.735344703016967,24.412070997898297,410178000,23.651218141828263,37.89732773345689
2022-02-04,24.273332595825195,24.58873917721816,23.58762241066988,23.926984090983428,354829000,23.87180301121303,37.920238415617554
2022-02-07,24.681568145751957,25.134714224947395,24.15655485671545,24.326235718859127,376868000,24.268770490373885,44.255420764643425
2022-02-08,25.060850143432617,25.18262078390115,23.93496812631072,24.313256122719576,410359000,24.59216172354562,50.20980016619732
2022-02-09,26.65485382080078,26.67481672211375,25.305393294577183,25.57388727329852,524282000,24.908566611153738,62.223699627430555
2022-02-10,25.77550506591797,26.874437353914,25.551926685480243,25.946185380289258,513200000,25.07767677307129,61.604751343049486
2022-02-11,23.904027938842773,26.102892162644004,23.728359741691555,25.86733526286818,605472000,24.893309456961497,52.32117436532376
2022-02-14,24.22143173217773,24.828289834461444,23.71039212787544,23.88905685535075,440424000,24.93879563467843,58.30414550232442
2022-02-15,26.44525146484375,26.495156818881654,24.73746374922691,24.902152940565774,699869000,25.24906975882394,63.810384159371445
2022-02-16,26.461217880249023,26.53208560881716,25.50401903586401,26.209692177134915,732676000,25.503305435180664,68.02714746180465
2022-02-17,24.460983276367188,25.73658345917886,24.119626392630053,25.58187381668559,810595000,25.41761016845703,56.05082384616174
2022-02-18,23.597604751586918,24.93908082295964,23.0566227133838,24.621677178101823,761255000,24.98086030142648,46.75234947810292
2022-02-22,23.346078872680664,24.018813057525925,22.95681180347932,22.99174593000933,633422000,24.633799416678293,45.23446550551082
2022-02-23,22.34496116638184,24.10964279655183,22.2591241179569,23.75730501487608,566511000,24.411075592041016,39.420448022691616
2022-02-24,23.703405380249023,23.755307780737613,20.85077230875615,20.975537584713315,735801000,24.33707182747977,49.262542069487615
2022-02-25,24.11163711547852,24.17152391328445,23.33709523205196,23.67645692589719,528866000,24.003698348999027,49.404325506757225
2022-02-28,24.33920669555664,24.618681558103127,23.6624804405256,23.94694507572169,477319000,23.700553894042972,48.72175004650226
2022-03-01,23.43291473388672,24.331226258379807,23.088563252009077,24.24538730545337,412056000,23.553686959402906,44.152032479215045
2022-03-02,24.178640365600582,24.367318703881534,23.37501661218391,23.715433912186374,389642000,23.63669204711914,40.52749818502856
2022-03-03,23.673503875732425,24.284458264860728,23.42892142884552,24.22056647728967,365095000,23.68346704755511,41.722008313640885
2022-03-04,22.896833419799805,23.63956238620593,22.4436082353797,23.34406833240123,431415000,23.76230594090053,45.65921188136
2022-03-07,21.315534591674805,22.993665460177365,21.293572802788574,22.778032834375527,450821000,23.421181542532786,38.70655212958704
2022-03-08,21.47726058959961,22.33479293322112,20.6147357181617,21.27261074323102,557467000,23.0448420388358,27.00710622257921
2022-03-09,22.97469520568848,23.180342761598634,22.209004937727432,22.348765227754612,492742000,22.849911825997488,35.80959159205598
2022-03-10,22.61930656433105,22.749083717994683,21.844630809621485,22.492522642258592,428066000,22.733682087489537,41.34545558192116
2022-03-11,22.062259674072266,23.10547517835585,22.00835103815082,22.98268413168652,367209000,22.431341988699778,42.57110883096731
2022-03-14,21.293575286865234,22.223982944755804,21.122867770937503,21.83165441007956,385354000,22.091352190290177,40.54212683692372
2022-03-15,22.93376922607422,22.998658760543933,21.285589521638904,21.48125396490625,491996000,22.096628734043666,52.56229802620755
2022-03-16,24.45417022705078,24.554997589034343,23.13243172097139,23.459870735396727,671422000,22.545005253383092,53.22166891284338
2022-03-17,24.723709106445312,24.799577634273213,23.86517707544355,24.078812339221557,471941000,23.00878361293248,52.65815289924892
2022-03-18,26.407825469970703,26.52362850461365,24.581950275359183,24.756650667159143,730719000,23.499230793544225,57.974841738783624
2022-03-21,26.6883487701416,27.105636174000807,25.92265828711605,26.46173710707746,591727000,24.080522537231445,63.186423581500584
2022-03-22,26.478702545166016,27.19148387841612,26.02747480478171,26.681354978763657,547007000,24.711442947387695,59.73958319030947
2022-03-23,25.59022521972656,26.56655381048961,25.53132595965773,26.08138369887488,502120000,25.3252500806536,57.86111990727931
2022-03-24,28.101926803588867,28.27163656434752,25.862757228731745,26.12131570154282,877379000,26.063558306012833,68.68816193437685
2022-03-25,27.64471244812012,28.30957554900157,27.22443182189707,27.83838141653964,579016000,26.519350051879883,74.71930803172354
2022-03-28,28.170812606811523,28.201759807765967,27.1595419358148,27.708603888686447,425494000,27.011793409075057,75.41893614404475
2022-03-29,28.60706329345703,28.896567060286,27.93221712799229,28.64599625005715,488984000,27.325970241001674,73.26408950856788
2022-03-30,27.64271545410156,28.44733883718501,27.456034512154396,28.25566727133336,463487000,27.46230833871024,69.75504524878393
2022-03-31,27.239398956298828,28.19975589980672,27.223427439555707,27.73455215306783,523440000,27.570979254586355,70.60878990652854
2022-04-01,26.6663818359375,27.449043337221056,26.222142099994542,27.32824968844568,517235000,27.72471591404506,71.72613740486275
2022-04-04,27.313278198242188,27.51094002983232,26.56755410197447,26.682357489080253,397120000,27.612051827566965,69.25643319670056
2022-04-05,25.886720657348636,27.272351032216125,25.77591013712114,27.207461491374268,436615000,27.360910143171036,56.35125021880628
2022-04-06,24.365318298339844,25.256792918597675,23.96200890348851,24.891418735507823,703833000,26.817268099103654,48.56981974096307
2022-04-07,24.16666030883789,24.67978249281721,23.437907382970664,24.399262217940954,557992000,26.182924815586635,39.85357220203326
2022-04-08,23.079517364501957,23.8821451640923,23.02261549994501,23.876154892846948,524781000,25.53103937421526,34.7737999531642
2022-04-11,21.87957191467285,22.28188358526793,21.62301082687173,22.176065607996858,575207000,24.765349796840123,32.09204685938752
2022-04-12,21.46727752685547,22.686193106585748,21.24565651235905,22.49851442665196,662258000,24.022620609828405,33.32794466537298
2022-04-13,22.165082931518555,22.461576626486607,21.418361102559462,21.690895614899212,516943000,23.2871641431536,21.865830184231484
2022-04-14,21.22169685363769,22.73810384262481,21.12685977186601,22.466567076302507,569097000,22.620732171194895,20.902667009986786
2022-04-18,21.74580383300781,22.05028140912136,21.043005526079824,21.16379919334309,525701000,22.246515819004603,20.888380345289193
2022-04-19,22.16009330749512,22.33479370527867,21.277602102469054,21.682908929418428,512781000,21.95986339024135,20.730624891865773
2022-04-20,21.4453182220459,22.63128934863741,21.16380016950802,22.47855072948964,468974000,21.726406369890487,21.211300705288494
2022-04-21,20.14853286743164,22.35376006262199,19.96584482368389,21.671925898282147,656209000,21.479115077427455,19.585536363454935
2022-04-22,19.48167610168457,20.45101871844676,19.466702324590383,20.268330640712534,624713000,21.19545773097447,19.429131369223512
2022-04-25,19.86801528930664,19.91094113029404,19.063391878151013,19.16920986462342,641566000,20.867305210658483,17.60209154666559
2022-04-26,18.755916595458984,19.754208935720317,18.638118068842683,19.684328776556665,653143000,20.515050888061523,18.097366224396012
2022-04-27,18.38355255126953,19.13426722053268,18.258766021013585,18.566238691083928,499460000,20.034729276384628,20.171255000041896
2022-04-28,19.748218536376957,20.00278414779273,18.458425023872117,18.934609751166647,570327000,19.69017573765346,30.262223343126138
2022-04-29,18.51532745361328,20.093626894168175,18.485378000301736,19.368866880032883,500435000,19.27160562787737,29.87322812578749
2022-05-02,19.499645233154297,19.54057368061249,18.359595182176143,18.509338652446186,572049000,19.17890739440918,39.30175423975715
2022-05-03,19.568523406982425,19.79114404991853,19.10032449226341,19.366868713389604,475751000,19.191314152308873,41.19280330469602
2022-05-04,20.29927444458008,20.36516171849217,18.718977614571205,19.888977026520188,648855000,19.25292260306222,41.371988441429345
2022-05-05,18.81182098388672,19.8909743941452,18.46840855116505,19.833074778086864,626331000,19.260908944266184,39.38995131938168
2022-05-06,18.64310836791992,19.478678935531164,17.959278659901084,18.704005022182383,633297000,19.29798834664481,35.89834990410536
2022-05-09,16.921052932739258,18.223822606653048,16.798261899873843,18.003201272373538,644455000,18.894107546125138,28.71856401369071
2022-05-10,17.564950942993164,18.16692179202985,16.995924681678712,17.658790274672434,761474000,18.758339473179408,34.146323597253996
2022-05-11,16.601600646972656,17.722684032809344,16.539708152277523,17.31737720883455,670167000,18.34433310372489,35.10272282621236
2022-05-12,16.147375106811523,16.759329075995733,15.540414616819776,16.191300586884303,708728000,17.855597632271902,35.74110241214649
2022-05-13,17.67576026916504,17.897381249402734,16.56466213664681,16.759328802187234,670437000,17.480809892926896,41.45922184207825
2022-05-16,17.23451805114746,17.75762337919923,17.07678882882922,17.479100500246304,521446000,17.255480902535574,43.74589051460598
2022-05-17,18.145957946777344,18.339626883509197,17.60388599597196,18.04313320710657,585830000,17.18445941380092,49.064755093589056
2022-05-18,16.909074783325195,18.087060007561064,16.835201746851723,17.67476517907851,545161000,17.182748249598912,38.71069468109262
2022-05-19,17.094757080078125,17.65679534404285,16.70542180682351,16.908076154672674,621310000,17.115577697753906,43.83822124914704
2022-05-20,16.665485382080078,17.38026199328111,15.728089149515966,17.302396107832763,739105000,17.124704088483536,37.0848491675428
2022-05-23,16.8691463470459,16.886117516531304,16.151374220632025,16.246211316846498,639889000,17.227814265659877,37.84832000835269
2022-05-24,16.126413345336914,16.568657631861445,15.753052424141991,16.48180630730602,588550000,17.006478990827286,31.23543735327995
2022-05-25,16.94601058959961,17.081778009823868,15.972675307246048,15.992641608362012,781132000,16.965263639177596,41.07364922402173
2022-05-26,17.82051658630371,18.06110426597355,15.994639404503166,16.008615436483225,996575000,16.91877201625279,46.31353914773112
2022-05-27,18.77887916564941,18.84875932901961,18.0690928272476,18.154946415427407,738379000,17.185886928013392,58.93766803387744
2022-05-31,18.640113830566406,19.167212018261758,18.318663222436637,18.947586503994447,664100000,17.406652178083146,55.43664759274066
2022-06-01,18.288713455200195,19.020461466016048,18.09105163821,18.692024752314552,544514000,17.63854190281459,59.09381485334163
2022-06-02,19.55854034423828,19.58549466085243,18.16692188014769,18.260761212282123,648656000,18.022741045270646,66.90075027589371
2022-06-03,18.68803024291992,19.298986516838276,18.490368423029345,19.04941345422619,598779000,18.388686316353933,55.36507664366321
2022-06-06,18.7539176940918,19.30397732338248,18.53229669052841,19.106315501617136,422406000,18.64695875985282,58.38657126126778
2022-06-07,18.89368057250977,18.967553608275995,18.156939990406823,18.440455398286808,388914000,18.800267900739396,54.51150091974216
2022-06-08,18.620088577270508,19.151291873651267,18.50725684608469,18.77086163259648,363252000,18.777583530970983,61.68157339176914
2022-06-09,18.02098846435547,18.9046641413827,18.013998971506,18.453340970679225,395574000,18.689137050083705,55.98574500961936
2022-06-10,16.948596954345703,17.670514456691603,16.843752654177802,17.573659508927918,465248000,18.49769183567592,51.68919041948441
2022-06-13,15.623581886291504,16.28758656135301,15.582642884178728,15.976053248755155,604153000,17.935554913112096,43.44539838580636
2022-06-14,15.812299728393556,16.04195504524191,15.388933562732417,15.707456379910642,469680000,17.52473626817976,48.24467233549626
2022-06-15,16.502262115478516,16.84275129615181,15.902160932992564,16.07090763908695,563936000,17.203071185520717,47.48379160414505
2022-06-16,15.577651023864746,15.91814123168446,15.377950538825912,15.836263223408563,545749000,16.729352678571427,37.354028902833775
2022-06-17,15.856231689453123,15.971059334411734,15.30505785095552,15.62457858553492,630334000,16.334515980311803,32.153130667014565
2022-06-21,16.54120445251465,16.98254231536579,16.382442043197987,16.450341054941436,483089000,16.123118264334543,37.98471602131767
2022-06-22,16.335512161254883,16.637060158591623,16.155781289339874,16.20171196197555,437135000,16.035534722464426,38.62913599022146
2022-06-23,16.20071792602539,16.560177852309664,15.829273970737953,16.49427664363324,463680000,16.117982728140696,27.4751345248563
2022-06-24,17.10036849975586,17.11434748626478,16.285589749175383,16.475305926435098,472153000,16.301992552621023,39.39116098315981
2022-06-27,16.8437557220459,17.30406629647923,16.601119331011024,17.28609358316079,427968000,16.35077735355922,37.55344446982562
2022-06-28,15.958081245422363,17.176254673926298,15.921135965503868,16.874706609804687,461149000,16.405124528067454,32.56639096764093
2022-06-29,15.518738746643066,15.796322553618785,15.147295762714824,15.790331967796002,482352000,16.356911250523158,31.93764066780055
2022-06-30,15.136313438415527,15.543702818042789,14.839757997144384,15.338010790046964,686070000,16.156212534223283,32.76456649491638
2022-07-01,14.501262664794922,15.040454389186223,14.370459171454636,14.876700295756732,577610000,15.894176891871862,34.57128620151788
2022-07-05,14.941603660583496,14.948593153459884,14.033964684753286,14.153784970740077,651397000,15.714303425380162,45.16082361265476
2022-07-06,15.107354164123535,15.296071406347052,14.766864002525546,14.9875338893659,529066000,15.429587091718401,44.98149466511093
2022-07-07,15.834263801574709,15.92113347471678,15.365965930384968,15.43286603437502,492903000,15.285373960222516,45.26940753372619
2022-07-08,15.814294815063477,16.01299732041697,15.36596649650815,15.406905495536062,467972000,15.264833041599818,51.92213099452206
2022-07-11,15.129322052001951,15.503760780191186,15.015492358677458,15.502761873163315,437321000,15.209202085222516,44.46135270825626
2022-07-12,15.059428215026855,15.40790588240936,14.854735092070603,15.2451497198593,458483000,15.198218481881279,37.541984279898955
2022-07-13,15.141303062438965,15.351987693110564,14.443349874690844,14.568162782764912,521918000,15.289652824401855,39.74621908825111
2022-07-14,15.348992347717283,15.449841012627653,14.705956174255292,15.085387539536947,456235000,15.347851208278112,42.77728238859929
2022-07-15,15.738409996032717,15.758379568003257,15.421884043363004,15.635564462603954,385935000,15.438002041407994,37.35631603858029
2022-07-18,16.076902389526367,16.871710589683683,15.978051532247012,16.277601777662408,670517000,15.472664696829659,42.98755644112542
2022-07-19,16.966567993164062,17.084391408456785,16.147795623704503,16.46132482497789,702366000,15.63727515084403,59.215319037094474
2022-07-20,17.780349731445312,17.90616251924096,16.775856670404433,16.92163807932355,760538000,16.01599339076451,69.34245926859731
2022-07-21,18.02298355102539,18.116842722788554,17.518740229558066,17.858231499167427,557049000,16.439358438764298,75.29307834246015
2022-07-22,17.29307746887207,17.94010636545341,17.11134877104996,17.86621772155527,536671000,16.746754782540457,74.0619835077564
2022-07-25,16.998519897460938,17.09837060572029,16.624081169858755,16.99352631457635,480748000,16.982401575360978,68.18504892806138
2022-07-26,16.508256912231445,16.89367888729215,16.453338922989442,16.863723101025418,397865000,17.09237970624651,61.713180404856814
2022-07-27,17.763376235961914,17.90915763959867,16.887687954750817,17.006509340230103,569776000,17.33330454145159,64.82054562897352
2022-07-28,17.957082748413086,18.1128494016185,17.413898228562946,17.948097346099534,474646000,17.47480664934431,66.03409263150323
2022-07-29,18.135814666748047,18.21669280545941,17.66551896482929,17.78633814776451,435460000,17.525587354387557,74.34117811655406
2022-08-01,18.413402557373047,18.817797150149296,17.96307727708598,18.154789380452964,476469000,17.581361498151505,76.27095145461072
2022-08-02,18.498271942138672,18.90965597324655,18.064921477467077,18.09487726327631,489527000,17.75353213718959,76.28207779741778
2022-08-03,18.86471939086914,18.939607887838186,18.10985050231707,18.156781033376305,418146000,18.020132064819336,76.85737344784494
2022-08-04,19.186241149902344,19.245152860108632,18.731922222497296,18.82078971745885,409652000,18.402701241629465,76.61478888533074
2022-08-05,18.960580825805664,19.200221406229684,18.63806428278374,18.781847869240536,386068000,18.57373046875,72.65456847056737
2022-08-08,17.766368865966797,18.211702398582386,17.21619484617893,17.475805938276682,981859000,18.54648562840053,55.99640895576003
2022-08-09,17.060426712036133,17.4208864407512,16.69896902858045,17.226178614679633,668263000,18.3928587777274,44.51375126928196
2022-08-10,18.069913864135746,18.09088234146553,17.291080625113878,17.67151089037589,597422000,18.343788964407786,50.32021174448966
2022-08-11,17.91514778137207,18.679004192022955,17.849246570948857,18.103866009330527,509327000,18.2604855128697,54.60596816788826
2022-08-12,18.680997848510746,18.689985155231977,17.926128836719883,18.132819750863117,478094000,18.23423957824707,61.64479188751125
2022-08-15,19.003515243530277,19.135317654548857,18.585143621952405,18.673011261133464,457666000,18.208135877336776,67.68076838660221
2022-08-16,18.850744247436523,19.11335111314313,18.47330972628457,18.891683249998238,451240000,18.192444937569757,59.13129859612612
2022-08-17,18.30755615234375,18.660028439075308,18.11784190630985,18.495276393362317,446799000,18.26975740705218,52.779967302867846
2022-08-18,18.74490165710449,18.836763008676165,18.15578460519784,18.273608015579168,415447000,18.510396684919083,54.64089883198925
2022-08-19,17.82228660583496,18.49228185814888,17.743404371604452,18.378452160239146,441588000,18.475021362304688,45.899125215520385
2022-08-22,17.00850486755371,17.53172074156126,16.940605853841493,17.463821727849037,409593000,18.345500946044922,40.61399176361306
2022-08-23,17.155290603637695,17.438866030368292,16.94460589610588,16.9635784706273,369986000,18.127542768205917,38.923467961427114
2022-08-24,17.196224212646484,17.379948837840608,16.869713963835665,16.986537526161726,522661000,17.86935833522252,36.61877682100691
2022-08-25,17.88619041442871,17.920139924082378,16.807806884713354,16.818790101485074,770691000,17.731564930507115,43.20019990535882
2022-08-26,16.23566246032715,17.8971713637303,16.2126961703549,17.83027221223721,769127000,17.435580117361887,40.84119856632919
2022-08-29,15.777350425720217,16.313546405492897,15.743401869330192,15.996023465490442,496132000,17.011644227164133,42.08841781999058
2022-08-30,15.44484806060791,16.014992540192395,15.159275891210998,15.936111266550355,530181000,16.672010149274552,32.339112930494295
2022-08-31,15.071409225463867,15.516741812619587,14.936611046484066,15.36097515498697,573710000,16.395282200404576,31.414774659418754
2022-09-01,13.916142463684082,14.358479319557944,13.250140864183996,14.18773475449995,1178865000,15.932546751839775,20.36763888646709
2022-09-02,13.626575469970703,14.149790438422428,13.570658574144392,14.07889755409694,743157000,15.42259693145752,16.4235137179235
2022-09-06,13.44484806060791,13.758378249021042,13.331018356208771,13.710449751958874,535751000,14.788119452340263,16.36433396195936
2022-09-07,13.697545051574709,13.821396819247424,13.329986564660924,13.546726205558128,512657000,14.425531251089913,20.24058723586691
2022-09-08,13.973210334777832,13.991189334928276,13.352956261508266,13.442847452141244,624873000,14.167796952383858,18.54018088380076
2022-09-09,14.36973762512207,14.456633130177988,14.109051109954317,14.140013098771568,486612000,14.014209747314453,25.54054883066547
2022-09-12,14.487593650817873,14.529543066590088,14.18096190060258,14.351757175213589,484159000,13.930807522365026,30.18704045075235
2022-09-13,13.115242004394531,13.90529314840451,13.083280816767804,13.78543726600946,714956000,13.816393171037946,23.376381458695718
2022-09-14,13.112245559692385,13.274050848936492,12.897503425292644,13.238093800483416,588507000,13.742917469569615,22.951642230880253
2022-09-15,12.91348648071289,13.217121614092488,12.774653326840804,12.999383731864688,523625000,13.667008672441755,14.773544416781732
2022-09-16,13.182162284851074,13.196145423815514,12.601859160237112,12.726709159579556,670751000,13.593382562909808,23.103279745876947
2022-09-19,13.365942001342772,13.446845131626862,12.994388648426847,12.996386103706838,569685000,13.506629943847656,27.6796283470472
2022-09-20,13.16018772125244,13.466819464487608,13.0413310459368,13.199141429675532,524818000,13.333837100437709,28.34470858951161
2022-09-21,13.245088577270508,14.01416515626586,13.094269730528072,13.197146786918449,807679000,13.156336375645228,31.687439636624447
2022-09-22,12.545927047729492,13.133221762579597,12.413087222872996,13.054316087751957,759162000,13.075005667550224,34.87760944189115
2022-09-23,12.500982284545898,12.595868564084109,12.24229322483334,12.405097753529938,663309000,12.987682342529297,36.868333309597915
2022-09-26,12.21332550048828,12.643808988477636,12.19934236212235,12.476010375556603,547343000,12.887659345354352,35.97906128889987
2022-09-27,12.39810562133789,12.720718004620997,12.2432918741277,12.491992692614524,553854000,12.775651250566755,34.97344305923252
2022-09-28,12.720717430114746,12.807612927319292,12.339175843524696,12.395108402179584,542414000,12.683476311819893,35.6718967853426
2022-09-29,12.20533561706543,12.484999335471636,11.931664263986637,12.43306169251464,532763000,12.547068868364606,25.895437642771512
2022-09-30,12.124432563781738,12.617840174725137,12.06050923727058,12.07249492052454,565638000,12.386975152151924,23.463476798852014
2022-10-03,12.49698543548584,12.662786597962567,12.090473302526956,12.332183476861935,547478000,12.379983493259974,41.04717883988362
2022-10-04,13.151200294494627,13.204137147620418,12.86354576862045,12.86354576862045,584182000,12.472871780395508,50.474585778762375
2022-10-05,13.19314956665039,13.305015637695266,12.605855789387167,12.895507767366093,507131000,12.612846646990095,53.542489629162525
2022-10-06,13.11424446105957,13.639613297811657,13.087276433613106,13.20413661584121,644157000,12.715152195521764,49.09623578148442
2022-10-07,12.06151008605957,12.654797201659376,12.007574980325952,12.489995225103874,672478000,12.620979717799596,35.902457667053
2022-10-10,11.655996322631836,12.10945105214364,11.394310633276682,12.022555556989856,698699000,12.542502675737653,34.416435520424386
2022-10-11,11.572096824645996,11.83178409135809,11.26945998596596,11.547126254028573,667482000,12.463597570146833,32.66405104436143
2022-10-12,11.486199378967283,11.72091702336587,11.331385654046086,11.56510504715587,492590000,12.319199562072752,37.41997421061033
2022-10-13,11.945648193359377,12.063506625372144,10.800024266039834,10.957834660470663,850103000,12.146977833339147,43.99826928848713
2022-10-14,11.213528633117676,12.096467720598303,11.190556467712574,12.042532615828511,713432000,11.864174842834473,40.14184434509881
2022-10-17,11.873734474182127,11.93366289601578,11.503180320321372,11.504178571709462,580774000,11.686959130423409,45.27281659120213
2022-10-18,11.952640533447266,12.477010193051902,11.604059329307598,12.329188017829315,659362000,11.67140633719308,42.75758860317043
2022-10-19,12.036539077758787,12.335181032699738,11.81979945868784,11.864745537264808,523131000,11.725769587925502,48.26738478827353
2022-10-20,12.179367065429688,12.753676857079665,12.090473167129646,12.098463940273094,652398000,11.812522479466029,50.556797867575234
2022-10-21,12.451041221618652,12.483003364755136,11.87273646370664,12.083482766993896,609494000,11.950357028416224,49.524603092527144
2022-10-24,12.583881378173828,12.694748240906902,12.049523522041948,12.492990972974244,517457000,12.041533197675433,43.41982685367517
2022-10-25,13.245088577270508,13.284042293994744,12.648804760926902,12.678769451493256,505482000,12.331756046840123,50.526756425399284
2022-10-26,12.880525588989258,13.371934849187197,12.692751450482806,12.853558512942469,532953000,12.475583348955427,47.759483468565925
2022-10-27,13.16018772125244,13.821393940388155,13.10625262326881,13.61364336887796,583113000,12.648090090070452,62.36507643817034
2022-10-28,13.817398071289062,13.833379617190074,13.0453259501471,13.088274568762596,521040000,12.902498517717634,73.0212575425697
2022-10-31,13.48080348968506,13.821394849721266,13.281043677986505,13.761466429946742,486341000,13.088418006896973,69.29133949343057
2022-11-01,13.52674961090088,13.90829120834188,13.502778241501344,13.794427679959076,432817000,13.242090633937291,70.79179519391032
2022-11-02,13.203139305114746,14.192950448479118,13.195149482896024,13.833382730324775,672628000,13.330556052071708,63.177751105079196
2022-11-03,13.404895782470703,13.764464431116302,12.940454532186822,13.02735003493484,500065000,13.353385652814593,75.83609199108864
2022-11-04,14.13901424407959,14.211926605097682,13.68056441494515,13.969218152182387,612576000,13.533169746398926,76.25001878697167
2022-11-07,14.283838272094728,14.39470513173906,13.937255506819714,14.210925918682676,410061000,13.69369125366211,76.60739056569108
2022-11-08,14.584477424621582,14.873130174501291,14.198940003022432,14.78323802463346,595292000,13.803274018423897,77.71019795258091
2022-11-09,13.759469985961914,14.193948441801954,13.742490186400374,14.145006498501637,454414000,13.84308351789202,64.96407771655157
2022-11-10,15.731101036071776,15.754073201357338,14.52954448835347,14.782241164084551,700819000,14.157990864345006,73.49744187864103
2022-11-11,16.307409286499023,16.369335168505195,15.463423867683405,15.78803371742249,655487000,14.60145800454276,75.0807524787176
2022-11-14,16.27544593811035,16.52015277426041,15.902893396486796,16.198538674053413,527852000,15.011536598205566,72.30226006941189
2022-11-15,16.645999908447266,16.97760030988361,16.362340333620516,16.70193246037485,545876000,15.369677407400948,77.68802101054482
2022-11-16,15.890908241271973,16.342365517165717,15.853952937545785,16.142606655252838,649547000,15.599258831569127,68.76718028256084
2022-11-17,15.658187866210938,16.246481775556962,15.516358066087552,15.69614237342874,710894000,15.752646037510463,63.434921016745484
2022-11-18,15.390509605407717,15.982798417252967,15.101855894679977,15.946840413233774,492072000,15.985651697431294,64.07953894120949
2022-11-21,15.29862117767334,15.45842903768916,15.061905094440672,15.128825088274038,404739000,15.923868860517231,62.975437526136744
2022-11-22,16.018756866455078,16.038733326612228,15.103855565906704,15.309608723887116,472866000,15.882632800510951,69.48708589623175
2022-11-23,16.499176025390625,16.507167751178848,16.028742467722342,16.07868170486478,427241000,15.91459424155099,70.62034378636822
2022-11-25,16.25047492980957,16.467213564528336,16.152592965743032,16.298417660593895,167934000,15.858090673174177,65.04411868428215
2022-11-28,15.808009147644045,16.337373896519637,15.706132251811702,16.006769776940295,303741000,15.846247945513044,60.41782939339268
2022-11-29,15.620233535766602,15.91288216418634,15.501376850924103,15.808007666207146,298384000,15.84082589830671,57.190413761498135
2022-11-30,16.90701675415039,16.91401011224117,15.582268932663492,15.682173912135513,565298000,16.05746977669852,70.53431085131567
2022-12-01,17.118816375732422,17.24869275346434,16.619288621222157,16.98294514663755,470977000,16.317497662135533,61.751765561191085
2022-12-02,16.86005973815918,16.917007013380566,16.429467070023797,16.643265644067263,371389000,16.43768378666469,54.94609698616312
2022-12-05,16.59431266784668,16.978949268719298,16.456442519339436,16.663247742100303,352255000,16.451274735586985,52.73916176518297
2022-12-06,15.971901893615724,16.557347948087997,15.804060336485716,16.514389290224578,352694000,16.41147858755929,44.44946834198557
2022-12-07,16.104774475097656,16.170712118663413,15.652201340982169,15.7571026572587,372388000,16.45387363433838,51.962019989497634
2022-12-08,17.152786254882812,17.162777039567985,15.943927985639844,16.257632527002734,515456000,16.672809737069265,61.92731098499863
2022-12-09,16.984943389892578,17.56639446997388,16.958968874684317,17.14379362368255,465338000,16.683942113603866,62.93005642130505
2022-12-12,17.51844024658203,17.52143767261398,16.781138231333195,17.020911352868033,457328000,16.74103123801095,66.7984378561095
2022-12-13,18.054931640625,18.772253906847386,17.694272541319727,18.51349775285536,656589000,16.9117272240775,65.84923464941389
2022-12-14,17.65730857849121,18.23476374050765,17.40354874404559,17.970012708973496,496888000,17.063583782741002,59.13241631407107
2022-12-15,16.93598747253418,17.303639904704802,16.684226599412334,17.129804471678664,478542000,17.201310294015066,55.030621331549916
2022-12-16,16.555355072021484,17.024912581782935,16.394507767467545,16.84807963526829,478232000,17.26567895071847,55.534612542727054
2022-12-19,16.238645553588867,16.59330974953357,16.129749266177107,16.556345951202715,354039000,17.135087421962194,54.49394751789604
2022-12-20,16.069808959960938,16.29459685874467,15.837030148164454,16.04882888311095,403260000,17.00435393197196,42.7357900091916
2022-12-21,16.485416412353516,16.611298778563597,16.086793048040942,16.098782752226374,325025000,16.856779098510742,44.69190634159939
2022-12-22,15.32451343536377,16.122759590703474,14.867945252019002,16.07880051974723,565045000,16.466719354901993,38.82183253308629
2022-12-23,15.191638946533203,15.324512754745044,14.868944051199282,15.181648162416543,349326000,16.114480836050852,39.58766351816213
2022-12-27,14.107664108276367,15.085739610722165,14.042724962145323,15.059764142824474,464902000,15.710434641156878,37.048863963563925
2022-12-28,14.022744178771973,14.248530569045922,13.870887305866372,13.913846916256627,351066000,15.348633084978376,35.43881053186362
2022-12-29,14.589207649230955,14.66913201572216,14.213563317277028,14.388398226266634,354923000,15.112999098641529,30.77613137045992
2022-12-30,14.600197792053224,14.615183015183472,14.219557117948437,14.320461558489656,310490000,14.903054646083287,31.686356535666988
2023-01-03,14.301480293273926,14.9818378561514,14.082687257156094,14.836974338861143,401277000,14.59106377192906,24.37120219008527
2023-01-04,14.735069274902344,14.838971139139868,14.22754965642136,14.553241965260252,431324000,14.506857463291713,23.11052165678207
2023-01-05,14.251527786254885,14.550245182755337,14.134637707433926,14.477314173223292,389168000,14.372555868966241,22.793283440411457
2023-01-06,14.844966888427734,14.995824302039097,14.020746235509238,14.460330266141224,405044000,14.47788483755929,32.94770220319464
2023-01-09,15.613240242004396,16.04083551016208,15.12669972895464,15.26956527336169,504231000,14.70509856087821,42.77390721584482
2023-01-10,15.893975257873535,15.946924699347406,15.45738770492271,15.492354496985383,384101000,14.891493933541437,47.34168243530202
2023-01-11,15.98588752746582,16.012862454530836,15.548301464922972,15.825040282936422,353285000,15.089449610028948,49.34497185994704
2023-01-12,16.495405197143555,16.621285642542368,15.477367579612611,16.084794083982377,551409000,15.402867453438896,50.076838564772395
2023-01-13,16.883037567138672,16.90601655808953,16.149731642049844,16.262623866935215,447287000,15.709720066615514,63.60780747923937
2023-01-17,17.68528175354004,17.711258174571284,16.883040616258818,16.883040616258818,511102000,16.20025634765625,69.4939194589243
2023-01-18,17.36058807373047,17.856117981324587,17.26567658254257,17.650313175213793,439624000,16.5596308026995,78.85501946036158
2023-01-19,16.749164581298828,17.18075766327308,16.71519820403246,17.019908526025887,452932000,16.72190570831299,72.11864347769574
2023-01-20,17.822153091430664,17.83913723437092,16.809110800053677,16.994934054525242,564967000,16.997359684535436,74.23607154168369
2023-01-23,19.17487144470215,19.22682237221008,17.80117024392621,18.046936261033917,655163000,17.452928815569198,78.5509325596098
2023-01-24,19.246803283691406,19.476587493158043,18.80222389833277,18.809217256229907,496204000,17.845985685076034,81.76333646829204
2023-01-25,19.30475234985352,19.35170884974934,18.562453968698662,18.895139684298528,449537000,18.191944939749582,80.83872877756184
2023-01-26,19.78329849243164,20.14695504095457,19.259793204752064,19.682394047297027,489535000,18.491661616734095,87.35661083648412
2023-01-27,20.34576797485352,20.608520097219472,19.38667547064181,19.44362084967976,542142000,18.918115888323104,87.3035036788654
2023-01-30,19.14390182495117,20.120976822256097,19.13191212253492,19.9311576524384,488611000,19.260221208844865,72.61322993856584
2023-01-31,19.51855087280273,19.668408839064604,18.93210531346682,19.151896870281067,498017000,19.502563749040878,72.93877746619843
2023-02-01,20.9232234954834,21.17198699825666,19.592480623653994,19.672405000290908,660477000,19.752328327723912,76.79460436599351
2023-02-02,21.68849754333496,21.92827065743993,20.680451576187373,20.98016749243176,564276000,20.101141793387278,77.42137498252595
2023-02-03,21.0800724029541,21.724463687493483,20.769365304933352,20.98016646723876,429366000,20.354758943830216,71.656857810594
2023-02-06,21.06907844543457,21.549623050522936,20.766363279545104,20.78634484337185,452197000,20.538441794259207,69.0130813236936
2023-02-07,22.15205955505371,22.23797877641693,21.13002498740977,21.361806230961744,664150000,20.79648344857352,74.8085667148134
2023-02-08,22.184024810791016,22.85638942218437,21.98721039632192,22.365852098670587,559651000,21.230786732264928,79.9361151524167
2023-02-09,22.31590461730957,22.998260149633165,22.09911049933204,22.58465157727127,523876000,21.630408695765905,77.61537408434006
2023-02-10,21.244916915893555,22.057148851622586,20.791347102373106,21.66951669305264,550737000,21.67636489868164,63.177295761021895
2023-02-13,21.767417907714844,22.027172525413928,20.942197981441133,21.517654072105746,474919000,21.687639236450195,65.17499040028511
2023-02-14,22.949302673339844,23.027228111755477,21.34581727953393,21.5576169213997,675474000,21.95467213221959,69.32608511838221
2023-02-15,22.74249839782715,22.8334120482029,22.085120866486204,22.527701321791618,420575000,22.193732125418528,66.1575046171797
2023-02-16,21.98121833801269,22.528699142465783,21.90628841868297,22.11209321186156,412026000,22.16932623726981,58.73996116465264
2023-02-17,21.36780166625977,21.719468521066783,20.95519159664021,21.6105722076126,465888000,22.052722930908203,62.682322167904374
2023-02-21,20.63549041748047,21.47369671182956,20.598524711376086,20.98016385190775,410015000,21.812663759504044,56.1199633971431
2023-02-22,20.734399795532227,21.084069639386776,20.40171409518793,20.687445203336974,513184000,21.73973274230957,48.79262780719706
2023-02-23,23.64164924621582,23.86543861130623,23.00325283361213,23.417861786672574,1117995000,22.00748007638114,59.80341360917311
2023-02-24,23.264005661010746,23.45182972607232,22.925327050973003,23.203064357889676,589716000,22.05243764604841,61.22174643739617
2023-02-27,23.478803634643555,23.857445393658917,23.43184904576105,23.64764464547648,452994000,22.157624108450754,62.12792770722564
2023-02-28,23.194074630737305,23.8025006554153,23.18408384597794,23.349927442998144,455963000,22.330889293125697,55.70257223046611
2023-03-01,22.67656135559082,23.23403488033145,22.48674027986424,23.170094246932813,460026000,22.517854963030135,52.559453567749294
2023-03-02,23.291980743408203,23.35791839580541,22.41081376086851,22.46676253444405,389415000,22.89735358101981,54.829455103795375
2023-03-03,23.867435455322266,23.877426239059123,23.108153041245387,23.2979741211514,412393000,23.34493010384696,63.644858458987585
2023-03-06,23.531753540039062,24.225096378883,23.46481548162868,23.868435128806954,437429000,23.32923071725028,59.36176224836128
2023-03-07,23.26995849609375,24.10630995119504,23.222994023470918,23.58171705881991,515154000,23.330081122262136,51.885543909140026
2023-03-08,24.16226577758789,24.181252063835192,23.405852285965068,23.468803202924352,513573000,23.427718571254186,57.72577673757247
2023-03-09,23.417844772338867,24.43505576916179,23.364884429128946,24.15627067762164,501257000,23.459685734340123,57.831886546273715
2023-03-10,22.947208404541016,23.60869618678249,22.7083932455894,23.39086466695188,474866000,23.498349598475865,58.74642565014296
2023-03-13,22.948204040527344,23.279947517007088,22.279723706349586,22.73437106627306,421890000,23.449238640921457,63.936116707138915
2023-03-14,24.04435539245605,24.20023465879967,23.44182196451992,23.47779527575048,474910000,23.474512917654856,67.80542359664693
2023-03-15,24.209230422973636,24.26718414675934,23.341902860231983,23.74259126246112,524486000,23.57129532950265,54.33107951548547
2023-03-16,25.521209716796875,25.568172276922425,23.875484642486136,24.00838291285319,583253000,23.892902646745956,65.07464428081299
2023-03-17,25.70506858825684,26.378546157950858,25.648111638967688,25.96186943353434,848547000,24.11330304827009,64.9297159679877
2023-03-20,25.87993431091309,26.003838794237083,25.11053038968524,25.595155259242038,432747000,24.465030125209264,68.28121543461125
2023-03-21,26.17870140075684,26.371552664422826,25.361336269568945,26.159717020816757,547408000,24.926671981811523,74.56880517888732
2023-03-22,26.447492599487305,27.567624321193616,26.21667068225775,26.40452474253013,797295000,25.426570347377233,73.2687440734497
2023-03-23,27.1699333190918,27.477695255263573,26.66932202581043,27.093991987859635,564889000,25.87308147975377,73.83591590400988
2023-03-24,26.758251190185547,27.145951059024597,26.334579915197427,27.01005675084153,454920000,26.237227303641184,73.03467482378264
2023-03-27,26.510446548461918,26.979083076531545,26.344574782878965,26.816209246044448,361026000,26.378546851021905,73.18086172084931
2023-03-28,26.389537811279297,26.492458648935735,25.82997222376829,26.42650979990374,356104000,26.476328168596545,67.90936273433213
2023-03-29,26.963096618652344,27.05702366614578,26.576397269802417,26.804221294380277,393694000,26.631065641130725,79.31260812449631
2023-03-30,27.36178207397461,27.47769332122134,27.0809996657957,27.207902069655145,364516000,26.80007716587612,86.93978444924237
2023-03-31,27.755481719970703,27.812436769505297,27.08400143078161,27.11897416398198,433933000,26.986932754516605,87.74517761693014
2023-04-03,27.94333267211914,27.97830540140123,27.314820315472883,27.487686609279088,398716000,27.09741837637765,85.70643540887986
2023-04-04,27.431730270385746,27.97830737376156,27.285843473418648,27.944333318386548,368592000,27.193629673549108,77.7490937089804
2023-04-05,26.86017417907715,26.97708220560241,26.37455065173421,26.80821442088673,515015000,27.243590763637,63.215014903536435
2023-04-06,27.01605224609375,27.05901819761364,26.406524267417176,26.563402211324934,397654000,27.333092825753347,63.010716620775746
2023-04-10,27.55763053894043,27.59959781175058,26.648335816312407,26.802215816616297,395279000,27.418026242937362,65.52041625112835
2023-04-11,27.147951126098636,27.768470288811887,27.104983266832733,27.702521438327167,314378000,27.387478964669363,58.78625393523257
2023-04-12,26.47447395324707,27.446719698838795,26.42750948196734,27.34879605082514,446259000,27.204477855137416,50.227867561685
2023-04-13,26.442495346069336,26.86616660994681,26.30860029990406,26.71328527901628,353615000,26.99007252284459,43.04544683706568
2023-04-14,26.737266540527344,26.86216968687569,26.199683291915303,26.48346363683986,395660000,26.8908634185791,49.79479240496885
2023-04-17,26.9810791015625,26.98507571258764,26.412519730546887,26.544417423730405,321471000,26.908135550362722,54.605882833875924
2023-04-18,27.645565032958984,28.08822261514071,27.335805736591062,27.51166997664884,604812000,26.998065948486328,61.11014381842612
2023-04-19,27.909358978271484,27.97830576142074,27.210901154073436,27.339800915924755,358660000,27.048312868390763,58.85540869744023
2023-04-20,27.08300018310547,28.00828332218978,26.979080669784494,27.649560313033174,427713000,27.039034162248885,47.58443136414959
2023-04-21,27.097990036010746,27.161941536904624,26.701298237499223,26.93111959606842,345103000,27.12810788835798,43.90287042562731
2023-04-24,27.02104759216309,27.344795961333663,26.650334754413183,26.992070732318915,339282000,27.210758209228516,41.26773611585161
2023-04-25,26.22066879272461,27.22588990438173,26.20468234762517,27.05702021339029,378527000,27.136958530970983,39.12808973065118
2023-04-26,26.935115814208984,27.30882661492914,26.684310819759823,26.981081609948404,406337000,27.13039234706334,50.65593601138952
2023-04-27,27.20490837097168,27.473700988118107,26.60437412188999,27.341803276486612,377161000,27.067441395350865,51.62066900902428
2023-04-28,27.72750473022461,27.73649663008081,27.05002854156725,27.20391048016196,292216000,27.041462217058456,51.46254029404182
2023-05-01,28.887603759765625,29.035489823277697,27.75847999022623,27.818432975597705,570329000,27.299262728009904,63.26374445537699
2023-05-02,28.188142776489254,28.81365912640652,28.06124227027244,28.657779853563685,402730000,27.45499883379255,63.0140700792383
2023-05-03,27.780458450317383,28.345021209649484,27.450714217743126,27.8184291138181,383387000,27.563486099243164,59.6123372839931
2023-05-04,27.540647506713867,27.83741639402646,27.21889646264562,27.629577352333005,321850000,27.752054486955917,55.8176776029571
2023-05-05,28.65778160095215,28.73272235412415,27.709517396074965,27.804443112441227,361494000,27.998149599347794,60.77852835492001
2023-05-08,29.1284122467041,29.19735902796808,28.32803419001098,28.499899899156308,344979000,28.27293586730957,59.77600073234592
2023-05-09,28.54886245727539,28.950551416305693,28.42795782373757,28.87660934582165,314869000,28.39027268545968,54.047554088671376
2023-05-10,28.86262321472168,29.09044722503764,28.43895189810926,28.982529184246165,369350000,28.38670403616769,62.04518854724982
2023-05-11,28.555858612060547,28.92757205566267,28.22411699956995,28.873613037762063,322149000,28.43923486982073,59.49250316999228
2023-05-12,28.31804084777832,28.75770044655747,28.024268029130468,28.506893577420765,274222000,28.516032355172293,58.27171697020711
2023-05-15,28.930566787719727,28.94655513827334,28.130188701131114,28.48591187164364,293926000,28.714592252458846,67.7069491668642
2023-05-16,29.19036674499512,29.8468592323244,28.809663309971143,28.81865520899866,449405000,28.79067584446498,65.6670619646087
2023-05-17,30.154617309570312,30.175600947098623,29.407197674823205,29.56107768336416,432535000,28.937276567731583,68.68823896630455
2023-05-18,31.65345764160156,31.803341051124782,30.29650992136488,30.386440348253,748725000,29.380790165492467,72.13517974368602
2023-05-19,31.239776611328125,31.555531759478416,30.892046668425955,31.51156522552532,473908000,29.720383507864817,64.48077036886737
2023-05-22,31.15184593200684,31.4955792691252,30.656229935125022,30.877057472880523,372000000,30.091238839285715,69.7312354190403
2023-05-23,30.664220809936523,31.263756274877256,30.60726576982091,30.97597932794053,356253000,30.426407405308314,68.99681108506037
2023-05-24,30.51434135437012,30.583288141844005,29.78290810719129,30.186594444774748,721419000,30.6526609148298,69.82412149756125
2023-05-25,37.95057678222656,39.449414745877256,36.60661752172898,38.49315539321364,1543911000,31.90411949157715,83.62254424909761
2023-05-26,38.915828704833984,39.13965420212256,37.52091024078005,37.86064700419684,714397000,33.155721119471956,84.18847181060507
2023-05-30,40.079925537109375,41.905509800536095,39.9180522909101,40.5635517346574,923401000,34.35950224740164,88.69884128758572
2023-05-31,37.804683685302734,40.26377529792952,37.792691946795934,39.45740140056339,1002580000,35.297346115112305,76.51865808620772
2023-06-01,39.73918533325195,40.0189671601438,38.31029304006884,38.45917585173872,635873000,36.52410888671875,80.24535153063059
2023-06-02,39.29652786254883,40.46861932052468,39.02773528594731,40.06593169963198,482731000,37.75729560852051,79.36599252489451
2023-06-05,39.1406478881836,39.53433977277439,38.67700673967849,38.878849874769465,396094000,38.989625113351,77.99449609548279
2023-06-06,38.624053955078125,39.12966247370084,38.11844543645541,38.79992010783334,388729000,39.08583613804409,75.5065632109303
2023-06-07,37.44983673095703,39.4724798355732,37.33091714927566,38.88887231517685,511998000,38.87640871320452,69.50318829122155
2023-06-08,38.48414993286133,38.83791241516049,37.479827246068986,37.6986782072465,417772000,38.64844076974051,68.72643018943698
2023-06-09,38.74397277832031,39.68433913025439,38.54110994385187,39.01079182389234,427717000,38.782624925885884,70.74788052423737
2023-06-12,39.45549392700195,39.50346203976476,38.59207552154446,39.173685553174,388701000,38.742097582135884,72.19296524013603
2023-06-13,40.99445724487305,41.073406583154025,39.7133202956982,40.15901999798978,613208000,38.984658922467915,76.14035196103596
2023-06-14,42.96813583374024,42.97113217286291,40.52477376465277,40.79659433055989,740465000,39.53144291469029,78.85096761621801
2023-06-15,42.62436676025391,43.25994139693394,42.11870592148791,42.5734023081188,568622000,40.10291617257254,66.12707313220662
2023-06-16,42.663333892822266,43.691642253904746,42.63235266585127,43.42082432044267,655709000,40.84770148141043,63.813931120598006
2023-06-20,43.778587341308594,43.96046817143032,42.64534980172413,42.96913358966378,451153000,41.60404968261719,63.68315788760635
2023-06-21,43.0161018371582,43.58572270035069,42.05175330634248,43.47179700285762,551603000,42.21435383387974,71.70949423089635
2023-06-22,42.99611282348633,43.39684073986037,42.20564356647612,42.22462800338613,417737000,42.72015653337751,66.14240370151612
2023-06-23,42.18066787719727,42.78026361704672,41.98679785096617,42.435497782094814,358140000,42.88961519513812,63.78533488047463
2023-06-26,40.60472106933594,42.73528968879071,40.07307674112564,42.432491709500844,594322000,42.55198451450894,56.161423061758356
2023-06-27,41.84788513183594,41.91184134069005,40.42084625845822,40.77160853354225,462175000,42.44105856759207,62.78533369238636
2023-06-28,41.08939743041992,41.816909341318976,40.490800534066345,40.63270349711572,582639000,42.2162105015346,64.92625646548555
2023-06-29,40.79459381103516,41.57207139901728,40.572742722962666,41.53009977760553,380514000,41.789925711495535,60.08725077452803
2023-06-30,42.27360153198242,42.52143615172758,41.47314054093111,41.65202123521711,501148000,41.683854239327566,63.927450355279284
2023-07-03,42.384521484375,42.86919645813437,42.17366461675994,42.48845174872612,198209000,41.59648404802595,62.1326172633583
2023-07-05,42.28858947753906,43.1480088666597,42.0567429868184,42.1067086541188,323618000,41.61190141950335,56.088401153326956
2023-07-06,42.074737548828125,42.15068674468522,41.31824574169724,41.81591253990793,303582000,41.82190377371652,44.96281023908897
2023-07-07,42.47446060180664,43.184985563987055,42.151679425221936,42.29358237445178,355881000,41.9114145551409,49.160093307292065
2023-07-10,42.15167617797852,42.78225297608444,41.62103070440905,42.628357058958606,353908000,42.06316866193499,47.221605390410375
2023-07-11,42.37652969360352,42.72929334341537,42.03875917556284,42.45247888360537,298244000,42.2891595023019,41.571533076035806
2023-07-12,43.87252426147461,43.90550305041173,42.748279595768494,43.00410823370412,481277000,42.5175770350865,54.73114336772541
2023-07-13,45.94613265991211,46.12401074310035,44.46212906513595,44.48811258488501,478204000,43.0263786315918,63.28296548521053
2023-07-14,45.43846893310547,48.05570973298696,45.02974318376143,46.55171928640242,772075000,43.476361410958425,65.08696424867884
2023-07-17,46.4298095703125,46.464785922555656,45.23161695194244,46.25792796050985,510488000,44.098514556884766,78.52042360060523
2023-07-18,47.46211242675781,47.86384295444501,45.703295752651904,46.66964557192856,569164000,44.8110362461635,78.0675603618009
2023-07-19,47.0453987121582,47.78590243617676,46.710624499493726,47.432139971066526,427502000,45.51013946533203,80.82975933780388
2023-07-20,45.48943328857422,47.05538237311649,45.0317406575106,46.47577001952054,537865000,45.95483997889927,71.49521480124606
2023-07-21,44.27924346923828,45.83520092266416,44.07038418411093,45.75725037396218,963769000,46.01294272286551,59.41452922429654
2023-07-24,44.58204650878906,45.07871446418964,44.01043195894875,44.70096609238762,382516000,45.81807327270508,60.132701615201206
2023-07-25,45.64833068847656,46.15199009290992,44.89283776969056,44.91082723933574,348081000,45.84805352347238,64.21922576437123
2023-07-26,45.42148971557617,46.02208802877357,44.600042891258646,45.99010801462297,364237000,45.70400782993862,64.14869718213326
2023-07-27,45.86918640136719,47.363181660556975,45.71928557953061,46.48777031512932,455976000,45.47644696916853,64.29353180611065
2023-07-28,46.7186164855957,46.99543096103648,46.34986471563589,46.63667080068543,331194000,45.42976379394531,68.41257596058844
2023-07-31,46.6976203918457,47.09835208615945,46.47477056891769,46.72260512857071,251055000,45.60236195155552,67.71253832576303
2023-08-01,46.475772857666016,46.86851053327996,45.99609561098492,46.42880353138704,237858000,45.91615186418806,61.915617454806544
2023-08-02,44.23927688598633,45.80922119475112,43.35786912941364,45.80022836613243,530142000,45.86718477521624,42.30214728253801
2023-08-03,44.485111236572266,45.08770701221157,43.77059114765512,43.77059114765512,324176000,45.70101056780134,45.5963950337622
2023-08-04,44.650001525878906,45.61135361276924,44.36319547208762,44.95479704956906,362666000,45.59079796927316,41.09943868581057
2023-08-07,45.386512756347656,45.50943128805715,44.53308592926864,45.08071840888429,322154000,45.52184459141323,39.30378870920308
2023-08-08,44.63401794433594,45.21162904106204,44.02642439474419,44.822890242775706,353843000,45.22404479980469,37.98907456844546
2023-08-09,42.52543258666992,44.28225178882451,42.105712567799486,44.24427528699449,586449000,44.628017970493865,36.00685218422377
2023-08-10,42.35954666137695,43.54475135763228,41.80691647126187,42.13169907067991,492705000,44.03998565673828,39.94564815632489
2023-08-11,40.82757186889648,41.989793111065566,40.611717275210765,41.72297025505574,533085000,43.552599225725444,32.579086046000356
2023-08-14,43.72362518310547,43.77059451450776,40.28393840809102,40.45882016103964,690286000,43.443815503801616,42.3656348711108
2023-08-15,43.91049957275391,45.23761094961256,43.68065444037462,44.53008608139681,676512000,43.3381723676409,43.98757858632804
2023-08-16,43.45680236816406,44.64500321753911,43.37685425253248,44.49010850867288,527451000,43.062499455043245,40.40539974668967
2023-08-17,43.31489944458008,44.03241586576328,42.97212742620197,43.9404785824408,452395000,42.874053955078125,35.65532550847439
2023-08-18,43.269927978515625,43.54873998144205,41.632028496640906,42.60637233743457,583768000,42.98041043962751,35.58341700431883
2023-08-21,46.93546676635742,47.03340054502666,44.19231074752904,44.464127494140655,692573000,43.63411331176758,51.499160511913566
2023-08-22,45.6373405456543,48.15465044840223,45.30256635922711,48.1026834062312,755293000,44.32122312273298,54.85663354118916
2023-08-23,47.08437347412109,47.168316721303135,45.17765331579734,45.83521256419324,779046000,44.801330021449495,58.33388576118235
2023-08-24,47.13133239746094,50.23224964652598,47.12733727889921,50.18228397955218,1156044000,45.261448996407644,58.01639101821497
2023-08-25,45.98710250854492,47.77290136689044,44.993766641790856,46.98043456316312,925341000,45.62292044503348,51.89051054747848
2023-08-28,46.80355072021485,46.9484538143124,44.85785947797368,46.4507871091942,685192000,46.12129919869559,56.8017765250508
2023-08-29,48.75124740600586,49.04804888819601,46.35985248205318,46.63466937521741,701397000,46.904344831194194,69.71768026153958
2023-08-30,49.230918884277344,49.89347187669814,48.39248157609131,49.01106539563865,735206000,47.23226656232561,71.3381050680352
2023-08-31,49.32186508178711,49.71060386578869,48.925132248027246,49.346849822900985,528570000,47.758627210344585,78.97069270140797
2023-09-01,48.4764289855957,49.76656254905315,48.10967481708851,49.728589862320376,463830000,47.957492283412385,68.8460762368806
2023-09-05,48.51540756225586,48.81820554561382,47.82786972657004,48.19062498907006,382653000,48.15521730695452,68.47633866514748
2023-09-06,47.03327941894531,48.52040187168578,46.55256375973415,48.4124675938394,468670000,48.304671151297434,63.25596520696539
2023-09-07,46.21376419067383,46.31670416196295,45.12540493347,45.49818632647951,433330000,48.220415932791575,60.230556396224856
2023-09-08,45.5451545715332,46.57854589398362,45.24433318600193,45.914939369305465,473069000,47.76240267072405,57.69108861353645
2023-09-11,45.15139389038086,46.13581057370941,44.28590279124411,46.1208200179281,473966000,47.179613385881694,42.256318179680754
2023-09-12,44.84356689453125,45.64609526594391,44.50476589129932,44.71164468364493,349256000,46.539856501988005,46.23062216662193
2023-09-13,45.45820999145508,45.90294758191361,44.47678613148132,44.57372912057882,398355000,46.108682359967915,41.61499088699285
2023-09-14,45.55415725708008,45.95991638247333,45.10442151314497,45.92293942337167,370097000,45.68564660208566,41.908468447592846
2023-09-15,43.874141693115234,45.5721383754204,43.7821930198778,45.31429093296798,506831000,45.234341212681365,39.72457634979256
2023-09-18,43.94010162353516,44.21594002292978,41.97526008372968,42.72282057558749,500271000,44.9095322745187,34.97844732702829
2023-09-19,43.494361877441406,43.94009827513682,42.97666548704609,43.80717720782653,373064000,44.61656188964844,17.263864849931238
2023-09-20,42.21411895751953,43.87714029849524,42.1981295407641,43.57431736743093,367108000,44.19695118495396,10.266146390019188
2023-09-21,40.99283599853516,42.07519820791581,40.955859044978006,41.55850447024245,450736000,43.646846771240234,8.187969484219948
2023-09-22,41.585487365722656,42.09019092808113,41.20670902536928,41.54750773927353,479236000,43.093600681849885,14.506401709270719
2023-09-25,42.19712829589844,42.51094250359211,41.15274189436024,41.566499482257406,419091000,42.6140251159668,19.268963434070642
2023-09-26,41.88631057739258,42.7947755047386,41.63046086209198,41.97625771314318,402282000,42.330049242292134,21.746819952767822
2023-09-27,42.442989349365234,42.84675457759389,41.60448654250493,42.30507394121307,444935000,42.116176060267854,28.68611457782599
2023-09-28,43.063621520996094,43.42040969450895,42.09019617754693,42.43499038200629,424663000,42.05464172363281,35.89691891908298
2023-09-29,43.4733772277832,44.11799774453881,43.28148898443914,43.8011831331208,397830000,42.23453576224191,40.48078030066298
2023-10-02,44.755619049072266,45.14838526378596,43.835160204850645,44.00405936080031,433298000,42.77207619803293,49.5507478572105
2023-10-03,43.49135971069336,45.1034121671623,43.22051946520983,44.78159946799548,470850000,43.044343675885884,40.578293297624754
2023-10-04,44.01506042480469,44.11700153677052,43.26650103327764,43.71623674789107,361821000,43.304048265729634,42.917583715805286
2023-10-05,44.66167831420898,44.873555244835,43.862150279908775,44.02405361077508,393483000,43.700529370989116,54.00487612213271
2023-10-06,45.73504638671875,45.762030910222144,44.00006886129196,44.166970312257135,434436000,44.17082323346819,58.279548020372
2023-10-09,45.24633026123047,45.5781354250376,44.341864581232265,44.8155843904291,409675000,44.482638767787385,58.04939691041466
2023-10-10,45.7710189819336,46.231745925219705,45.061438185078885,45.28330751838584,368582000,44.810873304094585,67.56137875337231
2023-10-11,46.77843475341797,46.83140494362504,46.0228794586557,46.168793384796125,378137000,45.09984697614397,79.18133115171459
2023-10-12,46.91734313964844,47.58095342346612,46.30270758757265,46.7494428449331,481325000,45.589273180280415,78.1827178377053
2023-10-13,45.43422317504883,47.0882510150371,45.25333002339522,46.93234085155552,474115000,45.79201071602957,65.66701954701094
2023-10-16,46.06785202026367,46.197772707429415,44.88554631741198,45.036458356873474,375099000,45.992892674037385,69.62477245156495
2023-10-17,43.9121208190918,44.72764209675683,42.45497937899436,43.97408457640043,812333000,45.73247473580496,55.995092145253075
2023-10-18,42.171146392822266,43.19354648553622,41.80036652222744,42.56591420178306,627294000,45.29316275460379,46.663177096630186
2023-10-19,42.076202392578125,43.27149704183871,41.85732962426039,42.78578325627493,501233000,44.7653318132673,44.650248498536
2023-10-20,41.36262512207031,42.44498744497046,41.053805193919466,41.865327220586586,477266000,43.99164472307478,36.41677817357939
2023-10-23,42.949684143066406,43.2225259559653,40.92088113021431,41.204714237115766,478530000,43.42483629499163,47.88613594457629
2023-10-24,43.63727569580078,43.67125606240389,42.66585200550872,43.05162238085588,401463000,43.16812951224191,48.54433263661672
2023-10-25,41.75438690185547,43.62428687299592,41.53051983848515,43.37243261425432,398379000,42.55192020961216,39.77214258279743
2023-10-26,40.30224609375,42.231109527965074,39.85650966502812,41.82834703800738,541001000,42.03622382027762,31.383534411630308
2023-10-27,40.47614669799805,41.18173216586504,39.99143173865957,41.10577671411972,416784000,41.794081006731304,33.29366306151715
2023-10-30,41.136756896972656,41.74140011545999,40.45715708839421,41.06280298137389,388028000,41.6598745073591,33.92275792266473
2023-10-31,40.755977630615234,40.85492215187982,39.20689140883778,40.42617399708402,517969000,41.57321058000837,28.15711317396071
2023-11-01,42.30007553100586,42.35604230855743,40.84493168976348,40.85992224625753,437593000,41.48040934971401,34.80266513252212
2023-11-02,43.480377197265625,43.85815292316833,42.868738129165685,43.30248062927621,409172000,41.4579952784947,43.43828460110908
2023-11-03,44.97848892211914,45.28230687928524,43.69724264528921,43.99406856905828,424610000,41.91858128138951,46.54229905087277
2023-11-06,45.72404861450195,45.907942145910646,44.87254931814996,45.25832352062085,400733000,42.69312449863979,56.31662238251401
2023-11-07,45.92793273925781,46.190774498668894,45.13140131544397,45.69207169045335,343165000,43.471951075962615,64.6687048742713
2023-11-08,46.54656982421875,46.83939651899495,45.94092394446473,46.072846167662064,346719000,44.244781494140625,66.76915213239027
2023-11-09,46.922340393066406,48.2015850671642,46.72245745962616,47.43903409699533,540496000,45.12569046020508,71.39778599953019
2023-11-10,48.30652618408203,48.44344651790456,47.25514775060462,47.47201897601796,421245000,45.98375483921596,70.94404695357203
2023-11-13,48.59136199951172,49.08707205400293,48.07066895736376,48.29153946047775,384136000,46.71389552525112,69.99921154058194
2023-11-14,49.62674331665039,49.80463985063808,49.01110891803197,49.65073125098348,416954000,47.37793186732701,84.11432788182773
2023-11-15,48.85920715332031,49.93057437955693,48.1716126359303,49.90559139115929,475497000,47.82581165858677,89.41995020392211
2023-11-16,49.45085525512695,49.49583073208514,48.30153490578404,48.65032836479482,339756000,48.32908630371094,89.81207656646295
2023-11-17,49.26896667480469,49.68771862714048,48.97813769091948,49.49483149994882,325205000,48.71800013950893,87.67487151935869
2023-11-20,50.37930679321289,50.5182248537623,49.15202951055082,49.28295286302151,414120000,49.211852482386995,91.76002410220926
2023-11-21,49.91457748413086,50.48723796925796,49.19300270316688,50.09646947221015,565747000,49.44157409667969,86.45810806861685
2023-11-22,48.68730163574219,50.30534738521416,47.66190506313219,49.82263401876184,899420000,49.45527975899832,74.8190254393538
2023-11-24,47.747859954833984,48.89218598438888,47.71687617098167,48.44145141892708,294645000,49.18686785016741,63.94290196367648
2023-11-27,48.21358108520508,48.50140962414012,47.62392850332251,47.77184012663288,395662000,49.09463555472238,62.89742705998046
2023-11-28,47.79283142089844,48.29453844522679,47.44503682830607,48.20758789085354,401491000,48.857775006975444,59.44908797258776
2023-11-29,48.11164855957031,48.73328389544531,47.831814678443656,48.35051003306116,382005000,48.69244384765625,58.17843955095887
2023-11-30,46.74244689941406,48.08165761920248,46.39465234326139,47.99570593581768,526247000,48.17289243425642,49.148372882580276
2023-12-01,46.73745346069336,47.172198605670886,46.15979480379712,46.49759696256461,369317000,47.71901757376535,41.45623481349129
2023-12-04,45.48318862915039,46.04985595451796,44.9834831764298,46.04985595451796,437543000,47.26128714425223,34.691800909561294
2023-12-05,46.54266357421875,46.57664311757359,45.24831062993343,45.44321259326519,371718000,47.08911623273577,34.84642931714998
2023-12-06,45.48019790649414,47.36325656412602,45.389243900910174,47.19134186457559,380590000,46.69863292149135,33.86493488136054
2023-12-07,46.57264709472656,46.605631500937335,45.58114369836872,45.67709625491712,350823000,46.524320874895366,36.88362576250915
2023-12-08,47.4821891784668,47.71707199991906,46.526667071393376,46.57164649877913,359224000,46.43439810616629,42.36385067224876
2023-12-11,46.60363006591797,47.50717632201845,45.80703244000096,47.46719926720655,509728000,46.414567129952566,33.5377563257085
2023-12-12,47.633113861083984,47.64210822133224,46.02292129903264,46.02292129903264,372387000,46.542518615722656,40.51953058620926
2023-12-13,48.06390380859375,48.5696507647958,47.584144799570055,47.60513418472511,447792000,46.91119221278599,47.225879478705714
2023-12-14,48.32577133178711,48.64561068165997,47.39823874227013,48.36575220371767,391232000,47.16592189243862,52.73674261583863
2023-12-15,48.865501403808594,49.37924378573962,48.09588678078713,48.169851012185504,479948000,47.649536677769255,53.06572828739204
2023-12-18,50.05189895629883,50.40771950748238,49.12536546850417,49.37524015794156,412587000,48.146572657993865,59.9098973970917
2023-12-19,49.579139709472656,49.67509226753452,48.870495409966274,49.39922961630302,464444000,48.44613701956613,56.35168719425734
2023-12-20,48.08688354492188,49.97393763852956,48.07388957337245,49.63010830567033,397894000,48.65803037370954,55.75774209779977
2023-12-21,48.96544647216797,49.07039338559571,48.39472971516772,48.78653533808319,300425000,48.8483636038644,58.87745433177456
2023-12-22,48.80552673339844,49.35824714312231,48.442705904447216,49.17034164902082,252507000,48.95430973597935,64.50263349391292
2023-12-26,49.25429916381836,49.575137414586,48.93545881250647,48.94345422311468,244200000,49.08695656912668,62.503443183341304
2023-12-27,49.39223098754883,49.655099654508746,49.06039666080748,49.486185641923775,233648000,49.16220365251814,69.71985361193629
2023-12-28,49.49718475341797,49.85900287352758,49.38723926244384,49.61812631860382,246587000,49.0829587663923,66.37199286222543
2023-12-29,49.49718475341797,49.97194902691663,48.72657117950849,49.7880393044469,389293000,49.071250915527344,62.55920947827185
